sym,entry,exit,qty,entry_px,exit_px,pnl,ret_pct,R,rate,mfe_pct,mae_pct,mfe_R,mae_R,hold
GNGELE,2025-09-22,2025-10-06,40.0,385.2276875,344.05782250000004,-1646.7945999999984,-10.687151089055602,-1.06871510890556,0.1,-2.3045299670990005,-12.039032760333457,-0.2304529967099,-1.2039032760333455,14
SAAGRE,2025-10-08,2025-10-10,50.0,490.994534,536.90176,2295.361299999999,9.349844615581816,0.9349844615581806,0.1,12.363776334829835,2.1498133419139087,1.2363776334829832,0.21498133419139084,2
BHASEA,2025-10-08,2025-10-13,100.0,209.434139,208.939265,-49.48739999999816,-0.23629098978938945,-0.02362909897893875,0.1,3.512254991054742,-2.8429648711664868,0.3512254991054742,-0.2842964871166487,5
SAAGRE,2025-10-10,2025-10-14,50.0,535.5361740000001,517.084778,-922.5698000000023,-3.445406098748438,-0.34454060987484375,0.1,-0.24016566246000126,-1.6219584076126337,-0.024016566246000126,-0.16219584076126337,4
MOSSER,2025-10-03,2025-10-14,20.0,271.8361,258.78683368421054,-260.98532631578905,-4.800416985010248,-0.4800416985010251,0.1,4.393787285794626,-6.932890811779591,0.43937872857946253,-0.693289081177959,11
MININD,2025-10-07,2025-10-16,10.0,1369.65234,1227.7084,-1419.4394000000011,-10.363501441541,-1.0363501441541005,0.1,-0.24475846184441874,-13.452489702605842,-0.024475846184441874,-1.345248970260584,9
BHASEA,2025-10-15,2025-10-17,65.0,213.86045846153846,217.4206353846154,231.41150000000096,1.6647195786860358,0.1664719578686031,0.1,9.777189148887011,-0.20128006113662167,0.9777189148887009,-0.020128006113662163,2
ASHMIN,2025-10-03,2025-10-24,15.0,710.4418066666666,609.9609235294118,-1507.2132470588213,-14.143436125852816,-1.4143436125852817,0.1,-2.518405659516787,-14.433526532987152,-0.2518405659516787,-1.443352653298715,21
ASHMIN,2025-10-03,2025-10-24,2.0,709.69745,609.9609235294118,-199.47305294117632,-14.053386618563746,-1.405338661856375,0.1,-2.4161633946972794,-14.343781283136925,-0.24161633946972794,-1.4343781283136925,21
SAAGRE,2025-10-23,2025-10-27,50.0,545.797266,480.352726,-3272.2270000000008,-11.990631700965682,-1.1990631700965686,0.1,-3.0958868892538627,-11.615533816177093,-0.3095886889253862,-1.1615533816177093,4
ZINLOG,2025-10-09,2025-10-28,20.0,670.1697,652.527724137931,-352.8395172413798,-2.632463965778964,-0.26324639657789645,0.1,9.449890080079705,-2.9424935206709524,0.9449890080079706,-0.29424935206709524,19
TDPSYS,2025-10-03,2025-10-31,12.0,642.637,742.2080916666667,1194.8531000000016,15.494142364455655,1.549414236445564,0.1,20.58129239368416,-7.358275356071919,2.058129239368416,-0.7358275356071919,28
LETRA,2025-10-06,2025-11-03,50.0,311.72646199999997,258.2677977777778,-2672.933211111109,-17.14922239172053,-1.7149222391720529,0.1,7.642449680771746,-17.39552736462905,0.7642449680771746,-1.7395527364629049,28
NALSON,2025-10-03,2025-11-03,2.0,8106.35645,6956.9824,-2298.7481000000007,-14.178676413865322,-1.4178676413865323,0.1,3.2893143996894025,-14.277147287299464,0.32893143996894025,-1.427714728729946,31
NALSON,2025-10-17,2025-11-03,1.0,8639.5633,6956.9824,-1682.5809,-19.475300331441524,-1.947530033144152,0.1,-3.0853793269851937,-19.567693890268735,-0.30853793269851937,-1.9567693890268736,17
ATHENE,2025-09-29,2025-11-04,25.0,574.172564,676.237324,2551.6189999999997,17.775973008699864,1.7775973008699868,0.1,33.38324538962123,-1.5104455600563949,3.338324538962123,-0.15104455600563949,36
AVASOF,2025-10-06,2025-11-04,50.0,206.655338,167.91646799999998,-1936.943500000001,-18.745642079664073,-1.874564207966407,0.1,2.4217433957597567,-18.76812782837479,0.24217433957597567,-1.8768127828374792,29
ZINLOG,2025-10-30,2025-11-04,40.0,685.1759275000001,645.5005,-1587.0171000000028,-5.790546034616795,-0.579054603461679,0.1,-0.11324500305071039,-4.571953894279224,-0.011324500305071039,-0.45719538942792237,5
BLUJEW,2025-10-08,2025-11-06,15.0,688.38378,672.9751971428572,-231.1287428571427,-2.238370993741723,-0.22383709937417243,0.1,10.5851157620245,-5.314445381034405,1.0585115762024502,-0.5314445381034405,29
BLUJEW,2025-10-24,2025-11-06,20.0,735.690275,672.9751971428572,-1254.3015571428577,-8.524657724630503,-0.8524657724630502,0.1,1.1023286939602306,-11.402933795747138,0.11023286939602307,-1.1402933795747139,13
ADIFIN,2025-10-16,2025-11-06,5.0,2719.4660400000002,3215.9559,2482.4492999999984,18.256887664609334,1.8256887664609323,0.1,20.611912476759574,-0.25615469719195705,2.0611912476759575,-0.025615469719195705,21
MAGFI,2025-09-29,2025-11-06,25.0,501.05705199999994,467.427356,-840.7423999999992,-6.711749862768112,-0.6711749862768116,0.1,8.271103626738308,-7.615310840890022,0.8271103626738308,-0.7615310840890022,38
MAGFI,2025-10-03,2025-11-06,25.0,527.660296,467.427356,-1505.823500000001,-11.41509801980629,-1.1415098019806296,0.1,2.81235941238982,-12.273103830423516,0.281235941238982,-1.2273103830423513,34
KIOLIM,2025-10-08,2025-11-06,20.0,539.7345750000001,413.927355,-2516.144400000002,-23.309090398739063,-2.330909039873906,0.1,-3.8694158142453694,-25.305878356968346,-0.38694158142453694,-2.5305878356968345,29
SAISIK,2025-10-28,2025-11-06,75.0,221.94875466666664,173.26649733333335,-3651.1692999999973,-21.934007877830474,-2.1934007877830473,0.1,-9.731415118370323,-21.689130330541275,-0.9731415118370323,-2.1689130330541273,9
ROSTEC,2025-09-22,2025-11-06,10.0,807.17254,616.89841,-1902.7413000000001,-23.572919118383297,-2.357291911838329,0.1,-1.625741628921129,-24.161196068439107,-0.16257416289211288,-2.4161196068439104,45
SUBROS,2025-10-06,2025-11-06,15.0,1126.1629533333332,1026.6833933333332,-1492.1933999999999,-8.833496050065415,-0.8833496050065412,0.1,3.359819869289149,-10.616843058052872,0.3359819869289149,-1.0616843058052872,31
ZINLOG,2025-11-06,2025-11-06,40.0,717.540475,681.1496500000001,-1455.632999999998,-5.0716058909429425,-0.507160589094294,0.1,-7.001761816990193,-7.001761816990193,-0.7001761816990193,-0.7001761816990193,0
ECLSER,2025-10-28,2025-11-07,3.0,4735.5165,4257.051942857143,-1435.3936714285692,-10.10374596187884,-1.0103745961878845,0.1,0.060890929215418055,-9.629709874308324,0.0060890929215418055,-0.9629709874308323,10
QUAPOW,2025-09-23,2025-11-10,20.0,1035.07825,896.9255150000001,-2763.054699999998,-13.347081247239023,-1.3347081247239025,0.1,3.3061993139166024,-14.383284548776864,0.3306199313916602,-1.4383284548776865,48
RUBRES,2025-11-03,2025-11-10,30.0,647.86083,617.03307,-924.8328000000004,-4.758392323240168,-0.4758392323240164,0.1,0.8858646385520919,-4.269563572781509,0.08858646385520919,-0.42695635727815084,7
CARTEC,2025-10-28,2025-11-14,5.0,2735.49656,3101.310388888889,1829.069144444445,13.372849165231226,1.3372849165231229,0.1,16.32257362443914,4.902343580355284,1.6322573624439138,0.4902343580355284,17
LENSOL,2025-11-10,2025-11-14,40.0,409.3112,390.8288375,-739.2944999999986,-4.515479297903391,-0.4515479297903396,0.1,2.904587023272276,-2.2381991990446437,0.2904587023272276,-0.22381991990446434,4
ANRASH,2025-11-04,2025-11-14,25.0,538.882248,707.27954,4209.9322999999995,31.249367115912108,3.1249367115912117,0.1,36.096522518960384,-0.2936166492535919,3.6096522518960383,-0.029361664925359188,10
AVATE,2025-10-06,2025-11-18,12.0,1121.9554916666666,996.9392904761904,-1500.1944142857142,-11.142705937894593,-1.1142705937894597,0.1,11.662183509522617,-11.957291769870338,1.1662183509522615,-1.1957291769870335,43
AVATE,2025-10-07,2025-11-18,9.0,1240.2492333333334,996.9392904761904,-2189.7894857142874,-19.617826507597623,-1.9617826507597627,0.1,1.0119552045950275,-20.354717950910796,0.10119552045950275,-2.0354717950910794,42
LEMTRE,2025-10-03,2025-11-18,50.0,173.649094,155.1603528,-924.4370599999996,-10.647185524618974,-1.0647185524618974,0.1,-0.23558660202395165,-10.670423653347704,-0.023558660202395165,-1.0670423653347705,46
MBENGL,2025-11-07,2025-11-18,25.0,507.018844,418.967892,-2201.2738,-17.36640620797124,-1.7366406207971234,0.1,1.426210501951286,-17.0938112114823,0.1426210501951286,-1.7093811211482302,11
GUJMI,2025-09-23,2025-11-18,15.0,596.1981933333334,539.6425771428571,-848.3342428571439,-9.486042866764633,-0.9486042866764628,0.1,5.719877558837272,-8.839039420548856,0.5719877558837272,-0.8839039420548855,56
ATLELE,2025-10-03,2025-11-19,18.0,888.8725722222222,934.70498,824.9833400000005,5.15624052424013,0.5156240524240127,0.1,21.490980118803815,-1.75757163742436,2.1490980118803815,-0.175757163742436,47
ATLELE,2025-10-23,2025-11-19,12.0,1066.97375,934.70498,-1587.2252400000016,-12.396628314426684,-1.2396628314426676,0.1,1.211487161703828,-13.465537460504551,0.1211487161703828,-1.3465537460504549,27
ISHDYE,2025-10-07,2025-11-19,200.0,72.3453885,67.63481866666666,-942.1139666666676,-6.511223356459461,-0.6511223356459462,0.1,13.303697304770168,-5.7438194557487225,1.3303697304770168,-0.5743819455748723,43
ISHDYE,2025-10-10,2025-11-19,100.0,80.451645,67.63481866666666,-1281.6826333333338,-15.93109293580428,-1.593109293580428,0.1,1.8872889423205752,-15.241012163269009,0.18872889423205752,-1.5241012163269005,40
SOUWES,2025-11-03,2025-11-19,100.0,176.805393,199.62736,2282.1967,12.907958639021832,1.290795863902183,0.1,14.504425778460273,-1.790326045088464,1.4504425778460273,-0.17903260450884637,16
CANBAN,2025-09-30,2025-11-19,125.0,124.2609712,148.2795312,3002.320000000001,19.329126247807736,1.932912624780773,0.1,21.019495138148404,-0.4433984336990382,2.1019495138148403,-0.04433984336990382,50
SHAILY,2025-10-28,2025-11-19,5.0,2600.22626,2656.6416099999997,282.0767499999988,2.169632345763617,0.21696323457636246,0.1,5.717723195365321,-12.52299713333408,0.5717723195365321,-1.252299713333408,22
PHYLIM,2025-11-18,2025-11-20,120.0,156.207275,131.55598833333335,-2958.1543999999994,-15.781138661222194,-1.578113866122219,0.1,-0.6192253209717724,-9.139955229357922,-0.06192253209717724,-0.9139955229357921,2
WAAENE,2025-10-23,2025-11-21,6.0,3625.18635,3186.2738000000004,-2633.4752999999973,-12.107310014559658,-1.2107310014559653,0.1,-1.0947395849043695,-12.434846280385003,-0.10947395849043694,-1.2434846280385001,29
PREEXP,2025-10-06,2025-11-24,18.0,647.0499111111111,533.6541666666667,-2041.1233999999993,-17.525038253961235,-1.7525038253961236,0.1,3.17596657321233,-18.862518797279105,0.317596657321233,-1.8862518797279104,49
ASHMIN,2025-11-20,2025-11-24,15.0,744.2382133333334,688.11565,-841.8384500000019,-7.540940834248322,-0.7540940834248319,0.1,-0.22683776552835377,-8.087224258985481,-0.022683776552835374,-0.808722425898548,4
ASHMIN,2025-11-20,2025-11-24,1.0,752.411925,688.11565,-64.29627500000004,-8.545355657408017,-0.8545355657408014,0.1,-1.3107082267469483,-9.085704615859203,-0.13107082267469486,-0.9085704615859204,4
USHMA,2025-09-29,2025-11-24,30.0,471.74793000000005,415.2348166666667,-1695.3934000000008,-11.979514850936045,-1.197951485093604,0.1,2.088418278804105,-11.62653326321963,0.2088418278804105,-1.162653326321963,56
ONE97,2025-11-07,2025-11-25,10.0,1345.3035599999998,1252.9612,-923.4235999999987,-6.864053790209246,-0.6864053790209244,0.1,0.0889345747364434,-7.723428606700466,0.00889345747364434,-0.7723428606700466,18
SRF,2025-10-16,2025-11-25,6.0,3191.60765,2786.0098666666668,-2433.586699999999,-12.708259529749311,-1.2708259529749313,0.1,-0.05037116639321493,-12.696035805027595,-0.005037116639321492,-1.2696035805027592,40
GODPOW,2025-10-29,2025-11-27,50.0,282.12392800000003,234.05806700000002,-2403.2930500000007,-17.037144399889403,-1.7037144399889401,0.1,0.572823443745607,-16.632381497254656,0.0572823443745607,-1.6632381497254656,29
AMIORG,2025-10-16,2025-11-27,10.0,1581.8394888888888,1784.76832,2029.288311111111,12.828661348797898,1.2828661348797896,0.1,18.355877012216038,-1.797874505514152,1.8355877012216035,-0.1797874505514152,42
INDIBA,2025-09-30,2025-12-02,20.0,739.88691,877.11214,2744.5046,18.54678439979429,1.8546784399794287,0.1,20.308926670969218,-0.38342481285417174,2.0308926670969214,-0.03834248128541717,63
SHRHOU,2025-10-24,2025-12-02,85.0,214.26454352941175,219.45020823529413,440.78150000000176,2.4202159724903582,0.24202159724903552,0.1,8.389375196891024,-2.032321100674328,0.8389375196891021,-0.20323211006743278,39
IVAINF,2025-11-18,2025-12-02,50.0,326.15452,294.500646,-1582.6936999999987,-9.70517716571887,-0.9705177165718867,0.1,-0.78322385352807,-9.996648214472081,-0.078322385352807,-0.9996648214472081,14
TDPSYS,2025-11-03,2025-12-05,15.0,800.4086533333334,698.1966121212121,-1533.1806181818201,-12.76998203186026,-1.2769982031860256,0.1,2.4913956868932052,-12.956963033999514,0.24913956868932052,-1.2956963033999511,32
SYRTEC,2025-10-07,2025-12-05,30.0,839.7985666666666,756.0819866666666,-2511.4974000000007,-9.968650021908033,-0.9968650021908034,0.1,7.5376924712541316,-11.496633895183672,0.7537692471254132,-1.1496633895183672,59
CARTEC,2025-11-17,2025-12-08,7.0,3230.1064714285712,2782.6644571428574,-3132.094099999997,-13.852237325410044,-1.3852237325410044,0.1,1.1731355887680595,-14.538420810038488,0.11731355887680595,-1.4538420810038488,21
RAMPHO,2025-11-03,2025-12-08,60.0,195.97369999999998,155.25023666666667,-2443.407799999999,-20.78006555641564,-2.078006555641564,0.1,7.66240572076764,-22.994769196070685,0.766240572076764,-2.2994769196070686,35
SRMCON,2025-10-08,2025-12-08,25.0,570.100844,478.80639199999996,-2282.3613000000023,-16.013737387134984,-1.601373738713498,0.1,11.22593602054025,-16.97960019157594,1.1225936020540248,-1.697960019157594,61
EURPRA,2025-10-29,2025-12-08,30.0,302.77557666666667,316.04163,397.98159999999996,4.381480659497927,0.43814806594979316,0.1,26.099999281095698,0.14348030911739418,2.60999992810957,0.014348030911739418,40
OMFREI,2025-11-18,2025-12-09,150.0,104.60004266666667,85.84974,-2812.5454000000004,-17.92571225464893,-1.7925712254648924,0.1,-2.5813016876780837,-16.453188954722165,-0.25813016876780837,-1.6453188954722162,21
TILIND,2025-10-29,2025-12-09,30.0,512.0175333333333,431.5942933333333,-2412.6971999999987,-15.707126175236441,-1.570712617523644,0.1,3.1409992079698412,-14.338870947518323,0.31409992079698407,-1.4338870947518323,41
DRAHEA,2025-09-30,2025-12-09,30.0,509.71879,482.93166333333335,-803.6138,-5.255275495468137,-0.5255275495468131,0.1,7.059031510296099,-4.633690274592384,0.70590315102961,-0.4633690274592384,70
DRAHEA,2025-10-10,2025-12-09,30.0,538.54737,482.93166333333335,-1668.4711999999995,-10.326985101917153,-1.0326985101917154,0.1,1.328133864993175,-9.738673498674776,0.1328133864993175,-0.9738673498674778,60
SANMAN,2025-10-06,2025-12-09,50.0,206.545134,191.542416,-750.1358999999993,-7.263651149486772,-0.726365114948677,0.1,11.796388289641335,-9.826004421871293,1.1796388289641335,-0.9826004421871293,64
SANMAN,2025-10-10,2025-12-09,50.0,210.24224999999998,191.542416,-934.9916999999991,-8.894422505466903,-0.8894422505466898,0.1,9.830445593119364,-6.935927483652781,0.9830445593119365,-0.6935927483652781,60
AMIORG,2025-10-16,2025-12-09,8.0,1581.8394888888888,1628.4532785714287,372.91031746031877,2.9468090795534696,0.2946809079553461,0.1,18.355877012216038,-1.797874505514152,1.8355877012216035,-0.1797874505514152,54
AMIORG,2025-11-03,2025-12-09,6.0,1793.7034,1628.4532785714287,-991.5007285714287,-9.21278966347343,-0.9212789663473427,0.1,4.376230763681432,-7.955796928299296,0.4376230763681432,-0.7955796928299296,36
ALLBLE,2025-10-29,2025-12-09,13.0,631.6107461538462,597.4857294117646,-443.6252176470606,-5.402855627438852,-0.540285562743885,0.1,8.262882505397018,-5.226438333239747,0.8262882505397018,-0.5226438333239747,41
ADIVIS,2025-10-06,2025-12-09,20.0,568.66949,502.21255499999995,-1329.1387000000009,-11.686390103326982,-1.1686390103326985,0.1,4.753289999785304,-11.521541273473279,0.47532899997853034,-1.152154127347328,64
SHRSHP,2025-11-25,2025-12-17,50.0,302.598774,326.965218,1218.3222,8.052393497139555,0.8052393497139549,0.1,14.260211774684862,1.8179934859881675,1.4260211774684861,0.18179934859881675,22
HINZIN,2025-12-10,2025-12-19,50.0,515.022694,586.504972,3574.1138999999976,13.879442368805584,1.3879442368805586,0.1,14.975516010950773,-0.4606969804713201,1.4975516010950771,-0.046069698047132006,9
LENSOL,2025-11-17,2025-12-19,40.0,433.42421249999995,473.50820999999996,1603.3599000000004,9.248213723177724,0.9248213723177731,0.1,7.908138611430271,-6.719562880903873,0.790813861143027,-0.6719562880903872,32
INDMFA,2025-09-22,2025-12-22,8.0,1118.146625,1385.514,2138.9389999999985,23.911656040637762,2.3911656040637763,0.1,29.652048093424234,-3.5725748400841417,2.965204809342423,-0.3572574840084142,91
INDMFA,2025-10-09,2025-12-22,7.0,1245.7322714285713,1385.514,978.4721000000004,11.220848313669428,1.1220848313669423,0.1,16.37331979346768,-13.448497343369759,1.6373319793467678,-1.3448497343369759,74
ICIPSE,2025-10-09,2025-12-24,50.0,158.39067771428572,217.651894,2963.060814285714,37.41458597242264,3.741458597242263,0.1,37.59648177851276,-11.932948319332182,3.7596481778512754,-1.1932948319332182,76
TRVFOO,2025-09-29,2025-12-26,12.0,1338.3265000000001,1193.87125,-1733.4630000000025,-10.793722608048196,-1.07937226080482,0.1,3.7713891191723192,-12.525082631181562,0.37713891191723187,-1.2525082631181559,88
PARMIL,2025-10-28,2025-12-26,45.0,321.3957222222222,289.31747777777775,-1443.5210000000009,-9.980918296810637,-0.9980918296810637,0.1,15.620705039460713,-9.799670637944956,1.5620705039460716,-0.9799670637944956,59
HINCOP,2025-12-04,2025-12-29,50.0,364.632736,526.929544,8114.840399999997,44.50966465062531,4.450966465062532,0.1,33.682456859825095,-2.0795543711138453,3.36824568598251,-0.20795543711138453,25
HINCOP,2025-12-19,2025-12-29,25.0,388.28028400000005,526.929544,3466.231499999998,35.70855016681709,3.5708550166817092,0.1,25.540754987188574,-0.18808165907286956,2.554075498718857,-0.018808165907286956,10
ICIPSE,2025-10-09,2025-12-29,125.0,158.39067771428572,249.9156137142857,11440.617,57.784294707733984,5.778429470773398,0.1,45.040101674670694,-11.932948319332182,4.504010167467069,-1.1932948319332182,81
ICIPSE,2025-12-12,2025-12-29,50.0,192.69490399999998,249.9156137142857,2861.0354857142866,29.69497818908886,2.969497818908887,0.1,19.219551338005303,-0.2983493533383563,1.9219551338005303,-0.02983493533383563,17
SPAPRO,2025-11-07,2025-12-29,100.0,173.74749599999998,151.310093,-2243.740299999999,-12.913799344768684,-1.2913799344768682,0.1,-0.8906580155837118,-11.854844803058329,-0.08906580155837118,-1.1854844803058329,52
HINCOP,2025-12-29,2025-12-29,75.0,505.7416306666667,496.45743999999996,-696.3143000000059,-1.8357576485108384,-0.18357576485108335,0.1,-3.61679354783484,-3.61679354783484,-0.361679354783484,-0.361679354783484,0
ICIPSE,2025-12-29,2025-12-29,75.0,222.00515142857142,229.92137066666666,593.7164428571429,3.5657817790062607,0.3565781779006252,0.1,1.9120495826847161,1.9120495826847161,0.19120495826847161,0.19120495826847161,0
TDPSYS,2025-12-22,2026-01-01,50.0,741.0494439999999,671.396672,-3482.6385999999957,-9.399207106078055,-0.9399207106078056,0.1,0.26321536515452326,-9.081640171907324,0.026321536515452323,-0.9081640171907323,10
ADIFIN,2025-12-22,2026-01-02,10.0,3211.55361,2707.968,-5035.856100000001,-15.680436049143209,-1.5680436049143207,0.1,4.625374757483813,-13.409510233895794,0.4625374757483813,-1.3409510233895792,11
KIRIDY,2026-01-01,2026-01-05,20.0,735.47777,591.168225,-2886.190899999999,-19.621197388467625,-1.962119738846763,0.1,-7.223572508520537,-20.2831106642421,-0.7223572508520537,-2.02831106642421,4
ATHENE,2025-11-20,2026-01-05,45.0,695.1935488888889,677.7346977777778,-785.6483000000009,-2.5113655238911847,-0.251136552389118,0.1,8.566887769067865,-7.256043870014562,0.8566887769067864,-0.725604387001456,46
CUMIND,2025-10-24,2026-01-05,6.0,4155.806483333334,4281.00905,751.2153999999955,3.0127140705127786,0.30127140705127853,0.1,10.693315929143598,0.6591624700651222,1.0693315929143596,0.06591624700651222,73
PRIFOC,2025-12-11,2026-01-06,50.0,201.03315999999998,235.6803925,1732.3616250000014,17.234585826537298,1.723458582653729,0.1,21.81075002750792,-0.6830514925995179,2.181075002750792,-0.06830514925995179,26
PRIFOC,2025-12-23,2026-01-06,30.0,235.24244333333337,235.6803925,13.138474999999232,0.18616928155523738,0.018616928155523224,0.1,4.096861318945932,-4.685567441464977,0.4096861318945932,-0.4685567441464977,14
EURFOR,2025-12-19,2026-01-06,50.0,643.23735,630.063986,-658.6681999999996,-2.0479787126789217,-0.2047978712678919,0.1,-0.13017745315939688,-5.2915692784319734,-0.013017745315939688,-0.5291569278431973,18
HINCOP,2025-12-29,2026-01-06,50.0,482.86810599999995,566.286614,4170.925400000002,17.27563012828186,1.7275630128281871,0.1,17.060951629718947,0.9488914142529836,1.7060951629718946,0.09488914142529836,8
MAHFIN,2025-11-21,2026-01-07,25.0,347.999208,360.93134,323.3032999999992,3.71613834247575,0.3716138342475758,0.1,16.20716102319404,-2.212421127119346,1.6207161023194039,-0.2212421127119346,47
GMRINF,2025-10-30,2026-01-08,140.0,95.14021000000001,102.69145285714286,1057.1739999999995,7.936962570445094,0.7936962570445085,0.1,13.884549971037474,-1.723992410779851,1.3884549971037472,-0.1723992410779851,70
VENREM,2025-11-21,2026-01-08,15.0,714.9366200000001,705.769584,-137.5055400000008,-1.2822165970460486,-0.12822165970460503,0.1,16.569773695464065,-5.264329584907834,1.6569773695464065,-0.5264329584907833,48
VENREM,2025-12-19,2026-01-08,10.0,771.46441,705.769584,-656.9482600000003,-8.515600350248176,-0.8515600350248176,0.1,5.7663826643668425,-8.20704224061355,0.5766382664366843,-0.8207042240613549,20
FSNECO,2025-10-06,2026-01-08,70.0,255.50208285714282,256.37144166666667,60.855116666669176,0.3402550772981128,0.03402550772981072,0.1,6.128293346090619,-4.4626183589736135,0.6128293346090619,-0.44626183589736135,94
SOUWES,2025-11-21,2026-01-09,100.0,193.08910899999998,183.761064,-932.8044999999975,-4.830953464081689,-0.4830953464081692,0.1,16.3400676316757,-7.736898822190941,1.6340067631675697,-0.773689882219094,49
ANRASH,2026-01-07,2026-01-09,25.0,665.14304,629.774396,-884.2161000000004,-5.317449311354139,-0.5317449311354143,0.1,0.14387281268100072,-5.712010457179262,0.014387281268100072,-0.5712010457179262,2
SHRPIS,2025-12-08,2026-01-09,3.0,2990.897966666667,3244.9419333333335,762.1318999999999,8.493902817747955,0.8493902817747965,0.1,12.82230412429426,1.5213502379703314,1.2822304124294257,0.15213502379703311,32
SHRPIS,2026-01-02,2026-01-09,3.0,3280.887133333333,3244.9419333333335,-107.83559999999898,-1.0955939213757704,-0.10955939213757672,0.1,2.8502311376880307,-2.916501831506668,0.28502311376880307,-0.2916501831506668,7
SAGINI,2025-10-30,2026-01-09,250.0,55.4915152,49.75598,-1433.8838000000003,-10.335877799206317,-1.0335877799206319,0.1,-1.6426208524217834,-13.392164861989563,-0.16426208524217834,-1.3392164861989562,71
PONOXI,2025-12-24,2026-01-09,10.0,1410.53462,1395.0956899999999,-154.38930000000028,-1.094544563535782,-0.10945445635357769,0.1,9.114656115282017,-0.6901369070969721,0.9114656115282016,-0.0690136907096972,16
SANMAN,2025-12-23,2026-01-12,40.0,228.960044,216.0566375,-516.1362600000007,-5.6356586391990815,-0.563565863919908,0.1,15.614058844258416,-1.8300328418874745,1.5614058844258414,-0.18300328418874742,20
ZUAAGR,2025-12-30,2026-01-12,50.0,340.73458,297.662346,-2153.611699999999,-12.640992880734315,-1.2640992880734316,0.1,-0.993318611806282,-13.202235006496842,-0.0993318611806282,-1.320223500649684,13
CANBAN,2025-11-25,2026-01-12,100.0,147.00545,148.50152400000002,149.60740000000214,1.01769968392329,0.10176996839232977,0.1,5.377045544910075,-2.833534402976212,0.5377045544910075,-0.28335344029762116,48
CANBAN,2025-12-30,2026-01-12,25.0,154.5505696,148.50152400000002,-151.22613999999928,-3.913958787506122,-0.39139587875061255,0.1,0.23256491446796979,-2.931448011952187,0.02325649144679698,-0.29314480119521863,13
LAULAB,2025-11-28,2026-01-12,20.0,1020.455484,1041.065945,412.209220000002,2.019731514324441,0.20197315143244504,0.1,10.587871562656037,-1.8771503804275724,1.0587871562656035,-0.18771503804275724,45
ZINLOG,2025-12-18,2026-01-12,20.0,638.033184,631.4214450000001,-132.23477999999886,-1.0362688282996801,-0.10362688282996803,0.1,9.571103436525963,-1.1728518496617935,0.9571103436525962,-0.11728518496617935,25
CAREVE,2026-01-02,2026-01-12,15.0,660.337292,610.4606133333333,-748.1501800000012,-7.553212467465298,-0.75532124674653,0.1,1.8494651366744108,-6.275170659299989,0.18494651366744105,-0.6275170659299989,10
ASHMIN,2025-11-20,2026-01-13,15.0,752.411925,839.204164,1301.883585,11.535202475691753,1.1535202475691757,0.1,19.94094857015989,-9.683781261175529,1.9940948570159889,-0.968378126117553,54
ASHMIN,2025-12-18,2026-01-13,10.0,776.3095500000001,839.204164,628.9461399999993,8.10174420757801,0.8101744207578011,0.1,16.248730934715418,-0.8063213958916404,1.6248730934715416,-0.08063213958916403,26
ICIPSE,2025-12-29,2026-01-14,50.0,222.00515142857142,273.163932,2557.939028571428,23.043961026232562,2.3043961026232553,0.1,23.56019589403866,1.3264775850825528,2.356019589403866,0.13264775850825528,16
VEDLIM,2025-12-18,2026-01-14,20.0,574.5644628571429,657.645115,1661.6130428571432,14.459761700144336,1.4459761700144333,0.1,17.610824143158933,0.7980892378993465,1.7610824143158932,0.07980892378993465,27
TORPHA,2025-12-04,2026-01-16,3.0,3812.5322833333335,3992.7465333333334,540.64275,4.726891121363486,0.47268911213634873,0.1,7.3354845515472,-1.3909989317380078,0.73354845515472,-0.13909989317380078,43
INDMFA,2025-12-24,2026-01-16,12.0,1426.4659666666666,1228.505975,-2375.5198999999993,-13.877652624917157,-1.3877652624917158,0.1,4.881576915294561,-17.684681763291977,0.48815769152945604,-1.7684681763291974,23
ASHMIN,2026-01-13,2026-01-16,20.0,854.03207,829.574655,-489.1482999999994,-2.863758383218551,-0.2863758383218556,0.1,1.7467646150571392,-4.599601277268195,0.1746764615057139,-0.45996012772681943,3
ANLHEA,2025-11-18,2026-01-19,75.0,157.93272933333333,133.404964,-1839.582399999999,-15.530514439198317,-1.553051443919831,0.1,6.760644681908334,-15.16008077261789,0.6760644681908333,-1.5160080772617888,62
LENSOL,2026-01-16,2026-01-19,40.0,463.73167,445.5680975,-726.5428999999995,-3.916828130371164,-0.3916828130371166,0.1,-2.7023537124389208,-4.384360895601547,-0.2702353712438921,-0.4384360895601547,3
JAYNE,2025-10-29,2026-01-19,100.0,80.87462533333334,78.164118,-271.05073333333394,-3.3514929091315038,-0.33514929091315054,0.1,14.510576856830015,-18.04598818625749,1.4510576856830013,-1.8045988186257484,82
LAULAB,2025-11-28,2026-01-19,5.0,1020.455484,1058.823172,191.8384400000008,3.759859063092663,0.37598590630926687,0.1,10.587871562656037,-1.8771503804275724,1.0587871562656035,-0.18771503804275724,52
LAULAB,2025-12-30,2026-01-19,20.0,1099.191275,1058.823172,-807.3620599999958,-3.6725276044426214,-0.36725276044426197,0.1,2.66638988741974,-5.0938609388070155,0.26663898874197395,-0.5093860938807014,20
ZINLOG,2025-12-18,2026-01-19,30.0,638.033184,610.21082,-834.6709199999998,-4.360645292079357,-0.43606452920793526,0.1,9.571103436525963,-5.334077420023342,0.9571103436525962,-0.5334077420023342,32
ZINLOG,2026-01-02,2026-01-19,20.0,702.295715,610.21082,-1841.6978999999992,-13.111983034098385,-1.3111983034098387,0.1,-0.4550383736856456,-13.996342694473075,-0.04550383736856455,-1.3996342694473072,17
PRIFOC,2026-01-05,2026-01-19,30.0,243.98738666666668,219.080915,-747.1941500000003,-10.208098052500425,-1.020809805250042,0.1,0.14042255954871408,-10.917526119109766,0.014042255954871408,-1.0917526119109766,14
PRIFOC,2026-01-06,2026-01-19,50.0,246.80662199999998,219.080915,-1386.2853499999985,-11.233777592888073,-1.1233777592888075,0.1,-1.0034665925616748,-11.93510196821218,-0.10034665925616748,-1.1935101968212178,13
BILGAR,2026-01-16,2026-01-19,100.0,174.400517,162.09335199999998,-1230.7165000000027,-7.056839745492283,-0.7056839745492283,0.1,-0.6711660149493759,-7.528943850550629,-0.06711660149493759,-0.7528943850550629,3
SHRSHP,2025-12-24,2026-01-20,50.0,346.655566,354.3383929411765,384.1413470588236,2.216271046741669,0.22162710467416732,0.1,12.070896331720803,-2.9295840009677,1.2070896331720802,-0.29295840009677,27
SHRSHP,2025-12-30,2026-01-20,35.0,361.6765828571428,354.3383929411765,-256.83664705882137,-2.028936974021567,-0.20289369740215685,0.1,7.416409691487291,-6.961076290384883,0.7416409691487291,-0.6961076290384882,21
UNIP,2025-12-22,2026-01-20,25.0,775.4581320000001,763.374956,-302.07940000000235,-1.5581983735003413,-0.15581983735003366,0.1,3.854736544306414,-6.706762087317952,0.3854736544306414,-0.6706762087317952,29
SANMAN,2025-12-23,2026-01-20,60.0,228.960044,221.234874,-463.5102000000012,-3.374025382350132,-0.3374025382350127,0.1,15.614058844258416,-5.900612073607048,1.5614058844258414,-0.5900612073607048,28
SANMAN,2026-01-02,2026-01-20,40.0,263.0285725,221.234874,-1671.7479400000002,-15.88941387726993,-1.5889413877269931,0.1,0.6392565963532215,-18.088746803353473,0.06392565963532215,-1.808874680335347,18
MANAFI,2025-12-24,2026-01-20,50.0,313.58011999999997,305.329902,-412.51089999999806,-2.6309760963162954,-0.26309760963162976,0.1,2.0153956188294186,-8.843073342787145,0.20153956188294186,-0.8843073342787143,27
ANURAS,2025-11-21,2026-01-20,15.0,1244.4140466666665,1273.1231639999999,430.63675999999987,2.3070389964043425,0.2307038996404342,0.1,8.870516499634284,-4.31641275751804,0.8870516499634283,-0.431641275751804,60
ANURAS,2025-12-03,2026-01-20,10.0,1257.38377,1273.1231639999999,157.39393999999947,1.2517573691920525,0.12517573691920603,0.1,7.747533595093259,-1.2791456660841027,0.7747533595093258,-0.12791456660841027,48
ICIGOL,2025-12-12,2026-01-20,100.0,113.254686,126.88037399999999,1362.5687999999982,12.031014769666992,1.2031014769667,0.1,13.434599959952198,-0.030626547320089514,1.3434599959952198,-0.003062654732008951,39
HINZIN,2025-12-24,2026-01-20,20.0,629.7655900000001,679.3819249999999,992.3266999999964,7.878540172383786,0.7878540172383793,0.1,8.095775763169266,-6.195255920540221,0.8095775763169266,-0.6195255920540221,27
SPAPRO,2026-01-07,2026-01-20,100.0,169.08985,145.79107,-2329.8780000000024,-13.778934690639332,-1.3778934690639337,0.1,3.0990328514691967,-13.50752277561309,0.30990328514691967,-1.350752277561309,13
TENCLE,2025-12-26,2026-01-20,40.0,518.842665,489.0869666666667,-1190.227933333333,-5.73501377981962,-0.5735013779819615,0.1,4.858377442803397,-4.76881850107681,0.48583774428033966,-0.47688185010768097,25
TENCLE,2026-01-02,2026-01-20,20.0,540.937115,489.0869666666667,-1037.0029666666653,-9.585245104383944,-0.9585245104383948,0.1,0.575461530311161,-8.65851384592088,0.05754615303111609,-0.8658513845920878,18
SAGINI,2026-01-16,2026-01-20,250.0,53.90834520000001,52.0128684,-473.8692000000011,-3.5161101550562956,-0.35161101550562973,0.1,-0.1267803709174231,-4.059381143830787,-0.01267803709174231,-0.40593811438307875,4
IIFHOL,2025-12-24,2026-01-20,40.0,599.8554750000001,631.171705,1252.6491999999962,5.22062918572177,0.522062918572176,0.1,10.885042768010056,-0.9844829706688984,1.0885042768010056,-0.09844829706688983,27
HEG,2025-12-30,2026-01-20,25.0,599.11056,561.209764,-947.5199000000003,-6.3261772585013425,-0.6326177258501338,0.1,6.407738832044618,-8.080405059126306,0.6407738832044618,-0.8080405059126307,21
GRANUL,2026-01-01,2026-01-20,30.0,616.2885,553.9657366666667,-1869.6829000000002,-10.112595534937508,-1.0112595534937507,0.1,0.47242484648017946,-10.309862994360596,0.047242484648017946,-1.0309862994360597,19
ONE97,2026-01-16,2026-01-21,15.0,1351.7000933333334,1241.3819066666665,-1654.772800000003,-8.161439598233578,-0.8161439598233574,0.1,-0.6806312567934847,-8.566996029997064,-0.06806312567934845,-0.8566996029997062,5
NAVFLU,2025-12-10,2026-01-21,4.0,5970.496375,5624.448033333333,-1384.1933666666664,-5.795972728761045,-0.5795972728761042,0.1,3.115379581819111,-4.555674401527455,0.31153795818191105,-0.4555674401527454,42
NAVFLU,2026-01-16,2026-01-21,2.0,6174.4053,5624.448033333333,-1099.9145333333345,-8.907048370580195,-0.8907048370580194,0.1,-0.28999230095893,-6.039533880291281,-0.028999230095893003,-0.603953388029128,5
MTATEC,2026-01-07,2026-01-21,4.0,2569.038414285714,2462.3018,-426.94645714285616,-4.1547301781157175,-0.4154730178115717,0.1,4.696760665131339,-5.127926992183262,0.46967606651313387,-0.5127926992183262,14
CORREM,2026-01-08,2026-01-21,15.0,1483.8589466666667,1387.5092666666667,-1445.2452000000005,-6.493183211007992,-0.6493183211007992,0.1,1.5056049217831768,-6.439894228580812,0.15056049217831768,-0.6439894228580811,13
ICIPSE,2025-12-29,2026-01-23,50.0,222.00515142857142,313.13946599999997,4556.7157285714275,41.05054048745818,4.105054048745818,0.1,45.04167940607504,1.3264775850825528,4.504167940607504,0.13264775850825528,25
RBLBAN,2026-01-01,2026-01-23,80.0,315.0310925,290.3571525,-1973.9152000000013,-7.832223735185762,-0.7832223735185763,0.1,3.0374485972364917,-8.389994870109518,0.3037448597236492,-0.8389994870109518,22
TATCHI,2025-10-16,2026-01-23,10.0,1289.5908,1164.7250099999999,-1248.6579000000006,-9.682590012273662,-0.9682590012273665,0.1,23.19411707961938,-10.312635605030685,2.319411707961938,-1.0312635605030687,99
ICIPSE,2026-01-06,2026-01-27,50.0,241.53505,327.207218,4283.6084,35.46986990086947,3.5469869900869457,0.1,37.84334820143081,-3.086529263558224,3.7843348201430804,-0.3086529263558224,21
ICIPSE,2026-01-22,2026-01-27,50.0,280.171672,327.207218,2351.7773000000007,16.78811625181007,1.678811625181007,0.1,18.83428386007562,2.8440876777863444,1.8834283860075616,0.28440876777863444,5
HINCOP,2026-01-20,2026-01-28,20.0,552.0017125,620.7907849999999,1375.7814499999972,12.461749835603975,1.246174983560397,0.1,14.746020828694428,-3.6325453428733723,1.4746020828694426,-0.3632545342873372,8
HINCOP,2026-01-20,2026-01-29,20.0,552.0017125,696.002645,2880.0186499999995,26.087044521623646,2.6087044521623644,0.1,37.6897902286852,-3.6325453428733723,3.7689790228685194,-0.3632545342873372,9
HINCOP,2026-01-27,2026-01-29,20.0,562.534795,696.002645,2669.357,23.726150130855462,2.3726150130855457,0.1,35.11164229405577,-0.06840376869489129,3.5111642294055767,-0.006840376869489128,2
PONOXI,2025-12-24,2026-01-29,5.0,1410.53462,1186.9443066666668,-1117.9515666666657,-15.851458742170621,-1.585145874217062,0.1,9.114656115282017,-11.437834826060477,0.9114656115282016,-1.1437834826060476,36
PONOXI,2026-01-01,2026-01-29,10.0,1486.67704,1186.9443066666668,-2997.3273333333327,-20.16125394210253,-2.016125394210253,0.1,3.526183467527,-15.973680470642094,0.35261834675269993,-1.597368047064209,28
MAHFIN,2025-11-21,2026-01-29,25.0,347.999208,363.22193066666665,380.568066666666,4.374355549299591,0.4374355549299595,0.1,16.20716102319404,-2.212421127119346,1.6207161023194039,-0.2212421127119346,69
MAHFIN,2025-12-22,2026-01-29,25.0,384.12175199999996,363.22193066666665,-522.4955333333327,-5.440936688566733,-0.544093668856673,0.1,5.279119939034338,-9.273557619303984,0.5279119939034338,-0.9273557619303984,38
MAHFIN,2025-12-30,2026-01-29,25.0,398.450604,363.22193066666665,-880.7168333333336,-8.841415467733448,-0.8841415467733448,0.1,1.4931326343277318,-12.536209883622107,0.14931326343277318,-1.2536209883622107,30
VEDLIM,2025-12-18,2026-01-30,15.0,574.5644628571429,707.679025,1996.7184321428572,23.16790730163103,2.3167907301631034,0.1,33.37928979964462,0.7980892378993465,3.3379289799644614,0.07980892378993465,43
VEDLIM,2025-12-29,2026-01-30,5.0,614.262435,707.679025,467.0829500000002,15.207928187892538,1.5207928187892532,0.1,24.75937910805177,-3.4451781183721497,2.475937910805177,-0.34451781183721497,32
ICIPSE,2026-01-28,2026-01-30,75.0,351.501264,329.71513866666663,-1633.959400000002,-6.198021903367423,-0.6198021903367426,0.1,4.480420872682833,-16.557910300999655,0.4480420872682833,-1.6557910300999656,2
MTATEC,2026-01-07,2026-02-01,3.0,2569.038414285714,2963.295975,1182.7726821428573,15.346503132141898,1.5346503132141902,0.1,14.10884258089473,-6.572047087612642,1.4108842580894734,-0.6572047087612642,25
MTATEC,2026-01-16,2026-02-01,1.0,2701.733,2963.295975,261.5629749999998,9.681303629929383,0.9681303629929374,0.1,8.504430304548972,-11.160725356650724,0.8504430304548972,-1.1160725356650725,16
CANBAN,2025-12-30,2026-02-01,100.0,154.5505696,141.3420155,-1320.8554099999988,-8.546428611803702,-0.8546428611803697,0.1,2.063680779860433,-4.6137452734434925,0.20636807798604326,-0.46137452734434925,33
CANBAN,2026-01-14,2026-02-01,100.0,153.10474399999998,141.3420155,-1176.272849999998,-7.682798189453866,-0.7682798189453869,0.1,3.0275064500940863,-3.7129770453095845,0.3027506450094086,-0.37129770453095845,18
SHRHOU,2026-01-01,2026-02-01,75.0,238.72968666666668,209.56867866666667,-2187.0756000000006,-12.215074047626473,-1.2215074047626477,0.1,2.1448163422099764,-9.269767399127826,0.21448163422099764,-0.9269767399127825,31
BHAELE,2026-01-28,2026-02-01,40.0,440.28443,413.18663749999996,-1083.911700000001,-6.1546106683809,-0.6154610668380898,0.1,2.8880353547819038,0.957465154968129,0.2888035354781903,0.09574651549681289,4
GMRINF,2025-10-30,2026-02-01,60.0,95.14021000000001,89.3831115,-345.4259100000007,-6.051172790137849,-0.6051172790137852,0.1,13.884549971037474,-4.130966286494441,1.3884549971037472,-0.41309662864944413,94
GMRINF,2026-01-01,2026-02-01,140.0,105.72063071428572,89.3831115,-2287.2526900000007,-15.45348254536858,-1.545348254536858,0.1,0.04669787285671578,-13.725448492169223,0.0046697872856715774,-1.372544849216922,31
TATCAP,2025-12-23,2026-02-01,90.0,345.69282555555554,334.84286499999996,-976.4964500000025,-3.1386131714243204,-0.31386131714243254,0.1,4.587070738005838,-4.235790989304844,0.45870707380058384,-0.4235790989304844,40
TATCAP,2026-01-02,2026-02-01,30.0,357.51831000000004,334.84286499999996,-680.2633500000024,-6.342456977937738,-0.6342456977937739,0.1,1.1276876980090833,-7.4033439014633995,0.11276876980090834,-0.74033439014634,30
CAREVE,2026-01-02,2026-02-01,10.0,660.337292,575.924512,-844.1278,-12.783282274477392,-1.2783282274477388,0.1,1.8494651366744108,-9.243350745061374,0.18494651366744105,-0.9243350745061374,30
CAREVE,2026-01-06,2026-02-01,15.0,675.52404,575.924512,-1493.9929199999995,-14.74403901303053,-1.4744039013030528,0.1,-0.4402567227659415,-11.283690214784958,-0.044025672276594145,-1.1283690214784956,26
SHRTRA,2026-01-16,2026-02-02,20.0,1010.43047,946.3554899999999,-1281.499600000002,-6.341354690145096,-0.6341354690145092,0.1,1.2241841835984868,-4.783156430347946,0.12241841835984868,-0.47831564303479457,17
ANARAT,2025-12-24,2026-02-02,10.0,3066.99503,2827.03221,-2399.628200000002,-7.824036806476342,-0.7824036806476344,0.1,3.2313378088519418,-6.387197503870756,0.3231337808851942,-0.6387197503870756,40
MTATEC,2026-01-16,2026-02-04,3.0,2701.733,3321.6995,1859.8995,22.946993651852353,2.2946993651852345,0.1,25.54534441412233,-11.160725356650724,2.554534441412233,-1.1160725356650725,19
MTATEC,2026-01-30,2026-02-04,1.0,3001.22995,3321.6995,320.46955000000025,10.677940555671196,1.0677940555671193,0.1,13.016998247668443,-2.323379119950475,1.301699824766844,-0.23233791199504747,5
CANBAN,2026-02-01,2026-02-04,200.0,144.8497415,146.7862915,387.3100000000022,1.3369371460010493,0.13369371460010587,0.1,1.829660496839769,1.1185787998109875,0.1829660496839769,0.11185787998109875,3
TDPSYS,2026-02-02,2026-02-06,25.0,749.405708,783.6867119999999,857.0250999999985,4.574425259114778,0.4574425259114778,0.1,9.620195206733072,0.03259809705105088,0.9620195206733071,0.003259809705105088,4
BELLIM,2025-11-13,2026-02-06,150.0,165.58603866666667,179.26530666666665,2051.890199999997,8.261124011509846,0.8261124011509846,0.1,11.929726378139339,-5.801237075309307,1.1929726378139338,-0.5801237075309307,85
CANBAN,2026-02-04,2026-02-06,200.0,147.749983,145.817769,-386.44279999999753,-1.30775920292322,-0.13077592029232163,0.1,0.3654937814781434,-0.29778886675065896,0.03654937814781434,-0.029778886675065893,2
SAILIF,2025-10-29,2026-02-10,20.0,911.52634,914.292965,55.33249999999953,0.3035156394932015,0.030351563949320173,0.1,7.084124414879778,-12.783650333132446,0.7084124414879778,-1.2783650333132446,104
TDPSYS,2026-02-10,2026-02-10,30.0,826.73752,845.80818,572.1197999999993,2.3067369677379546,0.23067369677379554,0.1,3.079874734607424,3.079874734607424,0.3079874734607424,0.3079874734607424,0
TITIND,2025-12-26,2026-02-10,8.0,3995.9451625,4254.757375,2070.4977,6.4768709773303845,0.6476870977330385,0.1,6.938404463151837,-1.4075559151270123,0.6938404463151837,-0.14075559151270123,46
NAVFLU,2026-02-06,2026-02-10,4.0,6440.953775,6360.148,-323.22309999999925,-1.2545622561931813,-0.12545622561931802,0.1,2.4382448700309256,-1.59842437310459,0.24382448700309253,-0.15984243731045897,4
BAJCOR,2026-01-30,2026-02-12,50.0,332.93173199999995,373.56875043478266,2031.8509217391352,12.20581114052015,1.2205811140520155,0.1,16.84077022733299,1.942821118655047,1.6840770227332986,0.19428211186550468,13
BAJCOR,2026-02-02,2026-02-12,25.0,346.095748,373.56875043478266,686.8250608695661,7.937977450905476,0.7937977450905476,0.1,12.396642330318365,0.5935501987155201,1.2396642330318364,0.059355019871552006,10
BAJCOR,2026-02-12,2026-02-12,40.0,381.7908425,373.56875043478266,-328.88368260869356,-2.1535592659526204,-0.2153559265952624,0.1,-0.914333742826734,-0.914333742826734,-0.0914333742826734,-0.0914333742826734,0
SYRTEC,2026-02-11,2026-02-13,25.0,885.268408,857.0935959999999,-704.3703000000022,-3.182629329747877,-0.3182629329747875,0.1,0.579665099717408,-1.4084325033318135,0.057966509971740805,-0.14084325033318135,2
JAYNE,2025-10-29,2026-02-13,50.0,80.87462533333334,75.64879745454546,-261.2913939393941,-6.461640913017009,-0.6461640913017004,0.1,14.510576856830015,-18.04598818625749,1.4510576856830013,-1.8045988186257484,107
JAYNE,2025-12-26,2026-02-13,125.0,80.1410952,75.64879745454546,-561.537218181817,-5.60548584249263,-0.5605485842492625,0.1,15.558690293516243,-10.707484316984972,1.555869029351624,-1.0707484316984972,49
JAYNE,2025-12-29,2026-02-13,100.0,86.263329,75.64879745454546,-1061.453154545454,-12.304801667756804,-1.2304801667756806,0.1,7.357322136269517,-17.044703897295687,0.7357322136269518,-1.7044703897295688,46
HINCOP,2026-02-01,2026-02-13,25.0,604.413924,586.749362,-441.6140499999983,-2.9225934907482265,-0.29225934907482265,0.1,3.356321751449265,-4.064089694928985,0.33563217514492644,-0.4064089694928984,12
HINCOP,2026-02-11,2026-02-13,25.0,607.270012,586.749362,-513.0162499999983,-3.379164061208395,-0.33791640612083995,0.1,2.8702204382850427,-2.5721691655012924,0.28702204382850427,-0.25721691655012924,2
ANURAS,2026-02-05,2026-02-13,12.0,1284.086624,1333.5109833333333,593.0923119999998,3.8489895003635866,0.3848989500363592,0.1,6.550444061007532,1.7143217278774436,0.6550444061007532,0.17143217278774436,8
TORPHA,2025-12-04,2026-02-13,3.0,3812.5322833333335,4063.32865,752.3890999999994,6.578209652493561,0.657820965249356,0.1,7.3354845515472,-1.3909989317380078,0.73354845515472,-0.13909989317380078,71
TORPHA,2026-01-07,2026-02-13,1.0,4014.767,4063.32865,48.5616500000001,1.2095757985457256,0.12095757985457213,0.1,1.9287047044075134,-2.1088895071619373,0.19287047044075134,-0.2108889507161937,37
BANMAH,2026-02-12,2026-02-16,400.0,66.86319025,64.50072625,-944.9856000000011,-3.533280406105066,-0.35332804061050654,0.1,-1.9041721539752587,-2.1285108363491623,-0.19041721539752587,-0.21285108363491623,4
HINZIN,2025-12-24,2026-02-17,10.0,629.7655900000001,583.760262,-460.05328000000077,-7.305151111860542,-0.7305151111860537,0.1,15.471536004372656,-7.727572095515745,1.5471536004372655,-0.7727572095515745,55
HINZIN,2026-01-02,2026-02-17,20.0,630.416945,583.760262,-933.1336600000009,-7.4009246372652715,-0.7400924637265269,0.1,15.352229309128095,-7.82290917005729,1.5352229309128096,-0.7822909170057291,46
HINZIN,2026-01-29,2026-02-17,20.0,714.9451200000001,583.760262,-2623.6971600000015,-18.348940964867356,-1.8348940964867353,0.1,0.03565028879419785,-18.72103414035472,0.003565028879419785,-1.8721034140354718,19
VEDLIM,2025-12-29,2026-02-17,15.0,614.262435,665.1083057142857,762.6880607142863,8.27754845765325,0.8277548457653243,0.1,24.75937910805177,-3.4451781183721497,2.475937910805177,-0.34451781183721497,50
VEDLIM,2026-01-16,2026-02-17,20.0,681.51906,665.1083057142857,-328.21508571428467,-2.40796703260423,-0.24079670326042288,0.1,12.447331993913725,-3.8618230281042942,1.2447331993913724,-0.3861823028104294,32
TDPSYS,2026-02-10,2026-02-18,30.0,852.71431,874.6738833333334,658.7872000000027,2.575255636713014,0.2575255636713007,0.1,2.1209553760156874,-2.1419026027603483,0.2120955376015687,-0.2141902602760348,8
CAREVE,2026-02-02,2026-02-18,15.0,602.210252,691.8427266666666,1344.48712,14.883917098552924,1.4883917098552926,0.1,15.159115557534552,-0.10963812020922115,1.5159115557534553,-0.010963812020922115,16
PRIFOC,2026-02-03,2026-02-19,100.0,252.503489,288.992221,3648.8731999999973,14.450783291948888,1.4450783291948877,0.1,12.76675864070933,1.4995875957975358,1.276675864070933,0.14995875957975355,16
SYRTEC,2026-02-13,2026-02-19,25.0,866.102256,845.12196,-524.5074000000017,-2.4223809434344767,-0.24223809434344742,0.1,0.7733202348337853,-2.88098268156457,0.07733202348337852,-0.288098268156457,6
SKMEGG,2026-01-12,2026-02-24,50.0,409.407352,174.324664,-11754.134399999999,-57.420240953562555,-5.742024095356254,0.1,-49.84213180421831,-60.9435445604797,-4.98421318042183,-6.094354456047969,43
MTATEC,2026-01-30,2026-02-25,3.0,3001.22995,3675.706114285714,2023.4284928571428,22.47332512077971,2.247332512077971,0.1,25.255314075484293,-2.323379119950475,2.525531407548429,-0.23233791199504747,26
MTATEC,2026-02-01,2026-02-25,4.0,3000.2026,3675.706114285714,2702.0140571428565,22.515263278743713,2.2515263278743713,0.1,25.29820486123169,1.0998390575356343,2.529820486123169,0.10998390575356341,24
VENREM,2026-02-12,2026-02-25,30.0,771.4314066666667,678.74611,-2780.5589,-12.01471652122088,-1.201471652122088,0.1,1.966291909072826,-11.126252564377925,0.19662919090728256,-1.1126252564377923,13
CAREVE,2026-02-02,2026-02-26,10.0,602.210252,724.84698,1226.3672800000006,20.36443710360483,2.0364437103604818,0.1,21.245029883682555,-0.10963812020922115,2.1245029883682554,-0.010963812020922115,24
CAREVE,2026-02-10,2026-02-26,5.0,672.5012800000001,724.84698,261.7284999999998,7.783732396762133,0.7783732396762124,0.1,8.572284055726985,-3.9555731403217664,0.8572284055726985,-0.39555731403217664,16
UJJSMA,2026-01-16,2026-02-27,150.0,60.4414324,58.7706,-250.62485999999922,-2.7643825330651794,-0.2764382533065174,0.1,8.154286561878376,-4.419869440420465,0.8154286561878374,-0.4419869440420464,42
PARMED,2026-02-10,2026-03-02,100.0,166.96548299999998,191.224627,2425.914400000002,14.529436602174851,1.4529436602174846,0.1,16.73670299866712,-0.3027470054993153,1.6736702998667117,-0.030274700549931532,20
INTBUI,2025-11-07,2026-03-04,5.0,2472.76822,1776.8824555555555,-3479.428822222222,-28.14197298461093,-2.8141972984610923,0.1,6.091625522427657,-27.142382960583344,0.6091625522427657,-2.714238296058334,117
INTBUI,2026-02-03,2026-03-04,4.0,2249.22115,1776.8824555555555,-1889.3547777777776,-21.00010016553705,-2.1000100165537052,0.1,-0.6811757927849715,-19.901162231201674,-0.06811757927849715,-1.9901162231201674,29
GUJMI,2026-02-04,2026-03-04,25.0,618.724772,532.85508,-2146.7423,-13.87849588152581,-1.3878495881525814,0.1,0.7394609375685368,-14.26721152842414,0.07394609375685368,-1.426721152842414,28
EDEFIN,2026-02-10,2026-03-04,100.0,121.834854,107.47928599999999,-1435.5568000000019,-11.782808883244545,-1.178280888324454,0.1,4.731934919050329,-11.527780055451132,0.47319349190503285,-1.1527780055451131,22
ADIFIN,2026-02-23,2026-03-04,4.0,2973.6326428571433,2825.642775,-591.959471428574,-4.9767367267986025,-0.4976736726798607,0.1,2.2184097723474405,-4.456927225879614,0.22184097723474402,-0.44569272258796133,9
NAVFLU,2026-02-23,2026-03-04,4.0,6578.230625,6082.14435,-1984.3451000000023,-7.541332970520487,-0.7541332970520481,0.1,1.0834125323783361,-7.634737266451497,0.10834125323783361,-0.7634737266451496,9
NETTEC,2026-02-27,2026-03-04,5.0,3964.4834600000004,3551.5692000000004,-2064.5713,-10.41533567149754,-1.041533567149754,0.1,-2.600173794141658,-12.68723820076173,-0.26001737941416575,-1.268723820076173,5
MTATEC,2026-02-27,2026-03-04,5.0,3836.00734,3577.2224,-1293.9247,-6.746205548188544,-0.6746205548188549,0.1,-0.7613994815765857,-8.641989199113475,-0.07613994815765857,-0.8641989199113473,5
AETIND,2026-02-02,2026-03-04,20.0,1037.08231,904.41178,-2653.4105999999997,-12.792671200803717,-1.279267120080372,0.1,0.08848767269011848,-11.574038901502437,0.008848767269011846,-1.1574038901502435,30
WAKINN,2026-02-18,2026-03-06,100.0,207.589868,172.65272000000002,-3493.714799999998,-16.82989075362772,-1.6829890753627714,0.1,-1.136793439263617,-17.086512141334364,-0.11367934392636168,-1.708651214133436,16
DECGOL,2026-02-03,2026-03-09,100.0,135.723814,105.35243700000001,-3037.1376999999993,-22.377338290832295,-2.2377338290832287,0.1,,,,,34
CANBAN,2026-02-18,2026-03-09,200.0,150.9845265,137.4366915,-2709.566999999998,-8.97299565329961,-0.8972995653299607,0.1,5.262442241059739,-7.334875140334329,0.5262442241059739,-0.733487514033433,19
TDPSYS,2026-02-19,2026-03-10,20.0,876.21072,824.260825,-1038.9979000000017,-5.928927119266481,-0.5928927119266479,0.1,3.1487037729919454,-6.945899954294099,0.31487037729919454,-0.6945899954294099,19
GLEPHA,2025-12-23,2026-03-10,10.0,2084.68895,2227.2993699999997,1426.1041999999952,6.84084884701861,0.6840848847018617,0.1,6.7689258870010205,-7.880741632942412,0.676892588700102,-0.7880741632942411,77
BELLIM,2026-02-11,2026-03-13,100.0,192.316384,176.94731333333334,-1536.9070666666657,-7.991555553928597,-0.7991555553928602,0.1,2.539365548803163,-8.109753145109055,0.25393655488031625,-0.8109753145109054,30
BELLIM,2026-03-06,2026-03-13,50.0,196.33521199999998,176.94731333333334,-969.3949333333321,-9.874896341399342,-0.9874896341399343,0.1,0.44046505524439894,-9.990674520472664,0.04404650552443989,-0.9990674520472664,7
LOTEYE,2025-12-23,2026-03-13,100.0,126.74150900000001,100.39261200000001,-2634.8896999999993,-20.789477108087763,-2.078947710808776,0.1,11.549879053436229,-18.329834624266628,1.1549879053436227,-1.8329834624266628,80
UJJSMA,2026-01-16,2026-03-16,100.0,60.4414324,49.7969384,-1064.4493999999995,-17.611253700201846,-1.761125370020184,0.1,8.154286561878376,-16.547312005795543,0.8154286561878374,-1.6547312005795543,59
UJJSMA,2026-01-30,2026-03-16,150.0,65.62180933333333,49.7969384,-2373.7306399999993,-24.115261517629182,-2.411526151762918,0.1,-0.38372811705668086,-23.135310482244755,-0.038372811705668086,-2.3135310482244753,45
TORPHA,2026-01-07,2026-03-16,2.0,4014.767,4323.4289375,617.323875,7.688165651954404,0.7688165651954398,0.1,10.741171280923645,-2.1088895071619373,1.0741171280923645,-0.2108889507161937,68
TORPHA,2026-02-13,2026-03-16,4.0,4106.565049999999,4323.4289375,867.4555500000024,5.280907153778092,0.5280907153778086,0.1,8.265665973074032,-0.6955947282510255,0.8265665973074033,-0.06955947282510255,31
TORPHA,2026-02-16,2026-03-16,2.0,4310.816400000001,4323.4289375,25.22507499999847,0.2925788604682733,0.02925788604682684,0.1,3.135916435689512,-2.320126647008214,0.3135916435689512,-0.23201266470082135,28
LAULAB,2026-02-26,2026-03-16,10.0,1090.79151,982.4658,-1083.2571000000007,-9.93092713015341,-0.9930927130153412,0.1,0.17954760208942488,-11.917172879352545,0.01795476020894249,-1.1917172879352544,18
SHRTRA,2026-02-02,2026-03-20,20.0,961.74448,935.2407999999999,-530.0736000000006,-2.7557922661536893,-0.2755792266153691,0.1,14.85379151851227,-2.4065103030276758,1.4853791518512272,-0.24065103030276758,46
AMIORG,2026-02-03,2026-04-01,10.0,1952.0017400000002,2298.30901,3463.072699999998,17.741135312717482,1.7741135312717484,0.1,31.075702832109144,0.9066723475359195,3.1075702832109138,0.09066723475359194,57
GLEPHA,2026-03-10,2026-04-01,5.0,2168.00066,2085.516433333333,-412.42113333333464,-3.8046218429964362,-0.38046218429964374,0.1,4.829303880377944,-3.643940772601062,0.4829303880377944,-0.3643940772601062,22
GLEPHA,2026-03-10,2026-04-01,10.0,2167.48966,2085.516433333333,-819.7322666666696,-3.781943147385858,-0.37819431473858545,0.1,4.854018080990508,-3.621224195367101,0.48540180809905076,-0.36212241953671004,22
VEDLIM,2026-03-02,2026-04-01,25.0,722.113244,672.943828,-1229.235399999999,-6.809100429682735,-0.6809100429682736,0.1,0.17126898173882577,-10.574967933976854,0.017126898173882577,-1.0574967933976853,30
HINCOP,2026-03-17,2026-04-01,40.0,492.74008999999995,497.37145499999997,185.25460000000066,0.939920476127698,0.09399204761276918,0.1,0.6615881407173507,-8.846467110074197,0.06615881407173506,-0.8846467110074197,15
CANBAN,2026-03-09,2026-04-08,200.0,139.2981155,135.06786,-846.0510999999997,-3.036836130062359,-0.30368361300623614,0.1,2.133470714469232,-11.377121250430688,0.2133470714469232,-1.1377121250430688,30
VENREM,2026-03-11,2026-04-09,20.0,853.725005,965.1980133333333,2229.4601666666654,13.057250013818367,1.3057250013818358,0.1,14.433804126423588,-3.9444791710183114,1.4433804126423588,-0.3944479171018311,29
VENREM,2026-03-11,2026-04-09,10.0,863.0043099999999,965.1980133333333,1021.9370333333336,11.841621432149442,1.1841621432149436,0.1,13.203374384074639,-4.97729959193367,1.3203374384074638,-0.497729959193367,29
ATHENE,2026-04-08,2026-04-13,15.0,784.276012,887.5091666666667,1548.4973200000002,13.162860152181555,1.8804085931687942,0.07,15.756441113744014,-1.7310247658065547,2.250920159106287,-0.2472892522580792,5
ATHENE,2026-04-08,2026-04-13,10.0,784.276012,907.5427099999999,1232.666979999999,15.717259754720114,2.245322822102873,0.07,15.756441113744014,-1.7310247658065547,2.250920159106287,-0.2472892522580792,5
ATHENE,2026-04-09,2026-04-13,10.0,820.4486266666667,907.5427099999999,870.9408333333329,10.61542191705296,1.5164888452932788,0.07,10.652875816055563,-0.024209519061979545,1.5218394022936517,-0.0034585027231399347,4
DEEDEV,2026-03-09,2026-04-15,35.0,299.151064,387.5765485714286,3094.89196,29.55880664072401,2.955880664072402,0.1,27.99553338710503,-16.497037764171218,2.799553338710503,-1.6497037764171218,37
COALIN,2025-12-23,2026-04-15,50.0,399.20222800000005,433.59063000000003,1719.4200999999994,8.614281080615616,0.8614281080615608,0.1,17.75986380516894,-0.3011576378276204,1.7759863805168943,-0.03011576378276204,113
VENREM,2026-04-10,2026-04-15,15.0,995.8345033333334,1054.0572066666666,873.3405499999986,5.846624427898983,0.835232061128427,0.07,7.3521751276536484,-0.17417586230719095,1.0503107325219498,-0.02488226604388442,5
BHAINF,2026-01-01,2026-04-15,50.0,438.13025999999996,425.505486,-631.2386999999973,-2.8815115395133706,-0.28815115395133734,0.1,9.042913402055364,-5.701560079415646,0.9042913402055363,-0.5701560079415646,104
SOUBAN,2025-12-12,2026-04-15,350.0,40.831292,38.687784533333335,-750.2276133333318,-5.2496684813859495,-0.5249668481385948,0.1,12.560729158411155,-17.71017189463414,1.2560729158411152,-1.771017189463414,124
SOUBAN,2026-01-06,2026-04-15,200.0,42.3050385,38.687784533333335,-723.4507933333333,-8.550409348207221,-0.8550409348207226,0.1,8.63954183613378,-20.576836255567997,0.863954183613378,-2.0576836255567996,99
SOUBAN,2026-02-03,2026-04-15,200.0,39.639654,38.687784533333335,-190.37389333333294,-2.401306193708619,-0.24013061937086147,0.1,5.273370953237877,-15.236394343906223,0.5273370953237877,-1.5236394343906223,71
GUJMI,2026-04-10,2026-04-16,25.0,609.6247142857143,721.9879,2809.079642857142,18.431533873415805,2.6330762676308277,0.07,22.49339347650181,-1.0702837553689282,3.2133419252145443,-0.15289767933841827,6
NEYLIG,2026-04-15,2026-04-16,25.0,279.010626,298.93892,498.20734999999985,7.1424856772300815,1.0203550967471546,0.07,6.716365705727645,-1.365763754101612,0.9594808151039492,-0.19510910772880172,1
NETTEC,2026-04-15,2026-04-16,3.0,3473.7799,3711.5223000000005,713.2272000000016,6.843910864934211,0.9777015521334577,0.07,6.754028946969259,2.5885376330262,0.9648612781384655,0.36979109043231423,1
BAJCOR,2026-02-19,2026-04-17,50.0,381.56793866666663,441.585384,3000.872266666667,15.729163604011266,1.572916360401126,0.1,23.16286364157627,-13.396811809003351,2.3162863641576266,-1.339681180900335,57
BLIGVS,2026-02-10,2026-04-17,75.0,208.599132,257.9993264,3705.014579999998,23.681879174837594,2.368187917483759,0.1,25.11077946383786,-6.792517238278817,2.5110779463837862,-0.6792517238278817,66
BLIGVS,2026-02-17,2026-04-17,50.0,239.982392,257.9993264,900.8467199999984,7.507606808086131,0.750760680808614,0.1,8.749645265640993,-18.981555946821295,0.8749645265640993,-1.8981555946821298,59
ATHENE,2026-04-09,2026-04-17,5.0,820.4486266666667,845.92063,127.36001666666652,3.1046433018995234,0.4435204716999321,0.07,10.652875816055563,-0.024209519061979545,1.5218394022936517,-0.0034585027231399347,8
ATHENE,2026-04-13,2026-04-17,15.0,891.2832500000001,845.92063,-680.4393000000016,-5.089585157131593,-0.7270835938759423,0.07,1.8587525346179135,-4.525301019625361,0.2655360763739876,-0.6464715742321944,4
BAJCOR,2026-02-19,2026-04-17,25.0,381.56793866666663,471.0835475,2237.8902208333343,23.45993983303014,2.3459939833030146,0.1,23.16286364157627,-13.396811809003351,2.3162863641576266,-1.339681180900335,57
BAJCOR,2026-04-10,2026-04-17,15.0,412.328644,471.0835475,881.3235525000002,14.249532346338768,2.0356474780483946,0.07,13.974618750959245,1.993884276446245,1.996374107279892,0.2848406109208921,7
ADAPOW,2026-04-09,2026-04-17,50.0,171.64493,198.15731599999998,1325.6192999999996,15.44606415115204,2.206580593021718,0.07,15.6457111783028,0.3991204400852544,2.2351015969004,0.05701720572646491,8
FSNECO,2026-02-06,2026-04-20,75.0,275.1811053333333,266.04888266666666,-684.9166999999966,-3.3186227141593028,-0.3318622714159298,0.1,2.001916032713691,-14.692544128114516,0.2001916032713691,-1.4692544128114515,73
KRNHEA,2026-04-13,2026-04-20,20.0,1003.8172549999999,1237.052715,4664.709200000002,23.234852642575877,3.3192646632251246,0.07,26.50709017748456,4.605693393863808,3.7867271682120793,0.657956199123401,7
ADIFIN,2026-02-23,2026-04-20,3.0,2973.6326428571433,3093.426042857143,359.3801999999987,4.028520479412645,0.40285204794126467,0.1,5.3627120863738,-5.042070116404307,0.53627120863738,-0.5042070116404307,56
ADIFIN,2026-02-24,2026-04-20,4.0,3029.58585,3093.426042857143,255.36077142857175,2.1072250801918324,0.21072250801918332,0.1,3.4167755965720525,-6.7958414183905695,0.3416775596572052,-0.6795841418390568,55
CAREVE,2026-02-10,2026-04-20,10.0,672.5012800000001,709.936485,374.3520499999988,5.566562639107531,0.5566562639107524,0.1,8.572284055726985,-16.178598202816808,0.8572284055726985,-1.6178598202816807,69
CAREVE,2026-02-17,2026-04-20,10.0,688.435784,709.936485,215.00700999999935,3.1231236812059526,0.3123123681205964,0.1,6.05927480376296,-18.118724636196415,0.605927480376296,-1.8118724636196415,62
ATHENE,2026-04-13,2026-04-20,5.0,891.2832500000001,887.7225199999999,-17.803650000000744,-0.3995059931845679,-0.057072284740651805,0.07,1.8587525346179135,-4.525301019625361,0.2655360763739876,-0.6464715742321944,7
ATHENE,2026-04-16,2026-04-20,10.0,876.410725,887.7225199999999,113.11794999999961,1.2906956381666834,0.18438509116666832,0.07,1.4878041343001636,-2.905113353102784,0.21254344775716622,-0.4150161933003977,4
DATPAT,2026-04-09,2026-04-20,3.0,3363.758925,3463.3035,298.6337249999997,2.959325481388353,0.42276078305547876,0.07,3.8778366080440607,-2.7992173963537037,0.5539766582920086,-0.39988819947910054,11
BANMAH,2026-02-18,2026-04-21,150.0,68.31732120000001,79.401812,1662.6736199999996,16.22500795596182,1.6225007955961825,0.1,17.36408657662647,-10.227744702612851,1.7364086576626467,-1.022774470261285,62
DATPAT,2026-04-09,2026-04-21,3.0,3363.758925,3533.1779666666666,508.25712499999963,5.036598800452574,0.7195141143503683,0.07,4.835099025415435,-2.7992173963537037,0.6907284322022049,-0.39988819947910054,12
JAYNE,2026-02-18,2026-04-21,75.0,81.433656,98.873132,1307.9606999999999,21.4155631180307,2.1415563118030705,0.1,21.509956522153438,-15.391248060875462,2.1509956522153435,-1.539124806087546,62
DELLIM,2026-04-17,2026-04-21,30.0,467.449455,471.47471666666667,120.75784999999996,0.8611116396887608,0.12301594852696549,0.07,0.9841802040393866,-0.9518579928604276,0.14059717200562663,-0.13597971326577535,4
CAREVE,2026-02-17,2026-04-21,15.0,688.435784,737.4766133333334,735.6124400000004,7.1235154350043794,0.7123515435004373,0.1,7.090598300450912,-18.118724636196415,0.7090598300450913,-1.8118724636196415,63
DEEDEV,2026-03-09,2026-04-22,15.0,299.151064,399.77070399999997,1509.2945999999993,33.6350600444463,3.3635060044446288,0.1,37.62277643110772,-16.497037764171218,3.7622776431107714,-1.6497037764171218,44
DEEDEV,2026-04-10,2026-04-22,35.0,332.41794571428574,399.77070399999997,2357.346539999998,20.261468778705517,2.8944955398150722,0.07,23.850112579017456,3.3337713648105227,3.4071589398596362,0.4762530521157889,12
ADAPOW,2026-04-09,2026-04-22,50.0,171.64493,215.970952,2216.301100000001,25.824253591411072,3.6891790844872965,0.07,25.63726758489169,0.3991204400852544,3.6624667978416694,0.05701720572646491,13
NATMIN,2025-12-26,2026-04-23,150.0,82.555912,86.996844,666.1397999999984,5.3793022115726785,0.5379302211572672,0.1,8.750539876538443,-9.043461357437376,0.8750539876538442,-0.9043461357437376,118
DATPAT,2026-04-09,2026-04-23,2.0,3363.758925,3984.5601,1241.6023500000001,18.455578679735506,2.636511239962214,0.07,22.93092615131449,-2.7992173963537037,3.275846593044927,-0.39988819947910054,14
DATPAT,2026-04-20,2026-04-23,1.0,3581.1368333333335,3984.5601,403.4232666666667,11.265229044352342,1.6093184349074785,0.07,15.468919297089133,-3.1704131569765592,2.2098456138698763,-0.45291616528236556,3
TDPSYS,2026-04-10,2026-04-23,25.0,906.2706720000001,1076.091024,4245.508799999999,18.738370030802454,2.676910004400349,0.07,18.115926408352312,1.023902492565698,2.5879894869074724,0.14627178465224258,13
ATHENE,2026-04-16,2026-04-23,10.0,876.410725,896.66256,202.51835000000028,2.310769873337648,0.3301099819053777,0.07,3.319137268659067,-2.905113353102784,0.47416246695129527,-0.4150161933003977,7
CAREVE,2026-02-18,2026-04-23,10.0,698.5048066666666,736.72563,382.2082333333344,5.471805343148173,0.5471805343148168,0.1,6.090894855307183,-19.299052115327353,0.6090894855307183,-1.9299052115327355,64
DEEIN,2026-04-15,2026-04-23,25.0,477.759912,488.468512,267.71499999999975,2.2414186981849493,0.3202026711692794,0.07,2.5515091772706056,-0.7555912309360924,0.36450131103865796,-0.10794160441944177,8
JAYNE,2026-02-18,2026-04-23,100.0,81.433656,97.093921,1566.0264999999995,19.230703580347665,1.9230703580347657,0.1,21.509956522153438,-15.391248060875462,2.1509956522153435,-1.539124806087546,64
ADAPOW,2026-04-13,2026-04-24,50.0,183.28839800000003,211.83447199999998,1427.3036999999974,15.574403132706705,2.2249147332438155,0.07,17.656110453865146,-1.0575672116464374,2.5223014934093064,-0.15108103023520533,11
JAYNE,2026-02-18,2026-04-24,75.0,81.433656,95.66426600000001,1067.295750000001,17.475096537480784,1.7475096537480783,0.1,21.509956522153438,-15.391248060875462,2.1509956522153435,-1.539124806087546,65
JAYNE,2026-04-13,2026-04-24,25.0,84.2493155,95.66426600000001,285.37376250000045,13.549012751326185,1.9355732501894531,0.07,17.449025446384802,3.395498803785535,2.4927179209121144,0.4850712576836478,11
JAYNE,2026-04-13,2026-04-27,100.0,84.2493155,105.801245,2155.19295,25.5811330597695,3.6544475799670697,0.07,23.50248709142331,3.395498803785535,3.3574981559176154,0.4850712576836478,14
INDMFA,2026-04-27,2026-04-27,20.0,1537.230725,1531.43244,-115.96569999999701,-0.37719028807466914,-0.05388432686781012,0.07,-0.9972949896639438,-0.9972949896639438,-0.14247071280913481,-0.14247071280913481,0
ASHMIN,2026-04-27,2026-04-27,30.0,642.0963533333332,625.11651,-509.39529999999877,-2.644438524714454,-0.37777693210206453,0.07,-3.0986554011784517,-3.0986554011784517,-0.4426650573112073,-0.4426650573112073,0
NATMIN,2025-12-26,2026-04-27,50.0,82.555912,90.3264855,388.5286749999999,9.412497920197405,0.94124979201974,0.1,9.525772061000293,-9.043461357437376,0.9525772061000292,-0.9043461357437376,122
NATMIN,2026-02-04,2026-04-27,100.0,86.36353199999999,90.3264855,396.2953500000012,4.588688545067865,0.45886885450678555,0.1,4.696968623284192,-13.053579142640892,0.4696968623284192,-1.305357914264089,82
NATMIN,2026-04-16,2026-04-27,50.0,87.776377,90.3264855,127.50542500000037,2.9052332611085196,0.4150333230155026,0.07,3.011770467582653,-0.7022128516423032,0.430252923940379,-0.10031612166318617,11
NEYLIG,2026-04-15,2026-04-27,25.0,279.010626,314.63352249999997,890.5724124999992,12.767576995436713,1.8239395707766732,0.07,12.486755253543658,-1.365763754101612,1.7838221790776654,-0.19510910772880172,12
NEYLIG,2026-04-16,2026-04-27,15.0,302.77052133333336,314.63352249999997,177.9450174999991,3.918149334494192,0.5597356192134565,0.07,3.6593650590140525,-1.9389342487772354,0.5227664370020074,-0.2769906069681765,11
SARENE,2026-04-16,2026-04-27,20.0,598.8731133333333,613.836035,299.2584333333343,2.498512845798495,0.3569304065426422,0.07,2.30881740369111,-4.170017450663755,0.3298310576701586,-0.5957167786662507,11
JAYNE,2026-04-13,2026-04-27,75.0,84.2493155,104.59138300000001,1525.655062500001,24.145083410202915,3.4492976300289877,0.07,23.50248709142331,3.395498803785535,3.3574981559176154,0.4850712576836478,14
JAYNE,2026-04-16,2026-04-27,25.0,98.437714,104.59138300000001,153.8417250000002,6.251332695515477,0.8930475279307811,0.07,5.701357510191674,-3.146877222280875,0.8144796443130962,-0.44955388889726783,11
ATHENE,2026-04-20,2026-04-28,15.0,877.13114,948.57854,1071.7110000000002,8.14557786649781,1.16365398092826,0.07,7.3043650006543,0.6690972116210725,1.0434807143791855,0.09558531594586749,8
KRNHEA,2026-04-23,2026-04-28,20.0,1247.102455,1350.793095,2073.8128000000006,8.314524567269821,1.1877892238956882,0.07,6.514905385219527,0.04791466792517518,0.9307007693170752,0.0068449525607393105,5
JAYNE,2026-04-16,2026-04-28,75.0,98.437714,109.54182,832.8079500000001,11.280337127698846,1.611476732528406,0.07,11.552773360827938,-3.146877222280875,1.650396194403991,-0.44955388889726783,12
JAYNE,2026-04-21,2026-04-28,25.0,100.375048,109.54182,229.16929999999985,9.132520663900445,1.3046458091286355,0.07,9.399698618325946,-4.577878757278409,1.3428140883322777,-0.6539826796112013,7
NETTEC,2026-04-15,2026-04-29,2.0,3473.7799,4107.929566666667,1268.2993333333334,18.25532085860324,2.6079029798004623,0.07,16.04074282311323,2.5885376330262,2.291534689016175,0.36979109043231423,14
NETTEC,2026-04-16,2026-04-29,1.0,3752.5623,4107.929566666667,355.36726666666664,9.469989789820854,1.352855684260122,0.07,7.419935439846004,-1.1768572103386554,1.0599907771208577,-0.1681224586198079,13
ADAPOR,2026-04-27,2026-04-29,10.0,1652.2977749999998,1664.2202300000001,119.22455000000355,0.7215681810138763,0.10308116871626895,0.07,0.5327263119990766,-1.4402836679968112,0.07610375885701094,-0.20575480971383014,2
DELLIM,2026-04-17,2026-04-29,30.0,467.449455,465.32724500000006,-63.66629999999816,-0.4539977482699076,-0.06485682118141486,0.07,0.9841802040393866,-3.8612634600247886,0.14059717200562663,-0.5516090657178269,12
DELLIM,2026-04-21,2026-04-29,10.0,476.4214333333333,465.32724500000006,-110.9418833333325,-2.3286501313997565,-0.3326643044856789,0.07,-0.9175559761759877,-5.67175014446244,-0.13107942516799825,-0.8102500206374914,8
ADAPOW,2026-04-16,2026-04-29,50.0,188.89957600000002,218.152672,1462.6547999999984,15.486056993584763,2.2122938562263945,0.07,18.237427912490368,2.271272435254157,2.6053468446414803,0.32446749075059383,13
CAREVE,2026-02-18,2026-04-30,5.0,698.5048066666666,707.7781933333333,46.36693333333369,1.327605276035282,0.13276052760352858,0.1,6.090894855307183,-19.299052115327353,0.6090894855307183,-1.9299052115327355,71
CAREVE,2026-04-20,2026-04-30,10.0,716.95072,707.7781933333333,-91.72526666666727,-1.2793803549938199,-0.1827686221419738,0.07,3.3613579466103216,-1.3739744901853257,0.48019399237290306,-0.19628207002647508,10
ADAPOR,2026-04-27,2026-04-30,10.0,1652.2977749999998,1621.37351,-309.2426499999988,-1.871591517455129,-0.26737021677930456,0.07,0.5327263119990766,-1.4402836679968112,0.07610375885701094,-0.20575480971383014,3
BHAFOR,2026-04-29,2026-04-30,10.0,1947.7986250000001,1877.95336,-698.4526500000015,-3.5858565718003943,-0.5122652245429129,0.07,-2.053529789302533,-3.398638039391788,-0.2933613984717904,-0.4855197199131125,1
KARBAN,2026-04-08,2026-04-30,100.0,243.702009,268.894361,2519.2352,10.337359180325834,1.4767655971894054,0.07,10.220675283805324,-1.1333550393505365,1.460096469115046,-0.16190786276436234,22
GUJMI,2026-04-10,2026-05-04,10.0,609.6247142857143,724.1479999999999,1145.2328571428563,18.785866620986713,2.6836952315695304,0.07,22.49339347650181,-1.0702837553689282,3.2133419252145443,-0.15289767933841827,24
GUJMI,2026-04-13,2026-05-04,10.0,617.9913176470588,724.1479999999999,1061.5668235294106,17.177698022865794,2.453956860409398,0.07,20.8350309585541,-0.5487646104755828,2.976432994079157,-0.07839494435365467,21
INDMFA,2026-04-27,2026-05-04,20.0,1534.785545,1389.406375,-2907.5833999999986,-9.472279073360701,-1.353182724765814,0.07,7.760983636316432,-6.833889291027939,1.1087119480452043,-0.976269898718277,7
TDPSYS,2026-04-24,2026-05-04,15.0,1092.62924,1144.1643266666665,773.026299999998,4.716612440892254,0.6738017772703225,0.07,6.394736424956005,-0.2589387045874747,0.9135337749937149,-0.036991243512496386,10
ZYDWEL,2026-04-13,2026-05-04,20.0,525.2936175,514.70218,-211.82874999999967,-2.0162890138294864,-0.2880412876899266,0.07,-1.4265578812215463,-6.814021017493133,-0.20379398303164944,-0.9734315739275903,21
VENREM,2026-04-10,2026-05-04,15.0,995.8345033333334,970.4384299999999,-380.9411000000017,-2.550230309185486,-0.364318615597927,0.07,7.3521751276536484,-8.398433982090946,1.0503107325219498,-1.1997762831558492,24
VENREM,2026-04-10,2026-05-04,15.0,1025.76846,970.4384299999999,-829.9504500000012,-5.394007727630856,-0.7705725325186944,0.07,4.2194258926619765,-11.071549226615918,0.6027751275231394,-1.5816498895165596,24
VENREM,2026-04-15,2026-05-04,10.0,1072.02198,970.4384299999999,-1015.8355000000006,-9.475883134411111,-1.3536975906301587,0.07,-0.27723125602331367,-14.908461111963389,-0.03960446514618766,-2.1297801588519123,19
NATMIN,2026-04-16,2026-05-04,150.0,87.776377,88.448341,100.7946000000004,0.7655408242698503,0.1093629748956915,0.07,4.5041993473939,-0.7022128516423032,0.6434570496277,-0.10031612166318617,18
NATMIN,2026-04-27,2026-05-04,50.0,90.8836305,88.448341,-121.7644749999998,-2.679568902124785,-0.3827955574463978,0.07,0.9312672649009146,-1.9735462702493933,0.13303818070013063,-0.281935181464199,7
ATHENE,2026-04-22,2026-05-05,10.0,913.4359000000001,908.8004733333333,-46.35426666666717,-0.5074714784766732,-0.07249592549666777,0.07,3.039523627218932,-3.332023626397873,0.4342176610312759,-0.4760033751996961,13
ATHENE,2026-04-23,2026-05-05,5.0,939.14077,908.8004733333333,-151.70148333333316,-3.2306441841159383,-0.4615205977308482,0.07,0.21926744805254028,-5.977886573915859,0.0313239211503629,-0.8539837962736941,12
JAYNE,2026-04-21,2026-05-05,50.0,100.375048,110.83974733333334,523.2349666666664,10.4255983352888,1.4893711907555418,0.07,14.809409605462886,-4.577878757278409,2.115629943637555,-0.6539826796112013,14
JAYNE,2026-04-23,2026-05-05,100.0,97.74469800000001,110.83974733333334,1309.5049333333322,13.39719657564784,1.913885225092548,0.07,17.898978009016897,-2.0100302524849067,2.556996858430985,-0.2871471789264152,12
JAYNE,2026-04-24,2026-05-05,100.0,97.724598,110.83974733333334,1311.5149333333334,13.420520116473988,1.9172171594962837,0.07,17.923227476464,-1.9898756708111476,2.5604610680662856,-0.2842679529730211,11
JAYNE,2026-04-27,2026-05-05,100.0,103.862492,110.83974733333334,697.7255333333333,6.717781558075209,0.9596830797250286,0.07,10.954395355736303,0.18053485564355487,1.564913622248043,0.025790693663364977,8
JAYNE,2026-04-27,2026-05-05,100.0,103.908693,110.83974733333334,693.1054333333336,6.670331550925512,0.9529045072750739,0.07,10.905061619820389,0.13599150939180848,1.5578659456886268,0.019427358484544067,8
ZYDWEL,2026-04-13,2026-05-05,20.0,525.2936175,502.0835599999999,-464.20115000000123,-4.418492196890256,-0.6312131709843226,0.07,-1.4265578812215463,-6.814021017493133,-0.20379398303164944,-0.9734315739275903,22
ZYDWEL,2026-04-13,2026-05-05,20.0,538.185025,502.0835599999999,-722.0293000000015,-6.7080025127046365,-0.9582860732435194,0.07,-3.7877354539918806,-9.046150067070336,-0.5411050648559829,-1.2923071524386194,22
DYNTEC,2026-02-17,2026-05-05,1.0,9648.8403,12166.4442,2517.6039,26.09229525749328,2.6092295257493276,0.1,28.68904048500005,-6.620902410417129,2.8689040485000046,-0.6620902410417128,77
ATHENE,2026-04-23,2026-05-05,5.0,939.14077,929.3751466666668,-48.82811666666612,-1.0398465965153703,-0.14854951378790976,0.07,0.21926744805254028,-5.977886573915859,0.0313239211503629,-0.8539837962736941,12
ATHENE,2026-04-29,2026-05-05,10.0,954.0668533333334,929.3751466666668,-246.9170666666662,-2.5880478480515667,-0.36972112115022354,0.07,-1.642112738598589,-2.103296353208739,-0.23458753408551267,-0.3004709076012484,6
SCI,2026-04-28,2026-05-05,75.0,298.47970933333335,319.9027733333333,1606.7297999999964,7.177393749092431,1.0253419641560628,0.07,7.327228613132486,1.547941291214161,1.046746944733212,0.22113447017345153,7
ABB,2026-04-08,2026-05-05,2.0,6576.21305,7337.2873,1522.1484999999993,11.573138586195885,1.6533055123136984,0.07,15.370349809454531,-0.17050922643085942,2.195764258493504,-0.0243584609186942,27
SYRTEC,2026-04-16,2026-05-06,10.0,953.1648366666667,1046.9538,937.889633333333,9.839742269692264,1.4056774670988956,0.07,11.140272830948694,0.6069425886045865,1.5914675472783846,0.08670608408636948,20
DSPPSU,2025-10-23,2026-05-06,250.0,80.081056,85.6950812,1403.5063,7.010428533809554,0.7010428533809544,0.1,24.08677527928702,-1.7245726629778746,2.408677527928702,-0.17245726629778746,195
LUPIN,2026-02-26,2026-05-06,10.0,2329.18068,2441.93456,1127.538800000002,4.840924577821948,0.48409245778219406,0.1,4.882374346330232,-3.3351075194389734,0.4882374346330231,-0.33351075194389734,69
NATPHA,2026-04-08,2026-05-06,10.0,1115.25488,1147.97559,327.20710000000054,2.93392215418955,0.4191317363127925,0.07,3.1244086553559702,-5.3445074367215355,0.4463440936222814,-0.7635010623887907,28
NATPHA,2026-04-08,2026-05-06,15.0,1115.25488,1148.957108,505.53342000000157,3.0219305563585763,0.4317043651940814,0.07,3.1244086553559702,-5.3445074367215355,0.4463440936222814,-0.7635010623887907,28
NATPHA,2026-05-04,2026-05-06,10.0,1130.118952,1148.957108,188.38156000000026,1.666917979444693,0.23813113992067148,0.07,1.768048218697582,-1.3732140295971362,0.2525783169567974,-0.19617343279959087,2
SYRTEC,2026-04-16,2026-05-07,10.0,953.1648366666667,1096.85117,1436.863333333332,15.074657373620903,2.1535224819458416,0.07,14.71258253963217,0.6069425886045865,2.1017975056617377,0.08670608408636948,21
BAJCOR,2026-04-10,2026-05-07,10.0,412.328644,507.85187,955.2322600000002,23.166769369532325,3.3095384813617614,0.07,26.440403204197473,1.993884276446245,3.777200457742495,0.2848406109208921,27
BAJCOR,2026-04-17,2026-05-07,20.0,459.83082750000005,507.85187,960.4208499999993,10.443197721448971,1.4918853887784247,0.07,13.378653370080972,-2.496750285842897,1.9112361957258532,-0.35667861226327097,20
BANMAH,2026-02-18,2026-05-07,100.0,68.31732120000001,84.06598050000001,1574.86593,23.05222017399593,2.3052220173995925,0.1,24.873163205936688,-10.227744702612851,2.4873163205936684,-1.022774470261285,78
BANMAH,2026-02-24,2026-05-07,100.0,71.54686333333333,84.06598050000001,1251.9117166666674,17.4977861829396,1.7497786182939592,0.1,19.236533965919488,-14.279959815615495,1.923653396591949,-1.4279959815615495,72
NEYLIG,2026-04-16,2026-05-07,30.0,302.77052133333336,321.6288,565.7483599999995,6.228571587358966,0.8897959410512822,0.07,8.564069762300175,-1.9389342487772354,1.2234385374714536,-0.2769906069681765,21
ADIAMC,2026-02-26,2026-05-07,10.0,933.378728,1094.95622,1615.77492,17.311032183711816,1.7311032183711816,0.1,16.63004173371303,-7.009879916611938,1.6630041733713026,-0.7009879916611939,70
DYNTEC,2026-02-17,2026-05-08,1.0,9648.8403,12314.3995,2665.5591999999997,27.625695079645986,2.7625695079645993,0.1,29.860165682294483,-6.620902410417129,2.9860165682294477,-0.6620902410417128,80
ABB,2026-04-08,2026-05-08,2.0,6576.21305,7086.29495,1020.1638000000003,7.756468595554389,1.1080669422220568,0.07,15.370349809454531,-0.17050922643085942,2.195764258493504,-0.0243584609186942,30
NETTEC,2026-04-16,2026-05-08,2.0,3752.5623,4366.7114,1228.2982000000002,16.366126686291118,2.3380180980415894,0.07,17.844812329964512,-1.1768572103386554,2.549258904280644,-0.1681224586198079,22
NETTEC,2026-04-21,2026-05-08,1.0,3925.9642,4366.7114,440.74720000000025,11.226470175148329,1.6037814535926167,0.07,12.639845263999106,-2.5767988409063913,1.8056921805713007,-0.36811412012948447,17
SOUWES,2026-04-09,2026-05-08,100.0,228.463728,213.60121571428573,-1486.2512285714274,-6.505414411216415,-0.9293449158880592,0.07,12.157847656237152,-5.4160579923654195,1.7368353794624498,-0.7737225703379169,29
SOUWES,2026-04-13,2026-05-08,40.0,251.00419000000002,213.60121571428573,-1496.1189714285717,-14.90133462939973,-2.1287620899142468,0.07,2.0859452585233695,-13.909803657062469,0.2979921797890528,-1.9871148081517813,25
ABB,2026-04-09,2026-05-08,2.0,6614.78925,7052.824333333334,876.0701666666682,6.62205652785286,0.946008075407551,0.07,14.69753174675974,-0.011931597064862576,2.0996473923942487,-0.0017045138664089391,29
ABB,2026-05-05,2026-05-08,2.0,7295.0912,7052.824333333334,-484.53373333333184,-3.320957340007835,-0.4744224771439769,0.07,0.45110882232699545,-3.873717164769641,0.06444411747528504,-0.5533881663956629,3
ABB,2026-05-05,2026-05-08,2.0,7351.7576,7052.824333333334,-597.866533333332,-4.06614693970141,-0.5808781342430588,0.07,-0.32315537715770226,-4.614646162980129,-0.04616505387967174,-0.6592351661400183,3
LUPIN,2026-04-23,2026-05-08,5.0,2366.82488,2390.1067125,116.40916249999918,0.983673642132743,0.14052480601896275,0.07,3.9409387989870925,-2.988175449634456,0.5629912569981561,-0.4268822070906365,15
LUPIN,2026-05-06,2026-05-08,3.0,2376.75634,2390.1067125,40.051117500000146,0.5617055596031317,0.08024365137187678,0.07,3.5066135555149147,0.11543715919992703,0.5009447936449878,0.016491022742846716,2
DYNTEC,2026-02-18,2026-05-11,1.0,10551.2038,12093.036,1541.8322000000007,14.612855833568506,1.4612855833568494,0.1,18.75422214856659,-14.606900115037103,1.8754222148566588,-1.46069001150371,82
JAYNE,2026-05-05,2026-05-11,150.0,112.877628,111.81304866666667,-159.6868999999991,-0.9431269527858333,-0.13473242182654743,0.07,1.8182274347579463,-2.106376650650388,0.2597467763939923,-0.3009109500929125,6
INOIND,2026-05-04,2026-05-11,25.0,1484.39496,1449.892752,-862.5552000000027,-2.3243280211622475,-0.3320468601660351,0.07,4.722802346351274,-1.7579526139054114,0.6746860494787533,-0.251136087700773,7
CPSETF,2026-02-24,2026-05-11,150.0,102.01523066666667,105.67765066666666,549.3629999999996,3.59007177268158,0.35900717726815745,0.1,6.660544007918934,-2.2204828160103607,0.6660544007918934,-0.2220482816010361,76
BHAELE,2026-02-01,2026-05-11,40.0,437.1793575,433.74022615384615,-137.56525384615315,-0.786663708419455,-0.07866637084194508,0.1,7.152817708233172,-8.35569129084509,0.7152817708233171,-0.8355691290845091,99
BHAELE,2026-03-05,2026-05-11,25.0,463.909876,433.74022615384615,-754.2412461538461,-6.503342870448792,-0.6503342870448795,0.1,0.9786650888199633,-13.636242570528944,0.09786650888199633,-1.3636242570528945,67
DEEIN,2026-04-23,2026-05-11,25.0,492.524012,459.093024,-835.7747000000004,-6.787686932104342,-0.9696695617291913,0.07,0.6245356419292802,-7.842056642712492,0.0892193774184686,-1.1202938061017844,18
ONGC,2026-04-28,2026-05-11,75.0,293.940632,279.32846133333334,-1095.9127999999992,-4.971129907166649,-0.710161415309521,0.07,2.537712445280449,-5.014833063296942,0.3625303493257784,-0.7164047233281345,13
OILIND,2026-04-28,2026-05-11,40.0,492.53958249999994,455.54928,-1479.612099999997,-7.510117727441723,-1.0728739610631028,0.07,0.946201618222231,-8.586027195083334,0.13517165974603298,-1.2265753135833335,13
POWGRI,2026-04-15,2026-05-11,50.0,304.01101600000004,311.11912,355.40519999999844,2.3381073796352014,0.3340153399478866,0.07,5.555385532476875,2.266031044085559,0.7936265046395536,0.3237187205836513,26
COALIN,2026-01-29,2026-05-11,25.0,452.309108,460.34058,200.7868000000002,1.7756600205362183,0.1775660020536223,0.1,6.442694052492981,-9.586167342887109,0.6442694052492981,-0.9586167342887106,102
COALIN,2026-03-12,2026-05-11,25.0,465.42352400000004,460.34058,-127.07360000000136,-1.0921115366742895,-0.10921115366742945,0.1,3.443417698844109,-7.020170299771966,0.34434176988441084,-0.7020170299771965,60
RISINS,2026-05-08,2026-05-11,2.0,525.940885,518.5785999999999,-14.724570000000085,-1.3998312757145803,-0.19997589653065403,0.07,0.22989560889528082,-4.647078349879563,0.03284222984218298,-0.6638683356970805,3
RISINS,2026-05-08,2026-05-11,18.0,525.940885,498.06031666666667,-501.85022999999967,-5.3010840435676165,-0.7572977205096597,0.07,0.22989560889528082,-4.647078349879563,0.03284222984218298,-0.6638683356970805,3
BLIGVS,2026-04-22,2026-05-11,50.0,275.253108,271.04900399999997,-210.20520000000147,-1.527359320498578,-0.21819418864265464,0.07,0.547456851967687,-4.567835070548954,0.07820812170966956,-0.6525478672212791,19
SMSPHA,2026-03-11,2026-05-11,25.0,428.21029749999997,415.894012,-307.9071374999998,-2.87622356863102,-0.2876223568631016,0.1,2.356249384684639,-14.504624915051224,0.23562493846846386,-1.450462491505122,61
SARENE,2026-04-16,2026-05-11,20.0,598.8731133333333,577.322165,-431.0189666666656,-3.5985833816082557,-0.5140833402297501,0.07,2.30881740369111,-4.170017450663755,0.3298310576701586,-0.5957167786662507,25
DYNTEC,2026-05-05,2026-05-11,1.0,11575.7369,11273.751900000001,-301.98499999999876,-2.6087756020093944,-0.37268222885848507,0.07,8.243648834140306,-2.191971899430434,1.1776641191629007,-0.31313884277577625,6
DYNTEC,2026-05-05,2026-05-11,1.0,12204.3261,11273.751900000001,-930.5741999999991,-7.624953581009275,-1.0892790830013244,0.07,2.6685119467595886,-7.229617537014188,0.38121599239422693,-1.0328025052877412,6
DYNTEC,2026-05-08,2026-05-11,1.0,12805.4256,11273.751900000001,-1531.6736999999994,-11.96113075695039,-1.7087329652786274,0.07,-2.1508508081137134,-11.584352182718549,-0.3072644011591019,-1.6549074546740785,3
LUPIN,2026-05-06,2026-05-11,7.0,2376.75634,2236.6356333333333,-980.8449466666661,-5.895459467530717,-0.8422084953615312,0.07,3.5066135555149147,-5.084927637134218,0.5009447936449878,-0.7264182338763168,5
LUPIN,2026-05-08,2026-05-11,8.0,2459.5692124999996,2236.6356333333333,-1783.4686333333302,-9.063927863207722,-1.2948468376011033,0.07,-3.2554161148656724,-8.280686368365398,-0.4650594449808103,-1.1829551954807709,3
TOUFIN,2026-05-06,2026-05-11,150.0,77.433282,80.71930266666666,492.90309999999874,4.243679954914814,0.6062399935592586,0.07,8.080140526653622,3.7280067762076596,1.154305789521946,0.5325723966010942,5
NETTEC,2026-04-21,2026-05-12,4.0,3925.9642,4008.5268285714287,330.2505142857153,2.1029898482372467,0.30042712117675024,0.07,12.639845263999106,-2.5767988409063913,1.8056921805713007,-0.36811412012948447,21
NETTEC,2026-05-05,2026-05-12,3.0,4153.2447,4008.5268285714287,-434.1536142857144,-3.4844532860915045,-0.4977790408702156,0.07,6.475787472864281,-3.304517549856867,0.9251124961234686,-0.4720739356938381,7
EDEFIN,2026-02-10,2026-05-12,50.0,121.834854,119.63666666666667,-109.90936666666684,-1.804235209518401,-0.18042352095183997,0.1,4.731934919050329,-18.19253955029979,0.47319349190503285,-1.8192539550299789,91
EDEFIN,2026-02-17,2026-05-12,100.0,121.98515900000001,119.63666666666667,-234.84923333333398,-1.9252279150887008,-0.1925227915088703,0.1,4.602888618606449,-18.29333927416532,0.4602888618606448,-1.8293339274165317,84
DEEDEV,2026-04-24,2026-05-12,30.0,443.3525971428571,482.64333999999997,1178.7222857142854,8.862188495195067,1.2660269278850105,0.07,11.130509480525763,-9.146804914236295,1.5900727829322516,-1.3066864163194705,18
LAULAB,2026-05-04,2026-05-12,30.0,1156.5225866666667,1269.1303599999999,3378.233199999995,9.736755220483118,1.3909650314975897,0.07,9.639017397371719,0.6551893945428988,1.377002485338817,0.09359848493469983,8
CHEPET,2026-03-17,2026-05-12,10.0,1018.4967199999999,1036.97107,184.74350000000186,1.8138840938044742,0.18138840938044637,0.1,11.880576306617874,-7.21128684636313,1.1880576306617874,-0.7211286846363129,56
SCI,2026-05-04,2026-05-12,50.0,318.239468,335.775136,876.7833999999993,5.51021157438587,0.7871730820551229,0.07,7.042034145180254,-1.7563717143971647,1.0060048778828934,-0.25091024491388064,8
SCI,2026-05-08,2026-05-12,40.0,328.5828975,331.22898,105.84329999999909,0.8053013471280845,0.11504304958972567,0.07,3.6724682239433815,-0.9838909829444131,0.5246383177061973,-0.14055585470634474,4
NEYLIG,2026-04-16,2026-05-12,30.0,302.77052133333336,311.91934249999997,274.4646349999982,3.0217014279914967,0.43167163257021257,0.07,8.894352907302627,-1.9389342487772354,1.2706218439003754,-0.2769906069681765,26
NEYLIG,2026-04-24,2026-05-12,10.0,303.91075714285716,311.91934249999997,80.08585357142806,2.6351766658191167,0.3764538094027323,0.07,8.485794678541204,-1.582950596446242,1.2122563826487434,-0.22613579949232027,18
NEYLIG,2026-04-24,2026-05-12,25.0,303.91075714285716,311.8694266666667,198.96673809523833,2.618752162190985,0.37410745174156773,0.07,8.485794678541204,-1.582950596446242,1.2122563826487434,-0.22613579949232027,18
NEYLIG,2026-04-27,2026-05-12,5.0,314.0972075,311.8694266666667,-11.138904166666634,-0.709264769039164,-0.10132353843416574,0.07,4.967504367258657,-1.909347602206879,0.709643481036951,-0.27276394317241126,15
CHEPET,2026-03-17,2026-05-12,10.0,1018.4967199999999,1023.6824899999999,51.85770000000048,0.5091592243910315,0.05091592243910268,0.1,11.880576306617874,-7.21128684636313,1.1880576306617874,-0.7211286846363129,56
RBLBAN,2026-04-29,2026-05-12,30.0,342.433234,329.1372166666667,-398.88052000000016,-3.882805759832686,-0.554686537118955,0.07,0.9685876459058829,-5.017980818999601,0.1383696637008404,-0.7168544027142287,13
SANMAN,2026-05-07,2026-05-12,100.0,219.352739,228.483543,913.0803999999983,4.162612257146225,0.5946588938780331,0.07,9.918846283474036,-1.0908179268278917,1.4169780404962906,-0.1558311324039845,5
SARENE,2026-04-16,2026-05-12,20.0,598.8731133333333,563.9470933333333,-698.5203999999999,-5.831956590203468,-0.8331366557433519,0.07,2.30881740369111,-6.13203573774287,0.3298310576701586,-0.8760051053918385,26
SARENE,2026-04-27,2026-05-12,20.0,611.49188,563.9470933333333,-950.8957333333342,-7.775211449523534,-1.1107444927890762,0.07,0.1975692628984671,-8.0690981538463,0.028224180414066723,-1.1527283076923283,15
SARENE,2026-04-27,2026-05-12,20.0,614.2344350000001,563.9470933333333,-1005.746833333335,-8.186994867304486,-1.169570695329213,0.07,-0.24981259801887257,-8.479569368330854,-0.03568751400269608,-1.2113670526186935,15
DEEDEV,2026-04-24,2026-05-12,5.0,443.3525971428571,480.20246571428567,184.24934285714272,8.311639270617555,1.1873770386596503,0.07,11.130509480525763,-9.146804914236295,1.5900727829322516,-1.3066864163194705,18
DEEDEV,2026-04-29,2026-05-12,30.0,418.8415833333333,480.20246571428567,1840.8264714285713,14.650140965616254,2.092877280802321,0.07,17.63397418156707,-0.43968493258885744,2.519139168795295,-0.06281213322697962,13
ADIAMC,2026-02-26,2026-05-12,15.0,933.378728,1053.160285,1796.7233549999987,12.833114083996989,1.2833114083996984,0.1,16.63004173371303,-7.009879916611938,1.6630041733713026,-0.7009879916611939,75
ADIAMC,2026-03-12,2026-05-12,15.0,980.7576933333333,1053.160285,1086.0388749999988,7.382311875687608,0.7382311875687614,0.1,10.995815520971286,-10.446789663724898,1.0995815520971284,-1.0446789663724896,61
ADIAMC,2026-04-24,2026-05-12,10.0,1062.1255999999998,1053.160285,-89.65314999999919,-0.844091791027346,-0.12058454157533478,0.07,2.4925865641502343,-4.418083887630598,0.3560837948786048,-0.6311548410900852,18
BANMAH,2026-02-24,2026-05-12,50.0,71.54686333333333,79.17716560000001,381.5151133333337,10.664761404168722,1.0664761404168719,0.1,19.236533965919488,-14.279959815615495,1.923653396591949,-1.4279959815615495,77
BANMAH,2026-04-29,2026-05-12,200.0,80.902559,79.17716560000001,-345.07867999999746,-2.1326808710710687,-0.30466869586729584,0.07,5.447838800747951,-3.1303818214204915,0.7782626858211357,-0.44719740306007016,13
DELLIM,2026-04-21,2026-05-12,20.0,476.4214333333333,466.129945,-205.82976666666582,-2.160164848446844,-0.3085949783495494,0.07,1.1184565373947963,-5.67175014446244,0.15977950534211374,-0.8102500206374914,21
DELLIM,2026-04-29,2026-05-12,20.0,470.620415,466.129945,-89.80939999999919,-0.954159627775597,-0.1363085182536564,0.07,2.36487509790666,-2.3629266061481746,0.33783929970095145,-0.33756094373545353,13
ADAPOW,2026-04-17,2026-05-12,50.0,195.29919,210.11762599999997,740.9217999999981,7.587556302716858,1.083936614673836,0.07,17.865312191002936,1.6389264082457222,2.5521874558575623,0.2341323440351032,25
ADAPOW,2026-04-22,2026-05-12,50.0,209.39123800000002,210.11762599999997,36.31939999999787,0.3469046780266716,0.049557811146667075,0.07,9.93296672709867,0.11402673878835312,1.4189952467283815,0.01628953411262187,20
NEYLIG,2026-04-27,2026-05-12,35.0,314.0972075,309.12196,-174.1336625000008,-1.5839833596737796,-0.2262833370962542,0.07,4.967504367258657,-1.909347602206879,0.709643481036951,-0.27276394317241126,15
NEYLIG,2026-04-27,2026-05-12,40.0,315.583735,309.12196,-258.47099999999955,-2.047562749075138,-0.2925089641535907,0.07,4.473064811150684,-2.3713943939474458,0.6390092587358119,-0.3387706277067779,15
NEYLIG,2026-05-07,2026-05-12,30.0,327.4490433333333,309.12196,-549.8124999999987,-5.5969268215808725,-0.7995609745115525,0.07,0.6874219706836326,-5.909024236676885,0.09820313866909036,-0.8441463195252692,5
NEYLIG,2026-05-07,2026-05-12,30.0,329.06008,309.12196,-598.1436000000008,-6.059112366349639,-0.8655874809070916,0.07,0.1944690465035981,-6.369681791847858,0.02778129235765687,-0.9099545416925511,5
JAYNE,2026-05-05,2026-05-12,50.0,112.877628,103.58331,-464.7159000000002,-8.233977064082175,-1.1762824377260255,0.07,1.8182274347579463,-8.219191140338289,0.2597467763939923,-1.1741701629054697,7
JAYNE,2026-05-07,2026-05-12,100.0,116.072171,103.58331,-1248.8861,-10.759565270817584,-1.5370807529739405,0.07,-0.984017952072247,-10.745186285866925,-0.14057399315317812,-1.5350266122667033,5
JAYNE,2026-05-08,2026-05-12,150.0,116.83476266666668,103.58331,-1987.717900000002,-11.34204612070253,-1.6202923029575045,0.07,-1.835723048272675,-11.327760988761437,-0.26224614975323923,-1.6182515698230622,4
PARMED,2026-03-09,2026-05-12,75.0,202.562276,245.08244457142857,3189.012642857143,20.99115857654985,2.099115857654984,0.1,28.251915968795704,-8.596011233602052,2.82519159687957,-0.8596011233602052,64
PARMED,2026-04-10,2026-05-12,50.0,216.01403399999998,245.08244457142857,1453.4205285714293,13.456723173564079,1.922389024794868,0.07,20.265334242126155,-4.719153571290646,2.895047748875164,-0.6741647958986636,32
PARMED,2026-04-21,2026-05-12,50.0,227.24999,245.08244457142857,891.6227285714285,7.84706506320576,1.1210092947436792,0.07,14.319036933730999,-1.2937250294268399,2.045576704818714,-0.1848178613466914,21
ATHENE,2026-04-29,2026-05-12,5.0,954.0668533333334,921.40074,-163.33056666666664,-3.4238809596208064,-0.48912585137440023,0.07,1.6123761781389634,-5.923783342422384,0.23033945401985187,-0.8462547632031976,13
ADAPOR,2026-04-28,2026-05-12,20.0,1643.878505,1690.8253,938.9359000000013,2.8558555183492818,0.40797935976418215,0.07,7.507945059479937,-0.3819324226762122,1.0725635799257052,-0.054561774668030305,14
ATHENE,2026-05-11,2026-05-12,10.0,975.20484,920.68126,-545.2358000000004,-5.590987427831062,-0.7987124896901519,0.07,-0.5901160211633005,-5.225039695250078,-0.08430228873761436,-0.7464342421785825,1
ATHENE,2026-05-11,2026-05-12,10.0,975.0128500000001,920.68126,-543.3159000000012,-5.572397327891643,-0.7960567611273769,0.07,-0.570541198508312,-5.206377536460172,-0.08150588550118741,-0.7437682194943103,1
AETIND,2026-05-11,2026-05-12,20.0,1244.901375,1153.64586,-1825.1102999999966,-7.330340927609614,-1.0471915610870877,0.07,-3.5505925117963577,-7.1653366918323025,-0.5072275016851939,-1.0236195274046147,1
TATGLO,2026-05-11,2026-05-12,25.0,1243.398136,1255.456128,301.4498000000003,0.969761144953174,0.13853730642188186,0.07,2.2198733616245248,0.7722276334504619,0.31712476594636063,0.11031823335006595,1
BHAFOR,2026-04-29,2026-05-12,8.0,1947.7986250000001,1920.4152625,-219.06690000000162,-1.405862092134924,-0.20083744173355997,0.07,2.315505023010278,-5.23661038111679,0.3307864318586111,-0.7480871973023985,13
BHAFOR,2026-04-29,2026-05-12,2.0,1947.7986250000001,1920.41501,-54.76723000000038,-1.4058750554873267,-0.20083929364104705,0.07,2.315505023010278,-5.23661038111679,0.3307864318586111,-0.7480871973023985,13
BHAFOR,2026-05-08,2026-05-12,8.0,2010.0398375,1920.41501,-716.9986200000003,-4.458858268772992,-0.6369797526818565,0.07,-1.0119121581837809,-4.827756927479299,-0.1445588797405401,-0.6896795610684712,4
VARTEX,2026-05-11,2026-05-12,30.0,586.17788,611.2089233333334,750.931300000002,4.270212880317725,0.6100304114739612,0.07,4.703712122333936,3.321879017338558,0.6719588746191337,0.47455414533407964,1
CAREVE,2026-04-20,2026-05-12,10.0,716.95072,723.949,69.98279999999909,0.9761172985501609,0.13944532836430829,0.07,4.8537896719037965,-1.715699511397395,0.6933985245576851,-0.24509993019962784,22
LLOMET,2026-05-08,2026-05-12,20.0,1744.5196899999999,1713.0021000000002,-630.351799999994,-1.8066628987145283,-0.25809469981636113,0.07,-0.04698657198874967,-2.334149063115465,-0.006712367426964238,-0.33344986615935207,4
NORARC,2026-05-11,2026-05-12,100.0,314.484849,298.792109,-1569.2740000000015,-4.9899828401590245,-0.712854691451289,0.07,-1.1876085642523293,-5.830121564934288,-0.16965836632176132,-0.8328745092763269,1
NETTEC,2026-05-08,2026-05-12,2.0,4445.2708,4018.50235,-853.5369000000001,-9.600505103086189,-1.3715007290123118,0.07,-0.5189965029802068,-9.65679751163867,-0.07414235756860096,-1.3795425016626672,4
BAASTY,2026-05-04,2026-05-12,50.0,423.75160600000004,393.96448799999996,-1489.3559000000039,-7.029381736431716,-1.0041973909188162,0.07,-1.605092677808062,-7.693565177898121,-0.22929895397258027,-1.0990807396997315,8
GLEPHA,2026-04-15,2026-05-12,4.0,2263.5866125,2261.98065,-6.42384999999922,-0.07094769385590505,-0.0101353848365582,0.07,6.817207110514323,-1.4528541703857534,0.9738867300734747,-0.20755059576939333,27
ADAPOR,2026-04-29,2026-05-12,10.0,1672.49297,1694.93917,224.4620000000009,1.342080379566557,0.19172576850950904,0.07,5.668605590611242,-0.9084026224636443,0.8098007986587488,-0.12977180320909204,13
RBLBAN,2026-04-29,2026-05-12,70.0,342.433234,326.81732,-1093.1139800000024,-4.560279917223231,-0.6514685596033186,0.07,0.9685876459058829,-5.017980818999601,0.1383696637008404,-0.7168544027142287,13
RBLBAN,2026-05-08,2026-05-12,30.0,347.89934,326.81732,-632.4606,-6.059804540014357,-0.8656863628591944,0.07,-1.2789159071126766,-6.5103141615617925,-0.18270227244466805,-0.9300448802231132,4
NATPHA,2026-05-04,2026-05-12,15.0,1130.118952,1183.490405,800.5717949999996,4.722640294240454,0.6746628991772081,0.07,6.714430181505349,-1.3732140295971362,0.9592043116436211,-0.19617343279959087,8
NATPHA,2026-05-06,2026-05-12,5.0,1145.77132,1183.490405,188.59542499999975,3.2920255850006797,0.47028936928581055,0.07,5.25660565495738,0.37779615569359937,0.7509436649939114,0.05397087938479989,6
BLIGVS,2026-05-07,2026-05-12,50.0,275.35330999999996,272.99033,-118.14899999999966,-0.8581629180342887,-0.12259470257632656,0.07,-0.5641152452461773,-2.071269816948995,-0.08058789217802532,-0.2958956881355707,5
SAILIF,2026-02-23,2026-05-12,20.0,965.4900449999999,1088.6674233333333,2463.5475666666684,12.758016405371997,1.2758016405371992,0.1,16.64542848807935,-4.318019146432517,1.664542848807935,-0.43180191464325174,78
SAILIF,2026-02-27,2026-05-12,10.0,1003.36574,1088.6674233333333,853.0168333333336,8.50155431192352,0.8501554311923523,0.1,12.242221864182845,-5.851878099804364,1.2242221864182845,-0.5851878099804364,74
ZYDWEL,2026-04-29,2026-05-12,20.0,500.75634,504.6338083333333,77.54936666666595,0.774322364711999,0.11061748067314382,0.07,3.343674091075899,-0.06117546110350203,0.4776677272965569,-0.008739351586214573,13
ZYDWEL,2026-05-04,2026-05-12,40.0,514.54679,504.6338083333333,-396.5192666666667,-1.926546207132429,-0.2752208867332042,0.07,0.5739439167427252,-2.098310631769751,0.0819919881061036,-0.299758661681393,8
POWFIN,2026-04-16,2026-05-12,65.0,464.4343846153846,442.2744153846154,-1440.3979999999983,-4.7713885889651975,-0.6816269412807426,0.07,3.652962818130967,-5.110384890007646,0.5218518311615666,-0.7300549842868064,26
DELLIM,2026-04-29,2026-05-12,20.0,470.620415,465.530715,-101.79399999999987,-1.0814872958709199,-0.1544981851244169,0.07,2.36487509790666,-2.3629266061481746,0.33783929970095145,-0.33756094373545353,13
DELLIM,2026-05-07,2026-05-12,40.0,482.719775,465.530715,-687.5624000000016,-3.560877529825668,-0.5086967899750959,0.07,-0.20089812976897825,-3.7329680558456535,-0.02869973282413975,-0.5332811508350933,5
SAIL,2026-02-10,2026-05-12,125.0,160.7931664,175.28276036363638,1811.1992454545493,9.011324478548488,0.9011324478548484,0.1,16.491268997113306,-11.04099558300632,1.6491268997113306,-1.104099558300632,91
SAIL,2026-04-10,2026-05-12,150.0,166.81521066666664,175.28276036363638,1270.132454545461,5.076005756986857,0.72514367956955,0.07,12.285923598589843,-0.4767015330848001,1.7551319426556917,-0.0681002190121143,32
ARVFAS,2026-05-13,2026-05-13,40.0,431.66468249999997,428.992145,-106.90149999999903,-0.6191235021873687,-0.08844621459819521,0.07,-0.48989008962991853,-0.48989008962991853,-0.06998429851855979,-0.06998429851855979,0
TOUFIN,2026-05-06,2026-05-13,150.0,77.433282,75.05368266666667,-356.93989999999974,-3.0730963119105947,-0.4390137588443708,0.07,8.080140526653622,-3.852712842521644,1.154305789521946,-0.5503875489316634,7
TOUFIN,2026-05-06,2026-05-13,150.0,81.64898333333333,75.05368266666667,-989.2950999999989,-8.077627420957878,-1.1539467744225536,0.07,2.4997453530243963,-8.816990781065037,0.3571064790034851,-1.2595701115807194,7
DATPAT,2026-04-20,2026-05-14,2.0,3581.1368333333335,4133.183725,1104.0937833333328,15.415409054694496,2.202201293527785,0.07,18.680190056965618,-3.1704131569765592,2.668598579566517,-0.45291616528236556,24
DATPAT,2026-04-21,2026-05-14,2.0,3650.9123999999997,4133.183725,964.5426500000003,13.209610972862574,1.8870872818375097,0.07,16.411996080760538,-3.4104461120458396,2.3445708686800764,-0.4872065874351199,23
SYRTEC,2026-04-16,2026-05-14,10.0,953.1648366666667,1011.2622166666666,580.9737999999993,6.095208065288427,0.870744009326918,0.07,16.726924578008706,0.6069425886045865,2.3895606540012433,0.08670608408636948,28
SYRTEC,2026-05-04,2026-05-14,10.0,1005.2688,1011.2622166666666,59.93416666666576,0.596200405967684,0.08517148656681356,0.07,10.67686572984259,1.321159077054812,1.5252665328346555,0.18873701100783027,10
SYRTEC,2026-05-06,2026-05-14,10.0,1060.8476,1011.2622166666666,-495.85383333333425,-4.674128812973077,-0.667732687567583,0.07,4.878401006892963,-3.03036930092504,0.6969144295561374,-0.43290990013214853,8
CAREVE,2026-04-21,2026-05-14,15.0,740.9108133333334,742.684448,26.6045199999985,0.23938571751802584,0.03419795964543083,0.07,2.5224610479883003,-4.894086127613284,0.36035157828404285,-0.699155161087612,23
CAREVE,2026-04-21,2026-05-14,10.0,738.28536,742.684448,43.99088000000006,0.5958519887215408,0.0851217126745062,0.07,2.8870462770655525,-4.555875251271402,0.41243518243793603,-0.6508393216102003,23
ARVLIM,2026-05-13,2026-05-14,40.0,447.7999175,434.3247275,-539.0075999999999,-3.009198857210593,-0.4298855510300853,0.07,-1.205877287817947,-1.965144957848275,-0.1722681839739924,-0.28073499397832496,1
UJJSMA,2026-05-04,2026-05-14,200.0,60.6719195,55.403941,-1053.5956999999996,-8.682729248412846,-1.2403898926304069,0.07,3.3427004068991018,-6.909159186895353,0.4775286295570145,-0.9870227409850503,10
NEYLIG,2026-05-13,2026-05-14,25.0,326.6583344,385.33978,1467.0361400000004,17.964166047618235,2.5663094353740323,0.07,13.543712479053148,-0.29337515657155144,1.9348160684361642,-0.041910736653078776,1
GODPOW,2026-04-09,2026-05-15,100.0,291.13311,284.46667,-666.6439999999966,-2.289825434145898,-0.32711791916370025,0.07,5.003515402284542,-3.034045148626341,0.7147879146120774,-0.4334350212323344,36
GODPOW,2026-04-15,2026-05-15,40.0,301.6562925,284.46667,-687.5848999999994,-5.698413368917199,-0.8140590527024576,0.07,1.3405016240461753,-6.416671218618786,0.19150023200659647,-0.9166673169455407,30
RAIIND,2026-05-13,2026-05-18,100.0,162.44634,153.185335,-926.1004999999983,-5.700962545539645,-0.8144232207913775,0.07,-1.3027932793068686,-6.030508289691216,-0.18611332561526694,-0.8615011842416023,5
ATHENE,2026-05-15,2026-05-18,25.0,954.9190080000001,921.529532,-834.7369000000015,-3.4965767484230525,-0.49951096406043577,0.07,-1.8346066894921464,-4.6673076592481095,-0.26208666992744944,-0.666758237035444,3
DELLIM,2026-05-14,2026-05-18,40.0,471.046702,451.20766999999995,-793.5612800000013,-4.211691094697445,-0.6016701563853499,0.07,0.9984780659816561,-3.247385436529382,0.14263972371166514,-0.46391220521848314,4
AZAENG,2026-05-14,2026-05-18,10.0,2187.0941900000003,2029.11156,-1579.826300000002,-7.2234031219295725,-1.0319147317042239,0.07,-0.21005908300639753,-12.193996546623364,-0.03000844042948536,-1.7419995066604805,4
TDPSYS,2026-05-13,2026-05-18,30.0,1181.4740433333332,1267.7534433333335,2588.3820000000105,7.302691115970461,1.0432415879957804,0.07,12.401961557552976,-0.4717872021637315,1.7717087939361391,-0.06739817173767593,5
UJJSMA,2026-05-14,2026-05-18,200.0,56.710595999999995,54.398422499999995,-462.4347,-4.077145477363697,-0.5824493539091001,0.07,-0.40661889711051113,-4.515198535384812,-0.05808841387293016,-0.6450283621978301,4
RAIIND,2026-05-15,2026-05-18,100.0,162.606744,150.677415,-1192.9328999999996,-7.336306420353633,-1.0480437743362332,0.07,-3.454188837333816,-6.1232048284540985,-0.49345554819054505,-0.874743546922014,3
TATSTE,2026-05-13,2026-05-18,100.0,218.33590700000002,208.49177899999998,-984.412800000004,-4.508707768347076,-0.6441011097638675,0.07,1.2797221668170211,-3.9507505286338507,0.18281745240243155,-0.5643929326619787,5
NATMIN,2026-04-27,2026-05-18,150.0,90.8836305,88.78424733333333,-314.90747500000043,-2.309968423484876,-0.3299954890692679,0.07,2.559723337636699,-4.691307418666546,0.36567476251952835,-0.6701867740952208,21
MANALU,2026-04-27,2026-05-18,110.0,164.87121636363636,135.24743181818184,-3258.616299999998,-17.967832832698317,-2.566833261814044,0.07,-0.46170361353884415,-16.777468483417614,-0.06595765907697773,-2.3967812119168017,21
NEYLIG,2026-05-13,2026-05-18,20.0,326.6583344,339.36622,254.15771199999995,3.890268290059584,0.5557526128656548,0.07,13.543712479053148,-0.29337515657155144,1.9348160684361642,-0.041910736653078776,5
RISINS,2026-05-08,2026-05-18,20.0,525.940885,461.93757999999997,-1280.0661000000002,-12.169296364932725,-1.738470909276104,0.07,0.22989560889528082,-11.425406678547144,0.03284222984218298,-1.6322009540781635,10
RISINS,2026-05-11,2026-05-18,20.0,541.9216799999999,461.93757999999997,-1599.681999999999,-14.759346774980465,-2.108478110711495,0.07,-7.458952371124905,-14.037393742948224,-1.065564624446415,-2.0053419632783176,7
FSNECO,2026-04-27,2026-05-18,75.0,270.7841666666667,267.3009773333333,-261.2392000000028,-1.286334196054062,-0.1837620280077238,0.07,0.8183023995125271,-3.742525566179722,0.11690034278750386,-0.5346465094542459,21
ASHMIN,2026-04-28,2026-05-18,30.0,652.0969666666666,624.5490599999999,-826.4372000000003,-4.224510782113233,-0.6035015403018906,0.07,4.877040526028109,-3.1892445034631622,0.6967200751468727,-0.45560635763759455,20
ASHMIN,2026-05-06,2026-05-18,15.0,663.23298,624.5490599999999,-580.2588000000009,-5.832629131319744,-0.8332327330456777,0.07,3.1161025798204456,-3.668843488452578,0.4451575114029207,-0.5241204983503682,12
CAREVE,2026-04-21,2026-05-18,5.0,738.28536,756.6432000000001,91.78920000000062,2.4865507288401423,0.35522153269144996,0.07,4.898463650965534,-4.555875251271402,0.6997805215665048,-0.6508393216102003,27
CAREVE,2026-04-23,2026-05-18,10.0,754.0139,756.6432000000001,26.293000000000575,0.3487070994314667,0.049815299918780524,0.07,2.7103081256194317,-6.546815648889237,0.3871868750884902,-0.935259378412748,25
CAREVE,2026-04-29,2026-05-18,10.0,749.1050333333334,756.6432000000001,75.38166666666712,1.0062896831868562,0.14375566902669215,0.07,3.3833662222088945,-5.934419254335999,0.48333803174412776,-0.8477741791908568,19
TATSTE,2026-05-13,2026-05-18,50.0,220.53857800000003,205.464474,-753.7052000000017,-6.835132490969464,-0.9764474987099232,0.07,0.2681716756149477,-4.910060678816941,0.038310239373563953,-0.7014372398309915,5
KRNHEA,2026-05-14,2026-05-18,10.0,1181.87539,1107.13284,-747.4254999999994,-6.324063486929865,-0.9034376409899807,0.07,0.14592147485192886,-7.4014054899645405,0.020845924978846977,-1.0573436414235058,4
ARVLIM,2026-05-14,2026-05-20,40.0,438.18362750000006,487.589765,1976.2454999999977,11.275213038396782,1.6107447197709672,0.07,11.24331659333846,0.18630830746864113,1.6061880847626369,0.02661547249552016,6
ICIMET,2025-12-12,2026-05-20,2000.0,10.6005057,13.1884715,5175.931600000002,24.413606984806414,2.4413606984806404,0.1,28.861776849004485,-0.8537866264248128,2.886177684900448,-0.08537866264248127,159
AZAENG,2026-05-20,2026-05-21,10.0,1897.7130399999999,2053.0438999999997,1553.308599999998,8.185160597305053,1.169308656757864,0.07,6.654692112986704,5.790494014837999,0.9506703018552433,0.8272134306911426,1
ICIGOL,2026-04-08,2026-05-21,200.0,130.0817195,135.303006,1044.2573000000039,4.013851077668162,0.5734072968097368,0.07,5.003224530715111,-3.2377489444241125,0.7147463615307301,-0.4625355634891589,43
TATGLO,2026-05-15,2026-05-21,20.0,1247.406465,1192.6736150000002,-1094.6569999999974,-4.38773178877182,-0.6268188269674033,0.07,-1.0747471154079702,-4.209250671151521,-0.1535353022011386,-0.6013215244502172,6
TATGLO,2026-05-20,2026-05-21,20.0,1214.84143,1192.573625,-445.35609999999906,-1.8329803750601337,-0.2618543392943055,0.07,-0.5055334670303391,-1.6414841894221377,-0.07221906671861986,-0.23449774134601964,1
BAJCOR,2026-04-17,2026-05-21,20.0,459.83082750000005,547.8414280000001,1760.2120100000002,19.13977820462678,2.734254029232398,0.07,19.576584934380016,-2.496750285842897,2.7966549906257163,-0.35667861226327097,34
BAJCOR,2026-04-28,2026-05-21,5.0,464.18302,547.8414280000001,418.2920400000003,18.022720434711314,2.574674347815901,0.07,18.45543165279937,-2.9585356224361647,2.6364902361141955,-0.42264794606230927,23
BAJCOR,2026-04-28,2026-05-21,25.0,464.18302,547.3743342857142,2079.7828571428554,17.922093377244643,2.560299053892093,0.07,18.45543165279937,-2.9585356224361647,2.6364902361141955,-0.42264794606230927,23
BAJCOR,2026-05-14,2026-05-21,10.0,518.7420079999999,547.3743342857142,286.3232628571427,5.519569621150544,0.7885099458786478,0.07,5.996813737899576,-0.05629156603794705,0.8566876768427966,-0.008041652291135293,7
MEESHO,2026-05-21,2026-05-21,100.0,197.929674,193.45786499999997,-447.1809000000036,-2.259291853327683,-0.3227559790468114,0.07,-2.748286242314524,-2.748286242314524,-0.3926123203306462,-0.3926123203306462,0
AVATE,2026-05-19,2026-05-21,18.0,1336.986738888889,1482.37125,2616.921199999996,10.87404286686744,1.5534346952667775,0.07,9.52988218993096,1.4744544981421415,1.3614117414187084,0.21063635687744875,2
ONTECH,2026-05-19,2026-05-21,75.0,223.86988300000002,244.6288973333333,1556.9260749999962,9.272803494221371,1.3246862134601949,0.07,10.515088802722051,1.3445832729541252,1.5021555432460072,0.19208332470773215,2
GODPOW,2026-05-20,2026-05-22,70.0,306.31040285714283,288.5612642857143,-1242.439699999998,-5.794494214323631,-0.8277848877605185,0.07,-0.150305981399379,-4.867742890239601,-0.021472283057054144,-0.6953918414628,2
NEYLIG,2026-05-13,2026-05-22,30.0,326.6583344,341.7621433333333,453.11426799999936,4.623732916864265,0.6605332738377506,0.07,13.543712479053148,-0.29337515657155144,1.9348160684361642,-0.041910736653078776,9
NEYLIG,2026-05-13,2026-05-22,25.0,326.6583344,341.79354399999994,378.3802399999985,4.633345611034234,0.6619065158620338,0.07,13.543712479053148,-0.29337515657155144,1.9348160684361642,-0.041910736653078776,9
SCI,2026-05-18,2026-05-22,75.0,343.63953733333335,316.00996399999997,-2072.2180000000035,-8.04027777121945,-1.1486111101742078,0.07,0.3085973968234068,-7.955876540135643,0.04408534240334382,-1.1365537914479489,4
BAJCOR,2026-05-14,2026-05-22,15.0,518.7420079999999,567.83398,736.3795800000008,9.463658474329705,1.3519512106185287,0.07,10.218565526314594,-0.05629156603794705,1.459795075187799,-0.008041652291135293,8
BAJCOR,2026-05-20,2026-05-22,10.0,531.8688257142857,567.83398,359.65154285714334,6.762034649692827,0.9660049499561177,0.07,7.498310176791234,2.779101457180455,1.0711871681130334,0.39701449388292215,2
BAJCOR,2026-05-20,2026-05-22,25.0,531.8688257142857,567.7675839999999,897.468957142857,6.7495511205236,0.9642215886462285,0.07,7.498310176791234,2.779101457180455,1.0711871681130334,0.39701449388292215,2
ONTECH,2026-05-19,2026-05-25,25.0,223.86988300000002,250.41854800000002,663.716625,11.858971222136216,1.6941387460194581,0.07,12.797664704188904,1.3445832729541252,1.828237814884129,0.19208332470773215,6
ONTECH,2026-05-20,2026-05-25,25.0,239.120364,250.41854800000002,282.4546000000005,4.724894112322464,0.674984873188922,0.07,5.6037201415434446,-3.086464020270552,0.8005314487919206,-0.4409234314672217,5
THERMA,2026-05-20,2026-05-25,4.0,4440.7225,4418.9522,-87.08120000000054,-0.4902422972838383,-0.07003461389769067,0.07,3.023775973391718,-0.5769894425963207,0.4319679961988169,-0.08242706322804581,5
MANIN,2026-05-20,2026-05-25,30.0,591.1377,555.8123466666667,-1059.7605999999985,-5.975824809233665,-0.8536892584619522,0.07,0.23891218577329898,-5.250502547883507,0.034130312253328424,-0.7500717925547865,5
VARTEX,2026-05-15,2026-05-25,7.0,612.9246425,607.7164142857143,-36.45759749999968,-0.8497338584792957,-0.12139055121132769,0.07,1.0972568295783525,-2.802080599981749,0.15675097565405033,-0.4002972285688212,10
VARTEX,2026-05-15,2026-05-25,7.0,612.9246425,607.2149857142857,-39.96759750000001,-0.9315430298944549,-0.13307757569920856,0.07,1.0972568295783525,-2.802080599981749,0.15675097565405033,-0.4002972285688212,10
MEESHO,2026-05-22,2026-05-26,100.0,198.799489,193.678449,-512.1039999999994,-2.5759824764941874,-0.367997496642027,0.07,0.10589111725534117,-2.811621412165699,0.01512730246504874,-0.40166020173795697,4
SYRTEC,2026-05-22,2026-05-26,20.0,1034.428725,1056.92693,449.96410000000196,2.174940085891386,0.3107057265559113,0.07,2.211005403006383,0.42741224147655466,0.31585791471519753,0.06105889163950779,4
ONTECH,2026-05-20,2026-05-26,25.0,239.120364,263.7575432,615.9294799999998,10.303254305852416,1.4718934722646322,0.07,10.513381453367131,-3.086464020270552,1.5019116361953044,-0.4409234314672217,6
ONTECH,2026-05-22,2026-05-26,50.0,247.42723,263.7575432,816.5156599999989,6.600046890554445,0.9428638415077768,0.07,6.803119446473205,-6.340138876388024,0.9718742066390291,-0.9057341251982891,4
ONTECH,2026-05-25,2026-05-26,50.0,252.687008,263.7575432,553.5267599999997,4.381125601835456,0.6258750859764929,0.07,4.579971123802307,-0.06609283212534178,0.6542815891146151,-0.00944183316076311,1
RAIIND,2026-05-21,2026-05-26,100.0,157.76669199999998,177.49866300000002,1973.1971000000044,12.507057573343827,1.786722510477691,0.07,13.445999108607797,-2.8565547916793443,1.9208570155153997,-0.40807925595419203,5
LLOMET,2026-05-22,2026-05-26,20.0,1725.9611,1844.45642,2369.9064,6.865468752453352,0.9807812503504775,0.07,7.401030069565295,0.6569615039411891,1.0572900099378992,0.09385164342016987,4
RASPER,2026-05-21,2026-05-26,20.0,545.882668,541.738295,-82.88745999999946,-0.7592058225962872,-0.1084579746566128,0.07,0.9282822659612444,-2.52484074105096,0.13261175228017774,-0.36069153443585134,5
UNICAB,2026-05-20,2026-05-26,25.0,1001.0116680000001,1204.1521559999999,5078.512199999995,20.293518496729423,2.8990740709613463,0.07,17.785839834985808,-0.19596854489414284,2.5408342621408297,-0.027995506413448973,6
DIAPOW,2026-05-13,2026-05-26,50.0,177.296209,198.70429800000002,1070.404450000001,12.0747584625456,1.72496549464937,0.07,16.556355697374215,-1.5545786430210762,2.3651936710534587,-0.22208266328872514,13
DATPAT,2026-04-21,2026-05-26,1.0,3650.9123999999997,4094.1566666666663,443.2442666666666,12.14064371050554,1.7343776729293616,0.07,16.411996080760538,-3.4104461120458396,2.3445708686800764,-0.4872065874351199,35
DATPAT,2026-04-22,2026-05-26,2.0,3622.391266666666,4094.1566666666663,943.5308000000005,13.02359036532572,1.8605129093322454,0.07,17.32857350638859,0.33427458388493037,2.4755105009126552,0.047753511983561474,34
DIAPOW,2026-05-13,2026-05-26,50.0,177.296209,196.75626100000002,973.0026000000009,10.976011337050085,1.5680016195785837,0.07,16.556355697374215,-1.5545786430210762,2.3651936710534587,-0.22208266328872514,13
DIAPOW,2026-05-20,2026-05-26,50.0,196.98583200000002,196.75626100000002,-11.478549999999643,-0.11654188408839472,-0.01664884058405587,0.07,4.906021870649058,-1.7695851344273428,0.7008602672355796,-0.2527978763467632,6
VARTEX,2026-05-15,2026-05-26,26.0,612.9246425,596.4891225806451,-427.32351790322673,-2.681491129532265,-0.3830701613617527,0.07,1.0972568295783525,-2.802080599981749,0.15675097565405033,-0.4002972285688212,11
VARTEX,2026-05-21,2026-05-26,5.0,619.817212,596.4891225806451,-116.64044709677455,-3.7637046806236363,-0.5376720972319475,0.07,-0.026977630947111475,-3.41507328131444,-0.0038539472781587815,-0.4878676116163485,5
TDPSYS,2026-05-18,2026-05-27,10.0,1346.402145,1356.09096,96.88814999999977,0.7196078107852388,0.10280111582646247,0.07,1.5446985937474178,-8.556295414992821,0.22067122767820252,-1.2223279164275456,9
TDPSYS,2026-05-18,2026-05-27,10.0,1346.402145,1353.60304,72.00894999999946,0.5348249797982874,0.07640356854261235,0.07,1.5446985937474178,-8.556295414992821,0.22067122767820252,-1.2223279164275456,9
NETTEC,2026-05-20,2026-05-27,4.0,3779.875580000001,3970.531575,762.6239799999967,5.043975415719881,0.720567916531411,0.07,7.728413642652199,0.8816274317685169,1.1040590918074566,0.12594677596693096,7
CAREVE,2026-04-29,2026-05-27,5.0,749.1050333333334,751.59663,12.457983333333118,0.33260978845377487,0.04751568406482581,0.07,3.3833662222088945,-5.934419254335999,0.48333803174412776,-0.8477741791908568,28
CAREVE,2026-05-08,2026-05-27,10.0,738.33435,751.59663,132.62280000000032,1.796243124811947,0.25660616068742204,0.07,4.891503422534793,-2.889524237901153,0.6987862032192561,-0.41278917684302185,19
CAREVE,2026-05-13,2026-05-27,5.0,755.117488,751.59663,-17.604289999999878,-0.46626625074268624,-0.06660946439181273,0.07,2.5601992149862696,-1.9291684051157887,0.36574274499803844,-0.2755954864451126,14
ADAENT,2026-05-25,2026-05-27,10.0,2803.6347,2954.48417,1508.494700000001,5.3804966103465635,0.7686423729066522,0.07,6.044485752726625,1.6430564224361843,0.863497964675232,0.23472234606231204,2
MANIN,2026-05-27,2026-05-27,30.0,564.4915566666666,530.1578533333334,-1030.011099999997,-6.082235053447816,-0.8688907219211164,0.07,-6.358209656599101,-6.358209656599101,-0.9083156652284429,-0.9083156652284429,0
RASPER,2026-05-21,2026-05-27,30.0,545.882668,523.67237,-666.308939999999,-4.068694483628477,-0.5812420690897827,0.07,0.9282822659612444,-3.6514564701291996,0.13261175228017774,-0.5216366385898856,6
RASPER,2026-05-21,2026-05-27,20.0,554.92556,523.67237,-625.0638000000004,-5.631960798489799,-0.8045658283556861,0.07,-0.7164132068452567,-5.221521964135145,-0.10234474383503664,-0.7459317091621634,6
ONGC,2026-05-13,2026-05-27,100.0,298.649152,274.138193,-2451.095900000001,-8.207275606126618,-1.1724679437323744,0.07,0.753676340591114,-8.236806244137608,0.10766804865587341,-1.1766866063053725,14
WOCKHA,2026-05-14,2026-05-29,5.0,1540.8987499999998,1903.86758,1814.8441500000013,23.555657372036954,3.3650939102909936,0.07,31.832153150880306,0.32456707489705305,4.5474504501257575,0.04636672498529329,15
WOCKHA,2026-05-14,2026-05-29,10.0,1540.8987499999998,1885.0611400000003,3441.623900000004,22.33517224931232,3.190738892758903,0.07,31.832153150880306,0.32456707489705305,4.5474504501257575,0.04636672498529329,15
INDMFA,2026-05-27,2026-05-29,15.0,1502.8195466666666,1402.48146,-1505.0712999999996,-6.67665568292759,-0.9538079547039413,0.07,-2.0241649594017197,-3.7675545804718658,-0.2891664227716742,-0.5382220829245522,2
AZAENG,2026-05-20,2026-05-29,5.0,1897.7130399999999,1996.2725999999998,492.7977999999996,5.193596604047146,0.7419423720067355,0.07,11.544788668364747,5.790494014837999,1.6492555240521065,0.8272134306911426,9
KNOMAR,2026-05-20,2026-05-29,5.0,2038.2958133333334,1950.8580399999998,-437.18886666666776,-4.289748954070705,-0.6128212791529573,0.07,6.039564319437418,-5.887065682438797,0.862794902776774,-0.8410093832055424,9
ADAPOW,2026-05-20,2026-05-29,50.0,220.342771,246.28018,1296.8704500000001,11.771390947969884,1.6816272782814112,0.07,12.964904122041743,-0.4641727048081856,1.8521291602916774,-0.06631038640116937,9
BLIGVS,2026-05-11,2026-05-29,40.0,276.841574,431.68981,6193.929440000002,55.93388079783135,7.990554399690191,0.07,53.625770094776314,-1.694678271118344,7.660824299253758,-0.24209689587404906,18
WOCKHA,2026-05-14,2026-05-29,5.0,1540.8987499999998,2071.3042625,2652.0275625,34.42182768335687,4.917403954765268,0.07,31.832153150880306,0.32456707489705305,4.5474504501257575,0.04636672498529329,15
WOCKHA,2026-05-19,2026-05-29,3.0,1620.15626,2071.3042625,1353.4440074999995,27.845956198076838,3.977993742582405,0.07,25.382967689795557,-2.7624656401969427,3.626138241399365,-0.3946379485995632,10
ASHMIN,2026-05-18,2026-05-29,15.0,644.093415,740.38052,1444.306575,14.949245366838593,2.135606480976942,0.07,14.812538488691107,-1.5127332112221725,2.1160769269558726,-0.21610474446031036,11
ADAPOR,2026-05-14,2026-05-29,8.0,1771.79505,1804.4326875,261.10109999999986,1.842066185928215,0.2631523122754599,0.07,2.9746640278738745,-0.5076800502405776,0.424952003981982,-0.07252572146293965,15
NATPHA,2026-05-06,2026-05-29,5.0,1145.77132,1094.6882799999998,-255.41520000000105,-4.458397509897538,-0.6369139299853631,0.07,5.25660565495738,-11.334837740571135,0.7509436649939114,-1.6192625343673048,23
NATPHA,2026-05-07,2026-05-29,5.0,1161.51275,1094.6882799999998,-334.12235000000123,-5.753227418295692,-0.8218896311850982,0.07,3.8301129281619994,-12.536474524278795,0.5471589897374285,-1.7909249320398277,22
NATPHA,2026-05-07,2026-05-29,12.0,1161.51275,1074.28505,-1046.7324000000017,-7.509835772358087,-1.0728336817654407,0.07,3.8301129281619994,-12.536474524278795,0.5471589897374285,-1.7909249320398277,22
ANURAS,2026-02-05,2026-05-29,13.0,1284.086624,1336.6048844444445,682.7373857777775,4.089931275885972,0.4089931275885981,0.1,7.157879716376514,-5.1699490329711555,0.7157879716376514,-0.5169949032971156,113
ANURAS,2026-02-11,2026-05-29,12.0,1342.2974666666667,1336.6048844444445,-68.3109866666664,-0.42409245071128865,-0.04240924507112879,0.1,2.510809576138673,-9.282403473209266,0.2510809576138673,-0.9282403473209266,107
ANURAS,2026-05-20,2026-05-29,20.0,1381.87672,1336.6048844444445,-905.4367111111105,-3.2761124708400535,-0.46801606726286515,0.07,-0.5555285713185754,-6.3664666121591384,-0.07936122447408218,-0.9094952303084483,9
GUJMI,2026-04-13,2026-05-29,7.0,617.9913176470588,663.9604519230769,321.7839399321264,7.438475746073747,1.0626393922962498,0.07,20.8350309585541,-0.5487646104755828,2.976432994079157,-0.07839494435365467,46
GUJMI,2026-04-16,2026-05-29,25.0,678.9019199999999,663.9604519230769,-373.53670192307504,-2.2008286671104105,-0.3144040953014876,0.07,9.99379704214125,-6.790659834928725,1.427685291734464,-0.9700942621326749,43
GUJMI,2026-04-28,2026-05-29,20.0,720.447795,663.9604519230769,-1129.7468615384628,-7.840587960564605,-1.1200839943663714,0.07,2.7208362821069976,-12.16573853210281,0.3886908974438568,-1.7379626474432586,31
VARTEX,2026-05-21,2026-05-29,20.0,619.817212,572.13183,-953.7076400000001,-7.693458825728772,-1.0990655465326813,0.07,-0.026977630947111475,-6.883837875738119,-0.0038539472781587815,-0.9834054108197311,8
VARTEX,2026-05-21,2026-05-29,20.0,625.8702949999999,572.13183,-1074.769299999998,-8.58619835919836,-1.2265997655997651,0.07,-0.993863273220208,-7.784407630338164,-0.14198046760288682,-1.1120582329054518,8
ARVLIM,2026-05-18,2026-05-29,30.0,459.8442166666667,470.86386,330.5892999999992,2.3963861964412247,0.3423408852058901,0.07,6.960136101164416,2.7739357963002975,0.9943051573092022,0.3962765423286139,11
ARVLIM,2026-05-19,2026-05-29,20.0,484.67383499999994,470.86386,-276.19949999999903,-2.849333717385416,-0.40704767391220215,0.07,1.4806173722994753,-2.3363825695273843,0.21151676747135362,-0.33376893850391204,10
GUJMI,2026-05-27,2026-05-29,20.0,703.06224,663.71092,-787.0263999999997,-5.597131770296748,-0.7995902528995357,0.07,-0.563568881184684,-4.702604992695947,-0.08050984016924055,-0.6718007132422781,2
WOCKHA,2026-05-19,2026-06-01,7.0,1620.15626,2298.709,4749.869179999999,41.881931808231876,5.983133115461696,0.07,32.88224433364224,-2.7624656401969427,4.6974634762346055,-0.3946379485995632,13
WOCKHA,2026-05-26,2026-06-01,3.0,1689.19348,2298.709,1828.5465599999998,36.08322712682978,5.154746732404253,0.07,27.451356253162906,0.6515843288715573,3.9216223218804145,0.09308347555307961,6
NETTEC,2026-05-20,2026-06-01,2.0,3779.875580000001,4794.34775,2028.9443399999982,26.83877150263234,3.8341102146617625,0.07,23.567559332204226,0.8816274317685169,3.3667941903148892,0.12594677596693096,12
THERMA,2026-05-20,2026-06-01,1.0,4440.7225,4938.779833333333,498.0573333333332,11.215682433057527,1.6022403475796472,0.07,12.43215490272136,-0.5769894425963207,1.7760221289601943,-0.08242706322804581,12
THERMA,2026-05-21,2026-06-01,2.0,4594.33035,4938.779833333333,688.8989666666657,7.497272879677297,1.0710389828110418,0.07,8.67307354160982,-3.4527414860361594,1.2390105059442598,-0.49324878371945124,11
TITIND,2026-02-11,2026-06-01,5.0,4335.51116,4034.66786,-1504.2165,-6.9390502964361005,-0.6939050296436095,0.1,4.391381615080414,-11.126973087989933,0.43913816150804136,-1.1126973087989933,110
CAREVE,2026-05-13,2026-06-01,20.0,755.117488,706.680555,-968.7386599999991,-6.414489635022191,-0.9163556621460275,0.07,2.5601992149862696,-5.054509875157331,0.36574274499803844,-0.72207283930819,19
TENCLE,2026-02-04,2026-06-01,35.0,565.0724485714286,569.4367714285714,152.75129999999933,0.7723474871543345,0.07723474871543239,0.1,15.268405254351268,-9.19748409302581,1.5268405254351267,-0.919748409302581,117
MTATEC,2026-05-29,2026-06-01,4.0,8058.1949,7461.07055,-2388.4974,-7.410150255859415,-1.0585928936942015,0.07,-2.217554951419709,-12.269433939851716,-0.31679356448852986,-1.7527762771216735,3
DIAPOW,2026-05-26,2026-06-01,100.0,199.63512699999998,186.152487,-1348.2639999999974,-6.753641106457165,-0.9648058723510242,0.07,3.5138470395543298,-8.337774644238827,0.5019781485077613,-1.1911106634626893,6
AZAENG,2026-05-20,2026-06-01,5.0,1897.7130399999999,1990.0843,461.8563000000006,4.8675040985121765,0.6953577283588831,0.07,11.544788668364747,4.3519203514563065,1.6492555240521065,0.6217029073509008,12
AZAENG,2026-05-21,2026-06-01,10.0,2027.98428,1990.0843,-378.99979999999914,-1.8688497920703817,-0.26697854172433944,0.07,4.379507320441367,-2.351314084150591,0.6256439029201952,-0.335902012021513,11
AZAENG,2026-05-26,2026-06-01,5.0,2110.13876,1990.0843,-600.2722999999992,-5.689410681219842,-0.8127729544599768,0.07,0.31567781826822294,-6.1530910886637535,0.0450968311811747,-0.8790130126662503,6
SAIL,2026-05-13,2026-06-01,50.0,200.603046,202.621764,100.93590000000034,1.006324699576111,0.14376067136801435,0.07,2.720274745977691,-4.089193142161962,0.388610677996813,-0.5841704488802801,19
NEYLIG,2026-05-13,2026-06-01,25.0,326.6583344,335.125556,211.6805400000004,2.5920727280852818,0.3702961040121828,0.07,13.543712479053148,-0.29337515657155144,1.9348160684361642,-0.041910736653078776,19
NEYLIG,2026-05-14,2026-06-01,25.0,369.455708,335.125556,-858.2538,-9.292088674402077,-1.327441239200296,0.07,0.39092426202276265,-8.960670327497011,0.05584632314610894,-1.2800957610710013,18
TDPSYS,2026-05-21,2026-06-01,20.0,1285.18116,1254.6578200000001,-610.4667999999992,-2.3750223664965597,-0.33928890949950874,0.07,6.381889382816652,-4.23918134623138,0.9116984832595216,-0.6055973351759113,11
TDPSYS,2026-05-21,2026-06-01,10.0,1291.7978699999999,1254.6578200000001,-371.40049999999746,-2.8750666696795046,-0.4107238099542146,0.07,5.83699135531166,-4.729677252061104,0.8338559079016657,-0.6756681788658719,11
RRKAB,2026-05-20,2026-06-01,10.0,1972.8640749999997,2030.8385999999998,579.7452500000009,2.9385970242273407,0.41979957488961894,0.07,4.229177572712417,-1.4022291424207523,0.6041682246732024,-0.2003184489172503,12
RISINS,2026-05-19,2026-06-01,50.0,539.0790539999999,491.332796,-2387.3128999999976,-8.85700485776989,-1.2652864082528412,0.07,2.6009072131376376,-8.807438101648057,0.37155817330537677,-1.2582054430925793,13
RISINS,2026-05-25,2026-06-01,25.0,554.5147400000001,491.332796,-1579.5486000000026,-11.394096394984931,-1.6277280564264192,0.07,-0.25513118010173086,-11.345909398188414,-0.0364473114431044,-1.6208441997412018,7
SMSPHA,2026-03-11,2026-06-01,15.0,428.21029749999997,360.26406000000003,-1019.1935624999991,-15.867492654120474,-1.5867492654120476,0.1,2.356249384684639,-16.04592367375284,0.23562493846846386,-1.6045923673752838,82
SMSPHA,2026-04-10,2026-06-01,20.0,428.86157000000003,360.26406000000003,-1371.9502,-15.995256931041869,-2.285036704434553,0.07,2.2008103920339472,-16.1734169839466,0.31440148457627815,-2.3104881405637996,52
SMSPHA,2026-05-11,2026-06-01,25.0,430.56444799999997,360.26406000000003,-1757.5096999999985,-16.327494833015088,-2.3324992618592986,0.07,-1.0949459533639794,-16.504950264727846,-0.15642085048056847,-2.3578500378182636,21
TDPSYS,2026-05-27,2026-06-02,10.0,1329.57611,1200.55887,-1290.172399999999,-9.703637048653036,-1.3862338640932914,0.07,0.14469950125683972,-7.436664156066996,0.020671357322405673,-1.0623805937238566,6
TDPSYS,2026-05-29,2026-06-02,10.0,1354.12084,1200.75787,-1533.6297000000013,-11.325648750816075,-1.6179498215451533,0.07,-2.623166186556891,-9.114462783099919,-0.3747380266509844,-1.302066111871417,4
ASTDM,2026-05-20,2026-06-02,40.0,752.9565775,714.5160575,-1537.6207999999997,-5.10527713664869,-0.7293253052355274,0.07,1.5795628666249506,-4.250786626536895,0.2256518380892786,-0.6072552323624134,13
KNOMAR,2026-05-20,2026-06-02,10.0,2038.2958133333334,1811.11848,-2271.773333333333,-11.145454543313715,-1.5922077919019597,0.07,6.039564319437418,-14.91421467604317,0.862794902776774,-2.130602096577596,13
KNOMAR,2026-05-26,2026-06-02,5.0,2089.19808,1811.11848,-1390.3980000000001,-13.310351118071107,-1.9014787311530146,0.07,2.7954228255848257,-16.98728729446277,0.39934611794068936,-2.426755327780396,7
GLEPHA,2026-04-15,2026-06-02,4.0,2263.5866125,2160.4672166666664,-412.4775833333333,-4.555575442259929,-0.6507964917514178,0.07,6.817207110514323,-3.489445116162959,0.9738867300734747,-0.49849215945185127,48
GLEPHA,2026-04-23,2026-06-02,4.0,2326.8736249999997,2160.4672166666664,-665.6256333333331,-7.151501763802637,-1.0216431091146618,0.07,3.9119604099685734,-6.114368372712975,0.5588514871383675,-0.8734811961018534,40
GLEPHA,2026-04-28,2026-06-02,4.0,2423.269175,2160.4672166666664,-1051.2078333333338,-10.84493464632683,-1.5492763780466905,0.07,-0.2215674203836615,-9.849057523706584,-0.03165248862623735,-1.4070082176723688,35
ADAPOW,2026-05-20,2026-06-02,50.0,220.342771,227.73337800000002,369.53035000000085,3.3541408989542054,0.4791629855648871,0.07,12.964904122041743,-0.4641727048081856,1.8521291602916774,-0.06631038640116937,13
ADAPOW,2026-05-25,2026-06-02,100.0,224.182792,227.82344266666666,364.06506666666587,1.6239652625374745,0.23199503750535466,0.07,11.029931324969855,3.620798870236208,1.5757044749956934,0.5172569814623155,8
ADAPOW,2026-05-25,2026-06-02,50.0,230.82490399999998,227.82344266666666,-150.0730666666655,-1.3003195414881707,-0.18575993449831013,0.07,7.834984738041961,0.6390540944403611,1.1192835340059946,0.09129344206290872,8
INOIND,2026-05-21,2026-06-02,20.0,1481.582375,1424.341265,-1144.8221999999987,-3.863511807772413,-0.5519302582532016,0.07,2.9237405716303844,-2.8066191729636314,0.41767722451862627,-0.4009455961376616,12
INOIND,2026-05-26,2026-06-02,10.0,1508.73173,1423.00081,-857.3091999999997,-5.682317027958305,-0.8117595754226155,0.07,1.0716464483715882,-4.104886824379306,0.15309234976736974,-0.5864124034827579,7
BLIGVS,2026-05-11,2026-06-03,10.0,276.841574,435.08795250000003,1582.4637850000004,57.16134907541019,8.165907010772885,0.07,58.80924011796003,-1.694678271118344,8.40132001685143,-0.24209689587404906,23
BLIGVS,2026-05-14,2026-06-03,30.0,287.972712,435.08795250000003,4413.457215,51.0865211770482,7.298074453864028,0.07,52.67071555029838,-3.5846146422373604,7.524387935756911,-0.5120878060339086,20
AYEFIN,2026-06-02,2026-06-03,100.0,164.8629655,151.716782,-1314.6183500000006,-7.974006448403969,-1.1391437783434237,0.07,-0.5355754079287234,-3.999057932753247,-0.0765107725612462,-0.571293990393321,1
BHEL,2026-05-20,2026-06-03,40.0,410.023805,404.3486575,-227.0058999999992,-1.3841019547633282,-0.19772885068047555,0.07,3.00621448064462,-1.2740248093644158,0.42945921152065997,-0.18200354419491654,14
SANMAN,2026-05-08,2026-06-03,40.0,238.7398025,225.339345,-536.0182999999995,-5.612996810617698,-0.8018566872310995,0.07,0.9927952838949095,-7.686109441260847,0.14182789769927276,-1.0980156344658352,26
CCLPRO,2025-11-07,2026-06-03,13.0,1018.0460538461539,1076.659805,761.9787649999996,5.757475404222112,0.5757475404222113,0.1,18.639033611196677,-10.578701566523508,1.8639033611196676,-1.0578701566523507,208
CCLPRO,2026-04-07,2026-06-03,7.0,1146.2734,1076.659805,-487.2951650000002,-6.0730358917863825,-0.8675765559694824,0.07,5.367532736954361,-8.06730750273016,0.7667903909934801,-1.1524725003900225,57
SELEXP,2026-05-13,2026-06-03,25.0,756.8203440000001,855.402836,2464.5622999999973,13.025877644747874,1.8608396635354088,0.07,15.192463695188385,-8.089151472386957,2.1703519564554834,-1.1555930674838508,21
SELEXP,2026-05-18,2026-06-03,15.0,788.3342733333334,855.8021533333334,1012.0182000000005,8.558283241285958,1.2226118916122783,0.07,10.587605980106174,-11.76331874310408,1.5125151400151677,-1.6804741061577257,16
PARMED,2026-05-21,2026-06-03,100.0,259.691816,279.827513,2013.5696999999993,7.753689473217751,1.1076699247453918,0.07,11.108622691444392,-1.5140315396000137,1.5869460987777704,-0.2162902199428591,13
DELLIM,2026-05-14,2026-06-03,10.0,471.046702,438.980458,-320.66243999999983,-6.807444753110703,-0.9724921075872426,0.07,0.9984780659816561,-7.174809176352115,0.14263972371166514,-1.0249727394788737,20
DELLIM,2026-05-15,2026-06-03,40.0,483.0205325,438.980458,-1761.6029800000001,-9.117640252694637,-1.3025200360992344,0.07,-1.5052222443566632,-9.475897900882712,-0.21503174919380902,-1.3536997001261017,19
ADAPOR,2026-05-14,2026-06-03,2.0,1771.79505,1781.07544,18.56078000000025,0.5237846217032827,0.07482637452904148,0.07,2.9746640278738745,-0.5076800502405776,0.424952003981982,-0.07252572146293965,20
ADAPOR,2026-05-14,2026-06-03,5.0,1776.70022,1781.07544,21.876100000000633,0.24625538685418835,0.03517934097916905,0.07,2.6903683278656887,-0.7823615848935983,0.3843383325522412,-0.11176594069908546,20
ADAPOR,2026-05-21,2026-06-03,3.0,1792.4267285714286,1781.07544,-34.05386571428562,-0.6332916370018427,-0.09047023385740581,0.07,1.7893769891578204,-0.4980247409356209,0.25562528416540287,-0.07114639156223154,13
KARBAN,2026-05-29,2026-06-03,100.0,278.710017,257.219831,-2149.0185999999994,-7.710589748914554,-1.1015128212735068,0.07,-3.358335341065255,-5.277893187455829,-0.4797621915807507,-0.7539847410651185,5
NETTEC,2026-05-20,2026-06-03,4.0,3779.875580000001,4681.05133,3604.7029999999977,23.841413055188433,3.405916150741203,0.07,26.53326541504837,0.8816274317685169,3.790466487864052,0.12594677596693096,14
NETTEC,2026-05-27,2026-06-03,4.0,3958.995475,4681.05133,2888.2234200000003,18.23836019918663,2.605480028455234,0.07,20.808423000281408,2.8543736842740364,2.972631857183058,0.40776766918200513,7
NETTEC,2026-05-27,2026-06-03,2.0,3974.88575,4681.05133,1412.3311600000006,17.765682447602437,2.537954635371776,0.07,20.325470989952365,2.443196008841264,2.903638712850338,0.3490280012630377,7
THERMA,2026-05-21,2026-06-03,2.0,4594.33035,4756.721425000001,324.7821500000009,3.5345972672600867,0.50494246675144,0.07,8.67307354160982,-3.4527414860361594,1.2390105059442598,-0.49324878371945124,13
THERMA,2026-05-27,2026-06-03,2.0,4644.676925,4756.721425000001,224.08900000000176,2.4123206373498407,0.34461723390711974,0.07,7.495097734919431,-1.1642774271108047,1.0707282478456328,-0.16632534673011493,7
BHEL,2026-05-20,2026-06-03,20.0,410.023805,397.35488,-253.37850000000003,-3.089802310380496,-0.4414003300543559,0.07,3.00621448064462,-1.2740248093644158,0.42945921152065997,-0.18200354419491654,14
BHEL,2026-05-26,2026-06-03,20.0,419.342515,397.35488,-439.75270000000023,-5.243359357445554,-0.7490513367779357,0.07,0.7171905763001529,-3.4679324131968836,0.10245579661430754,-0.4954189161709833,8
ADAPOW,2026-06-02,2026-06-03,50.0,235.63234160000002,231.08846000000003,-227.1940799999996,-1.9283777299609839,-0.2754825328515691,0.07,0.12632323643639864,-1.3208465267825598,0.01804617663377123,-0.18869236096893707,1
AVATE,2026-05-20,2026-06-03,6.0,1420.7566166666666,1508.1841,524.5649000000003,6.153586216508566,0.8790837452155089,0.07,7.02044123273895,2.1849895308716727,1.0029201761055642,0.3121413615530961,14
AVATE,2026-05-22,2026-06-03,4.0,1487.38906,1508.1841,83.18015999999989,1.398090154031384,0.19972716486162642,0.07,2.226111572986822,-2.392720301438822,0.3180159389981174,-0.3418171859198317,12
SAIL,2026-05-13,2026-06-03,50.0,200.603046,201.204309,30.06314999999944,0.299727751890666,0.042818250270094435,0.07,2.720274745977691,-4.089193142161962,0.388610677996813,-0.5841704488802801,21
SAIL,2026-05-19,2026-06-03,50.0,197.0859276923077,201.204309,205.91906538461444,2.089637426636548,0.2985196323766484,0.07,4.553380554751074,-0.28207376285922514,0.6504829363930105,-0.040296251837032164,15
SOUBAN,2026-05-29,2026-06-03,500.0,41.9943886,42.0778258,41.718599999999384,0.198686545468596,0.02838379220979972,0.07,3.8233951095075547,-2.225032036780261,0.546199301358222,-0.3178617195400373,5
THERMA,2026-05-27,2026-06-03,2.0,4644.676925,4757.118933333333,224.88401666666687,2.4208790008216408,0.34583985726023475,0.07,7.495097734919431,-1.1642774271108047,1.0707282478456328,-0.16632534673011493,7
THERMA,2026-05-27,2026-06-03,1.0,4559.630966666667,4757.118933333333,197.48796666666658,4.331226981095804,0.6187467115851164,0.07,9.500089733139161,0.6792004344152724,1.3571556761627372,0.09702863348789606,7
UNICAB,2026-05-27,2026-06-03,10.0,1191.7450333333334,1156.54027,-352.04763333333403,-2.9540516090815983,-0.422007372725943,0.07,3.9819731015730886,-8.227014217890172,0.5688533002247269,-1.1752877454128816,7
SAIL,2026-05-19,2026-06-03,15.0,197.0859276923077,201.294206,63.12417461538445,2.135250525984933,0.3050357894264198,0.07,4.553380554751074,-0.28207376285922514,0.6504829363930105,-0.040296251837032164,15
SAIL,2026-05-22,2026-06-03,35.0,200.563012,201.294206,25.59179000000057,0.36457071157269816,0.05208153022466976,0.07,2.7407785439520715,-1.118357755815913,0.39153979199315303,-0.15976539368798756,12
BHACOK,2026-05-26,2026-06-03,200.0,38.3961748,38.038992,-71.43655999999936,-0.93025620875129,-0.13289374410732663,0.07,7.666975200873405,-1.0318079914564793,1.0952821715533436,-0.1474011416366399,8
RASPER,2026-05-29,2026-06-03,30.0,552.3888116666666,532.55542,-595.0017499999967,-3.590476716359492,-0.5129252451942133,0.07,0.572275952475465,-1.8354484110704172,0.08175370749649499,-0.2622069158672024,5
BIOCON,2026-05-19,2026-06-03,50.0,435.424974,411.73132400000003,-1184.6824999999994,-5.441500009138201,-0.7773571441625994,0.07,0.1665099714744267,-5.276448383045674,0.023787138782060954,-0.7537783404350962,15
WOCKHA,2026-05-26,2026-06-03,2.0,1689.19348,2090.41271,802.4384600000003,23.752118081819738,3.3931597259742485,0.07,27.451356253162906,0.6515843288715573,3.9216223218804145,0.09308347555307961,8
WOCKHA,2026-05-29,2026-06-03,8.0,1922.288425,2090.41271,1344.9942800000008,8.746048866210089,1.2494355523157257,0.07,11.996720783458926,2.2843385221965384,1.7138172547798465,0.3263340745995055,5
GLAPH,2026-05-19,2026-06-04,10.0,2232.6976299999997,2212.66872,-200.28909999999541,-0.8970722112514373,-0.1281531730359203,0.07,4.537218503698615,-0.5911069113285872,0.6481740719569448,-0.08444384447551244,16
BAJCOR,2026-05-21,2026-06-04,25.0,561.45098,557.838708,-90.30679999999904,-0.6433815468627313,-0.09191164955181869,0.07,1.8343578276415196,-2.636201650231329,0.2620511182345028,-0.37660023574733265,14
BLIGVS,2026-05-14,2026-06-05,20.0,287.972712,449.00818,3220.70936,55.92039151265138,7.988627358950195,0.07,58.417787863177814,-3.5846146422373604,8.345398266168258,-0.5120878060339086,22
BLIGVS,2026-05-18,2026-06-05,20.0,285.4737825,449.00818,3270.687949999999,57.28525963675839,8.183608519536913,0.07,59.804517250196156,-0.9366122789226772,8.543502464313736,-0.13380175413181103,18
HIMCHE,2026-06-02,2026-06-05,30.0,609.2746133333333,625.4348166666666,484.8061000000007,2.652367746773665,0.37890967811052506,0.07,12.436984080479018,-1.1857729134334916,1.7767120114970023,-0.1693961304904988,3
AVATE,2026-05-22,2026-06-05,10.0,1487.38906,1654.41045,1670.213900000001,11.22916622769836,1.6041666039569085,0.07,10.105690840565963,-2.392720301438822,1.4436701200808517,-0.3418171859198317,14
ASHMIN,2026-05-18,2026-06-05,5.0,644.093415,702.1886999999999,290.4764249999994,9.01969864107366,1.2885283772962357,0.07,14.983321169336893,-1.5127332112221725,2.1404744527624135,-0.21610474446031036,18
ASHMIN,2026-05-22,2026-06-05,5.0,677.861945,702.1886999999999,121.63377499999967,3.588747705847384,0.5126782436924829,0.07,9.255285012348647,-3.512801563156054,1.3221835731926637,-0.501828794736579,14
SAIL,2026-05-22,2026-06-05,40.0,200.563012,189.00719733333335,-462.2325866666654,-5.761687836372653,-0.8230982623389511,0.07,2.7407785439520715,-4.987465984007056,0.39153979199315303,-0.7124951405724363,14
SAIL,2026-05-25,2026-06-05,35.0,199.36060700000002,189.00719733333335,-362.36933833333325,-5.193307656144253,-0.7419010937348938,0.07,3.3604397081314907,-4.414416234196161,0.4800628154473558,-0.6306308905994517,11
BHEL,2026-05-26,2026-06-05,20.0,419.342515,385.3307616666667,-680.2350666666655,-8.110733378258406,-1.1586761968940582,0.07,0.7171905763001529,-7.724595966616931,0.10245579661430754,-1.1035137095167045,10
BHEL,2026-06-02,2026-06-05,40.0,411.4767675,385.3307616666667,-1045.840233333331,-6.3541876233226935,-0.9077410890460983,0.07,-0.17662418814446967,-5.960668848697514,-0.025232026877781377,-0.8515241212425019,3
SUNIRO,2026-06-04,2026-06-05,50.0,404.863408,371.85578999999996,-1650.380900000002,-8.152778776194081,-1.1646826823134395,0.07,0.4906820326918915,-8.0924596672861,0.07009743324169877,-1.1560656667551572,1
LLOMET,2026-05-27,2026-06-05,7.0,1870.15717,1772.236657142857,-685.4435900000008,-5.235950989998505,-0.7479929985712146,0.07,-0.6072842530128075,-5.061455342814847,-0.08675489328754393,-0.7230650489735496,9
DATPAT,2026-04-22,2026-06-05,1.0,3622.391266666666,4201.1401,578.7488333333336,15.97698290239915,2.282426128914165,0.07,17.32857350638859,0.33427458388493037,2.4755105009126552,0.047753511983561474,44
DATPAT,2026-04-22,2026-06-05,2.0,3729.9713333333334,4201.1401,942.3375333333324,12.63196750216309,1.8045667860232992,0.07,13.944575445351948,-2.5595728439021137,1.9920822064788493,-0.36565326341458765,44
MISDHA,2026-06-04,2026-06-08,50.0,447.048342,417.071354,-1498.8494000000003,-6.705536109560162,-0.9579337299371659,0.07,-0.8496490520481514,-5.860292845018533,-0.12137843600687877,-0.8371846921455046,4
RAYREA,2026-06-05,2026-06-08,30.0,632.72135,586.1777166666667,-1396.309,-7.356102861604608,-1.0508718373720871,0.07,-4.839626480124304,-9.415100343934979,-0.6913752114463291,-1.345014334847854,3
NETTEC,2026-05-27,2026-06-08,2.0,3974.88575,4334.0558,718.3401000000003,9.035984241811224,1.2908548916873186,0.07,24.134385497746692,2.443196008841264,3.4477693568209555,0.3490280012630377,12
NETTEC,2026-05-29,2026-06-08,1.0,4584.6601,4334.0558,-250.60429999999997,-5.466147861212223,-0.7808782658874597,0.07,7.624118088928777,-6.983289775396873,1.0891597269898252,-0.997612825056696,10
NETTEC,2026-05-29,2026-06-08,1.0,4584.6601,4336.3174,-248.34270000000015,-5.416818141000245,-0.7738311630000355,0.07,7.624118088928777,-6.983289775396873,1.0891597269898252,-0.997612825056696,10
NETTEC,2026-05-29,2026-06-08,2.0,4651.102150000001,4336.3174,-629.5695000000014,-6.767960363975245,-0.9668514805678927,0.07,6.086683131652992,-8.312054595489816,0.8695261616647132,-1.187436370784259,10
NETTEC,2026-06-04,2026-06-08,1.0,4800.845233333333,4336.3174,-464.52783333333355,-9.67595935207437,-1.3822799074391963,0.07,2.7777351733972777,-11.171891766253362,0.39681931048532537,-1.5959845380361943,4
NETTEC,2026-06-04,2026-06-08,2.0,4800.845233333333,4331.5691,-938.5522666666675,-9.77486485244401,-1.3964092646348587,0.07,2.7777351733972777,-11.171891766253362,0.39681931048532537,-1.5959845380361943,4
NETTEC,2026-06-08,2026-06-08,4.0,4522.67835,4331.5691,-764.4370000000017,-4.225576864204827,-0.6036538377435461,0.07,-5.708527779783412,-5.708527779783412,-0.8155039685404875,-0.8155039685404875,0
THERMA,2026-05-27,2026-06-08,2.0,4559.630966666667,4746.43922,373.6165066666672,4.0970037860300845,0.5852862551471553,0.07,9.500089733139161,0.6792004344152724,1.3571556761627372,0.09702863348789606,12
THERMA,2026-05-29,2026-06-08,3.0,4824.695966666667,4746.43922,-234.77024000000074,-1.6220036911617774,-0.23171481302311156,0.07,3.48424096553952,-2.6591513237943176,0.4977487093627886,-0.37987876054204534,10
ASHMIN,2026-05-22,2026-06-08,15.0,677.861945,676.013132,-27.73219499999925,-0.27274181913250484,-0.03896311701892864,0.07,9.255285012348647,-3.512801563156054,1.3221835731926637,-0.501828794736579,17
ASHMIN,2026-05-29,2026-06-08,15.0,706.6063933333334,676.013132,-458.89891999999975,-4.329604376916707,-0.6185149109881016,0.07,4.810826364916654,-5.081526812112336,0.6872609092738076,-0.7259324017303336,10
ASHMIN,2026-06-04,2026-06-08,20.0,752.96333,676.013132,-1539.00396,-10.219647482700122,-1.4599496403857313,0.07,-1.6419564549046473,-10.925277064953477,-0.23456520784352103,-1.5607538664219252,4
NATMIN,2026-04-28,2026-06-09,100.0,91.604048,89.662652,-194.13960000000117,-2.119334289681185,-0.30276204138302637,0.07,4.842528356388787,-5.4408599934360975,0.6917897651983981,-0.7772657133480139,42
BAJCOR,2026-05-22,2026-06-09,25.0,556.023628,579.567845,588.6054250000001,4.234391456472419,0.6049130652103459,0.07,4.707780511802273,-0.7146509248704191,0.6725400731146104,-0.10209298926720273,18
BAJCOR,2026-05-29,2026-06-09,15.0,567.4902025,579.567845,181.16463750000037,2.128255685612479,0.3040365265160685,0.07,2.592079552245674,-2.7207875011727722,0.3702970788922391,-0.3886839287389674,11
LLOMET,2026-05-27,2026-06-09,3.0,1870.15717,1712.6026000000002,-472.66370999999936,-8.424669997121137,-1.20352428530302,0.07,-0.6072842530128075,-8.499669041185442,-0.08675489328754393,-1.214238434455063,13
LLOMET,2026-06-03,2026-06-09,7.0,1802.92204,1712.6026000000002,-632.2360799999983,-5.009614281491603,-0.715659183070229,0.07,-0.5614241645190643,-5.087410213255805,-0.08020345207415203,-0.7267728876079721,6
LLOMET,2026-06-03,2026-06-09,3.0,1802.92204,1712.6026000000002,-270.9583199999993,-5.009614281491603,-0.715659183070229,0.07,-0.5614241645190643,-5.087410213255805,-0.08020345207415203,-0.7267728876079721,6
LLOMET,2026-06-05,2026-06-09,7.0,1827.2736428571427,1712.6026000000002,-802.6972999999978,-6.275526564146228,-0.8965037948780331,0.07,-2.6637303639446275,-6.352285729664919,-0.38053290913494675,-0.9074693899521313,4
ARVLIM,2026-05-21,2026-06-09,40.0,492.43958,499.7636525,292.9629,1.4873037825269941,0.21247196893242645,0.07,1.74852313861531,-3.876532426577073,0.2497890198021871,-0.5537903466538675,19
CADHEA,2026-05-19,2026-06-09,15.0,1009.5187360000001,1103.6916666666666,1412.5939599999974,9.32849756110583,1.3326425087294056,0.07,9.517531529994283,0.9292808211931902,1.3596473614277549,0.13275440302759858,21
ADAPOW,2026-06-02,2026-06-10,200.0,235.63234160000002,222.58448049999998,-2609.572220000007,-5.537381248856555,-0.7910544641223655,0.07,0.12632323643639864,-6.388062647848336,0.01804617663377123,-0.9125803782640478,8
WOCKHA,2026-06-03,2026-06-10,5.0,1999.50038,1855.5350600000002,-719.826599999999,-7.2000646481497395,-1.028580664021392,0.07,3.7209105206571724,-8.327099192649312,0.5315586458081675,-1.1895855989499016,7
SAILIF,2026-05-15,2026-06-10,10.0,1010.93958,1216.32837,2053.8878999999997,20.316623670031795,2.9023748100045412,0.07,21.63931696096022,7.909515225430197,3.091330994422888,1.129930746490028,26
DRECOR,2026-05-25,2026-06-10,10.0,1096.7287000000001,1087.3704599999999,-93.58240000000251,-0.853286687947552,-0.12189809827822178,0.07,12.379661442250933,-2.1681478746749416,1.7685230631787043,-0.30973541066784877,16
DRECOR,2026-05-27,2026-06-10,10.0,1185.5315,1087.26046,-982.7104000000008,-8.289196870770631,-1.184170981538661,0.07,3.961809534373395,-8.62326306808382,0.5659727906247706,-1.2318947240119742,14
DRECOR,2026-06-02,2026-06-10,10.0,1210.4313,1087.00048,-1234.3082000000004,-10.197259439672457,-1.4567513485246366,0.07,1.823209627840927,-10.502975261793047,0.26045851826298955,-1.5004250373990067,8
AYEFIN,2026-06-02,2026-06-10,100.0,164.8629655,143.572041,-2129.0924499999987,-12.914316102120571,-1.8449023003029392,0.07,-0.5355754079287234,-15.147710963624528,-0.0765107725612462,-2.163958709089218,8
BAJCOR,2026-05-29,2026-06-10,25.0,567.4902025,562.69938,-119.77056249999976,-0.8442123721069894,-0.12060176744385517,0.07,2.592079552245674,-2.7207875011727722,0.3702970788922391,-0.3886839287389674,12
BAJCOR,2026-06-01,2026-06-10,15.0,573.7529480000001,562.69938,-165.80352000000062,-1.9265379007690986,-0.27521970010987173,0.07,1.4722455073119756,-3.7826294532607996,0.21032078675885366,-0.5403756361801142,9
DIAPOW,2026-05-26,2026-06-10,50.0,206.29163,199.137876,-357.6876999999996,-3.467786841375964,-0.4953981201965663,0.07,0.17372008743157252,-11.295480092915057,0.0248171553473675,-1.6136400132735793,15
ASTDM,2026-05-20,2026-06-10,25.0,768.067496,807.5423542857143,986.8714571428569,5.139503818517821,0.7342148312168327,0.07,5.837052633197226,-6.134551487386464,0.8338646618853179,-0.8763644981980662,21
ASTDM,2026-06-05,2026-06-10,10.0,751.399275,807.5423542857143,561.4307928571429,7.471803760485973,1.0674005372122808,0.07,8.184826236357502,0.3461175817610407,1.1692608909082145,0.049445368823005806,5
ADAPOR,2026-05-21,2026-06-10,4.0,1792.4267285714286,1835.435295,172.03426571428554,2.399460225793959,0.34278003225628073,0.07,1.895378532747527,-0.4980247409356209,0.2707683618210753,-0.07114639156223154,20
ADAPOR,2026-05-21,2026-06-10,16.0,1800.4219600000001,1835.435295,560.2133599999979,1.94472938999255,0.2778184842846496,0.07,1.4428861998550646,-0.9398885581244576,0.20612659997929494,-0.13426979401777966,20
ZENTEC,2026-06-04,2026-06-10,6.0,1800.01694,1787.0833333333333,-77.60164000000032,-0.7185269415668216,-0.10264670593811759,0.07,0.8490508983765466,-2.606472136867788,0.12129298548236378,-0.3723531624096839,6
BHACOK,2026-05-26,2026-06-10,200.0,38.3961748,38.2985335,-19.528259999999875,-0.25429955069378174,-0.03632850724196894,0.07,8.656657120958844,-1.0578522525113487,1.2366653029941204,-0.1511217503587641,15
ARVLIM,2026-05-21,2026-06-10,10.0,492.43958,494.07764000000003,16.380600000000527,0.33264182379493246,0.047520260542131675,0.07,1.74852313861531,-3.876532426577073,0.2497890198021871,-0.5537903466538675,20
ARVLIM,2026-05-29,2026-06-10,20.0,488.98649,494.07764000000003,101.82300000000055,1.0411637344009295,0.1487376763429899,0.07,2.4670436191396528,-3.197734563177801,0.3524348027342361,-0.4568192233111144,12
AURPHA,2026-04-15,2026-06-10,8.0,1373.96816,1454.68505,645.7351200000012,5.874727839399152,0.8392468341998774,0.07,12.571749843169599,-0.44893034493608264,1.7959642633099429,-0.06413290641944037,56
RAIIND,2026-05-25,2026-06-10,50.0,180.62291399999998,200.317438,984.7262000000014,10.903668623129414,1.5576669461613453,0.07,12.925871631104368,-4.630040460979378,1.846553090157767,-0.6614343515684824,16
HIMCHE,2026-06-04,2026-06-10,20.0,624.072548,693.6945,1392.4390399999993,11.156067066741082,1.593723866677298,0.07,11.044781928142111,2.8726551195775496,1.5778259897345872,0.4103793027967927,6
SUNIRO,2026-06-09,2026-06-10,40.0,360.4244025,341.5124025,-756.4799999999991,-5.247147493016923,-0.7495924990024176,0.07,-0.922357775150906,-4.598579448293593,-0.1317653964501294,-0.6569399211847989,1
CHEPET,2026-04-28,2026-06-10,10.0,1078.11611,1188.589255,1104.7314500000016,10.24686895737048,1.4638384224814969,0.07,13.753981470511567,-8.878089206922246,1.9648544957873668,-1.2682984581317494,43
CHEPET,2026-04-29,2026-06-10,10.0,1115.5912899999998,1188.589255,729.9796500000025,6.543432675957894,0.9347760965654142,0.07,9.932733519280191,-11.939075824086064,1.4189619313257416,-1.7055822605837232,42
KWAWAL,2026-06-03,2026-06-10,300.0,30.8045544,33.227944666666666,727.0170799999995,7.866986924072061,1.1238552748674373,0.07,15.632252093216437,-0.6965022029339907,2.2331788704594904,-0.09950031470485579,7
SEINVE,2026-05-29,2026-06-10,200.0,52.054597,59.488960999999996,1486.872799999999,14.281858718452845,2.0402655312075497,0.07,15.60938604519404,-0.9117292753222261,2.2299122921705767,-0.13024703933174658,12
RAIIND,2026-05-29,2026-06-10,100.0,183.01259,198.129407,1511.6816999999996,8.259987468621688,1.179998209803099,0.07,11.451348784255778,2.763421904471164,1.6359069691793968,0.3947745577815948,12
AVATE,2026-05-22,2026-06-10,1.0,1487.38906,1526.1502,38.76114000000007,2.6059852826939567,0.3722836118134231,0.07,10.226708269590201,-2.392720301438822,1.4609583242271713,-0.3418171859198317,19
AVATE,2026-06-02,2026-06-10,10.0,1483.58093,1526.1502,425.6926999999996,2.8693594760617502,0.4099084965802492,0.07,10.509643717245677,1.9088321659675112,1.5013776738922395,0.27269030942393013,8
AVATE,2026-06-04,2026-06-10,4.0,1567.5956,1526.1502,-165.78160000000025,-2.643883409726344,-0.3776976299609055,0.07,4.586922800752946,-2.238817205151644,0.6552746858218493,-0.31983102930737767,6
CADHEA,2026-05-19,2026-06-10,10.0,1009.5187360000001,1102.991025,934.7228899999993,9.259094028344993,1.322727718335,0.07,9.517531529994283,0.9292808211931902,1.3596473614277549,0.13275440302759858,22
CADHEA,2026-05-19,2026-06-10,10.0,1009.18926,1102.991025,938.0176500000005,9.2947644924402,1.327823498920029,0.07,9.553286367712621,0.9622318017930453,1.3647551953875172,0.13746168597043507,22
SYRTEC,2026-05-29,2026-06-10,25.0,1087.133992,1235.421564,3707.189299999999,13.640229547711535,1.9486042211016477,0.07,15.606724584875264,0.13025146949869892,2.229532083553609,0.018607352785528417,12
RASPER,2026-05-29,2026-06-10,30.0,552.3888116666666,530.55965,-654.8748499999965,-3.9517747654597923,-0.5645392522085417,0.07,0.572275952475465,-4.20696639320961,0.08175370749649499,-0.6009951990299442,12
RASPER,2026-06-01,2026-06-10,30.0,560.7800733333333,530.55965,-906.6126999999994,-5.38899735750239,-0.7698567653574847,0.07,-0.9326425067576527,-5.640370412115581,-0.13323464382252181,-0.8057672017307972,9
CADHEA,2026-05-19,2026-06-10,5.0,1009.18926,1095.6457,432.2822000000002,8.56692034158193,1.2238457630831312,0.07,9.553286367712621,0.9622318017930453,1.3647551953875172,0.13746168597043507,22
CADHEA,2026-06-04,2026-06-10,15.0,1100.0103,1095.6457,-65.46899999999823,-0.39677810289593385,-0.0566825861279907,0.07,0.5081497873247187,-1.4009232459005205,0.07259282676067409,-0.20013189227150294,6
SAIL,2026-05-25,2026-06-10,65.0,199.36060700000002,181.69082999999998,-1148.5355050000026,-8.86322391664871,-1.2661748452355297,0.07,3.3604397081314907,-8.848592139368849,0.4800628154473558,-1.264084591338407,16
SAIL,2026-06-02,2026-06-10,35.0,206.31452700000003,181.69082999999998,-861.8293950000018,-11.935028210592291,-1.7050040300846128,0.07,-0.22515477060907063,-11.920889603668105,-0.03216496722986723,-1.7029842290954433,8
BHACOK,2026-05-26,2026-06-11,100.0,38.3961748,36.881161999999996,-151.5012800000001,-3.945738886468453,-0.5636769837812077,0.07,8.656657120958844,-4.547783233865266,1.2366653029941204,-0.6496833191236093,16
BHACOK,2026-05-29,2026-06-11,200.0,41.3030065,36.881161999999996,-884.3689000000012,-10.705865927701907,-1.5294094182431301,0.07,1.009595996359236,-11.265539471079434,0.14422799947989084,-1.6093627815827762,13
BHACOK,2026-06-05,2026-06-11,500.0,41.9342666,36.8611692,-2536.5487000000007,-12.097737271503872,-1.7282481816434108,0.07,-0.5109582624726383,-12.60130921187972,-0.07299403749609118,-1.8001870302685312,6
SHIBIM,2026-06-10,2026-06-11,15.0,721.24915,678.7331133333333,-637.7405499999998,-5.894778062014582,-0.8421111517163689,0.07,-0.9357584684848486,-7.334379527518331,-0.1336797812121212,-1.04776850393119,1
ASIOIL,2026-06-03,2026-06-11,40.0,353.66058599999997,359.22934,222.7501600000005,1.5746040753322754,0.22494343933318242,0.07,8.522129746174212,-0.2716123984480401,1.2174471065963157,-0.038801771206862866,8
ARVLIM,2026-05-29,2026-06-11,10.0,488.98649,486.96855666666664,-20.179333333333602,-0.41267670469451456,-0.058953814956358874,0.07,2.4670436191396528,-3.197734563177801,0.3524348027342361,-0.4568192233111144,13
ARVLIM,2026-06-09,2026-06-11,20.0,502.55017749999996,486.96855666666664,-311.63241666666636,-3.1005104626260604,-0.44293006608943664,0.07,-0.4875488278978768,-1.8505967993613814,-0.06964983255683953,-0.26437097133734017,2
DATPAT,2026-04-22,2026-06-11,1.0,3729.9713333333334,4197.0269,467.05556666666644,12.521693196212237,1.7888133137446034,0.07,22.212735504490922,-2.5595728439021137,3.1732479292129883,-0.36565326341458765,50
DATPAT,2026-05-05,2026-06-11,2.0,4238.339075,4197.0269,-82.62435000000005,-0.9747255769053775,-0.13924651098648327,0.07,7.553924292855219,-14.247068587828826,1.0791320418364596,-2.035295512546975,37
ZENTEC,2026-06-04,2026-06-11,9.0,1800.01694,1733.56394,-598.0769999999998,-3.691798589406603,-0.5273997984866581,0.07,0.8490508983765466,-4.717563380264633,0.12129298548236378,-0.6739376257520904,7
ZENTEC,2026-06-09,2026-06-11,1.0,1816.6508166666665,1733.56394,-83.08687666666651,-4.573629445152305,-0.653375635021758,0.07,-1.8798778693931428,-5.590001982494364,-0.2685539813418775,-0.798571711784909,2
EMCPHA,2026-01-07,2026-06-11,10.0,1568.0516,1705.72582,1376.742200000001,8.779954690266578,0.8779954690266577,0.1,14.358481570376892,-9.70960394415592,1.435848157037689,-0.9709603944155919,155
UNICAB,2026-05-27,2026-06-11,5.0,1191.7450333333334,1133.8829799999999,-289.31026666666753,-4.855237631785403,-0.6936053759693434,0.07,4.275660081766364,-8.227014217890172,0.6108085831094805,-1.1752877454128816,15
UNICAB,2026-05-29,2026-06-11,5.0,1183.37744,1133.8829799999999,-247.4723000000006,-4.182474528160696,-0.5974963611658135,0.07,5.012987234233579,-7.578092751202014,0.7161410334619397,-1.0825846787431446,13
GLAPH,2026-05-19,2026-06-11,5.0,2232.6976299999997,2342.38366,548.4301500000015,4.912713146920855,0.7018161638458361,0.07,4.537218503698615,-0.5911069113285872,0.6481740719569448,-0.08444384447551244,23
GLAPH,2026-05-19,2026-06-11,5.0,2232.6976299999997,2340.799033333333,540.5070166666678,4.84173951191651,0.6916770731309305,0.07,4.537218503698615,-0.5911069113285872,0.6481740719569448,-0.08444384447551244,23
GLAPH,2026-06-03,2026-06-11,1.0,2287.12435,2340.799033333333,53.67468333333318,2.3468196354663906,0.3352599479237708,0.07,0.8471620705712724,-2.956741289558662,0.12102315293875318,-0.4223916127940945,8
IOLCHE,2026-06-08,2026-06-11,100.0,134.169645,127.761442,-640.8203000000001,-4.776194347089458,-0.6823134781556375,0.07,-0.9910177521897712,-5.403342164317426,-0.14157396459853874,-0.7719060234739179,3
ANGBRO,2026-05-20,2026-06-11,50.0,325.30368999999996,322.198368,-155.2660999999972,-0.9545916924581954,-0.13637024177974144,0.07,6.50048267205332,-0.47761216603474654,0.9286403817219028,-0.06823030943353521,22
SOUWES,2026-05-21,2026-06-11,100.0,260.444338,238.10543900000002,-2233.8898999999997,-8.57722581782523,-1.2253179739750322,0.07,3.3349398442288125,-7.792197809268564,0.47641997774697326,-1.1131711156097948,21
THERMA,2026-06-02,2026-06-11,3.0,5002.054933333334,4563.081766666666,-1316.9195000000027,-8.77585657329315,-1.2536937961847354,0.07,-0.6468328269992218,-8.611559430561499,-0.09240468957131741,-1.2302227757945,9
SOUWES,2026-05-27,2026-06-12,50.0,269.08831200000003,239.61258999999998,-1473.7861000000023,-10.953921328251537,-1.5648459040359337,0.07,0.015492311683895643,-10.754206225055219,0.002213187383413663,-1.536315175007888,16
GLAPH,2026-06-03,2026-06-12,9.0,2287.12435,2274.55287,-113.14332000000059,-0.5496631610782399,-0.07852330872546232,0.07,0.8471620705712724,-2.956741289558662,0.12102315293875318,-0.4223916127940945,9
GLAPH,2026-06-05,2026-06-12,1.0,2288.5990666666667,2274.55287,-14.046196666666674,-0.6137464998237974,-0.08767807140339906,0.07,0.782178652174581,-1.782709224210688,0.11173980745351156,-0.25467274631581255,7
ZENTEC,2026-06-09,2026-06-12,5.0,1816.6508166666665,1753.1456624999998,-317.52577083333335,-3.495727059049847,-0.49938957986426363,0.07,-1.257854093754518,-5.590001982494364,-0.1796934419649311,-0.798571711784909,3
ZENTEC,2026-06-10,2026-06-12,3.0,1808.42025,1753.1456624999998,-165.82376250000016,-3.056512306804793,-0.43664461525782794,0.07,-0.8084542295962449,-5.160318792050688,-0.11549346137089211,-0.7371883988643839,2
WOCKHA,2026-06-03,2026-06-15,5.0,1999.50038,1895.5618,-519.6929,-5.198227569229075,-0.7426039384612955,0.07,3.7209105206571724,-8.327099192649312,0.5315586458081675,-1.1895855989499016,12
WOCKHA,2026-06-05,2026-06-15,5.0,1939.0963500000003,1895.5618,-217.67275000000154,-2.2450947318837566,-0.3207278188405373,0.07,-0.05653922250951071,-5.471432608286852,-0.008077031787072957,-0.7816332297552644,10
AURPHA,2026-04-15,2026-06-15,7.0,1373.96816,1405.2553733333334,219.01049333333458,2.2771425309690896,0.3253060758527279,0.07,12.571749843169599,-0.44893034493608264,1.7959642633099429,-0.06413290641944037,61
AURPHA,2026-05-06,2026-06-15,8.0,1470.8552750000001,1405.2553733333334,-524.7992133333337,-4.459983438320725,-0.6371404911886744,0.07,5.1565049457364065,-4.252986412956239,0.7366435636766294,-0.607569487565177,40
BLIGVS,2026-05-18,2026-06-16,20.0,285.4737825,432.524285,2941.01005,51.51103586894183,7.358719409848832,0.07,59.804517250196156,-0.9366122789226772,8.543502464313736,-0.13380175413181103,29
BLIGVS,2026-05-29,2026-06-16,40.0,433.21498,432.524285,-27.627800000000207,-0.15943469914175834,-0.022776385591678987,0.07,5.305684489488338,-7.101550366517806,0.7579549270697625,-1.0145071952168292,18
BAJCOR,2026-06-01,2026-06-16,10.0,573.7529480000001,597.4843566666666,237.3140866666654,4.136171979488723,0.5908817113555326,0.07,4.653057050610565,-3.7826294532607996,0.6647224358015092,-0.5403756361801142,15
BAJCOR,2026-06-04,2026-06-16,20.0,564.6085466666666,597.4843566666666,657.5162,5.822761662764764,0.8318230946806815,0.07,6.3480182056991685,-2.2242926963840226,0.9068597436713098,-0.3177560994834318,12
IOLCHE,2026-06-12,2026-06-16,125.0,132.7886016,123.23632640000001,-1194.0343999999977,-7.193595749109827,-1.0276565355871181,0.07,1.093014296793382,-5.067152992746015,0.1561448995419117,-0.7238789989637164,4
UNICAB,2026-05-29,2026-06-16,5.0,1183.37744,1209.5456399999998,130.8409999999992,2.21131476023404,0.3159021086048643,0.07,5.012987234233579,-7.578092751202014,0.7161410334619397,-1.0825846787431446,18
UNICAB,2026-06-02,2026-06-16,5.0,1143.29717,1209.5456399999998,331.24234999999885,5.794510100991479,0.8277871572844975,0.07,8.694400074479326,-0.7869493807983519,1.2420571534970464,-0.11242134011405025,14
ADAPOR,2026-05-21,2026-06-16,4.0,1800.4219600000001,1819.7022111111114,77.12100444444513,1.0708740250597204,0.15298200357996142,0.07,1.4428861998550646,-0.9398885581244576,0.20612659997929494,-0.13426979401777966,26
ADAPOR,2026-06-02,2026-06-16,5.0,1786.0895,1819.7022111111114,168.06355555555683,1.8819163939495454,0.2688451991356485,0.07,2.2569137772771253,0.0565761122272912,0.3224162538967321,0.008082301746755885,14
CLEMAX,2026-06-16,2026-06-17,20.0,1291.7503649999999,1328.8418680000002,741.8300600000066,2.871414168325037,0.4102020240464333,0.07,4.749341410095131,0.5457428301171907,0.6784773442993044,0.07796326144531296,1
CLEMAX,2026-06-17,2026-06-17,5.0,1323.8665911111111,1328.8418680000002,24.87638444444542,0.37581406784450433,0.05368772397778682,0.07,2.208183897469107,2.208183897469107,0.31545484249558664,0.31545484249558664,0
ATHENE,2026-05-29,2026-06-17,12.0,993.89744,992.1976583333334,-20.397379999998975,-0.17102183769248658,-0.024431691098926685,0.07,4.839791115670855,-5.6844335970922755,0.6913987308101222,-0.8120619424417536,19
ATHENE,2026-05-29,2026-06-17,8.0,993.89744,992.19782,-13.596959999999854,-0.17100557176200626,-0.02442936739457288,0.07,4.839791115670855,-5.6844335970922755,0.6913987308101222,-0.8120619424417536,19
ATHENE,2026-06-03,2026-06-17,7.0,1000.059975,992.19782,-55.03508500000021,-0.7861683495532401,-0.11230976422189122,0.07,4.193750979784983,-1.190926074208698,0.599107282826426,-0.1701322963155283,14
NETTEC,2026-06-12,2026-06-17,3.0,4509.1313875000005,4866.592366666667,1072.3829374999987,7.927490872357423,1.1324986960510606,0.07,8.923417348525842,1.7357802595189709,1.274773906932263,0.2479686085027101,5
AZAENG,2026-06-04,2026-06-17,10.0,2158.03627,2153.9967,-40.395699999999124,-0.18718730802425032,-0.02674104400346413,0.07,3.334685843811136,-2.425180277438077,0.4763836919730194,-0.3464543253482967,13
NETTEC,2026-06-12,2026-06-17,4.0,4509.1313875000005,4884.9851,1503.4148499999974,8.335390570829748,1.1907700815471058,0.07,8.923417348525842,1.7357802595189709,1.274773906932263,0.2479686085027101,5
ASTDM,2026-06-05,2026-06-17,10.0,751.399275,760.7795514285714,93.80276428571392,1.2483744316324152,0.17833920451891747,0.07,8.457650561347707,0.3461175817610407,1.2082357944782436,0.049445368823005806,12
ASTDM,2026-06-05,2026-06-17,25.0,753.737846,760.7795514285714,176.04263571428476,0.9342380067474343,0.13346257239248954,0.07,8.121146407182,0.03478052765841788,1.1601637724545713,0.004968646808345412,12
ASTDM,2026-06-05,2026-06-17,25.0,753.737846,760.779436,176.03975000000105,0.9342226925938446,0.13346038465626345,0.07,8.121146407182,0.03478052765841788,1.1601637724545713,0.004968646808345412,12
SOUBAN,2026-06-02,2026-06-17,250.0,42.23490266666666,48.4721432,1559.3101333333336,14.767976577476505,2.109710939639501,0.07,14.715547902134807,-0.3667645877846848,2.102221128876401,-0.052394941112097825,15
SUPLIF,2026-06-11,2026-06-17,20.0,969.93119,907.75517,-1243.5203999999999,-6.410353707668682,-0.9157648153812404,0.07,0.7442600129190513,-5.730426093422148,0.10632285898843588,-0.8186322990603068,6
PARDEF,2026-06-04,2026-06-18,25.0,894.5975,1308.5708399999999,10349.333499999997,46.27481521019228,6.610687887170326,0.07,46.46810437096012,-0.08914623615648987,6.6383006244228735,-0.012735176593784266,14
DATPAT,2026-05-05,2026-06-18,2.0,4238.339075,4742.24538,1007.8126100000009,11.889240008481394,1.6984628583544852,0.07,13.301458779581022,-14.247068587828826,1.9002083970830026,-2.035295512546975,44
DATPAT,2026-05-15,2026-06-18,3.0,3825.0843666666665,4742.24538,2751.4830400000014,23.977536844045755,3.4253624062922485,0.07,25.54232899664759,-4.982487924383994,3.6489041423782265,-0.7117839891977134,34
NETTEC,2026-06-12,2026-06-18,1.0,4509.1313875000005,5100.0181600000005,590.8867725,13.104226107450057,1.8720323010642934,0.07,12.651408075653459,1.7357802595189709,1.8073440108076368,0.2479686085027101,6
NETTEC,2026-06-12,2026-06-18,4.0,4543.22976,5100.0181600000005,2227.1536000000015,12.255343212050107,1.750763316007158,0.07,11.805923722422529,0.9722211363573985,1.686560531774647,0.13888873376534264,6
INOIND,2026-06-16,2026-06-18,15.0,1866.7777199999998,1865.5167533333333,-18.91449999999736,-0.0675477671046143,-0.009649681014945373,0.07,2.5885395718136195,-2.912918844992418,0.36979136740194557,-0.41613126357034536,2
ANGBRO,2026-05-20,2026-06-18,50.0,325.30368999999996,352.17016666666666,1343.323833333335,8.258890843404432,1.1798415490577743,0.07,8.452504796364302,-0.47761216603474654,1.2075006851949002,-0.06823030943353521,29
ANGBRO,2026-05-21,2026-06-18,10.0,341.436202,352.17016666666666,107.3396466666668,3.143768763766497,0.4491098233952138,0.07,3.328234655093798,-5.17994339686334,0.47546209358482827,-0.7399919138376199,28
UNICAB,2026-06-02,2026-06-18,5.0,1143.29717,1238.54172,476.22274999999945,8.33069061126075,1.1900986587515359,0.07,8.694400074479326,-0.7869493807983519,1.2420571534970464,-0.11242134011405025,16
UNICAB,2026-06-09,2026-06-18,5.0,1215.24244,1238.54172,116.49639999999977,1.9172536469348467,0.27389337813354875,0.07,2.0701679905122505,-6.660600167979657,0.29573828435889293,-0.9515143097113796,9
SOUBAN,2026-06-02,2026-06-18,50.0,42.23490266666666,48.1900296,297.75634666666696,14.100013394924527,2.014287627846362,0.07,14.810256300815606,-0.3667645877846848,2.115750900116515,-0.052394941112097825,16
SOUBAN,2026-06-03,2026-06-18,400.0,42.36814175000001,48.1900296,2328.7551399999984,13.741192342947151,1.9630274775638785,0.07,14.449201681119273,2.907510688735826,2.0641716687313245,0.41535866981940367,15
SOUBAN,2026-06-03,2026-06-18,200.0,43.351822,48.1900296,967.6415200000008,11.160332776786186,1.5943332538265977,0.07,11.852276935442308,0.5724742088118129,1.6931824193489011,0.08178202983025898,15
SOUBAN,2026-06-12,2026-06-18,100.0,46.082295249999994,48.1900296,210.77343500000083,4.573848456474194,0.6534069223534571,0.07,5.224793463385513,1.253637100465399,0.7463990661979304,0.17909101435219985,6
WOCKHA,2026-06-05,2026-06-18,5.0,1939.0963500000003,2052.2369200000003,565.7028500000001,5.83470594434361,0.8335294206205158,0.07,4.31663181667068,-5.471432608286852,0.6166616880958112,-0.7816332297552644,13
WOCKHA,2026-06-12,2026-06-18,10.0,1957.93495,2052.2369200000003,943.0197000000021,4.816399543815297,0.6880570776878991,0.07,3.312931821355969,-2.5708183001687646,0.4732759744794241,-0.36725975716696635,6
HIMCHE,2026-06-04,2026-06-18,5.0,624.072548,691.7423966666667,338.34924333333333,10.843266361183801,1.5490380515976865,0.07,12.342707950678843,2.8726551195775496,1.7632439929541202,0.4103793027967927,14
HIMCHE,2026-06-04,2026-06-18,25.0,645.7824266666667,691.7423966666667,1148.9992499999998,7.116943432052092,1.0167062045788713,0.07,8.565976875348857,-0.5857122322436625,1.2237109821926937,-0.08367317603480892,14
AZAENG,2026-06-16,2026-06-18,7.0,2142.003485714286,2063.25147,-551.2641100000005,-3.6765587096150187,-0.5252226728021449,0.07,1.0175760418263735,-3.4688779084553367,0.1453680059751962,-0.4955539869221909,2
AZAENG,2026-06-17,2026-06-18,3.0,2206.78993,2063.25147,-430.6153799999993,-6.504400715658498,-0.9292001022369288,0.07,-1.9480753204270673,-6.302816960923874,-0.2782964743467239,-0.9004024229891247,1
AZAENG,2026-06-17,2026-06-18,7.0,2206.78993,2055.3304285714285,-1060.2165100000002,-6.863340246825011,-0.9804771781178584,0.07,-1.9480753204270673,-6.302816960923874,-0.2782964743467239,-0.9004024229891247,1
ZENTEC,2026-06-10,2026-06-18,7.0,1808.42025,1926.2508733333334,824.8143633333345,6.515665998173459,0.9308094283104944,0.07,6.689802881824636,-5.160318792050688,0.9556861259749478,-0.7371883988643839,8
ZENTEC,2026-06-12,2026-06-18,8.0,1793.7693625,1926.2508733333334,1059.8520866666677,7.3856491031094595,1.0550927290156367,0.07,7.561208276574072,-0.2603100820883886,1.080172610939153,-0.03718715458405551,6
ZENTEC,2026-06-16,2026-06-18,15.0,1845.8083933333332,1926.6232375,1212.2226625000008,4.378289992534046,0.6254699989334346,0.07,4.528726110932313,0.48171883380645486,0.6469608729903304,0.06881697625806499,2
ZENTEC,2026-06-18,2026-06-18,1.0,1977.2376833333335,1926.6232375,-50.61444583333355,-2.5598564229266096,-0.3656937747038007,0.07,-2.4194199684018813,-2.4194199684018813,-0.34563142405741165,-0.34563142405741165,0
ZENTEC,2026-06-18,2026-06-18,5.0,1977.2376833333335,1926.3968133333333,-254.2043500000011,-2.5713079630512614,-0.3673297090073226,0.07,-2.4194199684018813,-2.4194199684018813,-0.34563142405741165,-0.34563142405741165,0
ZENTEC,2026-06-18,2026-06-18,10.0,1948.12775,1926.3968133333333,-217.3093666666682,-1.1154780104470463,-0.15935400149243525,0.07,-0.9613204267533315,-0.9613204267533315,-0.13733148953619018,-0.13733148953619018,0
NETTEC,2026-06-12,2026-06-18,1.0,4543.22976,5077.2049400000005,533.9751800000004,11.753206599879306,1.679029514268471,0.07,11.805923722422529,0.9722211363573985,1.686560531774647,0.13888873376534264,6
NETTEC,2026-06-16,2026-06-18,3.0,4743.030066666667,5077.2049400000005,1002.5246200000001,7.045598881648818,1.0065141259498296,0.07,7.096095293569782,2.980582693895628,1.0137278990813972,0.4257975276993754,2
NETTEC,2026-06-17,2026-06-18,4.0,4945.7442249999995,5077.2049400000005,525.8428600000043,2.6580572916708123,0.3797224702386888,0.07,2.7064839771409943,-0.6923978160233157,0.3866405681629992,-0.09891397371761652,1
NETTEC,2026-06-17,2026-06-18,2.0,4941.43044,5077.2049400000005,271.5490000000009,2.7476760352818097,0.3925251478974012,0.07,2.7961449964273966,-0.6057039629196903,0.39944928520391376,-0.08652913755995574,1
NETTEC,2026-06-17,2026-06-18,3.0,4941.43044,5071.715846153847,390.8562184615421,2.6365929407648814,0.37665613439498397,0.07,2.7961449964273966,-0.6057039629196903,0.39944928520391376,-0.08652913755995574,1
NETTEC,2026-06-18,2026-06-18,10.0,5128.56955,5071.715846153847,-568.5370384615271,-1.108568447631808,-0.15836692109025857,0.07,-0.9548383720368925,-0.9548383720368925,-0.13640548171955605,-0.13640548171955605,0
ARVFAS,2026-06-18,2026-06-18,30.0,478.0718166666667,477.9728433333333,-2.969200000001706,-0.020702607826472708,-0.0029575154037817138,0.07,0.005895209119377576,0.005895209119377576,0.0008421727313396535,0.0008421727313396535,0
LLOST,2026-06-18,2026-06-18,200.0,84.3126725,83.6189485,-138.74480000000062,-0.8227992061335732,-0.11754274373336819,0.07,0.530557847042501,0.530557847042501,0.0757939781489287,0.0757939781489287,0
ANGBRO,2026-05-21,2026-06-19,40.0,341.436202,354.57992,525.7487200000014,3.849538485670023,0.5499340693814316,0.07,3.5918270904384153,-5.17994339686334,0.5131181557769164,-0.7399919138376199,29
ANGBRO,2026-06-15,2026-06-19,20.0,354.859828,354.57992,-5.598159999999552,-0.07887846916275754,-0.011268352737536113,0.07,-0.32684116614067893,-1.8626588524413012,-0.046691595162954125,-0.2660941217773287,4
ANGBRO,2026-06-15,2026-06-19,30.0,354.859828,354.539456,-9.61116000000061,-0.09028128143037106,-0.012897325918624823,0.07,-0.32684116614067893,-1.8626588524413012,-0.046691595162954125,-0.2660941217773287,4
ANGBRO,2026-06-15,2026-06-19,50.0,354.66521800000004,354.539456,-6.288100000003283,-0.03545935536313216,-0.005065622194733901,0.07,-0.27214904394714523,-1.8088094559078116,-0.03887843484959217,-0.25840135084397303,4
ANGBRO,2026-06-18,2026-06-19,20.0,350.75261666666665,354.539456,75.73678666666638,1.079632525430907,0.15423321791870087,0.07,0.8403025931334129,0.5837114923875397,0.12004322759048755,0.08338735605536281,1
ANGBRO,2026-06-18,2026-06-19,40.0,350.75261666666665,354.138954,135.45349333333434,0.9654489153965606,0.13792127362807882,0.07,0.8403025931334129,0.5837114923875397,0.12004322759048755,0.08338735605536281,1
ANGBRO,2026-06-18,2026-06-19,10.0,350.955806,354.138954,31.83148000000017,0.9069939706311647,0.1295705672330239,0.07,0.7819201030684786,0.5254775582769655,0.1117028718669255,0.07506822261099506,1
BAJCOR,2026-06-04,2026-06-19,10.0,564.6085466666666,623.090844,584.8229733333335,10.358025516723202,1.4797179309604573,0.07,10.740441973708714,-2.2242926963840226,1.5343488533869591,-0.3177560994834318,15
BAJCOR,2026-06-05,2026-06-19,40.0,556.80287,623.090844,2651.5189599999985,11.905106379929386,1.700729482847056,0.07,12.292883835171331,-0.8536001260194714,1.756126262167333,-0.12194287514563876,14
SYRTEC,2026-06-03,2026-06-19,10.0,1201.30401,1317.71821,1164.1419999999994,9.69065274326355,1.384378963323363,0.07,12.111504564111119,-0.49979105622065534,1.7302149377301597,-0.07139872231723647,16
SOUBAN,2026-06-12,2026-06-19,300.0,46.082295249999994,48.010375333333336,578.4240250000025,4.1839931645621276,0.5977133092231622,0.07,5.224793463385513,1.253637100465399,0.7463990661979304,0.17909101435219985,7
ANGBRO,2026-06-18,2026-06-19,50.0,350.955806,350.39207000000005,-28.186799999997447,-0.1606287715895327,-0.02294696736993346,0.07,0.7819201030684786,0.5254775582769655,0.1117028718669255,0.07506822261099506,1
UNICAB,2026-06-09,2026-06-19,5.0,1215.24244,1258.4087466666667,215.8315333333337,3.5520736641379003,0.5074390948768419,0.07,4.793904334019139,-6.660600167979657,0.6848434762884483,-0.9515143097113796,10
UNICAB,2026-06-12,2026-06-19,10.0,1195.50182,1258.4087466666667,629.0692666666678,5.26196828932195,0.7517097556174215,0.07,6.524304580314233,-1.5810783123692773,0.9320435114734619,-0.22586833033846818,7
ADAPOR,2026-06-02,2026-06-19,5.0,1786.0895,1829.9199700000001,219.15235000000052,2.453990687476759,0.35057009821096474,0.07,3.1359290785820004,0.0565761122272912,0.4479898683688572,0.008082301746755885,17
ADAPOR,2026-06-10,2026-06-19,5.0,1834.2751400000002,1829.9199700000001,-21.77585000000022,-0.2374327550445865,-0.03391896500637025,0.07,0.4265914000229909,-2.571868253090992,0.06094162857471297,-0.3674097504415702,9
KWAWAL,2026-06-03,2026-06-19,200.0,30.8045544,35.883010250000005,1015.691170000001,16.486055224353468,2.3551507463362085,0.07,21.150916567064513,-0.6965022029339907,3.0215595095806442,-0.09950031470485579,16
KWAWAL,2026-06-04,2026-06-19,200.0,31.653601333333334,35.883010250000005,845.8817833333342,13.36154098905904,1.9087915698655762,0.07,17.901276404525813,2.8319010441402614,2.5573252006465443,0.4045572920200373,15
RASPER,2026-06-12,2026-06-22,25.0,543.893208,754.890424,5274.930400000002,38.79386851986577,5.541981217123682,0.07,39.770085159805866,2.6672133033880385,5.681440737115124,0.38103047191257694,10
CUMIND,2026-06-19,2026-06-22,5.0,5894.74248,5711.8469,-914.4779000000017,-3.1026899074987346,-0.4432414153569614,0.07,-0.5045594459963554,-2.2179506644029012,-0.0720799208566222,-0.3168500949147001,3
BAJCOR,2026-06-11,2026-06-22,25.0,582.5707633333333,623.585796,1025.375816666667,7.040352047876253,1.005764578268037,0.07,7.32601760213063,-2.8015074494898595,1.0465739431615184,-0.40021534992712277,11
SOUBAN,2026-06-12,2026-06-22,400.0,46.082295249999994,47.641062000000005,623.5067000000043,3.3825718565960727,0.48322455094229677,0.07,5.224793463385513,1.253637100465399,0.7463990661979304,0.17909101435219985,10
ADAPOR,2026-06-10,2026-06-22,10.0,1834.2751400000002,1815.61034,-186.6480000000024,-1.0175572678807754,-0.14536532398296767,0.07,0.4265914000229909,-2.571868253090992,0.06094162857471297,-0.3674097504415702,12
ZYDWEL,2026-06-08,2026-06-22,30.0,517.7943799999999,513.0500633333334,-142.32949999999732,-0.9162549556189781,-0.13089356508842584,0.07,3.6222138988839525,-4.064234918888065,0.5174591284119932,-0.5806049884125806,14
ANGBRO,2026-06-18,2026-06-22,40.0,350.955806,354.56863,144.51295999999957,1.029424200493212,0.14706060007045807,0.07,1.0953498800359007,0.5254775582769655,0.15647855429084295,0.07506822261099506,4
ANGBRO,2026-06-19,2026-06-22,40.0,358.3930266666667,354.56863,-152.97586666666803,-1.067095725114009,-0.15244224644485802,0.07,-1.0025381074192818,-1.3094637220806171,-0.14321972963132598,-0.18706624601151672,3
CUMIND,2026-06-22,2026-06-22,6.0,5751.690666666666,5756.7449375,30.32562499999949,0.08787452466150203,0.012553503523071564,0.07,0.2140124364592655,0.2140124364592655,0.030573205208466497,0.030573205208466497,0
CUMIND,2026-06-22,2026-06-22,10.0,5754.05437,5756.7449375,26.905674999998155,0.04675950776600324,0.006679929680856654,0.07,0.17284560347314848,0.17284560347314848,0.02469222906759264,0.02469222906759264,0
DATPAT,2026-05-21,2026-06-22,3.0,3949.4316,4853.60208,2712.5114399999993,22.893686271209248,3.2705266101727495,0.07,23.212666855655883,-2.7733509804296896,3.3160952650936975,-0.39619299720424134,32
DATPAT,2026-06-04,2026-06-22,2.0,4124.287133333333,4853.60208,1458.6298933333328,17.683418323913337,2.526202617701904,0.07,17.98887523301602,0.41250441874343124,2.5698393190022886,0.058929202677633026,18
NETTEC,2026-06-19,2026-06-22,4.0,5078.20464,5110.605425,129.60313999999926,0.6380362213996849,0.09114803162852737,0.07,0.6477753917376594,-0.3407629512149901,0.09253934167680848,-0.04868042160214144,3
UNICAB,2026-06-16,2026-06-22,10.0,1263.59005,1348.7982299999999,852.0817999999986,6.743340532002429,0.9633343617146337,0.07,6.751394568198776,-5.68934916826861,0.9644849383141108,-0.8127641668955157,6
WOCKHA,2026-06-17,2026-06-22,10.0,1998.1252,2014.4541199999999,163.28919999999925,0.8172120545799633,0.11674457922570851,0.07,1.234897593003681,-0.44667871662896763,0.1764139418576687,-0.06381124523270966,5
WOCKHA,2026-06-17,2026-06-22,10.0,2016.0007899999996,2014.4541199999999,-15.466699999997218,-0.07671971199970651,-0.01095995885710032,0.07,0.33726226863235453,-1.3294037449260943,0.04818032409033635,-0.18991482070372773,5
GOOLUC,2026-06-22,2026-06-22,20.0,1480.821935,1485.449395,92.54920000000311,0.31249266982260604,0.04464180997465684,0.07,0.1673438879739475,0.1673438879739475,0.023906269710563928,0.023906269710563928,0
BLIGVS,2026-06-03,2026-06-22,25.0,442.66628000000003,474.613728,798.6861999999987,7.217050279953541,1.0310071828505065,0.07,9.857023670291753,-5.210760575664364,1.4081462386131074,-0.7443943679520519,19
BLIGVS,2026-06-03,2026-06-22,15.0,442.66628000000003,474.61392750000005,479.21471250000025,7.217095347764002,1.0310136211091445,0.07,9.857023670291753,-5.210760575664364,1.4081462386131074,-0.7443943679520519,19
BLIGVS,2026-06-10,2026-06-22,60.0,427.5003583333334,474.61392750000005,2826.8141499999992,11.020708696092129,1.5743869565845885,0.07,13.754290615311948,-0.6667499284552458,1.964898659330278,-0.09524998977932082,12
BLIGVS,2026-06-16,2026-06-22,5.0,437.39710249999996,474.61392750000005,186.08412500000043,8.508704055715622,1.2155291508165165,0.07,11.180434717214439,3.3157278402410117,1.5972049596020628,0.47367540574871597,6
BAJCOR,2026-06-11,2026-06-23,5.0,582.5707633333333,607.41611,124.22673333333364,4.264777470895975,0.6092539244137112,0.07,7.32601760213063,-2.8015074494898595,1.0465739431615184,-0.40021534992712277,12
BAJCOR,2026-06-15,2026-06-23,30.0,606.5685233333334,607.41611,25.427599999999302,0.13973469345371914,0.01996209906481841,0.07,3.079862529628885,-4.124599673561491,0.43998036137555496,-0.5892285247944986,8
BAJCOR,2026-06-18,2026-06-23,15.0,614.8952519999999,607.41611,-112.18712999999866,-1.216327817733731,-0.17376111681910408,0.07,1.6839856815157317,-5.422915836728559,0.24056938307367592,-0.774702262389794,5
SOUBAN,2026-06-17,2026-06-23,500.0,47.978359600000005,45.80449533333333,-1086.9321333333382,-4.530926619397546,-0.6472752313425059,0.07,1.0663982767764368,-4.498610661128155,0.1523426109680624,-0.6426586658754506,6
SOUBAN,2026-06-17,2026-06-23,100.0,48.2004448,45.80449533333333,-239.59494666666714,-4.970803644257393,-0.7101148063224841,0.07,0.6007313857817387,-4.938636582872357,0.08581876939739123,-0.7055195118389082,6
SOUBAN,2026-06-17,2026-06-23,400.0,48.2004448,45.784521000000005,-966.3695199999978,-5.012243787426618,-0.7160348267752306,0.07,0.6007313857817387,-4.938636582872357,0.08581876939739123,-0.7055195118389082,6
GOOLUC,2026-06-22,2026-06-23,20.0,1506.7136699999999,1442.3071949999999,-1288.1295,-4.274632684523261,-0.6106618120747521,0.07,-1.553956167398407,-5.3303870270188565,-0.22199373819977242,-0.7614838610026936,1
HIMCHE,2026-06-04,2026-06-23,5.0,645.7824266666667,654.32872,42.73146666666662,1.323401347021269,0.1890573352887531,0.07,8.565976875348857,-1.0115522499404395,1.2237109821926937,-0.14450746427720562,19
HIMCHE,2026-06-05,2026-06-23,15.0,658.137345,654.32872,-57.129375000000095,-0.5786975969278907,-0.08267108527541263,0.07,6.527916296863534,-2.8698181532306077,0.9325594709805047,-0.4099740218900868,18
ASHMIN,2026-06-19,2026-06-23,30.0,716.4396666666667,696.5575466666667,-596.4635999999996,-2.775128308082697,-0.39644690115467107,0.07,-0.5289582421222683,-3.0972135825347413,-0.07556546316032403,-0.4424590832192487,4
DATPAT,2026-06-04,2026-06-23,1.0,4124.287133333333,4811.109399999999,686.8222666666661,16.653114695037296,2.379016385005329,0.07,17.98887523301602,0.41250441874343124,2.5698393190022886,0.058929202677633026,19
DATPAT,2026-06-05,2026-06-23,3.0,4255.638233333333,4811.109399999999,1666.4134999999987,13.05259367010574,1.8646562385865337,0.07,14.34712569983725,-2.6867470180559683,2.049589385691035,-0.38382100257942403,18
DATPAT,2026-06-11,2026-06-23,1.0,4358.151466666667,4811.109399999999,452.9579333333322,10.393349951184172,1.4847642787405955,0.07,11.657431762506265,-3.514138226678132,1.665347394643752,-0.5020197466683045,12
DATPAT,2026-06-11,2026-06-23,2.0,4358.151466666667,4795.3177000000005,874.3324666666667,10.031001370122183,1.4330001957317402,0.07,11.657431762506265,-3.514138226678132,1.665347394643752,-0.5020197466683045,12
DATPAT,2026-06-17,2026-06-23,2.0,4552.984075,4795.3177000000005,484.6672500000004,5.322523009263991,0.7603604298948555,0.07,6.879354722979114,4.75766928747714,0.9827649604255877,0.6796670410681628,6
MOTSUM,2026-05-27,2026-06-23,100.0,141.53441133333334,143.102856,156.84446666666645,1.1081719646063748,0.1583102806580532,0.07,4.652994706111913,-1.7836025243274656,0.6647135294445589,-0.2548003606182093,27
DECGOL,2026-06-02,2026-06-23,150.0,165.53396066666664,216.88517866666666,7702.682700000003,31.021560647247014,4.431651521035288,0.07,37.440075186827436,-7.517466879032075,5.348582169546776,-1.073923839861725,21
ANGBRO,2026-06-19,2026-06-23,20.0,358.3930266666667,345.85439125,-250.77270833333387,-3.4985712566133698,-0.49979589380191003,0.07,-1.0025381074192818,-4.546133840327327,-0.14321972963132598,-0.6494476914753324,4
ANGBRO,2026-06-19,2026-06-23,60.0,354.77473625,345.85439125,-535.2206999999999,-2.5143687214847388,-0.3591955316406777,0.07,0.007121067939341863,-3.572615227333553,0.0010172954199059803,-0.5103736039047932,4
INOIND,2026-06-17,2026-06-23,7.0,1886.1030066666667,1968.326057142857,575.5613533333324,4.359414633536063,0.6227735190765804,0.07,8.207239625099172,-3.907687247523284,1.172462803585596,-0.5582410353604691,6
RRKAB,2026-05-20,2026-06-23,2.0,1972.8640749999997,2362.7882916666667,779.848433333334,19.76437310647805,2.823481872354008,0.07,20.03868031303677,-1.4022291424207523,2.86266861614811,-0.2003184489172503,34
RRKAB,2026-05-29,2026-06-23,6.0,2066.45205,2362.7882916666667,1778.0174500000012,14.340339601234241,2.0486199430334633,0.07,14.602223651886813,-2.0640232131202807,2.086031950269545,-0.29486045901718294,25
RRKAB,2026-06-01,2026-06-23,4.0,2110.7169000000004,2362.7882916666667,1008.2855666666655,11.94245384905319,1.706064835579028,0.07,12.198845804475212,-4.117885255005083,1.7426922577821728,-0.5882693221435833,22
UNICAB,2026-06-18,2026-06-23,10.0,1243.76642,1268.58374,248.1732000000011,1.9953360696134625,0.2850480099447808,0.07,8.45283956130607,-0.6244275351958706,1.2075485087580098,-0.08920393359941008,5
UNICAB,2026-06-19,2026-06-23,10.0,1255.18778,1267.62174,124.3396000000007,0.9906055650095613,0.14151508071565275,0.07,7.46599206056644,0.4391550083446605,1.066570294366634,0.06273642976352291,4
UNICAB,2026-06-19,2026-06-23,5.0,1255.18778,1268.61574,67.13979999999992,1.069796903217135,0.15282812903102017,0.07,7.46599206056644,0.4391550083446605,1.066570294366634,0.06273642976352291,4
UNICAB,2026-06-22,2026-06-23,5.0,1372.90551,1268.61574,-521.4488500000004,-7.596281698949559,-1.0851830998499365,0.07,-1.7485187309066896,-8.17285014756769,-0.24978839012952705,-1.1675500210810983,1
WOCKHA,2026-06-18,2026-06-23,6.0,2081.1126266666665,2005.0514166666665,-456.36726000000044,-3.654833910734945,-0.5221191301049922,0.07,-3.2296486891399745,-4.41651381520296,-0.4613783841628534,-0.6309305450289944,5
ABB,2026-06-23,2026-06-23,6.0,7225.585666666667,7141.596866666667,-503.9328000000005,-1.1623805166058765,-0.16605435951512504,0.07,-0.9284460770584868,-0.9284460770584868,-0.1326351538654981,-0.1326351538654981,0
SUNADV,2026-06-23,2026-06-23,120.0,243.24696,236.1065133333333,-856.8536000000029,-2.9354721089491442,-0.4193531584213069,0.07,-3.42325347046476,-3.42325347046476,-0.48903621006639425,-0.48903621006639425,0
THERMA,2026-06-23,2026-06-23,6.0,4888.933283333334,4803.911,-510.13370000000214,-1.7390763670917742,-0.24843948101310986,0.07,-1.8211188039086945,-1.8211188039086945,-0.26015982912981345,-0.26015982912981345,0
ADAPOR,2026-06-10,2026-06-23,5.0,1834.2751400000002,1776.083992,-290.95574000000056,-3.1724328990251793,-0.45320469986073936,0.07,0.4265914000229909,-2.7408723426301296,0.06094162857471297,-0.39155319180430415,13
ADAPOR,2026-06-10,2026-06-23,10.0,1839.2941999999998,1776.083992,-632.1020799999974,-3.4366556475848076,-0.4909508067978291,0.07,0.15254764572194546,-3.0062727322252125,0.021792520817420776,-0.42946753317503034,13
ADAPOR,2026-06-19,2026-06-23,10.0,1846.37653,1776.083992,-702.9253799999992,-3.8070532666486967,-0.5438647523783857,0.07,-0.5999063473797528,-3.3783212138208896,-0.0857009067685361,-0.48261731626012705,4
KWAWAL,2026-06-04,2026-06-23,100.0,31.653601333333334,36.0327356,437.9134266666668,13.834553043590493,1.9763647205129276,0.07,17.901276404525813,2.8319010441402614,2.5573252006465443,0.4045572920200373,19
KWAWAL,2026-06-17,2026-06-23,400.0,38.0063775,36.0327356,-789.4567599999988,-5.192922950891587,-0.7418461358416555,0.07,-2.148001345300543,-5.568479921560532,-0.30685733504293466,-0.7954971316515044,6
SHATEC,2026-06-04,2026-06-23,100.0,203.986453,216.23563299999998,1224.9179999999967,6.004898766488176,0.857842680926881,0.07,9.722972632893413,-1.4297287673314396,1.3889960904133445,-0.2042469667616342,19
KRNHEA,2026-06-19,2026-06-23,25.0,1242.510508,1191.072572,-1285.948400000001,-4.139839113537702,-0.5914055876482435,0.07,-0.5883658892967714,-3.5742561301542075,-0.08405226989953875,-0.5106080185934581,4
SYRTEC,2026-06-05,2026-06-23,10.0,1231.27395,1370.8905300000001,1396.1658000000011,11.339197097445307,1.619885299635043,0.07,11.510521277575968,-2.4425068036240005,1.6443601825108525,-0.3489295433748572,18
SYRTEC,2026-06-11,2026-06-23,10.0,1266.64507,1369.3345100000001,1026.894400000001,8.107199280379307,1.1581713257684738,0.07,8.396585003879586,-2.4509683679580507,1.1995121434113696,-0.3501383382797215,12
CUMIND,2026-06-22,2026-06-23,5.0,5778.48502,5742.27963,-181.0269500000004,-0.6265550550825894,-0.08950786501179823,0.07,-0.25067158519691546,-0.7438804435976554,-0.035810226456702204,-0.10626863479966503,1
CUMIND,2026-06-22,2026-06-23,5.0,5785.10502,5742.27963,-214.12694999999985,-0.7402698801827423,-0.10575284002610642,0.07,-0.364816540530144,-0.8574610111399483,-0.05211664864716342,-0.12249443016284975,1
INDCOU,2026-06-23,2026-06-23,80.0,391.87754625,392.8044322222222,74.15087777777444,0.23652438908323692,0.03378919844046201,0.07,0.38850241984231815,0.38850241984231815,0.05550034569175973,0.05550034569175973,0
INDCOU,2026-06-23,2026-06-23,100.0,396.66887199999996,392.8044322222222,-386.4439777777761,-0.9742230990531953,-0.13917472843617107,0.07,-0.8240807965390284,-0.8240807965390284,-0.11772582807700405,-0.11772582807700405,0
AVATE,2026-06-04,2026-06-23,6.0,1567.5956,1754.3498650000001,1120.5255900000002,11.913421101717825,1.7019173002454022,0.07,12.273854302729603,-2.238817205151644,1.7534077575328002,-0.31983102930737767,19
AVATE,2026-06-04,2026-06-23,10.0,1622.46832,1754.3498650000001,1318.8154500000019,8.128451161376148,1.161207308768022,0.07,8.476694324607825,-5.545151106555968,1.2109563320868322,-0.7921644437937098,19
AVATE,2026-06-23,2026-06-23,4.0,1762.68937,1754.3498650000001,-33.35801999999967,-0.47311257116163796,-0.06758751016594859,0.07,-0.509980382987163,-0.509980382987163,-0.07285434042673755,-0.07285434042673755,0
GENOVE,2026-06-23,2026-06-23,70.0,335.25019714285713,344.1732285714286,624.6122000000014,2.6616036335302073,0.3802290905043144,0.07,3.0722734676734254,3.0722734676734254,0.43889620966763215,0.43889620966763215,0
BLIGVS,2026-06-16,2026-06-23,35.0,437.39710249999996,467.17693499999996,1042.2941375,6.808420158658923,0.9726314512369879,0.07,11.180434717214439,3.3157278402410117,1.5972049596020628,0.47367540574871597,7
BLIGVS,2026-06-16,2026-06-23,5.0,447.588415,467.17693499999996,97.9425999999998,4.376458224460511,0.6252083177800735,0.07,8.648924704630701,0.9632923586728515,1.2355606720901002,0.13761319409612163,7
GOLINT,2026-06-02,2026-06-23,30.0,439.28273,469.08378999999996,894.0317999999985,6.784027225472755,0.969146746496107,0.07,13.82191146007492,-6.5863572647165025,1.9745587800107027,-0.9409081806737861,21
GMRINF,2026-06-23,2026-06-23,125.0,108.86633040000001,107.22012,-205.77630000000192,-1.512139147109537,-0.21601987815850587,0.07,-1.374465727376084,-1.374465727376084,-0.196352246768012,-0.196352246768012,0
ARVLIM,2026-06-09,2026-06-23,20.0,502.55017749999996,520.537092,359.73829000000137,3.5791280762208277,0.5113040108886886,0.07,3.7806816812834487,-1.8505967993613814,0.5400973830404926,-0.26437097133734017,14
ARVLIM,2026-06-11,2026-06-23,5.0,504.9040033333333,520.537092,78.16544333333354,3.0962496956764785,0.44232138509664026,0.07,3.2968636724548084,-2.308162196456076,0.47098052463640105,-0.32973745663658227,12
SIEENE,2026-06-19,2026-06-24,10.0,3805.6483999999996,3658.0939100000005,-1475.5448999999908,-3.8772496692022096,-0.5538928098860296,0.07,1.5201509419525028,-2.1112933081258722,0.217164420278929,-0.30161332973226745,5
PARCOM,2026-06-18,2026-06-24,400.0,69.53305,66.58571025,-1178.935899999999,-4.23876092016674,-0.6055372743095339,0.07,5.072336104917019,-2.003435776224405,0.7246194435595741,-0.2862051108892007,6
RAIIND,2026-05-29,2026-06-24,50.0,185.81367999999998,179.664594,-307.45429999999914,-3.3092751836140244,-0.4727535976591469,0.07,11.82169149225183,-0.8092407405095092,1.68881307032169,-0.11560582007278702,26
RAIIND,2026-06-19,2026-06-24,50.0,191.24425,179.664594,-578.9828,-6.054904134372663,-0.864986304910381,0.07,0.7768861024579854,-3.6258606467906795,0.11098372892256933,-0.5179800923986684,5
RAIIND,2026-06-19,2026-06-24,50.0,191.24425,179.66449400000002,-578.9877999999987,-6.0549564235264475,-0.8649937747894921,0.07,0.7768861024579854,-3.6258606467906795,0.11098372892256933,-0.5179800923986684,5
GOLINT,2026-06-02,2026-06-24,25.0,439.28273,455.449536,404.1701500000002,3.680273522248423,0.5257533603212026,0.07,13.82191146007492,-6.5863572647165025,1.9745587800107027,-0.9409081806737861,22
TDPSYS,2026-06-22,2026-06-24,20.0,1305.4233,1247.47088,-1159.048399999997,-4.439358482417144,-0.6341940689167354,0.07,3.7288058210696917,-3.2574338147633664,0.5326865458670987,-0.465347687823338,2
SIEENE,2026-06-24,2026-06-24,10.0,3706.6754699999997,3710.9602299999997,42.84760000000006,0.11559576862552046,0.01651368123221676,0.07,0.5024591483861585,0.5024591483861585,0.07177987834087979,0.07177987834087979,0
MARPHA,2026-06-18,2026-06-24,75.0,265.5307,262.4719426666667,-229.406800000001,-1.1519411252007172,-0.16456301788581704,0.07,0.1692083062335037,-3.562940179798435,0.024172615176214808,-0.5089914542569192,6
FSNECO,2026-06-18,2026-06-25,100.0,294.391614,301.586822,719.520799999998,2.4440940766743413,0.34915629666776243,0.07,4.11302001285947,1.2596778656881247,0.5875742875513527,0.17995398081258923,7
SYRTEC,2026-06-17,2026-06-25,15.0,1322.6578466666665,1488.8200466666667,2492.433000000003,12.562750103419296,1.7946785862027579,0.07,8.909496407579386,-1.8415833488647615,1.2727852010827694,-0.2630833355521088,8
SYRTEC,2026-06-18,2026-06-25,10.0,1328.67004,1490.61866,1619.4862000000012,12.188776379724796,1.741253768532115,0.07,8.416684100139715,0.401150010125928,1.202383442877102,0.05730714430370399,7
STLIND,2026-06-09,2026-06-25,80.0,185.863505,185.7832,-6.424400000000787,-0.0432064379717878,-0.00617234828168352,0.07,6.535169451367007,-7.184576122138675,0.9335956359095723,-1.026368017448382,16
STLIND,2026-06-22,2026-06-25,20.0,195.84819499999998,185.7832,-201.29989999999964,-5.139181905659118,-0.734168843665588,0.07,1.1038166575903396,-7.045352141233652,0.15768809394147706,-1.006478877319093,3
MISDHA,2026-06-19,2026-06-25,50.0,442.6156,420.71443800000003,-1095.058099999997,-4.9481224791896095,-0.7068746398842292,0.07,-0.19556472930460922,-6.679746488826865,-0.027937818472087025,-0.9542494984038378,6
VEDPOW,2026-06-23,2026-06-25,400.0,45.071751000000006,42.031115,-1216.2544000000025,-6.746212278284924,-0.9637446111835598,0.07,-2.222569520318851,-5.883399116222499,-0.31750993147412154,-0.8404855880317855,2
SAVOIL,2026-06-12,2026-06-25,30.0,574.3038366666666,542.5404366666667,-952.901999999998,-5.530765767534973,-0.7901093953621383,0.07,6.337440394718841,-8.071308897344343,0.9053486278169772,-1.153044128192049,13
EXITEL,2026-06-18,2026-06-25,100.0,173.245981,159.47223400000001,-1377.3746999999985,-7.950399149519082,-1.1357713070741542,0.07,1.6935567469239077,-8.759788199646612,0.2419366781319868,-1.25139831423523,7
UNICAB,2026-06-22,2026-06-25,5.0,1372.90551,1255.3561266666666,-587.7469166666674,-8.562088394075529,-1.2231554848679327,0.07,-1.7485187309066896,-11.421434968237554,-0.24978839012952705,-1.6316335668910789,3
UNICAB,2026-06-23,2026-06-25,10.0,1316.6967399999999,1255.3561266666666,-613.406133333333,-4.658674353012627,-0.6655249075732318,0.07,-1.7845217722647244,-7.640084230784982,-0.25493168175210346,-1.0914406043978544,2
DRECOR,2026-06-22,2026-06-25,20.0,1208.228225,1069.48903,-2774.783900000002,-11.4828632645128,-1.6404090377875433,0.07,0.8832582105917863,-11.655763545831743,0.12617974437025517,-1.6651090779759632,3
SHAILY,2026-06-25,2026-06-25,8.0,2904.5358125,2829.0440375,-603.9341999999997,-2.599099473145161,-0.3712999247350227,0.07,-1.8879372140638728,-1.8879372140638728,-0.26970531629483896,-0.26970531629483896,0
SUNADV,2026-06-25,2026-06-25,100.0,232.094856,226.01653299999998,-607.8323000000012,-2.6188960430902464,-0.37412800615574987,0.07,-3.091346410538287,-3.091346410538287,-0.4416209157911839,-0.4416209157911839,0
BAJCOR,2026-06-18,2026-06-25,30.0,614.8952519999999,578.46996,-1092.758759999997,-5.923820664011226,-0.8462600948587465,0.07,1.6839856815157317,-5.92706674534541,0.24056938307367592,-0.84672382076363,7
BAJCOR,2026-06-18,2026-06-25,5.0,614.8952519999999,578.74495,-180.75150999999948,-5.879099225830398,-0.8398713179757717,0.07,1.6839856815157317,-5.92706674534541,0.24056938307367592,-0.84672382076363,7
BAJCOR,2026-06-18,2026-06-25,25.0,629.160708,578.74495,-1260.3939499999997,-8.013176499890385,-1.144739499984341,0.07,-0.621575370215266,-8.060056414076,-0.0887964814593237,-1.1514366305822856,7
BHEL,2026-06-17,2026-06-25,75.0,388.366152,403.25046166666664,1116.3232249999978,3.832545547549837,0.547506506792834,0.07,6.690554227290124,1.0000480165428982,0.9557934610414461,0.14286400236327115,8
BHEL,2026-06-17,2026-06-25,45.0,394.530084,403.25046166666664,392.41699499999925,2.210320079587813,0.315760011369687,0.07,5.023676724231763,-0.5779239891881116,0.7176681034616803,-0.08256056988401594,8
WOCKHA,2026-06-18,2026-06-25,9.0,2081.1126266666665,1949.9595700000002,-1180.3775099999968,-6.302064337418156,-0.9002949053454513,0.07,-3.2296486891399745,-5.569743087490875,-0.4613783841628534,-0.7956775839272678,7
WOCKHA,2026-06-22,2026-06-25,11.0,2017.8024549999998,1949.9595700000002,-746.2717349999953,-3.362216396946527,-0.4803166281352182,0.07,-0.1934012415501618,-2.6069179799862896,-0.027628748792880256,-0.37241685428375565,3
LARTOU,2026-06-25,2026-06-25,5.0,4212.3421625,4218.73822,31.980287500000486,0.1518408821804762,0.02169155459721071,0.07,0.09633209609902771,0.09633209609902771,0.013761728014146813,0.013761728014146813,0
IOLCHE,2026-06-12,2026-06-25,75.0,132.606596,134.370039,132.25822499999964,1.329830531205256,0.18997579017217806,0.07,1.2317667817971945,-5.66080136767857,0.17596668311388491,-0.808685909668367,13
IOLCHE,2026-06-25,2026-06-25,25.0,136.350421,134.370039,-49.5095500000005,-1.4524208913150427,-0.2074886987592925,0.07,-1.9731666248394064,-1.9731666248394064,-0.28188094640562944,-0.28188094640562944,0
AVATE,2026-06-23,2026-06-25,6.0,1762.68937,1743.1296499999999,-117.35832000000119,-1.109652122086613,-0.15852173172665937,0.07,-0.509980382987163,-0.8163304462430632,-0.07285434042673755,-0.11661863517758043,2
AEQLIM,2026-06-11,2026-06-25,75.0,182.917587,229.27406266666668,3476.7356750000013,25.342820461909277,3.6204029231298946,0.07,29.490009071681023,-3.6998011569002287,4.2128584388115735,-0.5285430224143183,14
SEINVE,2026-06-01,2026-06-25,100.0,53.156881999999996,59.2280418,607.1159800000004,11.421211274205302,1.631601610600756,0.07,13.21205784793773,-0.8783096043895045,1.8874368354196756,-0.12547280062707206,24
SEINVE,2026-06-22,2026-06-25,250.0,58.78814,59.2280418,109.97545000000031,0.7482832421641605,0.1068976060234504,0.07,1.0748086263657974,0.49646068067470406,0.15354408948082818,0.07092295438210057,3
SEINVE,2026-06-25,2026-06-25,150.0,59.4889254,59.2280418,-39.13253999999995,-0.4385414566590917,-0.06264877952272721,0.07,-0.25034138539001827,-0.25034138539001827,-0.03576305505571689,-0.03576305505571689,0
NETTEC,2026-06-19,2026-06-29,1.0,5078.20464,4584.4404,-493.7642399999995,-9.723204852965505,-1.3890292647093578,0.07,0.6477753917376594,-12.276083462441944,0.09253934167680848,-1.7537262089202776,10
NETTEC,2026-06-22,2026-06-29,4.0,5138.670375,4584.4404,-2216.919899999997,-10.785474345588852,-1.5407820493698354,0.07,-0.5365274086100436,-13.30831372891863,-0.07664677265857764,-1.901187675559804,7
TEJNET,2026-06-04,2026-06-29,30.0,577.20976,604.37147,814.8513000000025,4.705691393714484,0.672241627673499,0.07,9.552894601089235,-6.351202377451138,1.3646992287270336,-0.9073146253501623,25
BLIGVS,2026-06-16,2026-06-29,30.0,447.588415,518.1328766666667,2116.3338500000004,15.761011523648726,2.2515730748069607,0.07,18.39001686404238,0.9632923586728515,2.6271452662917683,0.13761319409612163,13
AVATE,2026-06-23,2026-06-29,8.0,1762.68937,1774.339975,93.20484000000033,0.6609562182813944,0.09442231689734128,0.07,1.2486959060744818,-0.8163304462430632,0.17838512943921164,-0.11661863517758043,6
ANGBRO,2026-06-19,2026-06-29,20.0,354.77473625,328.73625999999996,-520.7695250000006,-7.339439252419433,-1.0484913217742051,0.07,0.007121067939341863,-7.335566372364544,0.0010172954199059803,-1.0479380531949347,10
ANGBRO,2026-06-22,2026-06-29,80.0,355.00325250000003,328.73625999999996,-2101.3594000000057,-7.399085026692842,-1.0570121466704054,0.07,-0.057253700795323326,-7.395214639617997,-0.008179100113617617,-1.0564592342311425,7
PARDEF,2026-06-29,2026-06-29,15.0,1232.1343866666668,1184.5557666666668,-713.6793,-3.8614797634790476,-0.5516399662112922,0.07,-3.995861750101959,-3.995861750101959,-0.5708373928717083,-0.5708373928717083,0
BHEL,2026-06-17,2026-06-29,5.0,394.530084,407.30008399999997,63.84999999999991,3.236762041193275,0.4623945773133264,0.07,5.023676724231763,-0.5779239891881116,0.7176681034616803,-0.08256056988401594,12
BHEL,2026-06-25,2026-06-29,45.0,405.4730166666667,407.30008399999997,82.21802999999738,0.4506014600807129,0.06437163715438624,0.07,2.0413154496388364,-0.6838967212820402,0.291616492805548,-0.09769953161172,4
DELLIM,2026-06-29,2026-06-29,50.0,472.170766,466.326612,-292.20770000000016,-1.2377204225303529,-0.1768172032186218,0.07,-1.8257729238578047,-1.8257729238578047,-0.26082470340825775,-0.26082470340825775,0
SCI,2026-06-22,2026-06-29,80.0,323.649339,305.579545,-1445.5835200000001,-5.583139473057908,-0.7975913532939868,0.07,-0.1697327736547516,-5.051559521337379,-0.02424753909353594,-0.721651360191054,7
DEEIN,2026-06-02,2026-06-29,40.0,531.8185775,457.9949525,-2952.9449999999974,-13.881355056649925,-1.9830507223785603,0.07,0.09052382153762473,-13.109466357444033,0.012931974505374958,-1.87278090820629,27
THERMA,2026-06-29,2026-06-29,10.0,4930.7413,4877.18332,-535.5797999999959,-1.086205435276022,-0.15517220503943172,0.07,3.9417744346068373,3.9417744346068373,0.5631106335152624,0.5631106335152624,0
WOCKHA,2026-06-22,2026-06-29,9.0,2017.8024549999998,1912.3299333333334,-949.2526949999972,-5.227098490504433,-0.7467283557863473,0.07,-0.1934012415501618,-3.3750803916035355,-0.027628748792880256,-0.4821543416576479,7
WOCKHA,2026-06-23,2026-06-29,6.0,2063.408733333333,1912.3299333333334,-906.4727999999986,-7.321806754008431,-1.0459723934297755,0.07,-2.56898851289149,-5.510722693784587,-0.36699835898449856,-0.7872460991120837,6
SEINVE,2026-06-25,2026-06-29,350.0,59.4889254,60.01772872,185.08116200000052,0.888910526529707,0.12698721807567168,0.07,1.3970240585317484,-0.25034138539001827,0.19957486550453546,-0.03576305505571689,4
SEINVE,2026-06-29,2026-06-29,500.0,60.2417692,60.01772872,-112.02023999999966,-0.37190222494328795,-0.053128889277612314,0.07,0.12986139191941692,0.12986139191941692,0.01855162741705956,0.01855162741705956,0
SEINVE,2026-06-29,2026-06-29,400.0,60.647282,60.01772872,-251.82131199999844,-1.0380568745026353,-0.1482938392146614,0.07,-0.5396482566193073,-0.5396482566193073,-0.07709260808847244,-0.07709260808847244,0
SHAILY,2026-06-29,2026-06-29,10.0,2854.22846,2914.12958,599.0111999999999,2.098679935382597,0.2998114193403725,0.07,1.4950288877716655,1.4950288877716655,0.21357555539595222,0.21357555539595222,0
GMRINF,2026-06-24,2026-06-29,150.0,109.09921159999999,109.13927199999999,6.0090600000002325,0.03671923876671368,0.005245605538101347,0.07,0.294033655509951,-0.9433721700698339,0.04200480792999299,-0.1347674528671191,5
MARPHA,2026-06-18,2026-06-29,25.0,265.5307,262.602505,-73.20487500000041,-1.1027707907221296,-0.1575386843888762,0.07,0.1692083062335037,-3.562940179798435,0.024172615176214808,-0.5089914542569192,11
MARPHA,2026-06-24,2026-06-29,35.0,269.61054533333333,262.602505,-245.28141166666643,-2.599319816911805,-0.3713314024159725,0.07,-2.303524636120946,-5.022261023430097,-0.329074948017278,-0.7174658604900139,5
GENOVE,2026-06-23,2026-06-30,75.0,345.58733333333333,294.4003068571428,-3839.0269857142885,-14.811603765239422,-2.115943395034203,0.07,0.973029489892574,-13.364880271460578,0.1390042128417963,-1.9092686102086538,7
GENOVE,2026-06-24,2026-06-30,100.0,351.80943,294.4003068571428,-5740.91231428572,-16.318244551562245,-2.331177793080321,0.07,-0.8127780997797651,-14.897107789293774,-0.11611115711139502,-2.128158255613396,6
BHEL,2026-06-25,2026-06-30,15.0,405.4730166666667,416.12328499999995,159.75402499999888,2.626628134440989,0.3752325906344266,0.07,2.1276343871793113,-0.6838967212820402,0.30394776959704445,-0.09769953161172,5
BHEL,2026-06-25,2026-06-30,45.0,406.54872,416.12328499999995,430.85542499999775,2.355084281165598,0.33644061159508576,0.07,1.857410841190199,-0.9466811259423058,0.2653444058843141,-0.1352401608489008,5
SEINVE,2026-06-29,2026-06-30,350.0,60.647282,59.5188698,-394.94426999999985,-1.8606146273793422,-0.26580208962562046,0.07,-0.5396482566193073,-2.551280039227477,-0.07709260808847244,-0.36446857703249663,1
SEINVE,2026-06-29,2026-06-30,150.0,60.241165800000005,59.5188698,-108.34440000000107,-1.1990073405916846,-0.17128676294166914,0.07,0.13086433330611325,-1.8943288776791967,0.01869490475801618,-0.2706184110970281,1
DIAPOW,2026-05-26,2026-06-30,50.0,206.29163,209.218265,146.33175000000023,1.4186881939902252,0.20266974199860405,0.07,4.386203162968849,-11.295480092915057,0.6266004518526926,-1.6136400132735793,35
DIAPOW,2026-06-04,2026-06-30,50.0,196.555018,209.218265,633.1623500000006,6.442596647418086,0.920370949631155,0.07,9.557111383439732,-1.9663797135924477,1.3653016262056759,-0.28091138765606394,26
INOIND,2026-06-17,2026-06-30,8.0,1886.1030066666667,1959.1758699999998,584.5829066666647,3.874277442697882,0.5534682060996966,0.07,8.207239625099172,-3.907687247523284,1.172462803585596,-0.5582410353604691,13
INOIND,2026-06-19,2026-06-30,2.0,1891.829842857143,1959.1758699999998,134.69205428571377,3.5598353307053854,0.5085479043864846,0.07,7.879681024469054,-1.217331619125006,1.1256687177812934,-0.17390451701785797,11
DATPAT,2026-06-17,2026-06-30,2.0,4552.984075,4489.637633333333,-126.69288333333498,-1.391317004917647,-0.19875957213109258,0.07,6.879354722979114,-1.7765068725833388,0.9827649604255877,-0.2537866960833341,13
DATPAT,2026-06-17,2026-06-30,1.0,4581.73894,4489.637633333333,-92.10130666666737,-2.010182331921939,-0.28716890456027644,0.07,6.20858289232864,-2.39295475878859,0.8869404131898055,-0.34185067982694145,13
CLEMAX,2026-06-17,2026-07-01,20.0,1323.8665911111111,1307.259485,-332.1421222222216,-1.2544395502248396,-0.17920565003211927,0.07,12.851250271834203,-1.7650261187949212,1.8358928959763143,-0.2521465883992744,14
CLEMAX,2026-06-17,2026-07-01,20.0,1323.8665911111111,1306.5607914285713,-346.11599365079655,-1.3072162858959402,-0.18674518369941964,0.07,12.851250271834203,-1.7650261187949212,1.8358928959763143,-0.2521465883992744,14
CLEMAX,2026-06-17,2026-07-01,15.0,1370.7140399999998,1306.5607914285713,-962.2987285714282,-4.680279525803099,-0.6686113608290146,0.07,8.994287386156795,-5.122442606628574,1.284898198022399,-0.7317775152326533,14
HIMCHE,2026-06-05,2026-07-01,5.0,658.137345,656.8751359999999,-6.31104500000049,-0.19178504450314549,-0.02739786350044996,0.07,6.527916296863534,-2.8698181532306077,0.9325594709805047,-0.4099740218900868,26
HIMCHE,2026-06-10,2026-07-01,20.0,683.802675,656.8751359999999,-538.5507800000028,-3.9379107430371096,-0.5625586775767301,0.07,2.529578434304902,-6.515428592027661,0.36136834775784316,-0.9307755131468087,21
HIMCHE,2026-06-16,2026-07-01,20.0,684.32515,657.2231266666666,-542.0404666666673,-3.9604014748447214,-0.5657716392635318,0.07,2.4512981877109263,-6.586803071610037,0.35018545538727514,-0.9409718673728623,15
HIMCHE,2026-06-18,2026-07-01,10.0,705.1556866666667,657.2231266666666,-479.3256000000008,-6.7974435867604655,-0.9710633695372096,0.07,-2.1067243656349044,-9.346260395092143,-0.3009606236621291,-1.3351800564417347,13
HIMCHE,2026-06-18,2026-07-01,20.0,705.1556866666667,657.173125,-959.651233333334,-6.804534455856759,-0.9720763508366804,0.07,-2.1067243656349044,-9.346260395092143,-0.3009606236621291,-1.3351800564417347,13
HIMCHE,2026-06-30,2026-07-01,25.0,689.6858199999999,657.173128,-812.8172999999975,-4.714130848739195,-0.6734472641055999,0.07,-1.5203763359959876,-6.399409516640486,-0.2171966194279982,-0.9142013595200693,1
LARTOU,2026-06-25,2026-07-01,3.0,4212.3421625,4081.8791125,-391.3891500000009,-3.0971617443956934,-0.44245167777081335,0.07,0.09633209609902771,-2.84265042773576,0.013761728014146813,-0.4060929182479657,6
LARTOU,2026-06-25,2026-07-01,5.0,4269.0070399999995,4081.8791125,-935.6396374999986,-4.3834063927896345,-0.6262009132556626,0.07,-1.2323015517913039,-4.13227334476356,-0.1760430788273291,-0.5903247635376513,6
ADAENT,2026-06-24,2026-07-02,10.0,3051.33154,3162.79555,1114.640099999997,3.652962929095538,0.5218518470136468,0.07,4.134865659337694,-2.911238547352346,0.5906950941910991,-0.41589122105033516,8
NITSPI,2026-06-04,2026-07-02,40.0,537.2074949999999,554.16515,678.3062000000064,3.1566303817113006,0.4509471973873272,0.07,6.476548693722184,-2.439931520315042,0.925221241960312,-0.34856164575929166,28
NITSPI,2026-06-24,2026-07-02,30.0,563.1314833333333,554.3280633333333,-264.1026000000022,-1.5632974288509294,-0.22332820412156068,0.07,1.5748571921732069,-2.260836715782988,0.22497959888188668,-0.322976673683284,8
SUPLIF,2026-07-02,2026-07-02,15.0,1034.15544,1002.6315400000001,-472.8584999999987,-3.0482748318763297,-0.43546783312518983,0.07,-3.7862238581851893,-3.7862238581851893,-0.5408891225978841,-0.5408891225978841,0
AVATE,2026-06-23,2026-07-02,2.0,1762.68937,1801.63635,77.89395999999988,2.209520330856707,0.3156457615509576,0.07,2.224477589037721,-0.8163304462430632,0.3177825127196744,-0.11661863517758043,9
AVATE,2026-06-24,2026-07-02,8.0,1783.191425,1801.63635,147.5594000000001,1.034377170134726,0.14776816716210303,0.07,1.0491624588201631,-1.9566842073615254,0.1498803512600233,-0.2795263153373608,8
AVATE,2026-06-24,2026-07-02,4.0,1797.5668833333332,1801.63635,16.27786666666725,0.22638749658763224,0.03234107094109155,0.07,0.24105454472056476,-2.7407538373189655,0.03443636353150925,-0.39153626247413786,8
AVATE,2026-06-24,2026-07-02,2.0,1797.5668833333332,1801.6365375,8.139308333333702,0.22639792735390518,0.03234256105055783,0.07,0.24105454472056476,-2.7407538373189655,0.03443636353150925,-0.39153626247413786,8
AVATE,2026-06-29,2026-07-02,6.0,1799.0695249999999,1801.6365375,15.402075000000877,0.14268556408347788,0.020383652011925015,0.07,0.15732993976429466,-0.7987198271284024,0.022475705680613522,-0.11410283244691462,3
WOCKHA,2026-07-01,2026-07-02,14.0,1992.1030214285715,1896.7905642857143,-1334.374400000002,-4.7845144612303825,-0.6835020658900539,0.07,-1.4759789585322758,-2.1134961884842096,-0.21085413693318225,-0.30192802692631565,1
KGKHOS,2026-05-19,2026-07-02,20.0,1575.1648300000002,1865.417755,5805.058499999996,18.42682870211112,2.6324041003015877,0.07,32.77975486540032,-1.3880979046491437,4.682822123628617,-0.1982997006641634,44
KGKHOS,2026-06-09,2026-07-02,10.0,1646.7090899999998,1864.5177899999999,2178.0870000000004,13.226908220929289,1.889558317275614,0.07,27.010897838670477,-4.360763563890924,3.858699691238639,-0.622966223412989,23
KGKHOS,2026-06-17,2026-07-02,10.0,1716.9503100000002,1865.41775,1484.674399999999,8.647159975177132,1.235308567882449,0.07,21.81482409936486,6.467845304154429,3.116403442766408,0.9239779005934897,15
DIAPOW,2026-06-18,2026-07-03,75.0,205.81357733333334,203.69010555555556,-159.26038333333352,-1.0317452353197476,-0.1473921764742489,0.07,2.1749889995919425,-3.3640041745739646,0.3107127142274203,-0.4805720249391377,15
DIAPOW,2026-06-24,2026-07-03,33.0,205.39679800000002,203.69010555555556,-56.32085066666707,-0.8309245621465178,-0.11870350887807318,0.07,2.382316592880862,-3.167915986694214,0.34033094184012314,-0.45255942667060195,9
DIAPOW,2026-06-24,2026-07-03,67.0,205.39679800000002,202.75755999999998,-176.8289460000023,-1.284946029197609,-0.18356371845680128,0.07,2.382316592880862,-3.167915986694214,0.34033094184012314,-0.45255942667060195,9
DIAPOW,2026-06-29,2026-07-03,8.0,210.72342592592594,202.75755999999998,-63.72692740740763,-3.780246971082435,-0.5400352815832049,0.07,-0.20568473771791496,-5.615619561009632,-0.029383533959702134,-0.8022313658585187,4
DEEDEV,2026-06-30,2026-07-03,25.0,663.3313880000001,698.8254039999999,887.3503999999969,5.350872375724203,0.7644103393891706,0.07,6.929961830782516,-3.004740671189232,0.9899945472546451,-0.4292486673127474,3
THERMA,2026-06-29,2026-07-03,10.0,4980.66457,4708.70945,-2719.5511999999962,-5.4602175307701835,-0.7800310758243125,0.07,3.590593734763403,-7.492264631665401,0.5129419621090575,-1.070323518809343,4
BHEL,2026-06-25,2026-07-03,15.0,406.54872,392.766726,-206.72990999999996,-3.3899981286375724,-0.48428544694822434,0.07,1.857410841190199,-5.644765035787092,0.2653444058843141,-0.8063950051124417,8
BHEL,2026-06-29,2026-07-03,35.0,402.359144,392.766726,-335.7346300000003,-2.384043743765396,-0.34057767768077113,0.07,2.918004020805842,-4.662288475293108,0.41685771725797743,-0.6660412107561583,4
BHEL,2026-06-29,2026-07-03,15.0,402.359144,392.81672480000003,-143.13628799999975,-2.371617332996412,-0.3388024761423442,0.07,2.918004020805842,-4.662288475293108,0.41685771725797743,-0.6660412107561583,4
BHEL,2026-06-29,2026-07-03,110.0,410.42365466666666,392.81672480000003,-1936.7622853333296,-4.289940325434316,-0.6128486179191887,0.07,0.8957440175613618,-6.535601533116308,0.12796343108019453,-0.9336573618737584,4
RASPER,2026-07-01,2026-07-03,30.0,790.1863333333333,767.1176366666666,-692.0609000000013,-2.919399601528594,-0.41705708593265567,0.07,0.8875965542304742,-4.079586291672122,0.1267995077472106,-0.582798041667446,2
WHEIND,2026-06-04,2026-07-03,15.0,1536.8886200000002,1474.3471733333333,-938.1217000000026,-4.069354529195934,-0.5813363613137044,0.07,16.208811540292345,-3.682024791100358,2.315544505756049,-0.5260035415857653,29
WHEIND,2026-06-25,2026-07-03,8.0,1664.7439125,1474.246925,-1523.9759000000013,-11.443020519229574,-1.6347172170327955,0.07,7.283768187378792,-10.400633466800569,1.0405383124826844,-1.4858047809715094,8
MOTSUM,2026-05-27,2026-07-03,50.0,141.53441133333334,146.83671485714285,265.11517619047567,3.7462999095830174,0.5351857013690015,0.07,7.189480332596809,-1.7836025243274656,1.0270686189424012,-0.2548003606182093,37
MOTSUM,2026-06-19,2026-07-03,100.0,145.582505,146.83671485714285,125.4209857142854,0.8615113863735591,0.12307305519622251,0.07,4.208950107020071,-1.3549052477150214,0.6012785867171528,-0.1935578925307173,14
MOTSUM,2026-06-22,2026-07-03,25.0,145.88185655172416,146.83671485714285,23.871457635467408,0.6545421946149599,0.09350602780213646,0.07,3.995111925525441,-1.5573263224262779,0.5707302750750629,-0.22247518891803966,11
ASIOIL,2026-06-03,2026-07-06,10.0,353.66058599999997,326.88975066666666,-267.7083533333331,-7.569640608278949,-1.0813772297541362,0.07,8.522129746174212,-7.524328990395313,1.2174471065963157,-1.0749041414850447,33
ASIOIL,2026-06-05,2026-07-06,40.0,374.74960500000003,326.88975066666666,-1914.394173333335,-12.771155378091292,-1.8244507682987556,0.07,2.4150512446837524,-12.728393669687799,0.34500732066910744,-1.8183419528125424,31
ASIOIL,2026-06-05,2026-07-06,25.0,385.20978799999995,326.88975066666666,-1458.0009333333323,-15.139811902529665,-2.1628302717899524,0.07,-0.3659792777643389,-15.098211367360149,-0.05228275396633413,-2.1568873381943066,31
TEJNET,2026-06-04,2026-07-06,10.0,577.20976,581.414732,42.04971999999998,0.7284998091508399,0.10407140130726227,0.07,9.552894601089235,-6.351202377451138,1.3646992287270336,-0.9073146253501623,32
TEJNET,2026-06-17,2026-07-06,15.0,604.214316,581.414732,-341.99376000000143,-3.7734266461836197,-0.5390609494548027,0.07,4.656573545999865,-5.66261260185038,0.6652247922856949,-0.8089446574071971,19
ONTECH,2026-06-17,2026-07-06,60.0,278.759985,319.65819666666664,2453.8927000000003,14.671478643775448,2.095925520539351,0.07,15.134889248899919,-2.460893015186527,2.1621270355571314,-0.35155614502664667,19
SHIBIM,2026-06-10,2026-07-06,15.0,721.24915,754.35938,496.65345,4.590678547073512,0.6558112210105006,0.07,10.093717268158997,-7.334379527518331,1.4419596097369993,-1.04776850393119,26
SHIBIM,2026-06-16,2026-07-06,15.0,742.8728333333333,753.94006,166.00840000000005,1.4897875073728306,0.21282678676754876,0.07,6.889088464445559,-1.8539960966850066,0.984155494920794,-0.2648565852407152,20
SHIBIM,2026-06-23,2026-07-06,5.0,779.36666,753.94006,-127.13300000000004,-3.2624695544456572,-0.46606707920652257,0.07,1.8840092543861209,-5.121679184993622,0.26914417919801725,-0.7316684549990888,13
SHIBIM,2026-06-23,2026-07-06,10.0,779.36666,752.4481066666667,-269.18553333333307,-3.453901060295972,-0.4934144371851389,0.07,1.8840092543861209,-5.121679184993622,0.26914417919801725,-0.7316684549990888,13
SHIBIM,2026-06-30,2026-07-06,5.0,760.2280533333334,752.4481066666667,-38.8997333333333,-1.0233701101339698,-0.14619573001913838,0.07,4.4489211518003335,-2.733134253889846,0.6355601645429048,-0.3904477505556923,6
PARDEF,2026-06-30,2026-07-06,6.0,1260.0318666666667,1335.1026666666667,450.4247999999998,5.957849320001318,0.8511213314287601,0.07,7.806797267243715,1.4180699556910703,1.1152567524633876,0.20258142224158146,6
SCI,2026-06-22,2026-07-06,20.0,323.649339,291.954927,-633.88824,-9.792824573017278,-1.3989749390024686,0.07,-0.1697327736547516,-9.238189422039877,-0.02424753909353594,-1.3197413460056966,14
SCI,2026-06-24,2026-07-06,80.0,330.0631925,291.954927,-3048.6612400000013,-11.545748319088933,-1.6493926170127042,0.07,-2.1096543505074394,-11.001890948503757,-0.30137919292963417,-1.5716987069291077,12
AEQLIM,2026-06-11,2026-07-06,25.0,182.917587,231.263066,1208.6369750000003,26.430197223189932,3.7757424604557026,0.07,30.960616706582744,-3.6998011569002287,4.4229452437975345,-0.5285430224143183,25
AEQLIM,2026-06-18,2026-07-06,25.0,209.941842,231.263066,533.0306,10.155776379250781,1.4508251970358261,0.07,14.103028590174983,-3.273212207026366,2.014718370024997,-0.46760174386090936,18
SHIBIM,2026-06-30,2026-07-06,10.0,760.2280533333334,735.76015,-244.67903333333425,-3.218495190495829,-0.4597850272136903,0.07,4.4489211518003335,-2.733134253889846,0.6355601645429048,-0.3904477505556923,6
SHIBIM,2026-07-03,2026-07-06,10.0,785.678355,735.76015,-499.1820500000006,-6.353516637224921,-0.907645233889274,0.07,1.0655308176333644,-5.883877887917633,0.15221868823333776,-0.8405539839882331,3
INOIND,2026-06-19,2026-07-06,5.0,1891.829842857143,1858.0383266666665,-168.95758095238193,-1.7861815806564652,-0.25516879723663743,0.07,7.879681024469054,-1.217331619125006,1.1256687177812934,-0.17390451701785797,17
INOIND,2026-06-30,2026-07-06,10.0,1950.1118099999999,1858.0383266666665,-920.7348333333334,-4.721446373545801,-0.6744923390779712,0.07,0.42501101513765516,-4.056783287723375,0.0607158593053793,-0.5795404696747678,6
BANMAH,2026-05-19,2026-07-07,150.0,78.5278044,85.480352,1042.8821400000004,8.853612619277573,1.2648018027539378,0.07,19.511809501196243,-1.1305605788718531,2.7874013573137484,-0.16150865412455043,49
BANMAH,2026-05-19,2026-07-07,100.0,78.5278044,85.720144,719.2339600000012,9.15897197808324,1.3084245682976046,0.07,19.511809501196243,-1.1305605788718531,2.7874013573137484,-0.16150865412455043,49
BANMAH,2026-06-12,2026-07-07,50.0,86.30346333333334,85.720144,-29.165966666666776,-0.6758933081055574,-0.09655618687222282,0.07,8.744187515997325,-3.607576351030184,1.2491696451424747,-0.515368050147169,25
RRKAB,2026-06-01,2026-07-07,6.0,2110.7169000000004,2253.7904200000003,858.4411199999995,6.77843248424268,0.9683474977489528,0.07,18.552137427809477,-4.117885255005083,2.6503053468299247,-0.5882693221435833,36
RRKAB,2026-06-03,2026-07-07,4.0,2101.52315,2253.7904200000003,609.0690800000011,7.245567102127826,1.0350810145896885,0.07,19.070779686628736,1.2646470251826525,2.724397098089819,0.1806638607403789,34
RRKAB,2026-06-03,2026-07-07,2.0,2101.52315,2255.2883666666667,307.53043333333335,7.316846196372695,1.0452637423389566,0.07,19.070779686628736,1.2646470251826525,2.724397098089819,0.1806638607403789,34
RRKAB,2026-06-17,2026-07-07,4.0,2267.55573,2255.2883666666667,-49.06945333333351,-0.5409950093413274,-0.07728500133447579,0.07,10.35230432903187,-3.3981846170546004,1.4789006184331241,-0.4854549452935143,20
RRKAB,2026-06-17,2026-07-07,6.0,2267.55573,2260.7848666666664,-40.62518000000182,-0.2985974388084234,-0.04265677697263183,0.07,10.35230432903187,-3.3981846170546004,1.4789006184331241,-0.4854549452935143,20
BHACOK,2026-06-24,2026-07-07,500.0,41.8440838,37.6922228,-2075.9304999999986,-9.922217486812313,-1.417459640973187,0.07,-0.15314900980099022,-9.234480598186746,-0.021878429971570027,-1.319211514026678,13
DATPAT,2026-06-17,2026-07-07,4.0,4581.73894,4481.380542857143,-401.4335885714281,-2.1903997250191876,-0.31291424643131244,0.07,6.20858289232864,-4.034252986050757,0.8869404131898055,-0.5763218551501081,20
DATPAT,2026-06-22,2026-07-07,3.0,4870.73038,4481.380542857143,-1168.0495114285704,-7.993664333004135,-1.1419520475720193,0.07,-0.09301233380937246,-9.728117613440968,-0.013287476258481779,-1.389731087634424,15
INOIND,2026-07-02,2026-07-07,15.0,1914.8479133333335,1794.0510199999999,-1811.9534000000044,-6.308432773809825,-0.9012046819728325,0.07,-0.4098452560481469,-5.663526203736424,-0.05854932229259241,-0.8090751719623462,5
PREEXP,2026-06-29,2026-07-07,30.0,781.15171,698.903204,-2467.455180000001,-10.529133450914419,-1.5041619215592033,0.07,3.501021587727182,-11.636882930205704,0.5001459411038832,-1.6624118471722433,8
PREEXP,2026-06-29,2026-07-07,20.0,789.4134799999999,698.903204,-1810.2055199999995,-11.465509304452215,-1.6379299006360297,0.07,2.417810245652263,-12.56166540252137,0.345401463664609,-1.7945236289316244,8
ARVLIM,2026-06-11,2026-07-07,25.0,504.9040033333333,535.6499866666667,768.6495833333339,6.089471093584331,0.8699244419406174,0.07,16.279529598501053,-2.308162196456076,2.32564708550015,-0.32973745663658227,26
ARVLIM,2026-06-18,2026-07-07,5.0,512.0288633333333,535.6499866666667,118.10561666666672,4.613240585610479,0.6590343693729254,0.07,14.661504856962537,-0.6794271929683293,2.0945006938517907,-0.09706102756690417,19
ARVLIM,2026-06-18,2026-07-07,25.0,512.0288633333333,535.9366433333333,597.6945000000001,4.669225059766968,0.6670321513952823,0.07,14.661504856962537,-0.6794271929683293,2.0945006938517907,-0.09706102756690417,19
ARVLIM,2026-06-19,2026-07-07,5.0,520.04512,535.9366433333333,79.4576166666667,3.055797030329477,0.43654243290421024,0.07,12.894050423932457,-2.210408204580405,1.8420072034189223,-0.3157726006543436,18
RAYREA,2026-06-24,2026-07-07,15.0,653.06186,669.8993866666666,252.56289999999865,2.5782437618798504,0.36832053741140836,0.07,7.616145276038622,-5.185092266757085,1.088020753719803,-0.7407274666795834,13
DATPAT,2026-06-22,2026-07-07,2.0,4870.73038,4416.770894117647,-907.9189717647059,-9.32015222493906,-1.3314503178484378,0.07,-0.09301233380937246,-9.728117613440968,-0.013287476258481779,-1.389731087634424,15
DATPAT,2026-06-23,2026-07-07,5.0,4882.13074,4416.770894117647,-2326.799229411763,-9.531900530020476,-1.3617000757172109,0.07,-1.0473037844127786,-9.93891327047911,-0.14961482634468265,-1.419844752925587,14
DATPAT,2026-06-30,2026-07-07,3.0,4495.8725,4416.770894117647,-237.3048176470602,-1.7594272498242192,-0.2513467499748885,0.07,3.577225555217578,-2.201408069290234,0.5110322221739396,-0.31448686704146195,7
DATPAT,2026-07-02,2026-07-07,7.0,4636.4767,4416.770894117647,-1537.9406411764721,-4.738637118188327,-0.6769481597411893,0.07,0.4361781867683989,-5.167214579122126,0.062311169538342696,-0.7381735113031608,5
WOCKHA,2026-07-02,2026-07-07,14.0,1954.593385714286,1873.7019214285715,-1132.4805000000015,-4.138531567585013,-0.5912187953692873,0.07,-0.2350046688921581,-4.972562908718093,-0.03357209555602258,-0.7103661298168703,5
GENOVE,2026-07-01,2026-07-07,100.0,310.228313,309.37287499999996,-85.54380000000492,-0.27574465777404633,-0.03939209396772099,0.07,3.6172349620455124,-0.7505159595152855,0.5167478517207874,-0.10721656564504077,6
BHAFOR,2026-05-20,2026-07-07,7.0,1891.3008399999999,2099.1819,1455.1674200000011,10.991432753765395,1.5702046791093431,0.07,14.783431281085901,-0.1639527638553684,2.111918754440843,-0.02342182340790977,48
BHAFOR,2026-05-20,2026-07-07,3.0,1891.3008399999999,2099.6793000000002,625.1353800000011,11.017732112887991,1.5739617304125704,0.07,14.783431281085901,-0.1639527638553684,2.111918754440843,-0.02342182340790977,48
BHAFOR,2026-06-19,2026-07-07,2.0,2033.48632,2099.6793000000002,132.38596000000052,3.2551475438497235,0.46502107769281853,0.07,6.7575414030815795,0.38916809629681026,0.9653630575830827,0.05559544232811575,18
BHAFOR,2026-06-19,2026-07-07,3.0,2033.48632,2099.48133,197.98503000000028,3.2454120468339287,0.46363029240484804,0.07,6.7575414030815795,0.38916809629681026,0.9653630575830827,0.05559544232811575,18
BHAFOR,2026-07-02,2026-07-07,7.0,2154.1295714285716,2099.48133,-382.53769000000057,-2.5369059574410824,-0.36241513677729753,0.07,-0.2427695853552292,-1.9743274495956586,-0.03468136933646131,-0.28204677851366544,5
AVATE,2026-06-29,2026-07-07,2.0,1799.0695249999999,1638.104225,-321.9305999999997,-8.947141717605378,-1.2781631025150535,0.07,0.15732993976429466,-8.847324841434345,0.022475705680613522,-1.263903548776335,8
AVATE,2026-06-29,2026-07-07,14.0,1797.47615,1638.104225,-2231.206949999999,-8.8664277965524,-1.2666325423646285,0.07,0.24611453119975923,-8.7665224375856,0.03515921874282275,-1.252360348226514,8
AVATE,2026-06-30,2026-07-07,8.0,1819.5563125,1638.104225,-1451.6167000000005,-9.972326014504706,-1.4246180020721009,0.07,-0.9703636198948318,-9.87363299864895,-0.13862337427069024,-1.410518999806993,7
ANARAT,2026-06-03,2026-07-07,12.0,3391.8156333333336,2022.4241000000002,-16432.6984,-40.37340708839039,-5.767629584055769,0.07,-38.21892972582855,-48.97423129395919,-5.459847103689793,-6.996318756279884,34
ANARAT,2026-06-19,2026-07-07,10.0,1835.68907,2023.15176,1874.6269000000007,10.212115606266604,1.4588736580380846,0.07,14.153319004072952,1.7329149320478354,2.021902714867564,0.24755927600683364,18
SAILIF,2026-05-15,2026-07-07,15.0,1010.93958,1220.820428,3148.2127200000004,20.760968523954727,2.9658526462792447,0.07,24.369450447275987,7.909515225430197,3.481350063896569,1.129930746490028,53
SAILIF,2026-06-03,2026-07-07,10.0,1146.24325,1220.820428,745.77178,6.5062261435345325,0.9294608776477916,0.07,9.68875934492961,-0.7453260902517855,1.384108477847087,-0.10647515575025507,34
BLIGVS,2026-06-16,2026-07-07,5.0,447.588415,504.06399250000004,282.3778875000002,12.617747825309555,1.8025354036156518,0.07,20.557186449966537,0.9632923586728515,2.9367409214237905,0.13761319409612163,21
BLIGVS,2026-06-17,2026-07-07,25.0,472.19894,504.06399250000004,796.6263125000012,6.748226181956274,0.9640323117080406,0.07,14.273869399198569,-2.562254798793062,2.03912419988551,-0.3660363998275803,20
BLIGVS,2026-06-23,2026-07-07,10.0,468.8116125,504.06399250000004,352.52380000000016,7.51951936770765,1.0742170525296635,0.07,15.099537983394118,-1.858233087176353,2.1570768547705885,-0.2654618695966219,14
SYRTEC,2026-06-19,2026-07-07,15.0,1335.8876266666666,1355.7082733333332,297.30969999999843,1.4837061344840308,0.21195801921200547,0.07,7.830926138178573,-0.14130130626156534,1.1187037340255104,-0.020185900894509334,18
SYRTEC,2026-06-23,2026-07-07,10.0,1398.50933,1356.66791,-418.414200000002,-2.9918584812015703,-0.4274083544573665,0.07,3.002530558734273,-3.0396171901119984,0.428932936962039,-0.43423102715885686,14
AEQLIM,2026-06-18,2026-07-07,25.0,209.941842,240.26088166666665,757.975991666666,14.441637444843725,2.0630910635491024,0.07,15.474837074164572,-3.273212207026366,2.2106910105949384,-0.46760174386090936,19
AEQLIM,2026-06-25,2026-07-07,35.0,238.04581066666665,240.26088166666665,77.52748499999981,0.9305229921066527,0.13293185601523552,0.07,1.841741856769108,-3.8210337082568713,0.26310597953844395,-0.5458619583224101,12
AEQLIM,2026-06-25,2026-07-08,40.0,238.04581066666665,264.9200866666667,1074.9710400000015,11.289539574225827,1.6127913677465477,0.07,7.601137479655318,-3.8210337082568713,1.0858767828079026,-0.5458619583224101,13
AEQLIM,2026-06-29,2026-07-08,20.0,231.49438933333334,264.9200866666667,668.5139466666669,14.439096096278604,2.062728013754087,0.07,10.64631014930515,-0.4554707940740199,1.5209014499007354,-0.06506725629628855,9
DIAPOW,2026-06-29,2026-07-08,50.0,210.72342592592594,233.12440800000002,1120.049103703704,10.630513420918163,1.5186447744168787,0.07,9.778966901059082,-5.615619561009632,1.3969952715798686,-0.8022313658585187,9
GLAPH,2026-06-05,2026-07-08,5.0,2288.5990666666667,2477.33342,943.6717666666664,8.246719841943474,1.178102834563354,0.07,11.421875379599044,-4.802023572732395,1.6316964827998632,-0.6860033675331992,33
GLAPH,2026-06-11,2026-07-08,5.0,2314.84738,2477.33342,812.4301999999989,7.01929817939011,1.0027568827700162,0.07,10.158450273296204,-5.881484074341015,1.4512071818994574,-0.8402120106201447,27
AZAENG,2026-07-03,2026-07-08,6.0,2113.66754,2238.82055,750.91806,5.921130340110148,0.8458757628728796,0.07,7.647014345501102,1.6763497252741955,1.0924306207858716,0.2394785321820279,5
AZAENG,2026-07-03,2026-07-08,9.0,2113.66754,2238.3402466666666,1122.0543600000005,5.898406646613252,0.8426295209447496,0.07,7.647014345501102,1.6763497252741955,1.0924306207858716,0.2394785321820279,5
AZAENG,2026-07-06,2026-07-08,6.0,2202.42635,2238.3402466666666,215.48337999999876,1.6306514252640625,0.23295020360915297,0.07,3.308789417634772,1.2247242683052662,0.4726842025192531,0.17496060975789512,2
WHEIND,2026-07-07,2026-07-08,15.0,1485.4856666666667,1435.74574,-746.0988999999995,-3.3483949244882183,-0.47834213206974535,0.07,1.9397247634163062,-3.4255239083424427,0.27710353763090084,-0.4893605583346346,1
BAJCOR,2026-06-19,2026-07-08,35.0,625.758616,618.4275342857143,-256.58785999999907,-1.171551062476417,-0.1673644374966302,0.07,-0.0812799036234102,-7.560202095563307,-0.011611414803344313,-1.080028870794758,19
MOTSUM,2026-06-22,2026-07-08,120.0,145.88185655172416,140.34799822784808,-664.062998865129,-3.7933835328685883,-0.5419119332669406,0.07,3.995111925525441,-3.586365484640741,0.5707302750750629,-0.5123379263772487,16
MOTSUM,2026-06-25,2026-07-08,100.0,147.496366,140.34799822784808,-714.8367772151914,-4.846470435855965,-0.6923529194079955,0.07,2.856771400049274,-4.6417184271509315,0.40811020000703907,-0.663102632450133,13
MOTSUM,2026-07-03,2026-07-08,175.0,149.5617114285714,140.34799822784808,-1612.3998101265834,-6.160475908383589,-0.8800679869119419,0.07,-2.1808465531829357,-5.958551385544631,-0.3115495075975622,-0.8512216265063758,5
GOOLUC,2026-07-08,2026-07-08,25.0,1494.22416,1456.25662,-949.1884999999968,-2.5409534269610456,-0.3629933467087205,0.07,-2.718746028039065,-2.718746028039065,-0.38839228971986645,-0.38839228971986645,0
CADHEA,2026-06-04,2026-07-08,5.0,1100.0103,1152.548395,262.69047500000056,4.776145732453596,0.6823065332076581,0.07,4.817200348033124,-3.509994406415995,0.6881714782904462,-0.5014277723451421,34
CADHEA,2026-06-09,2026-07-08,15.0,1104.16566,1152.548395,725.7410250000021,4.381836598685762,0.6259766569551081,0.07,4.422736711446018,-3.873119908474587,0.631819530206574,-0.5533028440677982,29
DIAPOW,2026-06-29,2026-07-08,50.0,210.72342592592594,229.032325,915.4449537037024,8.688592164646213,1.2412274520923146,0.07,9.778966901059082,-5.615619561009632,1.3969952715798686,-0.8022313658585187,9
DIAPOW,2026-06-30,2026-07-08,50.0,214.632203,229.032325,720.0060999999992,6.70920849654606,0.9584583566494366,0.07,7.779725859683784,-7.334501896716783,1.1113894085262548,-1.0477859852452545,8
BLIGVS,2026-06-23,2026-07-08,30.0,468.8116125,500.43878666666666,948.815224999999,6.746243762608728,0.9637491089441034,0.07,15.099537983394118,-1.858233087176353,2.1570768547705885,-0.2654618695966219,15
SHRTRA,2026-06-24,2026-07-08,25.0,1028.51694,1011.111888,-435.1262999999989,-1.6922474801435938,-0.24174964002051277,0.07,3.722161348164077,-1.3725529887723575,0.5317373354520109,-0.19607899839605106,14
OBEREA,2026-06-24,2026-07-08,20.0,1759.535665,1866.8147099999999,2145.5808999999954,6.097008837840168,0.8710012625485952,0.07,11.017925857160726,-0.5874086672747247,1.573989408165818,-0.08391552389638925,14
LLOST,2026-06-29,2026-07-08,200.0,85.57195750000001,82.0468445,-705.0226000000009,-4.119472199756569,-0.5884960285366523,0.07,5.618712765802969,-4.489738942807298,0.802673252257567,-0.6413912775438997,9
SHIBIM,2026-07-03,2026-07-08,10.0,785.678355,693.0559900000001,-926.2236499999995,-11.788840103657938,-1.684120014808276,0.07,1.0655308176333644,-11.439586495926834,0.15221868823333776,-1.634226642275262,5
SHIBIM,2026-07-06,2026-07-08,20.0,757.3135,693.0559900000001,-1285.1501999999982,-8.484928632594023,-1.2121326617991455,0.07,-2.358798568888565,-8.122593879549223,-0.3369712241269378,-1.1603705542213174,2
LTFINA,2026-06-24,2026-07-08,100.0,297.74832,316.409251,1866.0931000000005,6.267350559694185,0.895335794242025,0.07,12.712642677547281,-0.40246070909819576,1.8160918110781827,-0.05749438701402796,14
UNICAB,2026-06-24,2026-07-08,15.0,1262.5372733333331,1081.7803133333334,-2711.3543999999956,-14.316960284488689,-2.045280040641241,0.07,2.4286591227292265,-14.355003781776132,0.3469513032470323,-2.050714825968019,14
BHEL,2026-06-29,2026-07-08,40.0,410.42365466666666,376.73836777777774,-1347.411475555557,-8.207442847378543,-1.172491835339791,0.07,0.8957440175613618,-8.277703850734197,0.12796343108019453,-1.1825291215334566,9
BHEL,2026-07-01,2026-07-08,50.0,419.69327599999997,376.73836777777774,-2147.7454111111115,-10.234833550733901,-1.4621190786762714,0.07,-1.3684460362905604,-10.303542723424519,-0.19549229089865147,-1.4719346747749311,7
LLOMET,2026-07-02,2026-07-08,15.0,1817.4521666666667,1734.3622466666668,-1246.3487999999984,-4.571780293529959,-0.6531114705042794,0.07,-0.30549176305694203,-5.042892921620224,-0.043641680436706,-0.7204132745171747,6
GOLINT,2026-06-02,2026-07-08,5.0,439.28273,420.2389866666667,-95.2187166666667,-4.335190535110122,-0.6193129335871598,0.07,13.82191146007492,-6.5863572647165025,1.9745587800107027,-0.9409081806737861,36
GOLINT,2026-06-12,2026-07-08,25.0,454.64338666666663,420.2389866666667,-860.1099999999988,-7.5673376120665825,-1.0810482302952253,0.07,9.976305531655672,-6.5091426675395025,1.4251865045222387,-0.9298775239342146,26
BHAFOR,2026-07-08,2026-07-08,15.0,2134.5936533333334,2087.121146666667,-712.0875999999976,-2.2239598900959168,-0.3177085557279887,0.07,-1.5971964162871721,-1.5971964162871721,-0.22817091661245312,-0.22817091661245312,0
VARTEX,2026-06-02,2026-07-08,25.0,615.23613,624.034984,219.97135000000014,1.4301588562427359,0.204308408034675,0.07,8.29175458209843,-0.29031617502697227,1.1845363688712043,-0.04147373928956746,36
VARTEX,2026-06-02,2026-07-08,5.0,615.23613,624.0351800000001,43.9952500000004,1.4301907139296466,0.2043129591328055,0.07,8.29175458209843,-0.29031617502697227,1.1845363688712043,-0.04147373928956746,36
VARTEX,2026-06-04,2026-07-08,15.0,635.086095,624.0351800000001,-165.76372499999877,-1.7400656520435875,-0.24858080743479843,0.07,4.907036265689291,-3.4067971524396112,0.7010051808127558,-0.48668530749137295,34
AEQLIM,2026-06-29,2026-07-08,50.0,231.49438933333334,254.938502,1172.2056333333328,10.12729195475619,1.4467559935365994,0.07,10.64631014930515,-0.4554707940740199,1.5209014499007354,-0.06506725629628855,9
IOLCHE,2026-06-25,2026-07-08,75.0,136.350421,165.39114800000002,2178.0545250000005,21.298597237187856,3.0426567481696924,0.07,22.559210873283632,-1.9731666248394064,3.22274441046909,-0.28188094640562944,13
FEDBAN,2026-06-05,2026-07-08,60.0,304.5619666666667,323.8453816666667,1157.0048999999995,6.331524323621496,0.9045034748030705,0.07,8.86126184063909,-0.13526530287927274,1.2658945486627269,-0.01932361469703896,33
SCHBAN,2026-07-06,2026-07-08,40.0,493.49161200000003,477.42111000000006,-642.820079999999,-3.2564893929747263,-0.46521277042496034,0.07,1.764647622825244,-2.612326468479065,0.2520925175464634,-0.3731894954970092,2
PARDEF,2026-06-30,2026-07-09,9.0,1260.0318666666667,1231.4037457142856,-257.65308857142986,-2.2720156298995042,-0.32457366141421423,0.07,7.806797267243715,-3.4310137553134945,1.1152567524633876,-0.490144822187642,9
PARDEF,2026-07-02,2026-07-09,10.0,1319.75576,1231.4037457142856,-883.520142857144,-6.694573114476454,-0.9563675877823505,0.07,2.9281357332359814,-7.801122231889335,0.4183051047479973,-1.1144460331270476,7
PARDEF,2026-07-02,2026-07-09,10.0,1321.85181,1231.4037457142856,-904.4806428571428,-6.842526794717951,-0.9775038278168509,0.07,2.7649233993937816,-7.947321265914065,0.3949890570562545,-1.1353316094162949,7
PARDEF,2026-07-06,2026-07-09,6.0,1358.8030833333335,1231.4037457142856,-764.3960257142871,-9.375849906560374,-1.339407129508625,0.07,-0.02966458777415859,-10.45060061131008,-0.004237798253451227,-1.4929429444728683,3
AEQLIM,2026-06-29,2026-07-09,5.0,231.49438933333334,258.81678,136.61195333333325,11.802614631547126,1.686087804506731,0.07,11.480023659839066,-0.4554707940740199,1.6400033799770093,-0.06506725629628855,10
AEQLIM,2026-06-29,2026-07-09,45.0,234.4044166666667,258.81678,1098.5563499999987,10.414634536536372,1.4878049337909112,0.07,10.096048389304357,-1.691272170995084,1.4422926270434795,-0.24161031014215484,10
SOLIN,2026-06-30,2026-07-09,2.0,18690.8113,17129.021,-3123.580600000001,-8.355925673488562,-1.1937036676412225,0.07,0.027760699718792914,-7.013132169388503,0.0039658142455418445,-1.0018760241983575,9
BAJCOR,2026-06-19,2026-07-10,15.0,625.758616,664.9586325,588.0002475000009,6.264399002697885,0.8949141432425544,0.07,7.1099914347803495,-7.560202095563307,1.0157130621114783,-1.080028870794758,21
BAJCOR,2026-06-29,2026-07-10,25.0,600.0993166666666,664.9586325,1621.4828958333355,10.808096931955081,1.544013847422155,0.07,11.689845561397227,-0.49147142560485024,1.669977937342461,-0.07021020365783574,11
IOLCHE,2026-06-29,2026-07-13,100.0,140.789953,167.877576,2708.762300000001,19.239741489224027,2.748534498460575,0.07,21.50014710211603,1.0938614348426023,3.0714495860165756,0.1562659192632289,14
AVASOF,2026-07-06,2026-07-13,50.0,186.765308,182.730606,-201.7351000000005,-2.1603059171995787,-0.30861513102851057,0.07,-1.6091361035851515,-4.880621619514047,-0.2298765862264502,-0.697231659930578,7
MTATEC,2026-07-09,2026-07-14,2.0,7069.20865,6396.96685,-1344.4835999999996,-9.509434977562869,-1.3584907110804096,0.07,0.4497158249813449,-9.339215783367772,0.06424511785447784,-1.334173683338253,5
BAJCOR,2026-06-29,2026-07-14,5.0,600.0993166666666,611.45858,56.79631666666694,1.8928972284837808,0.27041388978339603,0.07,11.689845561397227,-1.5996213293471673,1.669977937342461,-0.22851733276388103,15
BAJCOR,2026-07-08,2026-07-14,25.0,625.0938142857143,611.45858,-340.88085714285796,-2.1813100648412465,-0.3116157235487491,0.07,7.223905385447615,-5.534179589545952,1.0319864836353736,-0.7905970842208503,6
BAJCOR,2026-07-08,2026-07-14,10.0,625.0938142857143,611.0025959999999,-140.91218285714376,-2.254256555364609,-0.3220366507663724,0.07,7.223905385447615,-5.534179589545952,1.0319864836353736,-0.7905970842208503,6
BAJCOR,2026-07-09,2026-07-14,40.0,635.97812,611.0025959999999,-999.0209600000026,-3.927104284656846,-0.561014897808121,0.07,5.388845767209727,-7.150893807478786,0.7698351096013895,-1.0215562582112552,5
STOKRA,2026-07-08,2026-07-14,25.0,795.1479519999999,772.7454566666668,-560.0623833333287,-2.817399614371785,-0.40248565919596935,0.07,0.47815604510292875,-2.9048621633122162,0.06830800644327553,-0.4149803090446023,6
STOKRA,2026-07-09,2026-07-14,5.0,799.8996366666667,772.7454566666668,-135.77089999999941,-3.3946983790562157,-0.4849569112937449,0.07,-0.11871947718640197,-3.4816413697500104,-0.016959925312343138,-0.49737733853571575,5
IOLCHE,2026-06-29,2026-07-14,75.0,143.20839866666665,176.58486666666667,2503.2351000000012,23.306222477696604,3.329460353956656,0.07,21.347631576058703,-0.6133709159832246,3.0496616537226715,-0.08762441656903207,15
IOLCHE,2026-06-30,2026-07-14,75.0,145.08146960000002,176.58486666666667,2362.754779999999,21.71428036504164,3.1020400521488045,0.07,19.780975805610378,-1.4622608978590135,2.825853686515768,-0.20889441397985906,14
ONTECH,2026-07-02,2026-07-14,60.0,294.842495,323.8453816666667,1740.1732000000027,9.836738990648787,1.4052484272355414,0.07,10.177469499435631,2.648025685713984,1.4539242142050899,0.3782893836734262,12
IOLCHE,2026-06-30,2026-07-15,50.0,145.08146960000002,171.4837533333333,1320.1141866666646,18.198246685897423,2.5997495265567756,0.07,19.780975805610378,-1.4622608978590135,2.825853686515768,-0.20889441397985906,15
IOLCHE,2026-07-09,2026-07-15,25.0,171.194016,171.4837533333333,7.243433333332661,0.16924501223998245,0.024177858891425135,0.07,1.5105574718219161,-3.2092336685413225,0.21579392454598798,-0.45846195264876033,6
LLOMET,2026-07-10,2026-07-15,15.0,1775.3675,1838.8171849999999,951.7452749999973,3.5738901945653323,0.5105557420807628,0.07,5.110632024073869,1.3649286696979512,0.7300902891534097,0.19498980995685014,5
LLOMET,2026-07-13,2026-07-15,5.0,1831.7719466666667,1838.8171849999999,35.22619166666573,0.3846132891244247,0.05494475558920334,0.07,1.8740353238732022,-0.34239779018779837,0.267719331981886,-0.04891397002682834,2
JAYMAR,2026-06-29,2026-07-15,75.0,173.668994,191.838308,1362.698550000001,10.462036764029392,1.4945766805756286,0.07,14.6894419161546,-1.7786675265706764,2.0984917023078,-0.2540953609386681,16
JAYMAR,2026-06-29,2026-07-15,25.0,173.668994,190.854872,429.64695000000006,9.895766425640717,1.4136809179486747,0.07,14.6894419161546,-1.7786675265706764,2.0984917023078,-0.2540953609386681,16
JAYMAR,2026-07-03,2026-07-15,50.0,178.14803733333335,190.854872,635.3417333333325,7.132739073005245,1.018962724715036,0.07,11.805890753269255,-3.7036823038289923,1.6865558218956076,-0.5290974719755702,12
JAYMAR,2026-07-03,2026-07-15,25.0,178.14803733333335,190.648044,312.50016666666625,7.016640123448492,1.0023771604926401,0.07,11.805890753269255,-3.7036823038289923,1.6865558218956076,-0.5290974719755702,12
JAYMAR,2026-07-07,2026-07-15,75.0,186.203756,190.648044,333.3216,2.386787514640676,0.3409696449486688,0.07,6.968841165588513,-4.287644981769323,0.995548737941216,-0.6125207116813317,8
SYRTEC,2026-06-24,2026-07-15,10.0,1396.8068533333333,1402.67652,58.69666666666717,0.4202203513434588,0.06003147876334995,0.07,3.9442208158696257,-2.921438510696883,0.5634601165528036,-0.4173483586709833,21
RASPER,2026-07-08,2026-07-15,20.0,746.76396,774.0614499999999,545.9497999999985,3.65543752272135,0.5222053603887656,0.07,4.859104341350373,-0.8455094699535204,0.6941577630500533,-0.12078706713621719,7
STOKRA,2026-07-09,2026-07-15,25.0,799.8996366666667,762.825772,-926.8466166666656,-4.634814540129117,-0.6621163628755877,0.07,-0.11871947718640197,-4.26924017730207,-0.016959925312343138,-0.6098914539002958,6
LLOMET,2026-07-13,2026-07-15,10.0,1831.7719466666667,1863.613677777778,318.4173111111136,1.7383021488594608,0.24832887840849371,0.07,1.8740353238732022,-0.34239779018779837,0.267719331981886,-0.04891397002682834,2
LLOMET,2026-07-15,2026-07-15,8.0,1837.8905833333333,1863.613677777778,205.78475555555815,1.399598794275958,0.19994268489656591,0.07,1.534880091474422,1.534880091474422,0.219268584496346,0.219268584496346,0
GMRINF,2026-06-24,2026-07-15,80.0,109.09921159999999,111.82832875000001,218.32937200000174,2.5015003408145775,0.3573571915449402,0.07,5.390312463082925,-0.9433721700698339,0.7700446375832749,-0.1347674528671191,21
IOLCHE,2026-07-09,2026-07-15,75.0,171.194016,164.51987499999998,-500.5605750000015,-3.8985831140266103,-0.5569404448609447,0.07,1.5105574718219161,-3.2092336685413225,0.21579392454598798,-0.45846195264876033,6
IOLCHE,2026-07-13,2026-07-15,25.0,170.3755,164.51987499999998,-146.39062500000009,-3.436893802219221,-0.4909848288884597,0.07,1.9982333140621922,-2.7442325921273936,0.28546190200888455,-0.3920332274467705,2
ATHENE,2026-06-03,2026-07-16,5.0,1000.059975,1279.910345,1399.25185,27.983358698062077,3.997622671151726,0.07,29.632225307287197,-3.945760852992841,4.2331750438981715,-0.5636801218561202,43
ATHENE,2026-06-05,2026-07-16,15.0,1017.4441866666667,1279.910345,3936.9923749999994,25.79661486820426,3.685230695457751,0.07,27.41730868277341,-5.586958715927082,3.9167583832533435,-0.7981369594181545,41
GRANUL,2026-06-19,2026-07-16,25.0,793.294296,897.5730920000001,2606.9699000000014,13.145032874407558,1.8778618392010804,0.07,13.860644725976945,-3.667528702361922,1.980092103710992,-0.5239326717659888,27
BHEL,2026-07-09,2026-07-16,50.0,386.326222,418.078344,1587.6061000000022,8.218992186349716,1.1741417409071015,0.07,12.702678515050426,-1.2233759270940614,1.8146683592929176,-0.1747679895848659,7
AVASOF,2026-07-06,2026-07-16,50.0,186.765308,171.33005799999998,-771.7625000000012,-8.26451666280551,-1.1806452375436436,0.07,-1.6091361035851515,-7.359668745332504,-0.2298765862264502,-1.0513812493332149,10
AVASOF,2026-07-13,2026-07-16,50.0,195.669202,171.33005799999998,-1216.9572000000016,-12.438924343341483,-1.7769891919059269,0.07,-6.08639575276646,-11.575251377577555,-0.8694851075380657,-1.6536073396539364,3
RAYREA,2026-06-24,2026-07-17,10.0,653.06186,679.58092,265.1905999999997,4.060727110904927,0.5801038729864179,0.07,10.670986053296684,-5.185092266757085,1.5244265790423832,-0.7407274666795834,23
RAYREA,2026-07-03,2026-07-17,10.0,654.8660500000001,679.58092,247.14869999999905,3.774034399859305,0.5391477714084735,0.07,10.366081735341126,1.6467413450429902,1.4808688193344464,0.23524876357756996,14
BLIGVS,2026-06-24,2026-07-17,40.0,466.938525,497.0720461111111,1205.3408444444426,6.45342363025434,0.9219176614649055,0.07,15.561250809193773,-1.4645450383431124,2.2230358298848243,-0.20922071976330175,23
BLIGVS,2026-06-25,2026-07-17,30.0,469.1928433333333,497.0720461111111,836.3760833333333,5.94194970658819,0.8488499580840267,0.07,15.006016751335371,3.049312637640189,2.1437166787621957,0.4356160910914555,22
BLIGVS,2026-07-06,2026-07-17,40.0,501.6223675,497.0720461111111,-182.01285555555614,-0.9071209108092448,-0.129588701544178,0.07,4.520857515389798,-3.6127510801240326,0.6458367879128283,-0.516107297160576,11
BLIGVS,2026-07-08,2026-07-17,30.0,516.6610233333333,497.0720461111111,-587.6693166666672,-3.791456358724399,-0.5416366226749147,0.07,1.4785277622419324,-6.418332685401529,0.21121825174884745,-0.9169046693430755,9
BLIGVS,2026-07-09,2026-07-17,40.0,525.04661,497.0720461111111,-1118.9825555555558,-5.328015333512748,-0.7611450476446787,0.07,-0.14219880402618346,-7.912937481874227,-0.020314114860883352,-1.1304196402677467,8
GLAPH,2026-06-12,2026-07-17,6.0,2320.34854,2478.27295,947.5464600000005,6.806064144139312,0.9722948777341878,0.07,9.897282931468565,-6.104623402827237,1.4138975616383662,-0.872089057546748,35
GLAPH,2026-06-12,2026-07-17,4.0,2320.34854,2478.2737875000003,631.7009900000012,6.806100237854795,0.9723000339792566,0.07,9.897282931468565,-6.104623402827237,1.4138975616383662,-0.872089057546748,35
GLAPH,2026-06-29,2026-07-17,4.0,2366.054866666667,2478.2737875000003,448.87568333333365,4.742870607706107,0.6775529439580161,0.07,7.774339298922417,0.2935322181736977,1.1106198998460595,0.04193317402481395,18
RAIIND,2026-07-06,2026-07-17,50.0,194.69665833333332,208.980162,714.1751833333344,7.336285989157765,1.0480408555939658,0.07,9.729669645502813,1.1265430467283677,1.3899528065004016,0.16093472096119538,11
RAIIND,2026-07-06,2026-07-17,70.0,194.69665833333332,208.93654636363635,996.7921621212124,7.313884147884764,1.0448405925549669,0.07,9.729669645502813,1.1265430467283677,1.3899528065004016,0.16093472096119538,11
RAIIND,2026-07-06,2026-07-17,40.0,195.159375,208.93654636363635,551.0868545454537,7.059446344115594,1.008492334873656,0.07,9.469504091207504,0.8867752317817112,1.3527862987439292,0.1266821759688159,11
SYRTEC,2026-06-24,2026-07-17,5.0,1396.8068533333333,1374.9323333333334,-109.37259999999924,-1.566037562587741,-0.22371965179824863,0.07,3.9442208158696257,-2.921438510696883,0.5634601165528036,-0.4173483586709833,23
SYRTEC,2026-07-06,2026-07-17,10.0,1411.8373399999998,1374.9323333333334,-369.05006666666395,-2.613970152302847,-0.3734243074718346,0.07,2.837625756519535,-3.9549414382254455,0.4053751080742193,-0.5649916340322064,11
SYRTEC,2026-07-06,2026-07-17,5.0,1411.8373399999998,1375.4323266666665,-182.02506666666636,-2.5785557798983616,-0.36836511141405154,0.07,2.837625756519535,-3.9549414382254455,0.4053751080742193,-0.5649916340322064,11
SYRTEC,2026-07-08,2026-07-17,10.0,1394.8021199999998,1375.4323266666665,-193.6979333333329,-1.3887126392762683,-0.19838751989660924,0.07,4.093618670439092,-2.559654841935566,0.5848026672055845,-0.3656649774193665,9
SYRTEC,2026-07-15,2026-07-17,10.0,1438.8165999999999,1375.2323199999998,-635.8428000000004,-4.419206728640745,-0.6313152469486782,0.07,-1.0367269879983154,-5.540428154637633,-0.14810385542833074,-0.7914897363768045,2
SYRTEC,2026-07-16,2026-07-17,5.0,1429.3725533333334,1375.2323199999998,-270.70116666666763,-3.787692243500629,-0.5410988919286609,0.07,-0.38286402803602293,-4.916321722384842,-0.054694861148003274,-0.7023316746264058,1
SYRTEC,2026-07-16,2026-07-17,10.0,1429.3725533333334,1375.13132,-542.4123333333341,-3.794758280956312,-0.5421083258509023,0.07,-0.38286402803602293,-4.916321722384842,-0.054694861148003274,-0.7023316746264058,1
CADHEA,2026-06-10,2026-07-17,20.0,1118.677955,1139.8718000000001,423.8769000000002,1.894543903835122,0.2706491291193044,0.07,3.6044372573695638,-5.120146932724712,0.514919608195652,-0.731449561817816,37
AEQLIM,2026-06-29,2026-07-17,15.0,234.4044166666667,230.86866799999999,-53.036230000000586,-1.5083967772222873,-0.2154852538888984,0.07,10.096048389304357,-2.5700952022732926,1.4422926270434795,-0.3671564574676132,18
AEQLIM,2026-07-06,2026-07-17,35.0,243.03630399999997,230.86866799999999,-425.86725999999953,-5.00650964474838,-0.7152156635354825,0.07,6.1857820220965865,-6.030499871327855,0.8836831460137979,-0.8614999816182649,11
AEQLIM,2026-07-06,2026-07-17,15.0,243.03630399999997,231.1287171428571,-178.6138028571429,-4.8995095223069445,-0.6999299317581353,0.07,6.1857820220965865,-6.030499871327855,0.8836831460137979,-0.8614999816182649,11
AEQLIM,2026-07-07,2026-07-17,60.0,239.825935,231.1287171428571,-521.8330714285725,-3.6264709474156276,-0.5180672782022318,0.07,7.6072110382890745,-4.772601011646216,1.0867444340412964,-0.681800144520888,10
AEQLIM,2026-07-07,2026-07-17,50.0,245.429764,231.1287171428571,-715.0523428571446,-5.826940719848017,-0.8324201028354312,0.07,5.150245754219118,-6.946901517617077,0.735749393459874,-0.9924145025167252,10
AEQLIM,2026-07-14,2026-07-17,50.0,243.66930799999997,231.1287171428571,-627.029542857143,-5.146561526387583,-0.7352230751982262,0.07,-0.4470435808846096,-6.274613789275419,-0.06386336869780138,-0.8963733984679169,3
BHEL,2026-07-10,2026-07-17,50.0,396.296538,440.976996,2234.0228999999995,11.274501217065879,1.6106430310094126,0.07,9.867222710888267,-0.26407952117916134,1.4096032444126094,-0.03772564588273733,7
ZYDWEL,2026-06-22,2026-07-17,30.0,530.119535,591.0962266666667,1829.3007499999987,11.502441928812646,1.6432059898303777,0.07,13.540430084320487,-2.267325425010047,1.9343471549029267,-0.32390363214429246,25
VARTEX,2026-06-04,2026-07-17,5.0,635.086095,631.0149633333333,-20.35565833333351,-0.6410361837109191,-0.09157659767298842,0.07,4.907036265689291,-3.4067971524396112,0.7010051808127558,-0.48668530749137295,43
VARTEX,2026-06-18,2026-07-17,25.0,657.1207919999999,631.0149633333333,-652.645716666666,-3.972759496349443,-0.5675370709070626,0.07,1.3892739525429798,-5.047898712661625,0.19846770750613993,-0.7211283875230892,29
CUMIND,2026-07-10,2026-07-17,5.0,5659.87304,5431.5595,-1141.5677000000005,-4.0338986119731075,-0.5762712302818724,0.07,-0.6779841125199582,-3.743423898427245,-0.09685487321713687,-0.5347748426324636,7
PANBIO,2026-07-01,2026-07-17,50.0,591.188102,547.454016,-2186.7042999999967,-7.397660042894428,-1.0568085775563465,0.07,-4.607349489587653,-10.78135736906287,-0.6581927842268076,-1.5401939098661244,16
NATPHA,2026-05-07,2026-07-17,3.0,1161.51275,954.1679828571428,-622.034301428572,-17.851269143869263,-2.5501813062670373,0.07,3.8301129281619994,-27.49111019229019,0.5471589897374285,-3.9273014560414556,71
NATPHA,2026-05-14,2026-07-17,10.0,1208.12822,954.1679828571428,-2539.602371428573,-21.020967223400945,-3.0029953176287063,0.07,-0.3085947284635071,-30.28885626063763,-0.04408496120907244,-4.326979465805375,64
NATPHA,2026-05-21,2026-07-17,12.0,1192.9969083333333,954.1679828571428,-2865.9471057142864,-20.019240939177664,-2.859891562739666,0.07,-0.5864984464300282,-29.40467874501127,-0.08378549234714688,-4.2006683921444665,57
NATPHA,2026-05-29,2026-07-17,10.0,1195.11888,954.1679828571428,-2409.5089714285723,-20.16124932633122,-2.8801784751901742,0.07,-14.995904005800664,-29.530022988173354,-2.142272000828666,-4.218574712596193,49
LLOMET,2026-07-15,2026-07-17,15.0,1837.8905833333333,1810.4198333333334,-412.0612499999993,-1.4946890880836339,-0.21352701258337606,0.07,1.534880091474422,0.3052095003660771,0.219268584496346,0.04360135719515387,2
SEINVE,2026-06-29,2026-07-17,200.0,60.241165800000005,73.175076,2586.78204,21.47021895781438,3.0671741368306273,0.07,22.4743894315538,-1.8943288776791967,3.2106270616505426,-0.2706184110970281,18
SKMEGG,2026-06-02,2026-07-17,75.0,234.985168,324.569692,6718.839299999999,38.12348020195044,5.446211457421492,0.07,53.584161533122796,-2.747053379981834,7.654880219017542,-0.392436197140262,45
SKMEGG,2026-06-29,2026-07-17,50.0,292.83826400000004,324.569692,1586.5713999999969,10.835820280644715,1.5479743258063887,0.07,23.242091067716466,0.062060195794622075,3.3202987239594943,0.00886574225637458,18
SKMEGG,2026-07-09,2026-07-17,40.0,308.6200125,324.5889425,638.7572,5.174301520709057,0.7391859315298662,0.07,16.93992138633589,2.4398895713219515,2.419988769476556,0.34855565304599306,8
VATWAB,2026-07-10,2026-07-17,8.0,2149.16899,1981.6008124999998,-1340.5454200000022,-7.796882342881761,-1.1138403346973942,0.07,3.351574973171356,-7.354888830775486,0.4787964247387651,-1.050698404396498,7
VATWAB,2026-07-10,2026-07-17,2.0,2149.16899,1981.60107,-335.13584000000037,-7.796870361506569,-1.1138386230723676,0.07,3.351574973171356,-7.354888830775486,0.4787964247387651,-1.050698404396498,7
VATWAB,2026-07-16,2026-07-17,8.0,2115.1506625,1981.60107,-1068.396740000002,-6.313951760871328,-0.9019931086959033,0.07,-2.8721671499370105,-5.864861766082363,-0.41030959284814433,-0.8378373951546232,1
CAREVE,2026-05-14,2026-07-17,25.0,757.7764,643.0994215384615,-2866.9244615384628,-15.133353118616322,-2.1619075883737606,0.07,2.200332446352249,-23.546048676100227,0.31433320662174985,-3.36372123944289,64
CAREVE,2026-05-18,2026-07-17,20.0,760.383585,643.0994215384615,-2345.6832692307717,-15.42434184208995,-2.2034774060128495,0.07,0.08764194981929485,-23.80819215080767,0.012520278545613548,-3.401170307258238,60
CAREVE,2026-05-29,2026-07-17,20.0,754.315865,643.0994215384615,-2224.3288692307715,-14.744014891101164,-2.1062878415858806,0.07,-3.216936846476126,-23.195304927067916,-0.45956240663944653,-3.3136149895811307,49
NATMIN,2026-04-28,2026-07-17,100.0,91.604048,83.58394533333333,-802.0102666666673,-8.755183686496771,-1.2507405266423959,0.07,4.842528356388787,-9.152486361738077,0.6917897651983981,-1.307498051676868,80
NATMIN,2026-05-14,2026-07-17,250.0,93.33755280000001,83.58394533333333,-2438.40186666667,-10.449821292793393,-1.4928316132561992,0.07,2.8953482482990456,-10.839745093466835,0.41362117832843504,-1.5485350133524047,64
NATMIN,2026-06-02,2026-07-17,100.0,96.83456399999999,83.58394533333333,-1325.0618666666653,-13.683769636910492,-1.9548242338443556,0.07,-0.8205375923414859,-14.059612020352553,-0.1172196560487837,-2.0085160029075073,45
DIAPOW,2026-06-30,2026-07-17,50.0,214.632203,220.044418,270.61075000000017,2.521623001744988,0.3602318573921416,0.07,11.446463604531875,-7.334501896716783,1.6352090863616962,-1.0477859852452545,17
GOOLUC,2026-07-09,2026-07-17,10.0,1490.9731666666667,1526.1315299999999,351.5836333333323,2.3580815617182393,0.3368687945311771,0.07,9.28432760750557,3.730907743812506,1.3263325153579384,0.5329868205446436,8
GOOLUC,2026-07-09,2026-07-17,20.0,1490.9731666666667,1525.5445499999998,691.4276666666638,2.3187126439454087,0.331244663420772,0.07,9.28432760750557,3.730907743812506,1.3263325153579384,0.5329868205446436,8
GOOLUC,2026-07-09,2026-07-17,10.0,1547.43596,1525.5445499999998,-218.91410000000178,-1.4146892385776155,-0.2020984626539447,0.07,5.296764591149872,-0.0540222679069724,0.756680655878553,-0.007717466843853199,8
KRNHEA,2026-06-29,2026-07-17,20.0,1198.4784100000002,1248.65184,1003.4685999999965,4.1864275218775004,0.598061074553928,0.07,7.686545642486764,0.5524997317223113,1.0980779489266805,0.07892853310318731,18
DIAPOW,2026-07-07,2026-07-17,100.0,225.24192599999998,219.209042,-603.2883999999967,-2.678401888643045,-0.3826288412347206,0.07,6.196925345062088,-1.270600927111587,0.8852750492945839,-0.18151441815879815,10
DIAPOW,2026-07-08,2026-07-17,50.0,230.364702,219.209042,-557.7829999999992,-4.842608222157219,-0.6918011745938889,0.07,3.8353523449091487,-3.4661134846952324,0.5479074778441639,-0.495159069242176,9
DIAPOW,2026-07-14,2026-07-17,50.0,229.841872,219.209042,-531.6414999999993,-4.6261501037548,-0.6608785862506862,0.07,-1.458338278762361,-3.246524201647649,-0.2083340398231944,-0.46378917166394984,3
REGLEA,2026-06-18,2026-07-17,150.0,128.047318,115.38460199999999,-1899.4074000000005,-9.88909115613027,-1.41272730801861,0.07,13.231578969892999,-8.713433576172203,1.8902255671275712,-1.2447762251674575,29
IOLCHE,2026-07-13,2026-07-17,75.0,170.3755,150.27940488888888,-1507.2071333333333,-11.79517894950337,-1.685025564214767,0.07,1.9982333140621922,-12.93936041273539,0.28546190200888455,-1.8484800589621984,4
IOLCHE,2026-07-14,2026-07-17,75.0,172.258656,150.27940488888888,-1648.4438333333344,-12.759446533189678,-1.8227780761699532,0.07,0.8831741959022255,-13.891119642777195,0.12616774227174649,-1.9844456632538847,3
IOLCHE,2026-07-14,2026-07-17,75.0,176.01157866666665,150.27940488888888,-1929.913033333333,-14.61959149091535,-2.0885130701307637,0.07,-1.2678590144872492,-15.727135042115847,-0.1811227163553213,-2.2467335774451205,3
DIAPOW,2026-07-17,2026-07-17,200.0,223.3234785,221.9018075,-284.3342000000007,-0.6365971950414551,-0.09094245643449335,0.07,-0.42247170173824733,-0.42247170173824733,-0.06035310024832104,-0.06035310024832104,0
SEINVE,2026-06-29,2026-07-17,150.0,60.241165800000005,70.55733085714286,1547.4247585714281,17.124776587811084,2.4463966554015824,0.07,22.4743894315538,-1.8943288776791967,3.2106270616505426,-0.2706184110970281,18
SEINVE,2026-07-14,2026-07-17,200.0,73.3774215,70.55733085714286,-564.0181285714277,-3.843267568153974,-0.5490382240219958,0.07,0.5486408376996543,-2.217877743223773,0.07837726252852203,-0.3168396776033961,3
RASPER,2026-07-08,2026-07-17,10.0,746.76396,735.57714,-111.86820000000012,-1.4980396215157454,-0.21400566021653541,0.07,4.859104341350373,-1.6489762039399891,0.6941577630500533,-0.23556802913428415,9
RASPER,2026-07-14,2026-07-17,10.0,790.4865050000001,735.57714,-549.0936500000009,-6.94627481338218,-0.9923249733403117,0.07,-1.6175488030627405,-7.088862952821695,-0.2310784004375343,-1.0126947075459563,3
RASPER,2026-07-14,2026-07-17,10.0,790.4865050000001,735.3773133333333,-551.0919166666679,-6.971553760638427,-0.9959362515197754,0.07,-1.6175488030627405,-7.088862952821695,-0.2310784004375343,-1.0126947075459563,3
RASPER,2026-07-15,2026-07-17,20.0,789.318515,735.3773133333333,-1078.8240333333351,-6.833895397305712,-0.9762707710436723,0.07,-1.719016435335996,-6.951378177160839,-0.24557377647657083,-0.9930540253086911,2
STLIND,2026-06-22,2026-07-22,80.0,195.84819499999998,244.43973699999998,3887.3233600000003,24.810819420623197,3.5444027743747437,0.07,27.971564915367253,-8.663952710924894,3.995937845052464,-1.2377075301321274,30
STLIND,2026-06-30,2026-07-22,20.0,184.25036,244.43973699999998,1203.7875399999996,32.66716927988633,4.666738468555191,0.07,36.026871263643656,-2.40453261529584,5.1466958948062365,-0.34350465932797714,22
MARPHA,2026-06-24,2026-07-22,40.0,269.61054533333333,241.29923599999998,-1132.4523733333342,-10.500816760832043,-1.500116680118864,0.07,2.852060054683614,-10.574714463814573,0.40743715066908764,-1.5106734948306533,28
MARPHA,2026-06-29,2026-07-22,60.0,265.28990833333336,241.29923599999998,-1439.4403400000028,-9.043190705614556,-1.291884386516365,0.07,4.527157381190738,-9.118291941561175,0.646736768741534,-1.302613134508739,23
MARPHA,2026-06-30,2026-07-22,100.0,268.03858,241.698924,-2633.965600000002,-9.826815229359898,-1.4038307470514142,0.07,3.4552563291448513,-10.050262167483515,0.49360804702069305,-1.4357517382119307,22
GLAPH,2026-06-29,2026-07-22,2.0,2366.054866666667,2394.529455,56.94917666666606,1.203462723307358,0.1719232461867659,0.07,7.774339298922417,0.2935322181736977,1.1106198998460595,0.04193317402481395,23
GLAPH,2026-07-08,2026-07-22,10.0,2547.08173,2394.529455,-1525.52275,-5.989296425128843,-0.8556137750184067,0.07,-0.694195627558436,-4.239429333113698,-0.09917080393691942,-0.6056327618733853,14
GLAPH,2026-07-14,2026-07-22,8.0,2505.6342624999997,2394.529455,-888.838459999999,-4.434198923714627,-0.6334569891020893,0.07,0.9484918791096142,-2.655386043197505,0.135498839872802,-0.37934086331392924,8
TEJNET,2026-06-17,2026-07-22,10.0,604.214316,527.3155615384616,-768.9875446153849,-12.727065947497096,-1.8181522782138704,0.07,4.656573545999865,-13.84679471911091,0.6652247922856949,-1.9781135313015585,35
TEJNET,2026-06-18,2026-07-22,30.0,616.1881599999999,527.3155615384616,-2666.1779538461506,-14.422964320109354,-2.060423474301337,0.07,2.622874155842281,-15.52093438471781,0.3746963079774686,-2.2172763406739726,34
TEJNET,2026-06-25,2026-07-22,25.0,627.009836,527.3155615384616,-2492.3568615384597,-15.8999538344624,-2.271421976351771,0.07,-0.6793890231731492,-16.978973835428,-0.09705557473902131,-2.4255676907754284,27
GMRINF,2026-06-24,2026-07-23,20.0,109.09921159999999,107.4973058,-32.03811599999966,-1.468301902925928,-0.20975741470370377,0.07,5.390312463082925,-1.584990005555631,0.7700446375832749,-0.2264271436508044,29
GMRINF,2026-06-29,2026-07-23,150.0,111.51673466666666,107.4973058,-602.9143299999987,-3.6043279770350933,-0.5149039967192989,0.07,3.105601454064577,-3.7184864487483593,0.4436573505806538,-0.5312123498211941,24
GMRINF,2026-06-30,2026-07-23,150.0,111.32565533333334,107.4973058,-574.2524300000007,-3.438874464174879,-0.491267780596411,0.07,3.2825718885056254,-3.553228877466963,0.4689388412150893,-0.5076041253524233,23
GMRINF,2026-06-30,2026-07-23,100.0,113.049177,107.4973058,-555.1871199999994,-4.9110231028041795,-0.7015747289720261,0.07,1.7079496297438768,-5.023634095098273,0.24399280424912523,-0.7176620135854674,23
GMRINF,2026-07-15,2026-07-23,80.0,114.35587375,107.4973058,-548.6854359999995,-5.9975650791614825,-0.8567950113087833,0.07,-2.11259262054303,-6.108889312736321,-0.30179894579186145,-0.8726984732480457,8
ADAPOR,2026-07-16,2026-07-23,20.0,1846.312915,1796.6454399999998,-993.3495000000039,-2.6900897781999333,-0.38429853974284733,0.07,0.010132897759640436,-3.6728830984752103,0.0014475568228057762,-0.5246975854964585,7
ADAENT,2026-07-20,2026-07-23,10.0,3187.20383,3074.2603599999998,-1129.4347000000016,-3.543653811435088,-0.5062362587764414,0.07,-0.12248447881665347,-5.5598524428228995,-0.017497782688093353,-0.7942646346889856,3
ASTDM,2026-07-13,2026-07-23,30.0,815.80581,788.62762,-815.3456999999992,-3.331453351625424,-0.4759219073750612,0.07,1.077975897229777,-3.8619251804544064,0.153996556747111,-0.5517035972077723,10
ASTDM,2026-07-15,2026-07-23,20.0,826.8116550000001,788.82745,-759.6841000000018,-4.594057760349313,-0.6562939657641874,0.07,-0.26749199610642815,-5.141637124116272,-0.0382131423009183,-0.7345195891594674,8
DELLIM,2026-07-01,2026-07-23,50.0,507.068842,468.126132,-1947.1355000000017,-7.679965080560014,-1.0971378686514306,0.07,2.609341553666189,-8.207730105412402,0.37276307909516987,-1.1725328722017716,22
STOKRA,2026-07-20,2026-07-23,30.0,783.1237733333332,740.76714,-1270.6989999999962,-5.408676734846651,-0.7726681049780927,0.07,-0.6861971908297515,-4.791550788148702,-0.09802817011853592,-0.6845072554498144,3
RAYREA,2026-07-03,2026-07-23,20.0,654.8660500000001,650.086552,-95.58996000000207,-0.7298436069483327,-0.10426337242119103,0.07,10.366081735341126,-1.6745485584418573,1.4808688193344464,-0.239221222634551,20
RAYREA,2026-07-06,2026-07-23,5.0,712.3812066666667,650.086552,-311.4732733333335,-8.744567386631697,-1.249223912375957,0.07,1.4555119136073769,-9.613000178247265,0.20793027337248238,-1.373285739749609,17
LTFINA,2026-07-16,2026-07-23,100.0,313.329613,303.283768,-1004.5844999999986,-3.2061588127005325,-0.458022687528648,0.07,-1.046697427861687,-2.642461055859402,-0.14952820398024097,-0.37749443655134307,7
ADAPOW,2026-07-16,2026-07-23,100.0,220.72348300000002,211.60497999999998,-911.8503000000032,-4.13118843362944,-0.5901697762327763,0.07,-0.1601474366005773,-3.848019650904122,-0.022878205228653893,-0.549717092986303,7
CCLPRO,2026-07-10,2026-07-23,15.0,1211.2269800000001,1185.4863533333335,-386.1094000000003,-2.1251695257536896,-0.30359564653624066,0.07,1.5251493159440521,-2.1405550262759365,0.21787847370629312,-0.3057935751822766,13
KNOMAR,2026-06-22,2026-07-23,6.0,2215.2509166666664,2360.6883333333335,872.6245000000026,6.565279606587859,0.9378970866554073,0.07,10.67820722039352,-1.1804945647428622,1.5254581743419313,-0.1686420806775517,31
KNOMAR,2026-06-22,2026-07-23,6.0,2215.2509166666664,2365.2865500000003,900.2138000000032,6.772850524720497,0.9675500749600704,0.07,10.67820722039352,-1.1804945647428622,1.5254581743419313,-0.1686420806775517,31
IOLCHE,2026-07-14,2026-07-23,75.0,176.933336,148.6824773333333,-2118.8144000000016,-15.966950776685007,-2.2809929680978573,0.07,-1.782217004035913,-16.923512932577044,-0.25460242914798753,-2.4176447046538634,9
ARVLIM,2026-06-19,2026-07-23,25.0,520.04512,512.792514,-181.31515000000036,-1.3946109137607188,-0.1992301305372452,0.07,12.894050423932457,-2.210408204580405,1.8420072034189223,-0.3157726006543436,34
ARVLIM,2026-06-23,2026-07-23,25.0,521.92854,512.792514,-228.40065000000038,-1.7504361804012492,-0.250062311485893,0.07,12.486663404151077,-1.6244637627978675,1.7838090577358676,-0.23206625182826676,30
RASPER,2026-07-23,2026-07-23,35.0,762.9144657142857,760.4681685714286,-85.62039999999968,-0.32065156092784264,-0.045807365846834015,0.07,-0.17884910767922424,-0.17884910767922424,-0.02554987252560346,-0.02554987252560346,0
SKMEGG,2026-07-23,2026-07-23,75.0,327.9491946666667,322.37990933333333,-417.69640000000265,-1.6982158895051058,-0.24260226992930095,0.07,-1.81405984933537,-1.81405984933537,-0.25915140704790995,-0.25915140704790995,0
BHAFOR,2026-07-10,2026-07-24,10.0,2142.40478,2145.90485,35.000700000000506,0.16337108807236156,0.02333872686747867,0.07,3.108433131856625,-1.9606369623577757,0.4440618759795178,-0.2800909946225394,14
VATWAB,2026-07-22,2026-07-24,15.0,2098.2350466666667,2024.7197,-1102.7301999999986,-3.5036754716043728,-0.5005250673720533,0.07,-1.212211506383598,-2.7182391580616527,-0.173173072340514,-0.3883198797230932,2
BHAFOR,2026-07-17,2026-07-24,15.0,2142.0411,2127.1211066666665,-223.79990000000134,-0.6965316087227946,-0.09950451553182764,0.07,3.1259390867897086,0.4462519416644328,0.44656272668424407,0.06375027738063326,7
GENOVE,2026-07-16,2026-07-24,100.0,322.147293,307.176544,-1497.0749000000012,-4.647175166547191,-0.6638821666495984,0.07,1.7081338628538445,-2.9015587599551806,0.24401912326483488,-0.41450839427931147,8
BHEL,2026-07-15,2026-07-24,40.0,413.0298175,403.89793249999997,-365.27540000000045,-2.2109505447509226,-0.31585007782156105,0.07,5.416118050605401,-0.8304043327331811,0.7737311500864859,-0.11862919039045444,9
BHEL,2026-07-16,2026-07-24,50.0,430.03382,403.99537799999996,-1301.9221000000016,-6.054975397051332,-0.8649964852930481,0.07,1.2478506923013555,-4.751677437835,0.17826438461447933,-0.6788110625478571,8
RAYREA,2026-07-06,2026-07-24,10.0,712.3812066666667,629.024824,-833.5638266666672,-11.701092320599404,-1.6715846172284863,0.07,1.4555119136073769,-9.613000178247265,0.20793027337248238,-1.373285739749609,18
RAYREA,2026-07-08,2026-07-24,15.0,676.4590039999999,629.024824,-711.5126999999995,-7.012129296751879,-1.00173275667884,0.07,6.84313398539671,-4.8131525794577135,0.9775905693423871,-0.6875932256368161,16
RAYREA,2026-07-08,2026-07-24,10.0,676.4590039999999,629.32468,-471.3432399999999,-6.96780199853767,-0.995400285505381,0.07,6.84313398539671,-4.8131525794577135,0.9775905693423871,-0.6875932256368161,16
RAYREA,2026-07-09,2026-07-24,20.0,687.4309480000001,629.32468,-1162.1253600000023,-8.452669780005328,-1.2075242542864748,0.07,5.137832694724698,-6.332410277228318,0.7339760992463853,-0.9046300396040453,15
RAYREA,2026-07-09,2026-07-24,5.0,687.4309480000001,630.723568,-283.5369000000003,-8.249174722927965,-1.1784535318468514,0.07,5.137832694724698,-6.332410277228318,0.7339760992463853,-0.9046300396040453,15
RAYREA,2026-07-13,2026-07-24,20.0,718.744235,630.723568,-1760.41334,-12.246451896758515,-1.7494931281083597,0.07,0.557328296344517,-10.413194479396415,0.0796183280492167,-1.4875992113423449,11
BHEL,2026-07-24,2026-07-24,100.0,412.56187700000004,417.34405599999997,478.2178999999928,1.1591422442553734,0.16559174917934025,0.07,1.1484636036790175,1.1484636036790175,0.1640662290970025,0.1640662290970025,0
SEINVE,2026-07-16,2026-07-28,200.0,74.10894449999999,69.829736,-855.8416999999992,-5.774213259777294,-0.8248876085396135,0.07,-0.4438661246888964,-5.315073000398751,-0.06340944638412806,-0.7592961429141073,12
SKMEGG,2026-07-24,2026-07-28,75.0,333.02053466666666,271.09805600000004,-4644.185899999997,-18.59419231569226,-2.6563131879560373,0.07,-2.483490897924645,-18.77377763784024,-0.354784413989235,-2.6819682339771767,4
ZYDWEL,2026-06-22,2026-07-28,10.0,530.119535,547.47761,173.58074999999985,3.2743699965706696,0.46776714236723943,0.07,13.653612104673707,-2.267325425010047,1.9505160149533867,-0.32390363214429246,36
ZYDWEL,2026-06-29,2026-07-28,20.0,563.03148,547.47761,-311.0773999999992,-2.762522266072931,-0.39464603801041864,0.07,7.010002353687228,-2.412206152309626,1.001428907669604,-0.34460087890137514,29
CADHEA,2026-06-29,2026-07-28,20.0,1117.34535,1096.95216,-407.8638000000001,-1.8251465404138467,-0.26073522005912114,0.07,3.7280013739708906,-1.623969706411721,0.5325716248529844,-0.2319956723445315,29
CADHEA,2026-07-14,2026-07-28,20.0,1152.41546,1096.95216,-1109.2659999999978,-4.812786874622443,-0.6875409820889209,0.07,0.38914264478890903,-4.617732219593784,0.05559180639841557,-0.6596760313705405,14
SELEXP,2026-06-05,2026-07-29,30.0,888.5854466666666,806.4943866666667,-2462.731799999996,-9.238397985016123,-1.319771140716589,0.07,1.2114257974530585,-15.0278678508179,0.17306082820757976,-2.146838264402557,54
CUMIND,2026-07-23,2026-07-29,8.0,5653.3576125,5386.445175,-2135.299500000001,-4.721308217082121,-0.6744726024403029,0.07,-0.42200784268889846,-4.782248550882729,-0.06028683466984263,-0.6831783644118182,6
SENPHA,2026-07-03,2026-07-29,25.0,1370.2353520000001,1310.5531799999999,-1492.0543000000066,-4.355614669617736,-0.6222306670882484,0.07,8.076324102897603,-3.7902504795395364,1.153760586128229,-0.5414643542199337,26
ATHENE,2026-06-29,2026-07-29,10.0,1016.3421549999999,1245.3405,2289.9834500000006,22.531619285239636,3.2188027550342335,0.07,27.584986376954923,6.63239684277388,3.9407123395649886,0.9474852632534114,30
GMRINF,2026-07-24,2026-07-30,200.0,106.874781,105.16371,-342.2142000000008,-1.601005385919807,-0.2287150551314017,0.07,1.052838648623755,-2.7740697779769063,0.150405521231965,-0.3962956825681294,6
BHEL,2026-07-29,2026-07-31,75.0,406.91762374999996,406.5992386666666,-23.87888125000046,-0.07824312950597268,-0.011177589929424681,0.07,0.020243962215471534,-0.962755978445129,0.002891994602210219,-0.13753656834930414,2
ONTECH,2026-07-06,2026-08-03,60.0,326.4915066666666,307.97472166666665,-1111.0070999999982,-5.671444623184263,-0.8102063747406096,0.07,5.959877343210529,-7.302335950505379,0.8514110490300755,-1.0431908500721967,28
ONTECH,2026-07-15,2026-08-03,60.0,328.6603983333333,308.5242,-1208.1718999999987,-6.126749202351666,-0.8752498860502381,0.07,5.26062822121065,-5.479941734588567,0.7515183173158071,-0.782848819226938,19
STOKRA,2026-07-31,2026-08-03,15.0,815.38513,752.5947666666667,-941.8554499999993,-7.7007000769480864,-1.1001000109925843,0.07,-4.5359093070534655,-7.454775389391754,-0.6479870438647808,-1.0649679127702507,3
ATHENE,2026-06-29,2026-08-04,10.0,1016.3421549999999,1364.8958833333334,3485.537283333334,34.294919936026226,4.899274276575174,0.07,42.70784625675594,6.63239684277388,6.101120893822277,0.9474852632534114,36
ATHENE,2026-07-08,2026-08-04,2.0,1175.16135,1364.8958833333334,379.46906666666655,16.145402785186324,2.306486112169475,0.07,23.42134975763115,0.8031790698358021,3.3459071082330207,0.11473986711940028,27
LLOST,2026-07-06,2026-08-04,100.0,86.4236845,90.81612,439.2435500000005,5.082444153373267,0.7260634504818947,0.07,7.285405078974616,-5.43101642467001,1.0407721541392307,-0.7758594892385727,29
LLOST,2026-07-06,2026-08-04,100.0,86.4236845,90.7236032,429.99187000000063,4.975393869026723,0.7107705527181046,0.07,7.285405078974616,-5.43101642467001,1.0407721541392307,-0.7758594892385727,29
LLOST,2026-07-20,2026-08-04,25.0,91.3636104,90.7236032,-16.000179999999986,-0.7005055921038728,-0.100072227443411,0.07,1.4846059542322987,-4.852709279536082,0.21208656489032837,-0.6932441827908689,15
ZYDWEL,2026-06-29,2026-08-04,10.0,563.03148,542.1877824999999,-208.43697500000076,-3.7020483295179263,-0.5288640470739898,0.07,7.010002353687228,-2.412206152309626,1.001428907669604,-0.34460087890137514,36
ZYDWEL,2026-07-08,2026-08-04,30.0,581.2677233333333,542.1877824999999,-1172.3982250000006,-6.723225678044853,-0.9604608111492641,0.07,3.6527534240002657,-5.473850010262316,0.5218219177143236,-0.7819785728946166,27
STLIND,2026-06-30,2026-08-04,55.0,184.25036,264.7558021052632,4427.799315789474,43.69350600197643,6.2419294288537746,0.07,45.75276813570406,-2.40453261529584,6.536109733672007,-0.34350465932797714,35
STLIND,2026-07-03,2026-08-04,40.0,199.584114,264.7558021052632,2606.867524210527,32.65374523007536,4.664820747153623,0.07,34.55479728211235,-9.902648865129615,4.9363996117303355,-1.4146641235899449,32
OBEREA,2026-07-10,2026-08-04,15.0,1933.6858399999999,1791.7544333333333,-2128.971099999999,-7.339941356071911,-1.0485630508674164,0.07,-0.4388427439691922,-8.009876102728242,-0.06269182056702745,-1.1442680146754631,25
BHEL,2026-07-29,2026-08-05,5.0,406.91762374999996,410.19774125000004,16.40058750000037,0.8060888269649569,0.11515554670928034,0.07,1.3472938821072589,-0.962755978445129,0.19247055458675125,-0.13753656834930414,7
BHEL,2026-07-31,2026-08-05,75.0,409.7613866666667,410.19774125000004,32.7265937500016,0.10648992255786194,0.015212846079694564,0.07,0.643938989663706,-0.673901142596689,0.09199128423767228,-0.09627159179952698,5
CUMIND,2026-08-04,2026-08-05,5.0,5585.22268,5365.4836000000005,-1098.6953999999969,-3.9342939859293047,-0.5620419979899002,0.07,-0.6306405674052717,-2.6001233669702084,-0.09009150962932452,-0.3714461952814583,1
STOKRA,2026-07-31,2026-08-05,15.0,815.38513,756.2165200000001,-887.5291499999992,-7.256523061684971,-1.0366461516692809,0.07,-4.5359093070534655,-7.454775389391754,-0.6479870438647808,-1.0649679127702507,5
STOKRA,2026-08-05,2026-08-05,5.0,782.3172950000001,756.2165200000001,-130.503875,-3.336341298705403,-0.4766201855293436,0.07,-3.3640180484569293,-3.3640180484569293,-0.4805740069224184,-0.4805740069224184,0
WEWIND,2026-06-24,2026-08-05,20.0,641.9899766666666,746.628825,2092.7769666666677,16.299140506311026,2.328448643758718,0.07,16.46599279979415,-2.405018337955045,2.3522846856848787,-0.3435740482792921,42
ASIOIL,2026-07-30,2026-08-06,50.0,399.211028,393.35550600000005,-292.77609999999754,-1.466773608268146,-0.20953908689544912,0.07,4.606328660840497,-1.8939927681556945,0.6580469515486425,-0.27057039545081346,7
PARDEF,2026-07-31,2026-08-06,8.0,1266.24406,1329.0091125,502.1204199999993,4.956789491277047,0.7081127844681505,0.07,3.984693124641403,-0.7695246365064912,0.5692418749487719,-0.10993209092949874,6
RAIIND,2026-07-06,2026-08-06,60.0,195.159375,244.24477599999997,2945.124059999998,25.151444044130567,3.5930634348757966,0.07,24.513618677042803,0.8867752317817112,3.501945525291829,0.1266821759688159,31
RAIIND,2026-07-10,2026-08-06,15.0,206.93204666666668,244.24477599999997,559.6909399999994,18.031392398799362,2.5759131998284808,0.07,17.42985386474858,-0.7113671808590794,2.489979123535511,-0.10162388297986846,27
RAIIND,2026-07-10,2026-08-06,45.0,206.93204666666668,242.40630199999998,1596.3414899999987,17.142949052486035,2.4489927217837195,0.07,17.42985386474858,-0.7113671808590794,2.489979123535511,-0.10162388297986846,27
RAIIND,2026-07-10,2026-08-06,5.0,207.882578,242.40630199999998,172.61861999999994,16.60731954170782,2.3724742202439733,0.07,16.892912497939093,-1.1653588402198767,2.4132732139912987,-0.16647983431712524,27
STOKRA,2026-08-05,2026-08-06,15.0,782.3172950000001,797.4018571428571,226.268432142856,1.9281897817249538,0.2754556831035649,0.07,2.2858634360116037,-3.3640180484569293,0.3265519194302291,-0.4805740069224184,1
STOKRA,2026-08-06,2026-08-06,20.0,813.191275,797.4018571428571,-315.7883571428579,-1.9416610018525904,-0.2773801431217993,0.07,-1.597566943890294,-1.597566943890294,-0.22822384912718482,-0.22822384912718482,0
WEWIND,2026-06-24,2026-08-06,10.0,641.9899766666666,743.9970666666667,1020.0709000000006,15.889202901521937,2.2698861287888494,0.07,16.543875635690753,-2.405018337955045,2.363410805098679,-0.3435740482792921,43
WEWIND,2026-07-31,2026-08-06,5.0,721.750835,743.9970666666667,111.23115833333316,3.0822592213096023,0.44032274590137327,0.07,3.6645839141980385,2.161295040275224,0.5235119877425769,0.308756434325032,6
LLOST,2026-07-20,2026-08-06,100.0,91.3636104,91.185908,-17.770240000000115,-0.19450019457637469,-0.027785742082339276,0.07,2.0975414517988566,-4.852709279536082,0.29964877882840807,-0.6932441827908689,17
STOKRA,2026-08-06,2026-08-06,15.0,843.8014133333332,796.0520466666666,-716.2405000000001,-5.658839379995673,-0.8084056257136667,0.07,-5.167260050097711,-5.167260050097711,-0.7381800071568156,-0.7381800071568156,0
BIOCON,2026-06-04,2026-08-06,30.0,417.23839999999996,435.6885166666667,553.5035000000028,4.4219603628685045,0.6317086232669298,0.07,5.623068250669161,-4.838576698597241,0.8032954643813086,-0.6912252426567487,63
DECGOL,2026-08-03,2026-08-06,75.0,203.46352285714283,225.42831733333335,1647.3595857142889,10.795445870468189,1.5422065529240265,0.07,10.796272881935899,-2.1790258985418864,1.542324697419414,-0.31128941407741234,3
HIMCHE,2026-07-13,2026-08-06,20.0,667.2383575000001,761.267825,1880.589349999998,14.092335436516002,2.013190776645144,0.07,20.03206815039853,-0.6202217623557549,2.8617240214855038,-0.08860310890796498,24
UJJSMA,2026-07-10,2026-08-06,150.0,64.36933666666667,71.96345133333334,1139.1172000000004,11.797720871340346,1.6853886959057638,0.07,11.93217723076323,0.7933332232049617,1.7045967472518897,0.11333331760070879,27
PARDEF,2026-07-31,2026-08-06,8.0,1266.24406,1316.2107625,399.7336200000009,3.9460562207889183,0.5637223172555591,0.07,3.984693124641403,-0.7695246365064912,0.5692418749487719,-0.10993209092949874,6
RAIIND,2026-07-10,2026-08-07,45.0,207.882578,221.77595636363637,625.2020263636368,6.683281733997148,0.9547545334281639,0.07,16.892912497939093,-1.1653588402198767,2.4132732139912987,-0.16647983431712524,28
RAIIND,2026-07-13,2026-08-07,50.0,216.93586200000001,221.77595636363637,242.00471818181768,2.231117676447769,0.3187310966353965,0.07,12.014674641484579,-5.289979210537354,1.716382091640654,-0.7557113157910506,25
RAIIND,2026-07-31,2026-08-07,50.0,225.613538,221.77595636363637,-191.87908181818187,-1.700953617581069,-0.24299337394015255,0.07,7.706302624446226,-1.2116019385326138,1.1009003749208894,-0.17308599121894483,7
RAIIND,2026-08-03,2026-08-07,75.0,229.661532,221.77595636363637,-591.4181727272719,-3.4335639789965455,-0.4905091398566494,0.07,5.8078807904146545,-2.9528375696805886,0.8296972557735219,-0.4218339385257983,4
BHEL,2026-08-05,2026-08-07,40.0,413.46198000000004,402.50696750000003,-438.2005000000004,-2.6495815890979935,-0.37851165558542693,0.07,-0.25685070245153874,-1.9982441916424953,-0.03669295749307696,-0.28546345594892786,2
PARDEF,2026-07-31,2026-08-07,4.0,1266.24406,1279.720675,53.90646000000015,1.0642983786237847,0.15204262551768413,0.07,3.984693124641403,-0.7695246365064912,0.5692418749487719,-0.10993209092949874,7
PARDEF,2026-08-06,2026-08-07,4.0,1326.79955,1279.720675,-188.3154999999997,-3.548303509750206,-0.5069005013928864,0.07,-0.7611963691124157,-3.7458220422218247,-0.10874233844463083,-0.5351174346031178,1
STLIND,2026-07-03,2026-08-07,10.0,199.584114,257.5192212,579.351072,29.027915117532842,4.146845016790407,0.07,35.381516386619815,-9.902648865129615,5.054502340945688,-1.4146641235899449,35
STLIND,2026-07-10,2026-08-07,50.0,206.42493,257.5192212,2554.714560000001,24.75199637950707,3.5359994827867247,0.07,30.895042570681742,-1.5961880185692667,4.413577510097391,-0.2280268597956095,28
STLIND,2026-07-15,2026-08-07,50.0,212.306718,257.5192212,2260.6251600000005,21.295841990266197,3.0422631414665977,0.07,27.268699994693524,-0.8227332683839017,3.895528570670503,-0.1175333240548431,23
STLIND,2026-07-29,2026-08-07,50.0,247.296822,257.5192212,511.1199600000006,4.13365570868518,0.5905222440978819,0.07,9.261412182644225,-1.2320506083980276,1.3230588832348893,-0.1760072297711468,9
STLIND,2026-07-31,2026-08-07,40.0,254.3507975,257.5192212,126.73694800000021,1.2456904916918976,0.1779557845274135,0.07,6.231237588315408,0.8449757268797153,0.8901767983307726,0.12071081812567361,7
STLIND,2026-08-05,2026-08-07,50.0,273.49965199999997,257.5192212,-799.0215399999983,-5.842943741661499,-0.834706248808785,0.07,-1.206455648433502,-6.215602789871177,-0.1723508069190717,-0.8879432556958824,2
KIRENG,2026-08-04,2026-08-07,10.0,2260.44152,2147.5898,-1128.5171999999966,-4.992463596226971,-0.7132090851752819,0.07,0.5953916472035248,-4.36824041349232,0.08505594960050353,-0.6240343447846171,3
CYIDLM,2026-08-03,2026-08-10,30.0,685.297076,681.87701,-102.60197999999718,-0.49906327048153676,-0.07129475292593307,0.07,0.9051438007303014,-3.326597587875879,0.1293062572471859,-0.4752282268394113,7
BHAFOR,2026-07-29,2026-08-10,15.0,2180.38164,2257.0063133333333,1149.3700999999987,3.514278047825292,0.5020397211178999,0.07,3.89006944674144,-4.003044164323455,0.5557242066773485,-0.5718634520462078,12
BHAFOR,2026-07-31,2026-08-10,7.0,2208.937014285714,2257.685442857143,341.23900000000003,2.206872729107312,0.31526753272961505,0.07,2.5470615662836815,-5.244016173234867,0.3638659380405259,-0.7491451676049808,10
LLOMET,2026-07-15,2026-08-10,7.0,1837.8905833333333,2069.9352599999997,1624.312736666665,12.625597996471205,1.8036568566387445,0.07,14.326718851190211,0.3052095003660771,2.0466741215986017,0.04360135719515387,26
LLOMET,2026-07-15,2026-08-10,3.0,1872.1243375000001,2069.9352599999997,593.4327674999988,10.56612098554055,1.5094458550772218,0.07,12.236135063865628,-1.5289763039042836,1.7480192948379467,-0.2184251862720405,26
MARPHA,2026-07-30,2026-08-10,100.0,262.727912,270.994093,826.6181000000017,3.146289610827502,0.44946994440392857,0.07,4.233310391474521,-1.6663292326549506,0.6047586273535029,-0.23804703323642148,11
SOUBAN,2026-08-03,2026-08-10,350.0,47.79605485714286,46.123135000000005,-585.5219500000004,-3.500121217416441,-0.5000173167737771,0.07,-0.7658683509276232,-3.7577470829152637,-0.10940976441823187,-0.5368210118450376,7
SOUBAN,2026-08-06,2026-08-10,150.0,47.7960522,46.123135000000005,-250.937579999999,-3.500115852664487,-0.500016550380641,0.07,-0.765862834169384,-3.7577417324855977,-0.10940897630991199,-0.5368202474979424,4
RAYREA,2026-08-04,2026-08-10,40.0,675.9898875,623.2362049999999,-2110.1473000000033,-7.803915927662464,-1.1148451325232092,0.07,2.449757430727839,-10.198360770596594,0.34996534724683415,-1.456908681513799,6
ATHENE,2026-07-08,2026-08-10,10.0,1175.16135,1463.5501833333335,2883.8883333333342,24.540360635016924,3.5057658050024165,0.07,26.06779486068018,0.8031790698358021,3.7239706943828823,0.11473986711940028,33
ATHENE,2026-07-24,2026-08-10,2.0,1211.7350000000001,1463.5501833333335,503.63036666666676,20.781374090319527,2.9687677271885042,0.07,22.262705954684805,-0.8033934812479715,3.1803865649549716,-0.11477049732113877,17
SAKHEA,2026-07-14,2026-08-10,20.0,884.046975,910.2924266666666,524.9090333333334,2.968784737560659,0.42411210536580796,0.07,4.592858315023363,-9.258215605567788,0.656122616431909,-1.3226022293668267,27
SAKHEA,2026-07-14,2026-08-10,10.0,898.1904100000002,910.2924266666666,121.02016666666486,1.3473776308373653,0.19248251869105323,0.07,2.94587758958591,-10.687089166316088,0.42083965565513,-1.526727023759441,27
GLAPH,2026-07-29,2026-08-10,6.0,2470.04348,2670.5151833333334,1202.8302200000016,8.116120422841044,1.1594457746915776,0.07,7.985953348481156,1.330200065951881,1.1408504783544509,0.1900285808502687,12
MOTSUM,2026-07-15,2026-08-10,150.0,144.480904,167.36755066666666,3432.9969999999976,15.840603175258817,2.26294331075126,0.07,16.624408717708448,-1.6409808731540076,2.3749155311012067,-0.23442583902200112,26
BHEL,2026-08-05,2026-08-10,40.0,413.46198000000004,407.99886200000003,-218.52472000000034,-1.3213108494280479,-0.18875869277543478,0.07,-0.25685070245153874,-1.9982441916424953,-0.03669295749307696,-0.28546345594892786,5
BHEL,2026-08-10,2026-08-10,10.0,408.81116000000003,407.99886200000003,-8.122979999999984,-0.19869760894003496,-0.0283853727057185,0.07,0.04619247674158,0.04619247674158,0.006598925248797142,0.006598925248797142,0
WOCKHA,2026-07-10,2026-08-10,6.0,1818.6098882352942,1914.4275333333333,574.9058705882344,5.268730018344758,0.7526757169063945,0.07,11.535740189352971,-0.4349414509655869,1.6479628841932814,-0.062134492995083834,31
WOCKHA,2026-07-10,2026-08-10,11.0,1818.6098882352942,1913.5286294117648,1044.1061529411763,5.219301939932586,0.7456145628475125,0.07,11.535740189352971,-0.4349414509655869,1.6479628841932814,-0.062134492995083834,31
WOCKHA,2026-07-31,2026-08-10,6.0,1923.7658666666666,1913.5286294117648,-61.42342352941114,-0.5321456957046444,-0.07602081367209236,0.07,5.439026398500069,0.38643649220237997,0.7770037712142955,0.05520521317176856,10
WEWIND,2026-07-31,2026-08-11,15.0,721.750835,719.75614,-29.920425000001387,-0.2763689216930487,-0.03948127452757873,0.07,4.662158097815006,-0.24950923679915027,0.6660225854021437,-0.035644176685592895,11
WEWIND,2026-08-05,2026-08-11,5.0,751.4128149999999,719.75614,-158.28337499999975,-4.212953834171696,-0.6018505477388133,0.07,0.5306250998660555,-4.187154433877982,0.07580358569515078,-0.5981649191254259,6
APOMIC,2026-07-31,2026-08-11,25.0,387.82946933333335,387.02770799999996,-20.04403333333471,-0.20673037938854222,-0.02953291134122099,0.07,4.156602821950917,0.10843184954190122,0.5938004031358453,0.015490264220271601,11
LLOMET,2026-07-15,2026-08-11,5.0,1872.1243375000001,1969.1608833333332,485.18272916666547,5.183231898096774,0.7404616997281118,0.07,12.236135063865628,-1.5289763039042836,1.7480192948379467,-0.2184251862720405,27
LLOMET,2026-07-20,2026-08-11,1.0,1890.1978,1969.1608833333332,78.96308333333332,4.177503715925046,0.5967862451321482,0.07,11.162969293478175,-0.978617158479389,1.5947098990683106,-0.13980245121134127,22
BHEL,2026-08-10,2026-08-11,40.0,408.81116000000003,401.75046000000003,-282.4279999999999,-1.7271299540844276,-0.24673285058348896,0.07,0.04619247674158,-1.421477828540696,0.006598925248797142,-0.20306826122009938,1
BHEL,2026-08-11,2026-08-11,10.0,409.111368,401.75046000000003,-73.60907999999995,-1.7992430853204677,-0.25703472647435327,0.07,-1.4938152488590872,-1.4938152488590872,-0.21340217840844103,-0.21340217840844103,0
AETIND,2026-07-29,2026-08-12,22.0,1477.4308590909093,1615.718131818182,3042.3199999999993,9.359982694037106,1.3371403848624421,0.07,10.610929096577394,0.898122631420839,1.5158470137967703,0.12830323306011984,14
AZAENG,2026-07-14,2026-08-12,10.0,2392.6077,2459.2549599999998,666.4725999999973,2.785549005798149,0.397935572256877,0.07,6.565735786940752,-5.559110254472566,0.9379622552772501,-0.7941586077817951,29
LLOMET,2026-07-20,2026-08-12,9.0,1890.1978,1929.3973933333332,352.7963399999994,2.0738355178137047,0.29626221683052933,0.07,11.162969293478175,-0.978617158479389,1.5947098990683106,-0.13980245121134127,23
LLOMET,2026-08-11,2026-08-12,6.0,2059.4086166666666,1929.3973933333332,-780.0673400000005,-6.313036775759828,-0.9018623965371183,0.07,-3.5548368630777705,-8.051273327924713,-0.5078338375825386,-1.1501819039892447,1
WEWIND,2026-08-05,2026-08-12,15.0,751.4128149999999,705.3332,-691.1942249999981,-6.132396743859081,-0.8760566776941547,0.07,0.5306250998660555,-5.697642380506895,0.07580358569515078,-0.8139489115009849,7
WEWIND,2026-08-05,2026-08-12,20.0,749.74172,705.3332,-888.1703999999991,-5.923175783788581,-0.8461679691126537,0.07,0.754697230934398,-5.487452398940795,0.10781389013348541,-0.7839217712772564,7
WEWIND,2026-08-06,2026-08-12,15.0,773.5658533333334,705.3332,-1023.4898000000004,-8.820535839232758,-1.260076548461822,0.07,-2.3483266815689796,-8.398231779930864,-0.3354752402241399,-1.1997473971329802,6
AZAENG,2026-08-06,2026-08-12,10.0,2473.64026,2466.82972,-68.10539999999946,-0.275324593884152,-0.03933208484059351,0.07,3.07481007767878,-0.721214813992388,0.43925858252553995,-0.10303068771319827,6
AETIND,2026-08-11,2026-08-12,10.0,1622.87335,1621.97515,-8.98200000000088,-0.05534627825394267,-0.007906611179134729,0.07,0.6979380122299705,-0.6268727008179709,0.09970543031856721,-0.08955324297399582,1
AETIND,2026-08-11,2026-08-12,8.0,1634.5817,1621.97515,-100.85239999999976,-0.7712401282848114,-0.11017716118354377,0.07,-0.023351540030080997,-1.3386727625789518,-0.0033359342900115708,-0.1912389660827074,1
FINCHE,2026-07-15,2026-08-12,200.0,38.928231399999994,41.9241205,599.1778200000012,7.695929129726675,1.0994184471038109,0.07,10.433992128396596,-3.0780525004791226,1.4905703040566565,-0.43972178578273174,28
KNOMAR,2026-07-10,2026-08-12,5.0,2311.6447833333336,2606.7352,1475.4520833333322,12.765387606012446,1.8236268008589196,0.07,15.926115436117993,1.2958399526882047,2.275159348016856,0.1851199932411721,33
KNOMAR,2026-07-10,2026-08-12,1.0,2311.6447833333336,2606.4438999999998,294.7991166666661,12.752786188956478,1.821826598422353,0.07,15.926115436117993,1.2958399526882047,2.275159348016856,0.1851199932411721,33
KNOMAR,2026-07-20,2026-08-12,5.0,2424.6667166666666,2606.4438999999998,908.8859166666657,7.496996683454826,1.070999526207833,0.07,10.522406299373,-3.425902458910457,1.5032008999104283,-0.4894146369872081,23
KNOMAR,2026-07-20,2026-08-12,1.0,2424.6667166666666,2604.0122916666664,179.34557499999983,7.396710391874262,1.0566729131248946,0.07,10.522406299373,-3.425902458910457,1.5032008999104283,-0.4894146369872081,23
KNOMAR,2026-08-04,2026-08-12,6.0,2554.9325,2604.0122916666664,294.4787499999993,1.9209819307033138,0.27442599010047397,0.07,2.5897944466243272,-1.3985692381305648,0.3699706352320467,-0.19979560544722352,8
KNOMAR,2026-08-10,2026-08-12,5.0,2596.71816,2604.0122916666664,36.47065833333272,0.2808980881724432,0.040128298310348476,0.07,0.9389482607538691,0.0031516704916523253,0.1341354658219813,0.00045023864166461786,2
WOCKHA,2026-07-31,2026-08-12,6.0,1923.7658666666666,1851.7432947368422,-432.1354315789463,-3.7438325098583247,-0.5348332156940461,0.07,5.439026398500069,-3.9696029537620747,0.7770037712142955,-0.567086136251725,12
WOCKHA,2026-08-03,2026-08-12,7.0,2005.029142857143,1851.7432947368422,-1073.0009368421047,-7.6450683356088405,-1.0921526193726907,0.07,1.1656118429058893,-7.86168836591189,0.16651597755798417,-1.1230983379874127,9
WOCKHA,2026-08-07,2026-08-12,6.0,2026.5724333333335,1851.7432947368422,-1048.9748315789475,-8.626838879325415,-1.2324055541893455,0.07,-0.2749683772303113,-8.841156150467722,-0.03928119674718732,-1.2630223072096742,5
BHEL,2026-08-11,2026-08-12,40.0,409.111368,419.04491,397.34167999999954,2.4280777257697617,0.3468682465385383,0.07,2.6615324949855745,-1.4938152488590872,0.38021892785508205,-0.21340217840844103,1
BHEL,2026-08-12,2026-08-12,10.0,417.812642,419.04491,12.322680000000332,0.2949331533151689,0.042133307616453224,0.07,0.5235260449586887,0.5235260449586887,0.07478943499409837,0.07478943499409837,0
ATHENE,2026-07-24,2026-08-13,12.0,1211.7350000000001,1502.4956083333334,3489.127299999999,23.99539572046143,3.4279136743516316,0.07,29.516767279974566,-0.8033934812479715,4.216681039996367,-0.11477049732113877,20
BELLIM,2026-07-09,2026-08-13,100.0,231.07431100000002,257.009938,2593.5626999999954,11.223933499037875,1.603419071291124,0.07,13.102144011153193,-1.8021522955011804,1.8717348587361704,-0.25745032792874,35
BELLIM,2026-07-13,2026-08-13,50.0,237.42771399999998,257.009938,979.1111999999998,8.247657221683902,1.1782367459548428,0.07,10.075608106979473,-4.429859439239681,1.439372586711353,-0.6328370627485257,31
BELLIM,2026-07-31,2026-08-13,50.0,240.503208,257.009938,825.3364999999988,6.863413647272432,0.9804876638960601,0.07,8.66798916046061,-1.5688805281965368,1.2382841657800872,-0.22412578974236239,13
BIOCON,2026-06-04,2026-08-13,20.0,417.23839999999996,416.372676,-17.314479999998866,-0.2074890518226402,-0.029641293117519635,0.07,5.623068250669161,-4.838576698597241,0.8032954643813086,-0.6912252426567487,70
BIOCON,2026-07-14,2026-08-13,50.0,434.793756,416.372676,-921.053999999998,-4.2367397750762485,-0.6052485392966065,0.07,1.3584012922209565,-3.4024766445817978,0.1940573274601366,-0.4860680920831139,30
BIOCON,2026-08-06,2026-08-13,30.0,438.4155633333333,416.372676,-661.2866199999985,-5.027852379541042,-0.718264625648721,0.07,-0.4141192706593966,-4.200481204024154,-0.05915989580848522,-0.600068743432022,7
MARPHA,2026-08-03,2026-08-13,50.0,263.9303506666667,303.33678,1970.321466666664,14.930616821368158,2.1329452601954495,0.07,18.440338221958076,-0.6366644315146996,2.6343340317082964,-0.09095206164495709,10
ABB,2026-08-04,2026-08-14,2.0,7839.1955,7664.282,-349.8269999999993,-2.2312685019782896,-0.31875264313975593,0.07,-1.3291606262402778,-3.051276116280044,-0.1898800894628968,-0.4358965880400062,10
DECGOL,2026-08-03,2026-08-14,60.0,203.46352285714283,226.41582,1377.1378285714297,11.280792163896901,1.6115417376995582,0.07,10.811017539641,-2.1790258985418864,1.5444310770915715,-0.31128941407741234,11
CYIDLM,2026-08-03,2026-08-14,15.0,685.297076,696.6992066666667,171.03196000000082,1.6638230434630863,0.23768900620901195,0.07,6.253189383227431,-3.326597587875879,0.89331276903249,-0.4752282268394113,11
MARPHA,2026-08-03,2026-08-17,25.0,263.9303506666667,338.967234,1875.922083333333,28.430562511585443,4.06150893022649,0.07,26.16965012127972,-0.6366644315146996,3.7385214458971023,-0.09095206164495709,14
MARPHA,2026-08-04,2026-08-17,25.0,268.13874933333335,338.967234,1770.7121166666666,26.414863514790653,3.77355193068438,0.07,24.189435815572935,0.2839017741968597,3.4556336879389904,0.04055739631383709,13
KRNHEA,2026-06-29,2026-08-17,10.0,1237.27415,1522.52886875,2852.5471874999994,23.05509403473758,3.2935848621053663,0.07,24.442913480411764,-6.520313222417206,3.491844782915966,-0.9314733174881722,49
KRNHEA,2026-07-06,2026-08-17,10.0,1253.5186600000002,1522.52886875,2690.102087499997,21.460407198884425,3.06577245698349,0.07,22.830241713354305,-7.731728540842009,3.261463101907758,-1.1045326486917155,42
KRNHEA,2026-08-12,2026-08-17,12.0,1325.3377583333333,1522.52886875,2366.2933249999987,14.878555234451518,2.125507890635931,0.07,16.174159403429055,0.49513730559664904,2.3105942004898647,0.07073390079952128,5
SEINVE,2026-07-28,2026-08-17,200.0,71.2514565,66.8587888888889,-878.5335222222216,-6.165021498348045,-0.8807173569068639,0.07,1.4575751163767414,-5.138781268281867,0.20822501662524875,-0.7341116097545523,20
SEINVE,2026-08-05,2026-08-17,100.0,73.93863900000001,66.8587888888889,-707.9850111111114,-9.575304883703783,-1.3679006976719694,0.07,-5.40805058637881,-8.586361726241677,-0.7725786551969727,-1.226623103748811,12
SEINVE,2026-08-13,2026-08-17,150.0,70.29122333333333,66.8587888888889,-514.8651666666659,-4.883162195324486,-0.6975945993320698,0.07,-0.49966883015789554,-3.842902719908081,-0.07138126145112793,-0.5489861028440115,4
FINCHE,2026-07-15,2026-08-17,300.0,38.928231399999994,42.93397166666667,1201.7220800000032,10.290064877354489,1.470009268193497,0.07,11.512900634884748,-3.0780525004791226,1.644700090697821,-0.43972178578273174,33
BHEL,2026-08-12,2026-08-17,25.0,417.812642,432.539484,368.17105000000083,3.524747822254759,0.5035354031792499,0.07,4.341026617380339,0.5235260449586887,0.6201466596257627,0.07478943499409837,5
SOUBAN,2026-08-06,2026-08-17,350.0,47.7960522,45.135709428571424,-931.119970000001,-5.566030349737916,-0.7951471928197015,0.07,-0.765862834169384,-5.38967567702171,-0.10940897630991199,-0.7699536681459584,11
CYIDLM,2026-08-03,2026-08-18,5.0,685.297076,752.445475,335.7419950000002,9.798436525066979,1.3997766464381405,0.07,7.610265069918398,-3.326597587875879,1.0871807242740568,-0.4752282268394113,15
CYIDLM,2026-08-06,2026-08-18,11.0,677.4610319999999,752.445475,824.8288730000006,11.068451092844555,1.5812072989777948,0.07,8.8549695357238,-2.2083974270567297,1.2649956479605426,-0.31548534672239,12
JUSDIA,2026-08-12,2026-08-18,38.0,697.9183947368421,665.2580842105262,-1241.0918000000008,-4.679674697301928,-0.6685249567574187,0.07,-1.4999453826960996,-5.246801776968423,-0.2142779118137285,-0.7495431109954889,6
GOLINT,2026-07-10,2026-08-18,6.666666666666666,454.64338666666663,363.6287866666667,-606.7639999999994,-20.018898914882843,-2.8598427021261195,0.07,-15.527199721135275,-24.79820227745385,-2.2181713887336105,-3.54260032535055,39
GOLINT,2026-07-10,2026-08-18,23.333333333333336,481.818044,363.6287866666667,-2757.749337777777,-24.52985287809879,-3.504264696871255,0.07,-20.29148663431957,-29.039602344157956,-2.8987838049027954,-4.148514620593994,39
WOCKHA,2026-08-14,2026-08-18,10.0,1960.40802,1862.4228500000002,-979.8516999999993,-4.998202874113922,-0.7140289820162752,0.07,-1.4133802615233115,-5.126892920995085,-0.20191146593190162,-0.7324132744278692,4
ABB,2026-08-04,2026-08-18,2.0,7839.1955,7561.8848,-554.6214,-3.5374892742501496,-0.5053556106071635,0.07,-1.3291606262402778,-3.740122312295946,-0.1898800894628968,-0.5343031874708494,14
ABB,2026-08-10,2026-08-18,2.0,7701.9787,7562.3848,-279.1877999999997,-1.8124420416794962,-0.25892029166849934,0.07,0.10414596446495228,-2.0251769847143275,0.014877994923564612,-0.28931099781633246,8
HIMCHE,2026-07-13,2026-08-19,20.0,667.2383575000001,729.9578764705883,1254.3903794117637,9.399867118788684,1.3428381598269543,0.07,20.03206815039853,-0.6202217623557549,2.8617240214855038,-0.08860310890796498,37
HIMCHE,2026-08-06,2026-08-19,20.0,764.264725,729.9578764705883,-686.1369705882339,-4.4888698126701705,-0.6412671160957386,0.07,3.027128459971773,-1.8337526960962358,0.43244692285311037,-0.2619646708708908,13
HIMCHE,2026-08-07,2026-08-19,20.0,769.445845,729.9578764705883,-789.7593705882332,-5.132001009039389,-0.7331430012913414,0.07,2.3333877382884616,-2.494762318197974,0.3333411054697802,-0.35639461688542484,12
HIMCHE,2026-08-13,2026-08-19,25.0,780.367892,729.9578764705883,-1260.2503882352921,-6.459775709148685,-0.9228251013069555,0.07,0.9011272852317731,-3.859447871799415,0.1287324693188247,-0.551349695971345,6
ABB,2026-08-12,2026-08-19,2.0,7742.55495,7410.662175,-663.7855499999987,-4.286605353701745,-0.6123721933859633,0.07,-0.4204677940322532,-4.036845098529129,-0.060066827718893316,-0.5766921569327327,7
ABB,2026-08-14,2026-08-19,2.0,7775.94125,7410.662175,-730.5581499999989,-4.697554460046871,-0.6710792085781245,0.07,-1.4910252826305759,-4.448866560045062,-0.21300361180436797,-0.635552365720723,5
FINCHE,2026-07-31,2026-08-19,200.0,39.419247,44.953424500000004,1106.835500000001,14.039277564079299,2.0056110805827583,0.07,14.106695138037505,-2.484184946505952,2.0152421625767865,-0.35488356378656455,19
LLOST,2026-07-31,2026-08-19,150.0,90.42172733333332,93.0762435,398.17742500000224,2.935706101787905,0.41938658596969963,0.07,7.142390282878264,-2.16953092048503,1.0203414689826091,-0.30993298864071855,19
LLOST,2026-08-03,2026-08-19,50.0,91.8245856,93.0762435,62.582894999999894,1.3630967042447484,0.1947281006063926,0.07,5.505512893923692,-3.66414460573401,0.7865018419890988,-0.5234492293905728,16
STETEC,2026-08-17,2026-08-19,20.0,654.66421,617.8653750000001,-735.9766999999988,-5.62102440272395,-0.8030034861034208,0.07,-1.323458632326946,-5.111660220435754,-0.18906551890384943,-0.7302371743479648,2
PARMED,2026-07-30,2026-08-19,125.0,283.317444,272.14631600000007,-1396.3909999999942,-3.942972180703408,-0.5632817401004866,0.07,3.2940280232091723,-4.471113328270759,0.47057543188702455,-0.6387304754672511,20
SUNIRO,2026-07-31,2026-08-19,50.0,365.92017599999997,352.29235727272726,-681.3909363636355,-3.7242599946914923,-0.532037142098785,0.07,6.416651920281113,-3.3805668042748094,0.9166645600401591,-0.48293811489640126,19
SUNIRO,2026-08-04,2026-08-19,30.0,374.35951,352.29235727272726,-662.0145818181823,-5.894641951869406,-0.842091707409915,0.07,4.017659388431194,-5.55869677252222,0.5739513412044562,-0.7940995389317456,15
SUNIRO,2026-08-06,2026-08-19,30.0,386.17588666666666,352.29235727272726,-1016.5058818181819,-8.77411836518588,-1.2534454807408395,0.07,0.8348820950895508,-8.448452581615529,0.11926887072707867,-1.2069217973736468,13
SYRTEC,2026-07-29,2026-08-19,15.0,1345.3032266666667,1497.4044466666667,2281.5183,11.306091963881615,1.61515599484023,0.07,12.718082432409638,-0.14147194691432885,1.8168689189156624,-0.020210278130618407,21
INOIND,2026-08-04,2026-08-19,8.0,1918.8557100000003,1880.789025,-304.5334800000019,-1.9838221707665693,-0.28340316725236675,0.07,3.4001665503030187,-0.9096937257465854,0.4857380786147169,-0.12995624653522647,15
FINCHE,2026-08-06,2026-08-19,200.0,41.343058,43.5635685,444.10210000000063,5.370939179196665,0.7672770255995242,0.07,8.796983522602497,0.7182390813954775,1.2567119318003566,0.10260558305649678,13
MOTSUM,2026-08-13,2026-08-19,75.0,170.5426752,169.936744,-45.444839999998976,-0.3552959394411914,-0.05075656277731361,0.07,-0.08365952969405788,-1.842750030931839,-0.011951361384865411,-0.2632500044188341,6
UJJSMA,2026-07-10,2026-08-19,150.0,64.36933666666667,71.65619066666666,1093.0280999999986,11.32038075479105,1.6171972506844352,0.07,12.584661816980036,0.7933332232049617,1.7978088309971476,0.11333331760070879,40
UJJSMA,2026-08-06,2026-08-20,150.0,70.643104,71.873254,184.52250000000134,1.7413589300945942,0.24876556144208437,0.07,2.586092479741553,-1.250092294925187,0.36944178282022183,-0.17858461356074098,14
RASPER,2026-07-29,2026-08-20,15.0,786.4803825,859.3807466666666,1093.5054624999987,9.269190406877904,1.3241700581254134,0.07,14.796251767919966,-1.6440820124334232,2.113750252559995,-0.23486885891906045,22
CYIDLM,2026-08-06,2026-08-20,14.0,677.4610319999999,731.528305,756.9418220000016,7.980868337235991,1.1401240481765686,0.07,8.8549695357238,-2.2083974270567297,1.2649956479605426,-0.31548534672239,14
CYIDLM,2026-08-07,2026-08-20,6.0,688.6361860000001,731.528305,257.3527139999999,6.228560141334194,0.8897943059048843,0.07,7.088476468763427,-0.4481591387066719,1.0126394955376323,-0.06402273410095313,13
SYRTEC,2026-08-04,2026-08-20,10.0,1402.91838,1437.316855,343.9847499999996,2.4519227554777645,0.3502746793539658,0.07,8.088968083802573,1.0750176357372965,1.1555668691146532,0.1535739479624709,16
SYRTEC,2026-08-06,2026-08-20,10.0,1460.1342,1437.316855,-228.17344999999932,-1.5626882104398332,-0.22324117291997575,0.07,3.8534677155017683,-2.885638867988982,0.550495387928824,-0.41223412399842596,14
WEWIND,2026-08-13,2026-08-20,25.0,725.9085640000001,687.71576,-954.8201000000006,-5.261379448335046,-0.7516256354764345,0.07,-0.8828335024299361,-5.201559242108633,-0.12611907177570514,-0.7430798917298046,7
STESW,2026-08-18,2026-08-21,75.0,316.6339376,298.024536,-1395.705120000001,-5.877260580800103,-0.8396086544000154,0.07,-0.24758483122246933,-6.832475938612093,-0.035369261603209905,-0.9760679912302989,3
LLOST,2026-08-03,2026-08-21,75.0,91.8245856,90.02194133333333,-135.19832000000065,-1.9631390165148477,-0.2804484309306926,0.07,5.505512893923692,-3.66414460573401,0.7865018419890988,-0.5234492293905728,18
LLOST,2026-08-04,2026-08-21,75.0,93.854872,90.02194133333333,-287.4698000000002,-4.083890995735063,-0.5834129993907233,0.07,3.2231976194054157,-5.748100109283627,0.4604568027722022,-0.8211571584690893,17
LLOST,2026-08-04,2026-08-21,25.0,93.854872,90.05187333333333,-95.07496666666668,-4.051999204331835,-0.5788570291902628,0.07,3.2231976194054157,-5.748100109283627,0.4604568027722022,-0.8211571584690893,17
LLOST,2026-08-04,2026-08-21,125.0,92.67989680000001,90.05187333333333,-328.50293333333445,-2.835591705866758,-0.40508452940953754,0.07,4.531838451507619,-4.5531954023496635,0.6474054930725169,-0.6504564860499519,17
STESW,2026-08-18,2026-08-21,50.0,316.6339376,293.79907,-1141.7433800000026,-7.211756191734276,-1.0302508845334684,0.07,-0.24758483122246933,-6.832475938612093,-0.035369261603209905,-0.9760679912302989,3
FINCHE,2026-08-10,2026-08-24,200.0,42.485344,49.7803215,1458.9955000000004,17.170574163174955,2.452939166167851,0.07,16.793216973834557,-1.942655801492399,2.3990309962620793,-0.27752225735605696,14
FINCHE,2026-08-12,2026-08-24,200.0,44.856722,49.7803215,984.7199000000003,10.976280210578038,1.5680400300825756,0.07,10.618872239482858,-7.126517180635716,1.516981748497551,-1.0180738829479594,12
GLAPH,2026-07-29,2026-08-24,7.0,2470.04348,2791.488485714286,2250.115040000004,13.01373875873173,1.8591055369616771,0.07,20.248895375720277,1.330200065951881,2.892699339388611,0.1900285808502687,26
LLOMET,2026-08-14,2026-08-24,10.0,1917.85367,1830.28187,-875.7179999999994,-4.566135642663493,-0.6523050918090707,0.07,1.2590287975411618,-4.492192045079224,0.1798612567915945,-0.6417417207256033,10
RASPER,2026-07-29,2026-08-24,25.0,786.4803825,863.6375725,1928.9297500000002,9.81044050389903,1.401491500557004,0.07,14.796251767919966,-1.6440820124334232,2.113750252559995,-0.23486885891906045,26
RASPER,2026-08-17,2026-08-24,15.0,862.9346333333334,863.6375725,10.544087499999364,0.08145914412442945,0.011637020589204329,0.07,1.6183574198107342,-2.8605449798650318,0.23119391711581916,-0.4086492828378616,7
HINCOP,2026-08-06,2026-08-25,20.0,530.6665375,543.4857450000001,256.3841500000012,2.4156803932639193,0.34509719903770375,0.07,8.194121812325506,-0.8322622942849467,1.170588830332215,-0.1188946134692781,19
FINCHE,2026-08-14,2026-08-25,200.0,43.4072235,47.641062000000005,846.7677000000009,9.753764831330436,1.3933949759043491,0.07,14.312771006880908,-0.10879180051679427,2.0446815724115583,-0.015541685788113466,11
FINCHE,2026-08-17,2026-08-25,200.0,44.08663033333334,47.641062000000005,710.8863333333331,8.062379999995617,1.1517685714279444,0.07,12.551128595743343,-1.5347744389113571,1.7930183708204777,-0.21925349127305097,8
HINAER,2026-08-12,2026-08-25,3.0,5049.4464,4856.929033333333,-577.5521000000008,-3.8126430387827703,-0.5446632912546807,0.07,0.9813669870819997,-2.9596591024315,0.14019528386885707,-0.42280844320449995,13
DECGOL,2026-08-03,2026-08-25,40.0,203.46352285714283,239.852183,1455.5464057142865,17.884611271774055,2.5549444673962944,0.07,21.697489811897917,-2.1790258985418864,3.099641401699702,-0.31128941407741234,22
DECGOL,2026-08-06,2026-08-25,60.0,207.531112,239.852183,1939.2642599999995,15.574084622068618,2.224869231724087,0.07,19.31223112224254,2.9291453900174735,2.758890160320363,0.4184493414310676,19
GLAPH,2026-07-29,2026-08-25,2.0,2470.04348,2791.9629,643.8388400000003,13.032945476733083,1.8618493538190104,0.07,20.248895375720277,1.330200065951881,2.892699339388611,0.1900285808502687,27
GLAPH,2026-08-11,2026-08-25,5.0,2898.6245571428567,2791.9629,-533.3082857142836,-3.6797334404698456,-0.5256762057814066,0.07,2.4692898802904706,-3.347261959254666,0.3527556971843529,-0.47818027989352363,14
ATHENE,2026-07-24,2026-08-25,1.0,1211.7350000000001,1443.70515,231.97014999999988,19.143637016344318,2.7348052880491887,0.07,29.516767279974566,-0.8033934812479715,4.216681039996367,-0.11477049732113877,32
ATHENE,2026-07-29,2026-08-25,9.0,1234.0151099999998,1443.70515,1887.2103600000016,16.992501817907257,2.427500259701036,0.07,27.178345490437337,0.5579259074064646,3.882620784348191,0.07970370105806636,27
APOMIC,2026-07-31,2026-08-25,50.0,387.82946933333335,381.6258064,-310.1831466666681,-1.599585236263057,-0.2285121766090082,0.07,4.156602821950917,-2.057468543339369,0.5938004031358453,-0.29392407761990985,25
APOMIC,2026-08-06,2026-08-25,25.0,407.318088,381.6258064,-642.30704,-6.307670186255021,-0.9010957408935747,0.07,-0.826893796084005,-6.743645521580655,-0.11812768515485784,-0.9633779316543791,19
APOMIC,2026-08-21,2026-08-25,50.0,393.941462,381.6258064,-615.7827800000007,-3.1262653942224605,-0.44660934203177965,0.07,-1.0893654042437473,-2.3839739925623715,-0.1556236291776782,-0.3405677132231959,4
AEQLIM,2026-08-13,2026-08-25,75.0,248.02824666666666,250.09614000000002,155.09200000000192,0.8337329965939277,0.11910471379913139,0.07,5.814560852302919,0.6256357306830385,0.8306515503289884,0.08937653295471977,12
AEQLIM,2026-08-18,2026-08-25,50.0,256.765922,250.09614000000002,-333.4890999999985,-2.5976118435218076,-0.37108740621740127,0.07,2.2137197785927265,-0.6098636407054103,0.3162456826561038,-0.08712337724363005,7
LLOST,2026-08-06,2026-08-25,100.0,94.564096,85.86887279999999,-869.5223200000015,-9.195057709852172,-1.3135796728360252,0.07,2.4490309726008297,-9.34191344672718,0.3498615675144042,-1.3345590638181684,19
LLOST,2026-08-14,2026-08-25,150.0,94.539924,85.86887279999999,-1300.6576800000012,-9.171840671249122,-1.3102629530355885,0.07,-0.9307432910565905,-9.318733956248993,-0.13296332729379864,-1.3312477080355702,11
MOTSUM,2026-08-13,2026-08-25,50.0,170.5426752,165.66087333333334,-244.09009333333245,-2.8625104308593885,-0.4089300615513413,0.07,-0.08365952969405788,-2.3997953563238084,-0.011951361384865411,-0.34282790804625835,12
MOTSUM,2026-08-19,2026-08-25,25.0,172.655872,165.66087333333334,-174.87496666666615,-4.051410812524603,-0.578772973217801,0.07,-1.3702818054169619,-3.5943590728266694,-0.19575454363099454,-0.513479867546667,6
MOTSUM,2026-08-19,2026-08-25,50.0,172.655872,165.5908216,-353.2525199999995,-4.091983850974956,-0.5845691215678507,0.07,-1.3702818054169619,-3.5943590728266694,-0.19575454363099454,-0.513479867546667,6
MOTSUM,2026-08-21,2026-08-25,75.0,170.19431733333334,165.5908216,-345.26218000000097,-2.7048469099689054,-0.3864067014241298,0.07,-0.47846329189621395,-2.2000248844971315,-0.06835189884231627,-0.3142892692138759,4
KNAPAC,2026-08-20,2026-08-25,120.0,209.0198625,196.87249666666668,-1457.6838999999973,-5.811584453287688,-0.8302263504696703,0.07,0.07182929804099292,-5.951521712440111,0.010261328291570417,-0.8502173874914444,5
RASPER,2026-08-20,2026-08-25,15.0,869.1302133333334,782.0898890909091,-1305.6048636363641,-10.014647161856526,-1.4306638802652185,0.07,0.8939726806720394,-10.318386354259523,0.12771038295314846,-1.474055193465646,5
RASPER,2026-08-21,2026-08-25,20.0,870.9755600000001,782.0898890909091,-1777.71341818182,-10.205300239319115,-1.4579000341884447,0.07,0.6802073757385285,-10.50839589574707,0.0971724822483612,-1.5011994136781524,4
RASPER,2026-08-21,2026-08-25,20.0,882.8529249999999,782.0898890909091,-2015.2607181818166,-11.413343384357121,-1.6304776263367315,0.07,-0.6742827521356354,-11.7123613766132,-0.09632610744794791,-1.6731944823733143,4
BHEL,2026-08-12,2026-08-25,15.0,417.812642,414.496856,-49.73679000000004,-0.7936059531678752,-0.11337227902398288,0.07,4.341026617380339,-1.5348128216761792,0.6201466596257627,-0.21925897452516843,13
BHEL,2026-08-12,2026-08-25,35.0,420.444102,414.496856,-208.15361000000024,-1.4145152641480085,-0.20207360916400066,0.07,3.6879808579167506,-2.1510830945132398,0.5268544082738215,-0.3072975849304628,13
IOLCHE,2026-08-20,2026-08-25,75.0,163.248864,172.105876,664.2758999999999,5.425466237853871,0.7750666054076971,0.07,5.5872584816271775,0.3069767150110092,0.7981797830895968,0.043853816430144174,5
GRANUL,2026-08-11,2026-08-26,15.0,867.2548657142858,830.64962,-549.0786857142859,-4.220817566026225,-0.6029739380037464,0.07,-0.2830616248274298,-4.503274326644391,-0.04043737497534711,-0.6433249038063414,15
GRANUL,2026-08-11,2026-08-26,15.0,867.2548657142858,830.4496266666666,-552.0785857142869,-4.24387806891181,-0.6062682955588297,0.07,-0.2830616248274298,-4.503274326644391,-0.04043737497534711,-0.6433249038063414,15
RAIIND,2026-08-13,2026-08-26,100.0,214.90189900000001,196.44326099999998,-1845.8638000000037,-8.589332195710398,-1.2270474565300562,0.07,-0.4243326858642593,-8.897966508895305,-0.060618955123465615,-1.2711380726993293,13
BHEL,2026-08-12,2026-08-26,15.0,420.444102,416.122986,-64.81673999999941,-1.0277504142512495,-0.146821487750179,0.07,3.6879808579167506,-2.1510830945132398,0.5268544082738215,-0.3072975849304628,14
BHEL,2026-08-14,2026-08-26,35.0,427.2082675,416.122986,-387.9848524999983,-2.5948190480653444,-0.37068843543790636,0.07,2.046246097051485,-3.7003655365822286,0.292320871007355,-0.5286236480831755,12
PARDEF,2026-08-06,2026-08-26,8.0,1326.79955,1488.44655,1293.1759999999995,12.183226923765545,1.7404609891093619,0.07,15.111585619696655,-4.469367659945311,2.1587979456709507,-0.6384810942779016,20
CYIDLM,2026-08-07,2026-08-27,20.0,688.6361860000001,797.4116750000001,2175.50978,15.795784655440691,2.256540665062955,0.07,17.68187854130567,-0.4481591387066719,2.5259826487579526,-0.06402273410095313,20
DECGOL,2026-08-06,2026-08-27,15.0,207.531112,224.2480831111111,250.7545666666664,8.055163849895951,1.1507376928422797,0.07,19.31223112224254,2.9291453900174735,2.758890160320363,0.4184493414310676,21
DECGOL,2026-08-06,2026-08-27,75.0,227.33985866666666,224.2480831111111,-231.8831666666668,-1.3599795362276623,-0.1942827908896661,0.07,8.916228527727776,-6.039353920245826,1.2737469325325392,-0.8627648457494036,21
DECGOL,2026-08-13,2026-08-27,50.0,225.407528,224.2480831111111,-57.972244444445664,-0.5143771812665121,-0.07348245446664389,0.07,9.849924799317256,-0.2606514543737948,1.4071321141881794,-0.03723592205339925,14
DECGOL,2026-08-13,2026-08-27,25.0,227.97281600000002,224.2480831111111,-93.11832222222307,-1.6338495765604422,-0.23340708236577784,0.07,8.61382700997122,-1.3829789249960478,1.2305467157101744,-0.19756841785657822,14
DECGOL,2026-08-14,2026-08-27,60.0,229.13176166666668,224.2480831111111,-293.0207133333346,-2.1313843702996493,-0.30448348147137844,0.07,8.06445959256179,-1.60246734889955,1.1520656560802556,-0.22892390698565002,13
VATWAB,2026-08-20,2026-08-27,10.0,2054.0259699999997,2165.85722,1118.3125000000018,5.444490558218229,0.7777843654597456,0.07,4.930513609815779,-2.5766942956422234,0.7043590871165397,-0.36809918509174616,7
AZAENG,2026-08-10,2026-08-27,5.0,2522.51681,2806.3989,1419.4104500000003,11.25392262499927,1.6077032321427538,0.07,14.960581769126048,-1.998670922633028,2.1372259670180065,-0.285524417519004,17
DATPAT,2026-08-07,2026-08-28,3.0,4378.79854,4623.3665,733.7038800000009,5.585275453206862,0.7978964933152655,0.07,10.301945976258597,0.04342424029399883,1.4717065680369423,0.00620346289914269,21
ATHENE,2026-07-29,2026-08-28,1.0,1234.0151099999998,1595.52133,361.5062200000002,29.295121029757908,4.185017289965415,0.07,30.9789472513023,0.5579259074064646,4.4255638930431855,0.07970370105806636,30
ATHENE,2026-08-04,2026-08-28,9.0,1460.2870833333334,1595.52133,1217.1082199999998,9.26079866145042,1.3229712373500593,0.07,10.683715445222086,-1.5125165171574473,1.526245063603155,-0.21607378816534958,24
DEEDEV,2026-08-17,2026-08-28,40.0,661.3399225000001,602.92435,-2336.622900000002,-8.83291186764852,-1.2618445525212176,0.07,-0.6184297001970318,-8.345167231303819,-0.0883471000281474,-1.1921667473291169,11
GOLINT,2026-07-10,2026-08-28,9.999999999999993,481.818044,347.00214666666665,-1348.1589733333324,-27.980665940633255,-3.997237991519036,0.07,-20.29148663431957,-29.039602344157956,-2.8987838049027954,-4.148514620593994,49
GOLINT,2026-07-10,2026-08-28,40.0,476.27143,347.00214666666665,-5170.771333333334,-27.14193528957497,-3.877419327082138,0.07,-19.36320849646598,-28.213203970685374,-2.7661726423522826,-4.0304577100979095,49
GOLINT,2026-07-29,2026-08-28,40.0,360.971175,347.00214666666665,-558.7611333333348,-3.8698459325272605,-0.5528351332181805,0.07,6.393536824650892,-3.441043457278825,0.913362403521556,-0.4915776367541178,30
GOLINT,2026-08-11,2026-08-28,30.0,391.0357033333333,347.00214666666665,-1321.0066999999992,-11.260750947115127,-1.6086787067307329,0.07,-1.7864617664792637,-10.864916674147496,-0.25520882378275195,-1.5521309534496421,17
AEQLIM,2026-08-25,2026-08-28,100.0,255.62730299999998,245.242211,-1038.5091999999986,-4.062591076196576,-0.5803701537423682,0.07,-0.16715859181911652,-3.770060117561058,-0.02387979883130236,-0.5385800167944369,3
MOTSUM,2026-08-28,2026-08-28,150.0,166.68501666666666,164.808774,-281.43639999999834,-1.125621669054233,-0.1608030955791758,0.07,-0.6509383316896766,-0.6509383316896766,-0.09299119024138237,-0.09299119024138237,0
ALKAMI,2026-08-19,2026-08-28,6.0,1953.9158149999998,2045.1850833333335,547.6156100000021,4.671095224915489,0.6672993178450708,0.07,6.944218576786532,-1.5413056575316109,0.9920312252552188,-0.2201865225045158,9
ABB,2026-08-17,2026-08-28,2.0,7755.58035,7444.0986,-622.9634999999998,-4.016227489668134,-0.5737467842383045,0.07,-1.2324074496887882,-4.275377664032587,-0.1760582070983983,-0.610768237718941,11
