segment,label,n,total_debit,total_credit,date_min,date_max
NSE-CAPITAL,POSITION CLOSE FOR BILL DATE MBILL,75,6775322.9,0.0,01/06/2026,31/08/2026
NSE-CAPITAL,Upstreamed Amount Released from Upstream PAYBNK,86,4849729.32,0.0,01/06/2026,31/08/2026
NSE-CAPITAL,2026 BILL POSTED,35,2902629.58,1357158.64,02/09/2026,31/08/2026
NSE-CAPITAL,Upstreamed Amount Released from I-Sec PAYBNK,30,2062343.1199999999,0.0,01/06/2026,31/08/2026
MTF-MTF-TRADE,2026 DBNOTE NSE Margin Payout,18,777916.67,0.0,03/06/2026,31/08/2026
NSE-CAPITAL,"13/05/2026 14-05-26 BILL POSTED 226,337.75 0.00 367,229.44 CR PAYBNK Being Payout towards NSE M",1,464238.26,0.0,13/05/2026,13/05/2026
NSE-CAPITAL,BILL POSTED,7,404567.93,561594.59,01/04/2026,23/06/2026
NSE-CAPITAL,"20/07/2026 20-07-26 PAYBNK Upstreamed Amount Released 8,822.97 0.00 466,445.83 CR PAYBNK Being Payout towards NSE M",1,395406.58,0.0,20/07/2026,20/07/2026
NSE-CAPITAL,2026 MBILL POSITION CLOSE FOR BILL DATE,2,371759.95,0.0,07/07/2026,09/07/2026
MTF-MTF-TRADE,MTF BILL FOR BILL DATE Jun 17 MBILL,1,369249.7,0.0,17/06/2026,17/06/2026
NSE-CAPITAL,"07/07/2026 07-07-26 REPBNK Upstreamed Amount Collected 0.00 135,330.02 252,484.56 CR MBILL POSITION CLOSE FOR BILL DATE",1,341210.83,0.0,08/07/2026,08/07/2026
MTF-MTF-TRADE,MTF BILL FOR BILL DATE May 21 MBILL,1,321493.03,0.0,21/05/2026,21/05/2026
MTF-MTF-TRADE,MTF BILL FOR BILL DATE May 20 MBILL,1,315858.05,0.0,20/05/2026,20/05/2026
MTF-MTF-TRADE,MTF BILL FOR BILL DATE May 29 MBILL,1,306152.1,0.0,29/05/2026,29/05/2026
NSE-CAPITAL,balance DBNOTE NSE Margin Payin,8,296923.77,0.0,03/08/2026,29/06/2026
NSE-CAPITAL,"27/08/2026 28-08-26 BILL POSTED 2,078.40 0.00 286,585.90 CR PAYBNK Upstreamed Amount Released",1,283405.54,0.0,27/08/2026,27/08/2026
NSE-CAPITAL,"29/06/2026 30-06-26 BILL POSTED 36,342.32 0.00 258,887.05 CR BILL POSTED",1,280374.43,0.0,29/06/2026,29/06/2026
MTF-MTF-TRADE,ONE TIME MAINT. MARGIN ALLOC FOR DATE: DBNOTE,1,268320.9,0.0,12/06/2026,12/06/2026
NSE-CAPITAL,"24/06/2026 24-06-26 MBILL 122,764.98 0.00 136,805.67 CR BILL POSTED",1,261605.09,0.0,24/06/2026,24/06/2026
MTF-MTF-TRADE,MTF BILL FOR BILL DATE Jun 29 MBILL,1,257660.05,0.0,29/06/2026,29/06/2026
MTF-MTF-TRADE,MTF BILL FOR BILL DATE Jun 4 MBILL,1,255001.05,0.0,04/06/2026,04/06/2026
MTF-MTF-TRADE,MTF BILL FOR BILL DATE Jun 18 MBILL,1,254356.55,0.0,18/06/2026,18/06/2026
NSE-CAPITAL,"08/07/2026 09-07-26 BILL POSTED 0.00 370,906.86 386,164.58 CR PAYBNK Being Payout towards NSE M",1,250394.95,0.0,08/07/2026,08/07/2026
MTF-MTF-TRADE,MTF BILL FOR BILL DATE Jun 19 MBILL,1,232152.3,0.0,19/06/2026,19/06/2026
MTF-MTF-TRADE,MTF BILL FOR BILL DATE Jun 2 MBILL,1,211758.0,0.0,02/06/2026,02/06/2026
MTF-MTF-TRADE,MTF BILL FOR BILL DATE Jun 12 MBILL,1,210720.2,0.0,12/06/2026,12/06/2026
NSE-CAPITAL,"21/05/2026 21-05-26 MBILL 66,515.90 0.00 255,980.85 CR BILL POSTED",1,209693.01,0.0,21/05/2026,21/05/2026
NSE-CAPITAL,"12/05/2026 13-05-26 BILL POSTED 0.00 998,808.78 715,415.53 CR PAYBNK Being Payout towards NSE M",1,207327.53,0.0,12/05/2026,12/05/2026
NSE-CAPITAL,"04/08/2026 04-08-26 MBILL 22,698.00 0.00 171,492.47 CR BILL POSTED",1,202393.41,0.0,04/08/2026,04/08/2026
MTF-MTF-TRADE,"12/05/2026 12-05-26 MBILL 0.00 533,536.31 104,541.64 CR DBNOTE NSE Margin Payout",1,201782.38,0.0,12/05/2026,12/05/2026
MTF-MTF-TRADE,MTF BILL FOR BILL DATE Jun 5 MBILL,1,189123.1,0.0,05/06/2026,05/06/2026
NSE-CAPITAL,"19/06/2026 22-06-26 BILL POSTED 31,062.77 0.00 159,350.55 CR BILL POSTED",1,183713.42,0.0,19/06/2026,19/06/2026
NSE-CAPITAL,"03/09/2026 04-09-26 BILL POSTED 0.00 25,591.86 66,866.34 CR BILL POSTED",1,183258.46,0.0,03/09/2026,03/09/2026
NSE-CAPITAL,"26/08/2026 27-08-26 BILL POSTED 13,580.70 0.00 311,528.45 CR BILL POSTED",1,182055.54,0.0,26/08/2026,26/08/2026
NSE-CAPITAL,"02/09/2026 03-09-26 BILL POSTED 51,240.90 0.00 164,425.28 CR PAYBNK Being Payout towards NSE M",1,177078.93,0.0,02/09/2026,02/09/2026
MTF-MTF-TRADE,MTF BILL FOR BILL DATE Aug 4 MBILL,1,175556.55,0.0,04/08/2026,04/08/2026
MTF-MTF-TRADE,MTF BILL FOR BILL DATE Jul 16 MBILL,1,175376.7,0.0,16/07/2026,16/07/2026
MTF-MTF-TRADE,DBNOTE NSE Margin Payout,2,174640.5,0.0,01/06/2026,11/05/2026
NSE-CAPITAL,Being payout of EQ settlement JE,302,174398.62,174398.62000000002,01/06/2026,31/08/2026
MTF-MTF-TRADE,MTF BILL FOR BILL DATE May 4 MBILL,1,169300.7,0.0,04/05/2026,04/05/2026
NSE-CAPITAL,15/04/2026 15-04-26 REPBNK Being Payin towards NSE M 0.00 402.20 0.00 BILL POSTED,1,163368.11,0.0,16/04/2026,16/04/2026
MTF-MTF-TRADE,MTF BILL FOR BILL DATE Jun 24 MBILL,1,160468.25,0.0,24/06/2026,24/06/2026
MTF-MTF-TRADE,"10/06/2026 10-06-26 MBILL 0.00 343,877.54 240,950.89 DR DBNOTE NSE Margin Payout",1,158115.6,0.0,10/06/2026,10/06/2026
MTF-MTF-TRADE,MTF BILL FOR BILL DATE Jun 16 MBILL,1,156164.45,0.0,16/06/2026,16/06/2026
NSE-CAPITAL,09/04/2026 09-04-26 REPBNK Being Payin towards NSE M 0.00 297.80 0.00 BILL POSTED,1,155598.27,0.0,10/04/2026,10/04/2026
NSE-CAPITAL,"02/06/2026 02-06-26 MBILL 100,387.10 0.00 260,729.96 CR BILL POSTED",1,155421.02,0.0,02/06/2026,02/06/2026
NSE-CAPITAL,"02/06/2026 03-06-26 BILL POSTED 155,421.02 0.00 105,308.94 CR PAYBNK Being Payout towards NSE M",1,149366.24,0.0,02/06/2026,02/06/2026
NSE-CAPITAL,DCM012617063678 DBNOTE NSE Margin Payin,1,148671.64,0.0,17/06/2026,17/06/2026
MTF-MTF-TRADE,"17/06/2026 17-06-26 CPAYIN MTF PAYIN 0.00 148,671.64 478,184.67 DR DBNOTE MTF PAYIN",1,148671.64,0.0,17/06/2026,17/06/2026
MTF-MTF-TRADE,MTF BILL FOR BILL DATE Apr 29 MBILL,1,148365.75,0.0,29/04/2026,29/04/2026
MTF-MTF-TRADE,MTF BILL FOR BILL DATE Jul 10 MBILL,1,148197.3,0.0,10/07/2026,10/07/2026
NSE-CAPITAL,recoverable01262005362584 DBNOTE NSE Margin Payin,1,146210.65,0.0,20/05/2026,20/05/2026
MTF-MTF-TRADE,"20/05/2026 20-05-26 DBNOTE Being Margin Trf 364.30 0.00 205,417.77 DR DBNOTE MTF PAYIN",1,146210.65,0.0,20/05/2026,20/05/2026
NSE-CAPITAL,"05/06/2026 05-06-26 MBILL 56,550.50 0.00 132,572.72 CR BILL POSTED",1,142718.17,0.0,05/06/2026,05/06/2026
NSE-CAPITAL,"14/05/2026 14-05-26 MBILL 16,919.20 0.00 7,818.34 CR BILL POSTED",1,142150.55,0.0,14/05/2026,14/05/2026
MTF-MTF-TRADE,"23/06/2026 23-06-26 DBNOTE NSE Margin Payout 19,055.14 0.00 364,976.49 DR DBNOTE NSE Margin Payout",1,140071.41,0.0,23/06/2026,23/06/2026
NSE-CAPITAL,Being EQ Upstream payout adjusted against JE,98,137166.79,137166.79,01/06/2026,30/06/2026
MTF-MTF-TRADE,MTF BILL FOR BILL DATE Jul 9 MBILL,1,134419.75,0.0,09/07/2026,09/07/2026
NSE-CAPITAL,"09/07/2026 10-07-26 BILL POSTED 35,140.28 0.00 179,810.81 CR BILL POSTED",1,132916.7,0.0,09/07/2026,09/07/2026
MTF-MTF-TRADE,MTF BILL FOR BILL DATE Aug 28 MBILL,1,130318.65,0.0,28/08/2026,28/08/2026
MTF-MTF-TRADE,MTF BILL FOR BILL DATE May 8 MBILL,1,129785.15,0.0,08/05/2026,08/05/2026
NSE-CAPITAL,"09/07/2026 10-07-26 BILL POSTED 132,916.70 0.00 46,894.11 CR PAYBNK Being Payout towards NSE M",1,129515.23,0.0,09/07/2026,09/07/2026
MTF-MTF-TRADE,MTF BILL FOR BILL DATE May 13 MBILL,1,128971.5,0.0,13/05/2026,13/05/2026
MTF-MTF-TRADE,"04/06/2026 04-06-26 DBNOTE Being Margin Trf 0.00 45,793.89 488,217.23 DR DBNOTE MTF PAYIN",1,126199.71,0.0,04/06/2026,04/06/2026
NSE-CAPITAL,DCM012604063653 DBNOTE NSE Margin Payin,1,126199.71,0.0,04/06/2026,04/06/2026
MTF-MTF-TRADE,MTF BILL FOR BILL DATE Aug 6 MBILL,1,125024.45,0.0,06/08/2026,06/08/2026
NSE-CAPITAL,PAYBNK Being Payout towards NSE M,2,124796.77,0.0,20/08/2026,25/08/2026
MTF-MTF-TRADE,MTF BILL FOR BILL DATE May 11 MBILL,1,124268.5,0.0,11/05/2026,11/05/2026
MTF-MTF-TRADE,MTF BILL FOR BILL DATE Jul 6 MBILL,1,123669.26,0.0,06/07/2026,06/07/2026
NSE-CAPITAL,"01/06/2026 02-06-26 BILL POSTED 0.00 275,601.80 245,155.54 CR PAYBNK Being Payout towards NSE M",1,122945.23,0.0,01/06/2026,01/06/2026
NSE-CAPITAL,"06/08/2026 07-08-26 BILL POSTED 32,631.11 0.00 55,377.99 CR BILL POSTED",1,122270.39,0.0,06/08/2026,06/08/2026
MTF-MTF-TRADE,MTF BILL FOR BILL DATE Apr 28 MBILL,1,122147.6,0.0,28/04/2026,28/04/2026
NSE-CAPITAL,"01/06/2026 01-06-26 DBNOTE NSE Margin Payout 0.00 139,076.59 74,882.70 CR DBNOTE Being Margin Trf",1,121712.51,0.0,01/06/2026,01/06/2026
MTF-MTF-TRADE,MTF BILL FOR BILL DATE Jul 29 MBILL,1,116612.9,0.0,29/07/2026,29/07/2026
MTF-MTF-TRADE,MTF BILL FOR BILL DATE Aug 26 MBILL,1,116374.5,0.0,26/08/2026,26/08/2026
NSE-CAPITAL,"03/08/2026 03-08-26 MBILL 19,680.00 0.00 68,156.15 CR BILL POSTED",1,116247.23,0.0,03/08/2026,03/08/2026
MTF-MTF-TRADE,MTF BILL FOR BILL DATE Sep 3 MBILL,1,115485.35,0.0,03/09/2026,03/09/2026
NSE-CAPITAL,"20/07/2026 20-07-26 PAYBNK Being Payout towards NSE M 395,406.58 0.00 71,039.25 CR PAYBNK Being Payout towards NSE Z",1,114124.24,0.0,20/07/2026,20/07/2026
MTF-MTF-TRADE,MTF BILL FOR BILL DATE May 27 MBILL,1,113869.5,0.0,27/05/2026,27/05/2026
MTF-MTF-TRADE,MTF BILL FOR BILL DATE May 22 MBILL,1,112215.0,0.0,22/05/2026,22/05/2026
NSE-CAPITAL,07/04/2026 07-04-26 REPBNK Being Payin towards NSE M 0.00 15.91 0.00 BILL POSTED,1,111203.63,0.0,08/04/2026,08/04/2026
NSE-CAPITAL,"20/08/2026 20-08-26 MBILL 43,791.90 0.00 43,516.09 CR BILL POSTED",1,110625.13,0.0,20/08/2026,20/08/2026
NSE-CAPITAL,"22/06/2026 22-06-26 MBILL 111,762.90 0.00 2,692.03 DR BILL POSTED",1,108743.97,0.0,22/06/2026,22/06/2026
MTF-MTF-TRADE,MTF BILL FOR BILL DATE Apr 27 MBILL,1,108740.0,0.0,27/04/2026,27/04/2026
MTF-MTF-TRADE,MTF BILL FOR BILL DATE Jun 3 MBILL,1,108443.03,0.0,03/06/2026,03/06/2026
MTF-MTF-TRADE,"10/08/2026 10-08-26 DBNOTE NSE Margin Payin 0.00 42,626.21 215,718.25 DR DBNOTE NSE Margin Payout",1,108321.64,0.0,10/08/2026,10/08/2026
NSE-CAPITAL,"16/06/2026 16-06-26 MBILL 49,269.88 0.00 127,281.40 CR BILL POSTED",1,107903.96,0.0,16/06/2026,16/06/2026
MTF-MTF-TRADE,MTF BILL FOR BILL DATE Jun 30 MBILL,1,107171.2,0.0,30/06/2026,30/06/2026
MTF-MTF-TRADE,MTF BILL FOR BILL DATE Jul 14 MBILL,1,105158.79,0.0,14/07/2026,14/07/2026
MTF-MTF-TRADE,MTF BILL FOR BILL DATE Jul 8 MBILL,1,104470.65,0.0,08/07/2026,08/07/2026
NSE-CAPITAL,"24/07/2026 24-07-26 PAYBNK Upstreamed Amount Released 4,765.21 0.00 49,887.07 DR PAYBNK Being Payout towards NSE M",1,101920.41,0.0,24/07/2026,24/07/2026
MTF-MTF-TRADE,PAYIN ADJUSTMENT REVERSAL ON CPAYIN,1,101738.27,0.0,12/06/2026,12/06/2026
NSE-CAPITAL,"23/07/2026 23-07-26 PAYBNK Upstreamed Amount Released 7,157.15 0.00 200,792.08 CR PAYBNK Being Payout towards NSE M",1,101327.32,0.0,23/07/2026,23/07/2026
MTF-MTF-TRADE,"29/06/2026 29-06-26 CPAYIN MTF PAYIN 0.00 101,313.63 552,101.99 DR DBNOTE MTF PAYIN",1,101313.63,0.0,29/06/2026,29/06/2026
MTF-MTF-TRADE,"23/06/2026 23-06-26 DBNOTE MTF SELL PAYIN 0.00 97,816.89 412,597.16 DR CPAYIN MTF SELL PAYIN",1,97816.89,0.0,23/06/2026,23/06/2026
MTF-MTF-TRADE,"18/05/2026 18-05-26 MBILL 0.00 134,955.35 17,790.06 CR DBNOTE NSE Margin Payout",1,96708.37,0.0,18/05/2026,18/05/2026
MTF-MTF-TRADE,"17/07/2026 17-07-26 DBNOTE MTF SELL PAYIN 0.00 95,295.26 287,760.59 DR CPAYIN MTF SELL PAYIN",1,95295.26,0.0,17/07/2026,17/07/2026
MTF-MTF-TRADE,MTF BILL FOR BILL DATE Aug 10 MBILL,1,93406.1,0.0,10/08/2026,10/08/2026
NSE-CAPITAL,08/04/2026 08-04-26 REPBNK Being Payin towards NSE M 0.00 327.39 0.00 BILL POSTED,1,92614.6,0.0,09/04/2026,09/04/2026
NSE-CAPITAL,"10/08/2026 11-08-26 BILL POSTED 0.00 183,611.73 148,603.88 CR PAYBNK Being Payout towards NSE M",1,91608.11,0.0,10/08/2026,10/08/2026
MTF-MTF-TRADE,MTF BILL FOR BILL DATE Sep 4 MBILL,1,91315.5,0.0,04/09/2026,04/09/2026
NSE-CAPITAL,"14/07/2026 15-07-26 BILL POSTED 0.00 12,793.93 59,463.73 CR BILL POSTED",1,90978.27,0.0,14/07/2026,14/07/2026
NSE-CAPITAL,DCR012602043544 PAYBNK Being Payout towards NSE M,1,90889.89,0.0,02/04/2026,02/04/2026
MTF-MTF-TRADE,MTF BILL FOR BILL DATE May 26 MBILL,1,90639.95,0.0,26/05/2026,26/05/2026
NSE-CAPITAL,DCM012611063667 DBNOTE NSE Margin Payin,1,90445.48,0.0,12/06/2026,12/06/2026
MTF-MTF-TRADE,"12/06/2026 12-06-26 CPAYIN MTF PAYIN 0.00 90,445.48 317,799.41 DR DBNOTE MTF PAYIN",1,90445.48,0.0,12/06/2026,12/06/2026
MTF-MTF-TRADE,MTF BILL FOR BILL DATE Jun 22 MBILL,1,90292.5,0.0,22/06/2026,22/06/2026
MTF-MTF-TRADE,"23/07/2026 23-07-26 DBNOTE NSE Margin Payout 4,765.21 0.00 188,181.78 DR DBNOTE NSE Margin Payout",1,90232.47,0.0,23/07/2026,23/07/2026
MTF-MTF-TRADE,"18/06/2026 18-06-26 DBNOTE MTF PAYIN 33,478.42 0.00 586,301.61 DR CPAYIN MTF SELL PAYIN",1,88310.36,0.0,18/06/2026,18/06/2026
MTF-MTF-TRADE,MTF BILL FOR BILL DATE May 7 MBILL,1,87937.01,0.0,07/05/2026,07/05/2026
MTF-MTF-TRADE,MTF BILL FOR BILL DATE Aug 3 MBILL,1,87836.0,0.0,03/08/2026,03/08/2026
MTF-MTF-TRADE,"10/08/2026 10-08-26 DBNOTE Being Margin Trf 0.00 5,436.10 318,603.79 DR CPAYIN MTF SELL PAYIN",1,85166.59,0.0,10/08/2026,10/08/2026
NSE-CAPITAL,10/04/2026 10-04-26 REPBNK Being Payin towards NSE M 0.00 312.12 0.00 BILL POSTED,1,84774.27,0.0,13/04/2026,13/04/2026
MTF-MTF-TRADE,"25/06/2026 25-06-26 DBNOTE NSE Margin Payout 3,896.80 0.00 453,752.99 DR DBNOTE NSE Margin Payout",1,84658.58,0.0,25/06/2026,25/06/2026
NSE-CAPITAL,"13/08/2026 14-08-26 BILL POSTED 75,681.01 0.00 21,226.96 CR PAYBNK Being Payout towards NSE M",1,82887.22,0.0,13/08/2026,13/08/2026
NSE-CAPITAL,MBILL POSITION CLOSE FOR BILL DATE,1,81831.45,0.0,06/07/2026,06/07/2026
MTF-MTF-TRADE,MTF BILL FOR BILL DATE May 25 MBILL,1,81767.0,0.0,25/05/2026,25/05/2026
NSE-CAPITAL,DCM012610073720 DBNOTE NSE Margin Payin,1,81684.32,0.0,10/07/2026,10/07/2026
MTF-MTF-TRADE,"10/07/2026 10-07-26 DBNOTE NSE Margin Payin 0.00 81,684.32 427,360.86 DR DBNOTE MTF PAYIN",1,81684.32,0.0,10/07/2026,10/07/2026
NSE-CAPITAL,"04/06/2026 05-06-26 BILL POSTED 366,033.61 0.00 53,041.31 DR PAYBNK Being Payout towards NSE M",1,80492.6,0.0,04/06/2026,04/06/2026
NSE-CAPITAL,"29/07/2026 29-07-26 PAYBNK Upstreamed Amount Released 11,066.36 0.00 4,139.74 CR PAYBNK Being Payout towards NSE M",1,79821.14,0.0,29/07/2026,29/07/2026
MTF-MTF-TRADE,"23/07/2026 23-07-26 DBNOTE Being Margin Trf 2,964.46 0.00 281,378.71 DR CPAYIN MTF SELL PAYIN",1,78823.21,0.0,23/07/2026,23/07/2026
MTF-MTF-TRADE,MTF BILL FOR BILL DATE Jul 13 MBILL,1,77017.5,0.0,13/07/2026,13/07/2026
NSE-CAPITAL,DCM012613053613 DBNOTE NSE Margin Payin,1,76077.8,0.0,13/05/2026,13/05/2026
MTF-MTF-TRADE,"01/09/2026 01-09-26 MBILL 0.00 196,355.15 175,198.63 DR DBNOTE NSE Margin Payout",1,75395.13,0.0,01/09/2026,01/09/2026
NSE-CAPITAL,"25/05/2026 25-05-26 MBILL 44,583.19 0.00 41,275.05 CR BILL POSTED",1,73051.94,0.0,25/05/2026,25/05/2026
MTF-MTF-TRADE,"13/05/2026 13-05-26 CPAYIN MTF PAYIN 0.00 72,704.40 34,692.26 DR DBNOTE MTF PAYIN",1,72704.4,0.0,13/05/2026,13/05/2026
NSE-CAPITAL,"11/05/2026 12-05-26 BILL POSTED 0.00 163,392.58 346,251.79 CR PAYBNK Being Payout towards NSE M",1,71208.72,0.0,11/05/2026,11/05/2026
MTF-MTF-TRADE,MTF BILL FOR BILL DATE Jul 7 MBILL,1,70900.72,0.0,07/07/2026,07/07/2026
MTF-MTF-TRADE,MTF BILL FOR BILL DATE Aug 11 MBILL,1,69304.65,0.0,11/08/2026,11/08/2026
MTF-MTF-TRADE,"12/05/2026 12-05-26 DBNOTE MTF SELL PAYIN 0.00 69,281.60 14,778.64 CR CPAYIN MTF SELL PAYIN",1,69281.6,0.0,12/05/2026,12/05/2026
MTF-MTF-TRADE,MTF BILL FOR BILL DATE Aug 7 MBILL,1,68347.5,0.0,07/08/2026,07/08/2026
MTF-MTF-TRADE,"25/06/2026 25-06-26 DBNOTE Being Margin Trf 2,446.13 0.00 540,857.70 DR CPAYIN MTF SELL PAYIN",1,68253.79,0.0,25/06/2026,25/06/2026
NSE-CAPITAL,"24/06/2026 24-06-26 PAYBNK Being Payout towards NSE Z 11,748.10 0.00 154,983.16 DR PAYBNK Being Payout towards NSE M",1,67833.1,0.0,24/06/2026,24/06/2026
MTF-MTF-TRADE,"19/08/2026 19-08-26 DBNOTE NSE Margin Payin 0.00 3,941.92 250,047.70 DR DBNOTE NSE Margin Payout",1,67278.6,0.0,19/08/2026,19/08/2026
NSE-CAPITAL,"29/05/2026 29-05-26 MBILL 115,128.54 0.00 175,934.56 CR BILL POSTED",1,66945.92,0.0,29/05/2026,29/05/2026
MTF-MTF-TRADE,"04/08/2026 04-08-26 CPAYIN MTF PAYIN 0.00 66,937.47 284,008.51 DR DBNOTE MTF PAYIN",1,66937.47,0.0,04/08/2026,04/08/2026
NSE-CAPITAL,DCM012604083765 DBNOTE NSE Margin Payin,1,66937.47,0.0,04/08/2026,04/08/2026
NSE-CAPITAL,"11/05/2026 11-05-26 DBNOTE NSE Margin Payout 0.00 35,563.91 215,628.92 CR DBNOTE Being Margin Trf",1,66808.93,0.0,11/05/2026,11/05/2026
NSE-CAPITAL,"19/05/2026 20-05-26 BILL POSTED 279,084.23 0.00 188,518.11 DR PAYBNK Being Payout towards NSE M",1,66410.76,0.0,19/05/2026,19/05/2026
NSE-CAPITAL,"21/04/2026 22-04-26 BILL POSTED 30,822.10 0.00 35,191.68 CR PAYBNK Being Payout towards NSE M",1,65942.98,0.0,21/04/2026,21/04/2026
MTF-MTF-TRADE,"22/06/2026 22-06-26 DBNOTE MTF SELL PAYIN 0.00 62,743.76 633,172.35 DR CPAYIN MTF SELL PAYIN",1,62743.76,0.0,22/06/2026,22/06/2026
MTF-MTF-TRADE,MTF BILL FOR BILL DATE Jul 30 MBILL,1,61563.75,0.0,30/07/2026,30/07/2026
NSE-CAPITAL,"29/06/2026 29-06-26 PAYBNK Being Payout towards NSE Z 16,511.03 0.00 41,895.21 DR PAYBNK Being Payout towards NSE M",1,60349.6,0.0,29/06/2026,29/06/2026
NSE-CAPITAL,Recoverable01262005362668189 DBNOTE NSE Margin Payin,1,59849.17,0.0,21/05/2026,21/05/2026
MTF-MTF-TRADE,"21/05/2026 21-05-26 CPAYIN MTF PAYIN 0.00 59,849.17 341,450.31 DR DBNOTE MTF PAYIN",1,59849.17,0.0,21/05/2026,21/05/2026
NSE-CAPITAL,recoverable01261906368276 DBNOTE NSE Margin Payin,1,56845.62,0.0,19/06/2026,19/06/2026
MTF-MTF-TRADE,"19/06/2026 19-06-26 DBNOTE Being Margin Trf 0.00 1,321.51 691,505.27 DR DBNOTE MTF PAYIN",1,56845.62,0.0,19/06/2026,19/06/2026
MTF-MTF-TRADE,MTF BILL FOR BILL DATE Jul 20 MBILL,1,56829.3,0.0,20/07/2026,20/07/2026
MTF-MTF-TRADE,MTF BILL FOR BILL DATE May 5 MBILL,1,56207.9,0.0,05/05/2026,05/05/2026
NSE-CAPITAL,"09/06/2026 10-06-26 BILL POSTED 21,165.28 0.00 24,339.85 CR PAYBNK Being Payout towards NSE M",1,56129.13,0.0,09/06/2026,09/06/2026
NSE-CAPITAL,"04/05/2026 04-05-26 MBILL 63,298.00 0.00 130,808.00 CR BILL POSTED",1,53692.23,0.0,04/05/2026,04/05/2026
MTF-MTF-TRADE,MTF BILL FOR BILL DATE Jun 15 MBILL,1,53565.5,0.0,15/06/2026,15/06/2026
NSE-CAPITAL,"05/05/2026 05-05-26 DBNOTE NSE Margin Payout 0.00 21,333.44 51,372.28 CR DBNOTE Being Margin Trf",1,53442.15,0.0,05/05/2026,05/05/2026
MTF-MTF-TRADE,MTF BILL FOR BILL DATE Jul 15 MBILL,1,52671.0,0.0,15/07/2026,15/07/2026
NSE-CAPITAL,"05/05/2026 06-05-26 BILL POSTED 0.00 43,305.21 148,371.48 CR PAYBNK Being Payout towards NSE M",1,52157.78,0.0,05/05/2026,05/05/2026
MTF-MTF-TRADE,MTF BILL FOR BILL DATE Aug 31 MBILL,1,51814.95,0.0,31/08/2026,31/08/2026
NSE-CAPITAL,"11/08/2026 12-08-26 BILL POSTED 107,610.47 0.00 2,888.31 CR PAYBNK Being Payout towards NSE M",1,51444.93,0.0,11/08/2026,11/08/2026
MTF-MTF-TRADE,"10/06/2026 10-06-26 DBNOTE MTF SELL PAYIN 0.00 51,274.13 347,387.81 DR CPAYIN MTF SELL PAYIN",1,51274.13,0.0,10/06/2026,10/06/2026
MTF-MTF-TRADE,MTF BILL FOR BILL DATE Aug 13 MBILL,1,49935.75,0.0,13/08/2026,13/08/2026
MTF-MTF-TRADE,MTF BILL FOR BILL DATE Aug 20 MBILL,1,49684.0,0.0,20/08/2026,20/08/2026
MTF-MTF-TRADE,MTF BILL FOR BILL DATE Jun 11 MBILL,1,49443.0,0.0,11/06/2026,11/06/2026
MTF-MTF-TRADE,"07/07/2026 07-07-26 DBNOTE Being Margin Trf 0.00 1,616.45 491,387.72 DR CPAYIN MTF SELL PAYIN",1,49287.81,0.0,07/07/2026,07/07/2026
MTF-MTF-TRADE,"12/08/2026 12-08-26 MBILL 0.00 84,572.20 305,428.48 DR DBNOTE NSE Margin Payout",1,48969.35,0.0,12/08/2026,12/08/2026
MTF-MTF-TRADE,MTF BILL FOR BILL DATE Aug 14 MBILL,1,48965.0,0.0,14/08/2026,14/08/2026
MTF-MTF-TRADE,"03/06/2026 03-06-26 DBNOTE Being Margin Trf 72.09 0.00 428,034.78 DR CPAYIN MTF SELL PAYIN",1,47640.48,0.0,03/06/2026,03/06/2026
MTF-MTF-TRADE,MTF BILL FOR BILL DATE Jun 25 MBILL,1,47218.7,0.0,25/06/2026,25/06/2026
MTF-MTF-TRADE,"16/06/2026 16-06-26 CPAYIN MTF PAYIN 0.00 46,331.43 432,271.17 DR DBNOTE MTF PAYIN",1,46331.43,0.0,16/06/2026,16/06/2026
NSE-CAPITAL,DCM012616063676 DBNOTE NSE Margin Payin,1,46331.43,0.0,16/06/2026,16/06/2026
NSE-CAPITAL,DCR012604093823 DBNOTE NSE Margin Payin,1,46224.68,0.0,04/09/2026,04/09/2026
MTF-MTF-TRADE,"04/09/2026 04-09-26 CPAYIN MTF PAYIN 0.00 46,224.68 284,432.25 DR DBNOTE MTF PAYIN",1,46224.68,0.0,04/09/2026,04/09/2026
MTF-MTF-TRADE,"19/08/2026 19-08-26 DBNOTE Being Margin Trf 0.00 835.40 316,490.90 DR CPAYIN MTF SELL PAYIN",1,46143.38,0.0,19/08/2026,19/08/2026
NSE-CAPITAL,"22/05/2026 25-05-26 BILL POSTED 61,182.21 0.00 51,556.65 CR PAYBNK Being Payout towards NSE M",1,45941.16,0.0,22/05/2026,22/05/2026
NSE-CAPITAL,"07/05/2026 07-05-26 MBILL 40,078.00 0.00 49,354.42 CR BILL POSTED",1,45928.77,0.0,07/05/2026,07/05/2026
NSE-CAPITAL,"04/06/2026 04-06-26 DBNOTE NSE Margin Payin 126,199.71 0.00 281,743.63 DR DBNOTE Being Margin Trf",1,45793.89,0.0,04/06/2026,04/06/2026
MTF-MTF-TRADE,"01/06/2026 01-06-26 DBNOTE MTF SELL PAYIN 0.00 45,271.68 389,971.79 DR CPAYIN MTF SELL PAYIN",1,45271.68,0.0,01/06/2026,01/06/2026
MTF-MTF-TRADE,MTF BILL FOR BILL DATE Jul 23 MBILL,1,45136.0,0.0,23/07/2026,23/07/2026
MTF-MTF-TRADE,"28/04/2026 28-04-26 DBNOTE MTF MTM REV 0.00 228.99 147,526.44 DR DBNOTE MTF PAYIN",1,44726.26,0.0,28/04/2026,28/04/2026
MTF-MTF-TRADE,"08/07/2026 08-07-26 DBNOTE MTF SELL PAYIN 0.00 44,646.12 304,130.55 DR CPAYIN MTF SELL PAYIN",1,44646.12,0.0,08/07/2026,08/07/2026
NSE-CAPITAL,"22/05/2026 22-05-26 DBNOTE NSE Margin Payin 11,690.94 0.00 64,878.16 DR DBNOTE Being Margin Trf",1,44459.39,0.0,22/05/2026,22/05/2026
MTF-MTF-TRADE,"21/08/2026 21-08-26 MBILL 0.00 31,396.00 274,716.21 DR DBNOTE NSE Margin Payout",1,44210.68,0.0,21/08/2026,21/08/2026
NSE-CAPITAL,"20/04/2026 21-04-26 BILL POSTED 0.00 66,013.78 109,760.32 CR PAYBNK Being Payout towards NSE M",1,43746.54,0.0,20/04/2026,20/04/2026
NSE-CAPITAL,DCM012616073731 DBNOTE NSE Margin Payin,1,43109.45,0.0,16/07/2026,16/07/2026
MTF-MTF-TRADE,"16/07/2026 16-07-26 DBNOTE Being Margin Trf 2,553.55 0.00 597,074.76 DR DBNOTE MTF PAYIN",1,43109.45,0.0,16/07/2026,16/07/2026
NSE-CAPITAL,"23/04/2026 23-04-26 REPBNK Upstreamed Amount Collected 0.00 33,660.79 5,057.71 CR BILL POSTED",1,42779.19,0.0,24/04/2026,24/04/2026
NSE-CAPITAL,"12/05/2026 12-05-26 DBNOTE NSE Margin Payout 0.00 201,782.38 454,492.42 CR DBNOTE Being Margin Trf",1,42737.78,0.0,12/05/2026,12/05/2026
NSE-CAPITAL,"06/05/2026 07-05-26 BILL POSTED 6,510.12 0.00 40,898.84 CR PAYBNK Being Payout towards NSE M",1,42237.75,0.0,06/05/2026,06/05/2026
MTF-MTF-TRADE,"18/05/2026 18-05-26 DBNOTE MTF SELL PAYIN 0.00 41,581.75 41,471.16 DR CPAYIN MTF SELL PAYIN",1,41581.75,0.0,18/05/2026,18/05/2026
NSE-CAPITAL,recoverable01260506365535 DBNOTE NSE Margin Payin,1,41346.52,0.0,05/06/2026,05/06/2026
MTF-MTF-TRADE,"05/06/2026 05-06-26 CPAYIN MTF PAYIN 0.00 41,346.52 537,354.97 DR DBNOTE MTF PAYIN",1,41346.52,0.0,05/06/2026,05/06/2026
NSE-CAPITAL,"19/05/2026 19-05-26 DBNOTE NSE Margin Payin 12,609.13 0.00 267,650.10 DR DBNOTE Being Margin Trf",1,41179.11,0.0,19/05/2026,19/05/2026
NSE-CAPITAL,"27/05/2026 29-05-26 BILL POSTED 74,369.43 0.00 945.16 DR PAYBNK Being Payout towards NSE M",1,40862.17,0.0,27/05/2026,27/05/2026
NSE-CAPITAL,DCR012602063649 DBNOTE NSE Margin Payin,1,40682.99,0.0,02/06/2026,02/06/2026
MTF-MTF-TRADE,"02/06/2026 02-06-26 DBNOTE Being Margin Trf 0.00 18,334.53 487,596.85 DR DBNOTE MTF PAYIN",1,40682.99,0.0,02/06/2026,02/06/2026
NSE-CAPITAL,PAYBNK Upstreamed Amount Released,3,40641.590000000004,0.0,10/07/2026,29/06/2026
NSE-CAPITAL,"08/05/2026 08-05-26 MBILL 18,818.90 0.00 112,943.91 CR BILL POSTED",1,40490.17,0.0,08/05/2026,08/05/2026
MTF-MTF-TRADE,MTF BILL FOR BILL DATE Jul 31 MBILL,1,40225.5,0.0,31/07/2026,31/07/2026
NSE-CAPITAL,Recoverable01260907371874550 DBNOTE NSE Margin Payin,1,40167.8,0.0,09/07/2026,09/07/2026
MTF-MTF-TRADE,"09/07/2026 09-07-26 CPAYIN MTF PAYIN 0.00 40,167.80 320,680.08 DR DBNOTE MTF PAYIN",1,40167.8,0.0,09/07/2026,09/07/2026
MTF-MTF-TRADE,MTF BILL FOR BILL DATE Aug 17 MBILL,1,39792.25,0.0,17/08/2026,17/08/2026
MTF-MTF-TRADE,"28/08/2026 28-08-26 DBNOTE Being Margin Trf 0.00 214.00 397,365.42 DR DBNOTE MTF PAYIN",1,39484.5,0.0,28/08/2026,28/08/2026
NSE-CAPITAL,Recoverable01262808381103830 DBNOTE NSE Margin Payin,1,39484.5,0.0,28/08/2026,28/08/2026
MTF-MTF-TRADE,MTF BILL FOR BILL DATE Jul 24 MBILL,1,39471.5,0.0,24/07/2026,24/07/2026
MTF-MTF-TRADE,MTF BILL FOR BILL DATE Jun 9 MBILL,1,39440.0,0.0,09/06/2026,09/06/2026
NSE-CAPITAL,Recoverable01263006370149254 DBNOTE NSE Margin Payin,1,39204.37,0.0,30/06/2026,30/06/2026
MTF-MTF-TRADE,DBNOTE MTF PAYIN,1,39204.37,0.0,30/06/2026,30/06/2026
MTF-MTF-TRADE,"27/04/2026 27-04-26 CPAYIN MTF PAYIN 0.00 38,405.91 31,699.19 DR DBNOTE MTF PAYIN",1,38405.91,0.0,27/04/2026,27/04/2026
MTF-MTF-TRADE,MTF BILL FOR BILL DATE Aug 21 MBILL,1,38086.03,0.0,21/08/2026,21/08/2026
MTF-MTF-TRADE,"21/08/2026 21-08-26 DBNOTE NSE Margin Payout 44,210.68 0.00 318,926.89 DR CPAYIN MTF SELL PAYIN",1,38072.51,0.0,21/08/2026,21/08/2026
MTF-MTF-TRADE,MTF BILL FOR BILL DATE Sep 2 MBILL,1,38045.45,0.0,02/09/2026,02/09/2026
NSE-CAPITAL,"11/06/2026 12-06-26 BILL POSTED 0.00 111,489.78 36,796.42 CR PAYBNK Being Payout towards NSE M",1,37791.31,0.0,11/06/2026,11/06/2026
NSE-CAPITAL,"31/08/2026 01-09-26 BILL POSTED 0.00 70,072.23 65,982.59 CR PAYBNK Being Payout towards NSE M",1,37751.02,0.0,31/08/2026,31/08/2026
MTF-MTF-TRADE,"26/05/2026 26-05-26 DBNOTE Being Margin Trf 929.85 0.00 377,941.36 DR CPAYIN MTF SELL PAYIN",1,37302.14,0.0,26/05/2026,26/05/2026
MTF-MTF-TRADE,"29/04/2026 29-04-26 DBNOTE Being Margin Trf 304.00 0.00 259,615.29 DR DBNOTE MTF PAYIN",1,36580.9,0.0,29/04/2026,29/04/2026
NSE-CAPITAL,recoverable01262904358942 DBNOTE NSE Margin Payin,1,36580.9,0.0,29/04/2026,29/04/2026
MTF-MTF-TRADE,"01/09/2026 01-09-26 DBNOTE Being Margin Trf 3,069.65 0.00 253,663.41 DR CPAYIN MTF SELL PAYIN",1,36356.75,0.0,01/09/2026,01/09/2026
MTF-MTF-TRADE,"26/08/2026 26-08-26 DBNOTE Being Margin Trf 26.25 0.00 332,539.05 DR DBNOTE MTF PAYIN",1,35583.05,0.0,26/08/2026,26/08/2026
NSE-CAPITAL,Recoverable01262608380677684 DBNOTE NSE Margin Payin,1,35583.05,0.0,26/08/2026,26/08/2026
NSE-CAPITAL,"09/07/2026 09-07-26 MBILL POSITION CLOSE FOR BILL DATE 49,553.00 0.00 214,951.09 CR BILL POSTED",1,35140.28,0.0,09/07/2026,09/07/2026
NSE-CAPITAL,DCM012606083769 DBNOTE NSE Margin Payin,1,34595.26,0.0,06/08/2026,06/08/2026
MTF-MTF-TRADE,"06/08/2026 06-08-26 DBNOTE Being Margin Trf 0.00 3,325.48 376,597.84 DR DBNOTE MTF PAYIN",1,34595.26,0.0,06/08/2026,06/08/2026
NSE-CAPITAL,"17/08/2026 18-08-26 BILL POSTED 26,186.57 0.00 16,364.14 DR BILL POSTED",1,34338.48,0.0,17/08/2026,17/08/2026
NSE-CAPITAL,Recoverable01260708377210519 DBNOTE NSE Margin Payin,1,34036.0,0.0,07/08/2026,07/08/2026
MTF-MTF-TRADE,"21/05/2026 21-05-26 DBNOTE MTF PAYIN 59,849.17 0.00 401,299.48 DR CPAYIN MTF SELL PAYIN",1,34029.45,0.0,21/05/2026,21/05/2026
MTF-MTF-TRADE,"11/06/2026 11-06-26 DBNOTE NSE Margin Payout 4.33 0.00 285,966.41 DR DBNOTE NSE Margin Payout",1,33583.11,0.0,11/06/2026,11/06/2026
NSE-CAPITAL,DCM012618063680 DBNOTE NSE Margin Payin,1,33478.42,0.0,18/06/2026,18/06/2026
MTF-MTF-TRADE,"18/06/2026 18-06-26 CPAYIN MTF PAYIN 0.00 33,478.42 552,823.19 DR DBNOTE MTF PAYIN",1,33478.42,0.0,18/06/2026,18/06/2026
MTF-MTF-TRADE,MTF BILL FOR BILL DATE Jun 10 MBILL,1,32822.9,0.0,10/06/2026,10/06/2026
NSE-CAPITAL,"06/08/2026 06-08-26 MBILL 46,201.04 0.00 88,009.10 CR BILL POSTED",1,32631.11,0.0,06/08/2026,06/08/2026
NSE-CAPITAL,"09/07/2026 09-07-26 DBNOTE NSE Margin Payin 40,167.80 0.00 165,653.62 DR DBNOTE Being Margin Trf",1,32627.74,0.0,09/07/2026,09/07/2026
NSE-CAPITAL,"06/07/2026 07-07-26 BILL POSTED 16,366.07 0.00 47,275.96 CR BILL POSTED",1,32600.09,0.0,06/07/2026,06/07/2026
MTF-MTF-TRADE,"20/07/2026 20-07-26 CPAYIN MTF PAYIN 0.00 32,115.87 375,653.41 DR DBNOTE MTF PAYIN",1,32115.87,0.0,20/07/2026,20/07/2026
NSE-CAPITAL,"20/07/2026 20-07-26 PAYBNK Being Payout towards NSE Z 114,124.24 0.00 43,084.99 DR DBNOTE NSE Margin Payin",1,32115.87,0.0,20/07/2026,20/07/2026
NSE-CAPITAL,recoverable01260309382156 DBNOTE NSE Margin Payin,1,32080.6,0.0,03/09/2026,03/09/2026
MTF-MTF-TRADE,"03/09/2026 03-09-26 DBNOTE Being Margin Trf 62.09 0.00 285,566.11 DR DBNOTE MTF PAYIN",1,32080.6,0.0,03/09/2026,03/09/2026
MTF-MTF-TRADE,MTF BILL FOR BILL DATE Jul 17 MBILL,1,32066.2,0.0,17/07/2026,17/07/2026
MTF-MTF-TRADE,"29/07/2026 29-07-26 DBNOTE NSE Margin Payin 0.00 31,825.95 191,241.28 DR DBNOTE MTF PAYIN",1,31825.95,0.0,29/07/2026,29/07/2026
NSE-CAPITAL,Recoverable01262907375476369 DBNOTE NSE Margin Payin,1,31825.95,0.0,29/07/2026,29/07/2026
MTF-MTF-TRADE,"24/07/2026 24-07-26 DBNOTE NSE Margin Payout 24,348.33 0.00 153,680.09 DR DBNOTE NSE Margin Payout",1,31676.24,0.0,24/07/2026,24/07/2026
NSE-CAPITAL,"11/06/2026 11-06-26 DBNOTE NSE Margin Payout 0.00 33,583.11 61,744.87 DR DBNOTE Being Margin Trf",1,31579.35,0.0,11/06/2026,11/06/2026
MTF-MTF-TRADE,MTF BILL FOR BILL DATE Jul 22 MBILL,1,31410.0,0.0,22/07/2026,22/07/2026
MTF-MTF-TRADE,MTF BILL FOR BILL DATE Aug 27 MBILL,1,31314.0,0.0,27/08/2026,27/08/2026
MTF-MTF-TRADE,MTF BILL FOR BILL DATE Jun 1 MBILL,1,31104.7,0.0,01/06/2026,01/06/2026
NSE-CAPITAL,"19/06/2026 19-06-26 MBILL 68,781.51 0.00 190,413.32 CR BILL POSTED",1,31062.77,0.0,19/06/2026,19/06/2026
MTF-MTF-TRADE,"05/06/2026 05-06-26 DBNOTE MTF PAYIN 41,346.52 0.00 578,701.49 DR CPAYIN MTF SELL PAYIN",1,31034.25,0.0,05/06/2026,05/06/2026
NSE-CAPITAL,"20/04/2026 20-04-26 REPBNK Upstreamed Amount Collected 0.00 20,941.27 66,013.78 CR BILL POSTED",1,30822.1,0.0,21/04/2026,21/04/2026
MTF-MTF-TRADE,"30/07/2026 30-07-26 DBNOTE NSE Margin Payin 0.00 30,267.30 201,205.73 DR DBNOTE MTF PAYIN",1,30267.3,0.0,30/07/2026,30/07/2026
NSE-CAPITAL,DCR012630073756 DBNOTE NSE Margin Payin,1,30267.3,0.0,30/07/2026,30/07/2026
NSE-CAPITAL,"01/09/2026 02-09-26 BILL POSTED 0.00 370,906.01 204,773.79 CR PAYBNK Being Payout towards NSE M",1,30027.49,0.0,01/09/2026,01/09/2026
MTF-MTF-TRADE,MTF BILL FOR BILL DATE Aug 18 MBILL,1,29944.0,0.0,18/08/2026,18/08/2026
NSE-CAPITAL,"31/08/2026 31-08-26 DBNOTE NSE Margin Payout 0.00 43,428.70 35,751.12 DR DBNOTE NSE Margin Payin",1,29390.84,0.0,31/08/2026,31/08/2026
MTF-MTF-TRADE,"24/07/2026 24-07-26 DBNOTE Being Margin Trf 1,764.25 0.00 187,120.58 DR CPAYIN MTF SELL PAYIN",1,29276.75,0.0,24/07/2026,24/07/2026
MTF-MTF-TRADE,MTF BILL FOR BILL DATE Aug 25 MBILL,1,29249.0,0.0,25/08/2026,25/08/2026
MTF-MTF-TRADE,"06/07/2026 06-07-26 DBNOTE Being Margin Trf 0.00 1,112.84 630,685.38 DR DBNOTE MTF PAYIN",1,28901.28,0.0,06/07/2026,06/07/2026
MTF-MTF-TRADE,MTF BILL FOR BILL DATE Jun 8 MBILL,1,28892.5,0.0,08/06/2026,08/06/2026
MTF-MTF-TRADE,"13/07/2026 13-07-26 CPAYIN MTF PAYIN 0.00 27,975.26 448,427.84 DR DBNOTE MTF PAYIN",1,27975.26,0.0,13/07/2026,13/07/2026
NSE-CAPITAL,"13/07/2026 13-07-26 PAYBNK Upstreamed Amount Released 18,284.63 0.00 39,417.75 DR DBNOTE NSE Margin Payin",1,27975.26,0.0,13/07/2026,13/07/2026
NSE-CAPITAL,2026 PAYBNK Upstreamed Amount Released,3,27840.2,0.0,04/09/2026,31/07/2026
MTF-MTF-TRADE,"22/06/2026 22-06-26 MBILL 0.00 111,762.90 670,034.87 DR DBNOTE NSE Margin Payout",1,27487.32,0.0,22/06/2026,22/06/2026
MTF-MTF-TRADE,MTF BILL FOR BILL DATE Aug 12 MBILL,1,26843.0,0.0,12/08/2026,12/08/2026
MTF-MTF-TRADE,"03/08/2026 03-08-26 DBNOTE NSE Margin Payin 0.00 26,646.18 260,072.70 DR DBNOTE MTF PAYIN",1,26646.18,0.0,03/08/2026,03/08/2026
MTF-MTF-TRADE,"17/06/2026 17-06-26 DBNOTE MTF PAYIN 148,671.64 0.00 626,856.31 DR CPAYIN MTF SELL PAYIN",1,26266.87,0.0,17/06/2026,17/06/2026
NSE-CAPITAL,"17/08/2026 17-08-26 MBILL 29,970.00 0.00 9,822.43 CR BILL POSTED",1,26186.57,0.0,17/08/2026,17/08/2026
NSE-CAPITAL,"02/09/2026 02-09-26 DBNOTE Being Margin Trf 0.00 25,716.60 2,772.15 DR DBNOTE Being Margin Trf",1,25716.6,0.0,02/09/2026,02/09/2026
MTF-MTF-TRADE,"02/09/2026 02-09-26 DBNOTE NSE Margin Payin 0.00 15,398.50 276,310.36 DR DBNOTE Being Margin Trf",1,25716.6,0.0,02/09/2026,02/09/2026
NSE-CAPITAL,"23/06/2026 24-06-26 BILL POSTED 0.00 414,022.63 100,645.99 CR PAYBNK Upstreamed Amount Released",1,25393.74,0.0,23/06/2026,23/06/2026
MTF-MTF-TRADE,"24/06/2026 24-06-26 DBNOTE Being Margin Trf 0.00 862.99 560,010.89 DR CPAYIN MTF SELL PAYIN",1,25103.05,0.0,24/06/2026,24/06/2026
MTF-MTF-TRADE,MTF BILL FOR BILL DATE May 14 MBILL,1,24737.5,0.0,14/05/2026,14/05/2026
NSE-CAPITAL,"04/05/2026 05-05-26 BILL POSTED 53,692.23 0.00 77,115.77 CR PAYBNK Being Payout towards NSE M",1,24681.32,0.0,04/05/2026,04/05/2026
NSE-CAPITAL,21/04/2026 21-04-26 REPBNK Being Payin towards NSE M 0.00 130.00 0.00 BILL POSTED,1,24636.58,0.0,22/04/2026,22/04/2026
MTF-MTF-TRADE,"16/06/2026 16-06-26 DBNOTE MTF PAYIN 46,331.43 0.00 478,602.60 DR CPAYIN MTF SELL PAYIN",1,24256.4,0.0,16/06/2026,16/06/2026
MTF-MTF-TRADE,"04/05/2026 04-05-26 DBNOTE MTF SELL PAYIN 0.00 24,231.38 299,183.00 DR CPAYIN MTF SELL PAYIN",1,24231.38,0.0,04/05/2026,04/05/2026
MTF-MTF-TRADE,MTF BILL FOR BILL DATE May 19 MBILL,1,24017.4,0.0,19/05/2026,19/05/2026
NSE-CAPITAL,"30/04/2026 30-04-26 DBNOTE NSE Margin Payout 0.00 14,874.92 32,267.59 CR DBNOTE Being Margin Trf",1,23494.78,0.0,30/04/2026,30/04/2026
MTF-MTF-TRADE,MTF CASH EXCESS REV AFTER PAYIN CPAYIN,44,23245.78,0.0,03/06/2026,31/08/2026
NSE-CAPITAL,DCR012614083785 DBNOTE NSE Margin Payin,1,22976.73,0.0,14/08/2026,14/08/2026
MTF-MTF-TRADE,"14/08/2026 14-08-26 CPAYIN MTF PAYIN 0.00 22,976.73 344,030.28 DR DBNOTE MTF PAYIN",1,22976.73,0.0,14/08/2026,14/08/2026
MTF-MTF-TRADE,"14/07/2026 14-07-26 CPAYIN MTF PAYIN 0.00 11,761.17 508,312.92 DR CPAYIN MTF SELL PAYIN",1,22891.4,0.0,14/07/2026,14/07/2026
NSE-CAPITAL,"30/04/2026 04-05-26 BILL POSTED 0.00 72,499.39 71,574.23 CR PAYBNK Being Payout towards NSE M",1,22877.33,0.0,30/04/2026,30/04/2026
MTF-MTF-TRADE,"31/07/2026 31-07-26 CPAYIN MTF PAYIN 0.00 22,868.35 195,694.53 DR DBNOTE MTF PAYIN",1,22868.35,0.0,31/07/2026,31/07/2026
NSE-CAPITAL,DCM012631073758 DBNOTE NSE Margin Payin,1,22868.35,0.0,31/07/2026,31/07/2026
MTF-MTF-TRADE,"12/08/2026 12-08-26 DBNOTE Being Margin Trf 0.00 1,296.90 343,167.05 DR CPAYIN MTF SELL PAYIN",1,22787.54,0.0,12/08/2026,12/08/2026
NSE-CAPITAL,"08/07/2026 08-07-26 DBNOTE NSE Margin Payout 0.00 116,891.68 10,435.05 CR DBNOTE Being Margin Trf",1,22762.55,0.0,08/07/2026,08/07/2026
NSE-CAPITAL,"19/06/2026 22-06-26 BILL POSTED 183,713.42 0.00 24,362.87 DR PAYBNK Upstreamed Amount Released",1,22738.21,0.0,19/06/2026,19/06/2026
MTF-MTF-TRADE,"11/06/2026 11-06-26 DBNOTE Being Margin Trf 0.00 31,579.35 287,970.17 DR CPAYIN MTF SELL PAYIN",1,21785.16,0.0,11/06/2026,11/06/2026
NSE-CAPITAL,"27/05/2026 27-05-26 DBNOTE NSE Margin Payin 5,701.01 0.00 128,550.56 DR DBNOTE Being Margin Trf",1,21775.71,0.0,27/05/2026,27/05/2026
MTF-MTF-TRADE,"29/05/2026 29-05-26 DBNOTE Being Margin Trf 0.00 1,102.48 571,466.40 DR CPAYIN MTF SELL PAYIN",1,21650.16,0.0,29/05/2026,29/05/2026
MTF-MTF-TRADE,"05/05/2026 05-05-26 MBILL 0.00 56,894.25 322,728.03 DR DBNOTE NSE Margin Payout",1,21333.44,0.0,05/05/2026,05/05/2026
MTF-MTF-TRADE,"02/06/2026 02-06-26 DBNOTE MTF SELL PAYIN 0.00 21,273.23 466,323.62 DR CPAYIN MTF SELL PAYIN",1,21273.23,0.0,02/06/2026,02/06/2026
NSE-CAPITAL,"16/06/2026 16-06-26 DBNOTE NSE Margin Payin 46,331.43 0.00 104,670.23 DR DBNOTE Being Margin Trf",1,21249.78,0.0,16/06/2026,16/06/2026
NSE-CAPITAL,"06/05/2026 06-05-26 DBNOTE NSE Margin Payout 0.00 5,819.11 9,432.72 DR DBNOTE Being Margin Trf",1,20957.6,0.0,06/05/2026,06/05/2026
MTF-MTF-TRADE,"08/06/2026 08-06-26 DBNOTE MTF SELL PAYIN 0.00 20,330.83 537,357.98 DR CPAYIN MTF SELL PAYIN",1,20330.83,0.0,08/06/2026,08/06/2026
MTF-MTF-TRADE,"31/08/2026 31-08-26 DBNOTE Being Margin Trf 1,282.85 0.00 370,667.23 DR CPAYIN MTF SELL PAYIN",1,20189.36,0.0,31/08/2026,31/08/2026
NSE-CAPITAL,"16/06/2026 17-06-26 BILL POSTED 107,903.96 0.00 19,377.44 CR PAYBNK Being Payout towards NSE M",1,19932.9,0.0,16/06/2026,16/06/2026
MTF-MTF-TRADE,"22/05/2026 22-05-26 DBNOTE MTF SELL PAYIN 0.00 19,491.02 392,359.08 DR CPAYIN MTF SELL PAYIN",1,19491.02,0.0,22/05/2026,22/05/2026
NSE-CAPITAL,DBNOTE NSE Margin Payin,2,19342.27,0.0,07/05/2026,13/08/2026
MTF-MTF-TRADE,"27/05/2026 27-05-26 DBNOTE MTF SELL PAYIN 0.00 19,155.07 362,967.86 DR CPAYIN MTF SELL PAYIN",1,19155.07,0.0,27/05/2026,27/05/2026
NSE-CAPITAL,"22/06/2026 23-06-26 BILL POSTED 108,743.97 0.00 111,436.00 DR PAYBNK Upstreamed Amount Released",1,19095.9,0.0,22/06/2026,22/06/2026
NSE-CAPITAL,"17/07/2026 17-07-26 MBILL 415,508.42 0.00 356,231.78 DR PAYBNK Upstreamed Amount Released",1,19055.25,0.0,17/07/2026,17/07/2026
MTF-MTF-TRADE,"23/06/2026 23-06-26 MBILL 0.00 349,994.76 345,921.35 DR DBNOTE NSE Margin Payout",1,19055.14,0.0,23/06/2026,23/06/2026
NSE-CAPITAL,"04/08/2026 05-08-26 BILL POSTED 202,393.41 0.00 30,900.94 DR PAYBNK Upstreamed Amount Released",1,18467.37,0.0,04/08/2026,04/08/2026
NSE-CAPITAL,"24/06/2026 25-06-26 BILL POSTED 261,605.09 0.00 124,799.42 DR PAYBNK Upstreamed Amount Released",1,18435.64,0.0,24/06/2026,24/06/2026
NSE-CAPITAL,"30/07/2026 31-07-26 BILL POSTED 60,615.29 0.00 1,949.65 DR PAYBNK Upstreamed Amount Released",1,18433.74,0.0,30/07/2026,30/07/2026
NSE-CAPITAL,"07/07/2026 08-07-26 BILL POSTED 0.00 485,244.68 272,500.58 CR PAYBNK Upstreamed Amount Released",1,18399.35,0.0,07/07/2026,07/07/2026
NSE-CAPITAL,"02/06/2026 02-06-26 DBNOTE NSE Margin Payin 40,682.99 0.00 208,266.76 DR DBNOTE Being Margin Trf",1,18334.53,0.0,02/06/2026,02/06/2026
NSE-CAPITAL,"13/07/2026 14-07-26 BILL POSTED 116,630.07 0.00 21,133.12 DR PAYBNK Upstreamed Amount Released",1,18284.63,0.0,13/07/2026,13/07/2026
NSE-CAPITAL,"16/07/2026 17-07-26 BILL POSTED 111,157.07 0.00 24,210.46 CR PAYBNK Upstreamed Amount Released",1,18167.56,0.0,16/07/2026,16/07/2026
NSE-CAPITAL,"15/07/2026 16-07-26 BILL POSTED 9,038.95 0.00 109.50 DR PAYBNK Upstreamed Amount Released",1,17992.33,0.0,15/07/2026,15/07/2026
NSE-CAPITAL,Being MTF pledge Charges DBNOTE,82,17975.0,0.0,01/05/2026,31/07/2026
MTF-MTF-TRADE,"25/05/2026 25-05-26 CPAYIN MTF PAYIN 0.00 13,092.67 430,133.89 DR CPAYIN MTF SELL PAYIN",1,17928.63,0.0,25/05/2026,25/05/2026
MTF-MTF-TRADE,"07/05/2026 07-05-26 DBNOTE Being Margin Trf 0.00 566.50 288,661.63 DR DBNOTE MTF PAYIN",1,17658.71,0.0,07/05/2026,07/05/2026
NSE-CAPITAL,"06/07/2026 07-07-26 BILL POSTED 32,600.09 0.00 14,675.87 CR PAYBNK Being Payout towards NSE Z",1,17470.63,0.0,06/07/2026,06/07/2026
NSE-CAPITAL,"25/06/2026 29-06-26 BILL POSTED 0.00 169,331.10 93,456.72 CR PAYBNK Upstreamed Amount Released",1,17385.35,0.0,25/06/2026,25/06/2026
NSE-CAPITAL,"30/06/2026 30-06-26 MBILL 30,060.00 0.00 94,775.94 CR PAYBNK Upstreamed Amount Released",1,17242.41,0.0,30/06/2026,30/06/2026
MTF-MTF-TRADE,"07/08/2026 07-08-26 DBNOTE Being Margin Trf 5,792.70 0.00 385,163.61 DR DBNOTE MTF PAYIN",1,17179.74,0.0,07/08/2026,07/08/2026
MTF-MTF-TRADE,"15/06/2026 15-06-26 DBNOTE MTF SELL PAYIN 0.00 17,104.73 422,184.51 DR CPAYIN MTF SELL PAYIN",1,17104.73,0.0,15/06/2026,15/06/2026
MTF-MTF-TRADE,"09/06/2026 09-06-26 MBILL 0.00 50,311.00 546,817.81 DR DBNOTE NSE Margin Payout",1,17083.53,0.0,09/06/2026,09/06/2026
MTF-MTF-TRADE,"07/08/2026 07-08-26 DBNOTE NSE Margin Payin 0.00 34,036.00 362,514.65 DR DBNOTE NSE Margin Payout",1,16856.26,0.0,07/08/2026,07/08/2026
NSE-CAPITAL,"29/06/2026 29-06-26 PAYBNK Upstreamed Amount Released 3,896.80 0.00 25,384.18 DR PAYBNK Being Payout towards NSE Z",1,16511.03,0.0,29/06/2026,29/06/2026
NSE-CAPITAL,DCR012613053614 DBNOTE NSE Margin Payin,1,16504.42,0.0,14/05/2026,14/05/2026
MTF-MTF-TRADE,"14/05/2026 14-05-26 DBNOTE MTF MTM REV 0.00 3,373.40 97,655.74 DR DBNOTE MTF PAYIN",1,16504.42,0.0,14/05/2026,14/05/2026
NSE-CAPITAL,"18/06/2026 18-06-26 PAYBNK Upstreamed Amount Released 1,223.65 0.00 26,400.75 CR PAYBNK Being Payout towards NSE M",1,16368.79,0.0,18/06/2026,18/06/2026
MTF-MTF-TRADE,MTF BILL FOR BILL DATE May 15 MBILL,1,16228.0,0.0,15/05/2026,15/05/2026
MTF-MTF-TRADE,"06/08/2026 06-08-26 CPAYIN MTF PAYIN 0.00 34,595.26 376,597.84 DR CPAYIN MTF SELL PAYIN",1,15825.38,0.0,06/08/2026,06/08/2026
MTF-MTF-TRADE,"02/09/2026 02-09-26 CPAYIN MTF PAYIN 0.00 15,398.50 286,628.46 DR DBNOTE MTF PAYIN",1,15398.5,0.0,02/09/2026,02/09/2026
NSE-CAPITAL,DCM012602093819 DBNOTE NSE Margin Payin,1,15398.5,0.0,02/09/2026,02/09/2026
MTF-MTF-TRADE,"11/08/2026 11-08-26 CPAYIN MTF PAYIN 0.00 15,144.06 348,013.62 DR DBNOTE MTF PAYIN",1,15144.06,0.0,11/08/2026,11/08/2026
NSE-CAPITAL,DCR012611083778 DBNOTE NSE Margin Payin,1,15144.06,0.0,11/08/2026,11/08/2026
MTF-MTF-TRADE,"30/04/2026 30-04-26 MBILL 0.00 47,143.00 212,472.29 DR DBNOTE NSE Margin Payout",1,14874.92,0.0,30/04/2026,30/04/2026
MTF-MTF-TRADE,"06/07/2026 06-07-26 CPAYIN MTF PAYIN 0.00 28,901.28 630,685.38 DR CPAYIN MTF SELL PAYIN",1,14793.74,0.0,06/07/2026,06/07/2026
NSE-CAPITAL,"05/08/2026 06-08-26 BILL POSTED 10,115.08 0.00 15,855.70 DR PAYBNK Upstreamed Amount Released",1,14750.23,0.0,05/08/2026,05/08/2026
MTF-MTF-TRADE,"29/05/2026 29-05-26 MBILL 0.00 115,128.54 558,057.37 DR DBNOTE NSE Margin Payout",1,14511.51,0.0,29/05/2026,29/05/2026
MTF-MTF-TRADE,"07/08/2026 07-08-26 CPAYIN MTF PAYIN 0.00 17,179.74 385,163.61 DR CPAYIN MTF SELL PAYIN",1,14190.0,0.0,07/08/2026,07/08/2026
MTF-MTF-TRADE,"08/05/2026 08-05-26 MBILL 0.00 18,818.90 399,627.88 DR DBNOTE NSE Margin Payout",1,14101.51,0.0,08/05/2026,08/05/2026
MTF-MTF-TRADE,"25/05/2026 25-05-26 DBNOTE Being Margin Trf 0.00 5,807.35 430,133.89 DR DBNOTE MTF PAYIN",1,13092.67,0.0,25/05/2026,25/05/2026
MTF-MTF-TRADE,"16/07/2026 16-07-26 CPAYIN MTF PAYIN 0.00 43,109.45 597,074.76 DR CPAYIN MTF SELL PAYIN",1,13059.05,0.0,16/07/2026,16/07/2026
MTF-MTF-TRADE,"19/06/2026 19-06-26 DBNOTE MTF SELL PAYIN 0.00 13,031.00 678,474.27 DR CPAYIN MTF SELL PAYIN",1,13031.0,0.0,19/06/2026,19/06/2026
NSE-CAPITAL,recoverable01261905362424 DBNOTE NSE Margin Payin,1,12609.13,0.0,19/05/2026,19/05/2026
MTF-MTF-TRADE,"19/05/2026 19-05-26 CPAYIN MTF PAYIN 0.00 12,609.13 40,672.94 DR DBNOTE MTF PAYIN",1,12609.13,0.0,19/05/2026,19/05/2026
MTF-MTF-TRADE,"20/08/2026 20-08-26 DBNOTE Being Margin Trf 3,995.40 0.00 295,714.68 DR CPAYIN MTF SELL PAYIN",1,12462.58,0.0,20/08/2026,20/08/2026
NSE-CAPITAL,"20/08/2026 20-08-26 PAYBNK Being Payout towards NSE M 71,696.69 0.00 138,805.73 DR PAYBNK Being Payout towards NSE Z",1,12357.31,0.0,20/08/2026,20/08/2026
NSE-CAPITAL,"24/08/2026 25-08-26 BILL POSTED 0.00 72,377.50 65,312.50 CR PAYBNK Upstreamed Amount Released",1,11917.98,0.0,24/08/2026,24/08/2026
NSE-CAPITAL,"09/06/2026 09-06-26 DBNOTE NSE Margin Payout 0.00 17,083.53 64,481.50 DR DBNOTE Being Margin Trf",1,11895.81,0.0,09/06/2026,09/06/2026
MTF-MTF-TRADE,MTF BILL FOR BILL DATE May 18 MBILL,1,11801.25,0.0,18/05/2026,18/05/2026
MTF-MTF-TRADE,"30/04/2026 30-04-26 DBNOTE MTF SELL PAYIN 0.00 11,775.23 192,077.20 DR CPAYIN MTF SELL PAYIN",1,11775.23,0.0,30/04/2026,30/04/2026
MTF-MTF-TRADE,"14/07/2026 14-07-26 DBNOTE Being Margin Trf 0.00 2,998.75 508,312.92 DR DBNOTE MTF PAYIN",1,11761.17,0.0,14/07/2026,14/07/2026
NSE-CAPITAL,recoverable01261407372699 DBNOTE NSE Margin Payin,1,11761.17,0.0,14/07/2026,14/07/2026
NSE-CAPITAL,"24/06/2026 24-06-26 PAYBNK Upstreamed Amount Released 18,435.64 0.00 143,235.06 DR PAYBNK Being Payout towards NSE Z",1,11748.1,0.0,24/06/2026,24/06/2026
MTF-MTF-TRADE,MTF BILL FOR BILL DATE May 6 MBILL,1,11743.2,0.0,06/05/2026,06/05/2026
MTF-MTF-TRADE,"22/05/2026 22-05-26 CPAYIN MTF PAYIN 0.00 11,690.94 400,159.16 DR DBNOTE MTF PAYIN",1,11690.94,0.0,22/05/2026,22/05/2026
NSE-CAPITAL,DCM012622053630 DBNOTE NSE Margin Payin,1,11690.94,0.0,22/05/2026,22/05/2026
MTF-MTF-TRADE,"09/07/2026 09-07-26 DBNOTE MTF SELL PAYIN 0.00 11,468.77 349,379.11 DR CPAYIN MTF SELL PAYIN",1,11468.77,0.0,09/07/2026,09/07/2026
MTF-MTF-TRADE,"29/06/2026 29-06-26 DBNOTE MTF SELL PAYIN 0.00 11,398.55 642,017.07 DR CPAYIN MTF SELL PAYIN",1,11398.55,0.0,29/06/2026,29/06/2026
NSE-CAPITAL,"15/06/2026 15-06-26 DBNOTE NSE Margin Payout 0.00 8,258.23 11,569.77 DR DBNOTE Being Margin Trf",1,11239.38,0.0,15/06/2026,15/06/2026
NSE-CAPITAL,"29/07/2026 30-07-26 BILL POSTED 113,092.25 0.00 15,206.10 CR PAYBNK Upstreamed Amount Released",1,11066.36,0.0,29/07/2026,29/07/2026
MTF-MTF-TRADE,"05/05/2026 05-05-26 DBNOTE MTF SELL PAYIN 0.00 10,736.66 279,882.66 DR CPAYIN MTF SELL PAYIN",1,10736.66,0.0,05/05/2026,05/05/2026
MTF-MTF-TRADE,"22/07/2026 22-07-26 DBNOTE NSE Margin Payout 1,563.31 0.00 394,650.02 DR CPAYIN MTF SELL PAYIN",1,10432.03,0.0,22/07/2026,22/07/2026
NSE-CAPITAL,"15/06/2026 16-06-26 BILL POSTED 13,638.87 0.00 30,870.90 CR PAYBNK Being Payout towards NSE M",1,10235.82,0.0,15/06/2026,15/06/2026
NSE-CAPITAL,"05/08/2026 05-08-26 MBILL 27,870.00 0.00 5,740.62 DR BILL POSTED",1,10115.08,0.0,05/08/2026,05/08/2026
NSE-CAPITAL,"12/08/2026 12-08-26 DBNOTE NSE Margin Payout 0.00 48,969.35 3,972.13 DR DBNOTE NSE Margin Payin",1,9933.88,0.0,12/08/2026,12/08/2026
MTF-MTF-TRADE,"30/06/2026 30-06-26 DBNOTE MTF SELL PAYIN 0.00 9,774.98 681,547.47 DR CPAYIN MTF SELL PAYIN",1,9774.98,0.0,30/06/2026,30/06/2026
MTF-MTF-TRADE,MTF BILL FOR BILL DATE Aug 19 MBILL,1,9494.8,0.0,19/08/2026,19/08/2026
NSE-CAPITAL,"06/08/2026 07-08-26 BILL POSTED 122,270.39 0.00 66,892.40 DR PAYBNK Upstreamed Amount Released",1,9185.54,0.0,06/08/2026,06/08/2026
NSE-CAPITAL,"15/07/2026 15-07-26 MBILL 62,220.97 0.00 8,929.45 CR BILL POSTED",1,9038.95,0.0,15/07/2026,15/07/2026
MTF-MTF-TRADE,"07/05/2026 07-05-26 DBNOTE MTF SELL PAYIN 0.00 8,931.75 279,729.88 DR CPAYIN MTF SELL PAYIN",1,8931.75,0.0,07/05/2026,07/05/2026
MTF-MTF-TRADE,"17/07/2026 17-07-26 DBNOTE NSE Margin Payout 166,129.92 0.00 379,762.46 DR DBNOTE NSE Margin Payout",1,8822.97,0.0,17/07/2026,17/07/2026
NSE-CAPITAL,"20/07/2026 21-07-26 BILL POSTED 100,236.18 0.00 475,268.80 CR PAYBNK Upstreamed Amount Released",1,8822.97,0.0,20/07/2026,20/07/2026
NSE-CAPITAL,DCR012614053616 DBNOTE NSE Margin Payin,1,8519.7,0.0,15/05/2026,15/05/2026
MTF-MTF-TRADE,"15/05/2026 15-05-26 CMTM MTF MTM REV 1,853.95 0.00 105,364.04 DR DBNOTE MTF PAYIN",1,8519.7,0.0,15/05/2026,15/05/2026
MTF-MTF-TRADE,"03/09/2026 03-09-26 DBNOTE MTF SELL PAYIN 0.00 8,145.75 277,420.36 DR CPAYIN MTF SELL PAYIN",1,8145.75,0.0,03/09/2026,03/09/2026
MTF-MTF-TRADE,"17/08/2026 17-08-26 DBNOTE MTF SELL PAYIN 0.00 8,070.57 365,273.55 DR CPAYIN MTF SELL PAYIN",1,8070.57,0.0,17/08/2026,17/08/2026
MTF-MTF-TRADE,"05/08/2026 05-08-26 DBNOTE MTF SELL PAYIN 0.00 8,036.59 327,658.58 DR CPAYIN MTF SELL PAYIN",1,8036.59,0.0,05/08/2026,05/08/2026
NSE-CAPITAL,adjusted aga BILL POSTED,1,8023.91,0.0,07/04/2026,07/04/2026
MTF-MTF-TRADE,CPAYIN MTF SELL PAYIN,1,7933.54,0.0,15/07/2026,15/07/2026
NSE-CAPITAL,"17/07/2026 17-07-26 PAYBNK Upstreamed Amount Released 19,055.25 0.00 375,287.03 DR PAYBNK Being Payout towards NSE M",1,7929.46,0.0,17/07/2026,17/07/2026
NSE-CAPITAL,"14/08/2026 14-08-26 MBILL 10,141.50 0.00 46,881.44 CR PAYBNK Upstreamed Amount Released",1,7824.06,0.0,14/08/2026,14/08/2026
MTF-MTF-TRADE,MTF BILL FOR BILL DATE Aug 5 MBILL,1,7379.0,0.0,05/08/2026,05/08/2026
NSE-CAPITAL,"23/07/2026 24-07-26 BILL POSTED 0.00 310,428.74 207,949.23 CR PAYBNK Upstreamed Amount Released",1,7157.15,0.0,23/07/2026,23/07/2026
MTF-MTF-TRADE,"24/08/2026 24-08-26 MBILL 0.00 19,140.00 299,786.89 DR DBNOTE NSE Margin Payout",1,6803.91,0.0,24/08/2026,24/08/2026
MTF-MTF-TRADE,"20/05/2026 20-05-26 DBNOTE MTF SELL PAYIN 0.00 6,529.83 198,887.94 DR CPAYIN MTF SELL PAYIN",1,6529.83,0.0,20/05/2026,20/05/2026
NSE-CAPITAL,"06/05/2026 06-05-26 MBILL 28,196.20 0.00 47,408.96 CR BILL POSTED",1,6510.12,0.0,06/05/2026,06/05/2026
MTF-MTF-TRADE,"09/06/2026 09-06-26 DBNOTE MTF SELL PAYIN 0.00 6,464.23 545,541.30 DR CPAYIN MTF SELL PAYIN",1,6464.23,0.0,09/06/2026,09/06/2026
MTF-MTF-TRADE,"11/08/2026 11-08-26 DBNOTE MTF PAYIN 15,144.06 0.00 363,157.68 DR CPAYIN MTF SELL PAYIN",1,6435.55,0.0,11/08/2026,11/08/2026
MTF-MTF-TRADE,"18/08/2026 18-08-26 DBNOTE Being Margin Trf 21.00 0.00 363,374.57 DR CPAYIN MTF SELL PAYIN",1,6052.95,0.0,18/08/2026,18/08/2026
MTF-MTF-TRADE,"24/08/2026 24-08-26 DBNOTE MTF SELL PAYIN 0.00 5,840.00 300,750.80 DR CPAYIN MTF SELL PAYIN",1,5840.0,0.0,24/08/2026,24/08/2026
NSE-CAPITAL,"25/05/2026 25-05-26 DBNOTE NSE Margin Payin 13,092.67 0.00 67,032.86 DR DBNOTE Being Margin Trf",1,5807.35,0.0,25/05/2026,25/05/2026
MTF-MTF-TRADE,"07/08/2026 07-08-26 DBNOTE NSE Margin Payout 16,856.26 0.00 379,370.91 DR DBNOTE Being Margin Trf",1,5792.7,0.0,07/08/2026,07/08/2026
MTF-MTF-TRADE,"27/05/2026 27-05-26 DBNOTE Being Margin Trf 0.00 21,775.71 382,122.93 DR DBNOTE MTF PAYIN",1,5701.01,0.0,27/05/2026,27/05/2026
NSE-CAPITAL,DCM012627053639 DBNOTE NSE Margin Payin,1,5701.01,0.0,27/05/2026,27/05/2026
MTF-MTF-TRADE,"13/08/2026 13-08-26 CPAYIN MTF PAYIN 0.00 1,683.56 351,484.24 DR CPAYIN MTF SELL PAYIN",1,5553.24,0.0,13/08/2026,13/08/2026
NSE-CAPITAL,"17/07/2026 17-07-26 DBNOTE NSE Margin Payout 0.00 8,822.97 462,511.52 DR DBNOTE Being Margin Trf",1,5529.58,0.0,17/07/2026,17/07/2026
MTF-MTF-TRADE,BEING THE T DAY MTM TRF TO MTM DBNOTE,3,5456.34,0.0,13/05/2026,27/04/2026
NSE-CAPITAL,"10/08/2026 10-08-26 DBNOTE NSE Margin Payout 0.00 108,321.64 68,332.58 DR DBNOTE Being Margin Trf",1,5436.1,0.0,10/08/2026,10/08/2026
MTF-MTF-TRADE,"23/06/2026 23-06-26 DBNOTE NSE Margin Payout 140,071.41 0.00 505,047.90 DR DBNOTE Being Margin Trf",1,5366.15,0.0,23/06/2026,23/06/2026
MTF-MTF-TRADE,"05/08/2026 05-08-26 MBILL 0.00 27,870.00 330,454.98 DR DBNOTE NSE Margin Payout",1,5240.19,0.0,05/08/2026,05/08/2026
NSE-CAPITAL,"18/06/2026 18-06-26 DBNOTE NSE Margin Payin 33,478.42 0.00 147,474.13 DR DBNOTE Being Margin Trf",1,5239.34,0.0,18/06/2026,18/06/2026
NSE-CAPITAL,"24/04/2026 27-04-26 BILL POSTED 42,779.19 0.00 37,721.48 DR PAYBNK Being Payout towards NSE M",1,5010.51,0.0,24/04/2026,24/04/2026
MTF-MTF-TRADE,"04/08/2026 04-08-26 DBNOTE NSE Margin Payin 0.00 66,937.47 345,993.78 DR DBNOTE Being Margin Trf",1,4952.2,0.0,04/08/2026,04/08/2026
NSE-CAPITAL,"24/07/2026 24-07-26 MBILL 191,518.45 0.00 45,121.86 DR PAYBNK Upstreamed Amount Released",1,4765.21,0.0,24/07/2026,24/07/2026
MTF-MTF-TRADE,"11/05/2026 11-05-26 DBNOTE MTF SELL PAYIN 0.00 4,568.32 424,426.35 DR CPAYIN MTF SELL PAYIN",1,4568.32,0.0,11/05/2026,11/05/2026
NSE-CAPITAL,Demat Charges DBNOTE,79,4420.0,0.0,01/05/2026,30/07/2026
MTF-MTF-TRADE,"18/05/2026 18-05-26 DBNOTE NSE Margin Payout 96,708.37 0.00 78,918.31 DR DBNOTE Being Margin Trf",1,4134.6,0.0,18/05/2026,18/05/2026
NSE-CAPITAL,Being GST on NSDL - CDSL Charges - DBNOTE,322,4031.1,0.0,01/05/2026,31/07/2026
MTF-MTF-TRADE,"20/08/2026 20-08-26 DBNOTE NSE Margin Payout 16,020.53 0.00 291,719.28 DR DBNOTE Being Margin Trf",1,3995.4,0.0,20/08/2026,20/08/2026
NSE-CAPITAL,"06/07/2026 06-07-26 PAYBNK Being Payout towards NSE Z 17,470.63 0.00 2,794.76 DR PAYBNK Being Payout towards NSE M",1,3979.83,0.0,06/07/2026,06/07/2026
NSE-CAPITAL,DCM012619083794 DBNOTE NSE Margin Payin,1,3941.92,0.0,19/08/2026,19/08/2026
NSE-CAPITAL,"25/05/2026 26-05-26 BILL POSTED 73,051.94 0.00 31,776.89 DR PAYBNK Being Payout towards NSE M",1,3902.5,0.0,25/05/2026,25/05/2026
MTF-MTF-TRADE,"25/06/2026 25-06-26 MBILL 0.00 157,373.40 449,856.19 DR DBNOTE NSE Margin Payout",1,3896.8,0.0,25/06/2026,25/06/2026
MTF-MTF-TRADE,"26/08/2026 26-08-26 CPAYIN MTF PAYIN 0.00 35,583.05 332,539.05 DR CPAYIN MTF SELL PAYIN",1,3828.86,0.0,26/08/2026,26/08/2026
NSE-CAPITAL,"19/06/2026 19-06-26 PAYBNK Upstreamed Amount Released 22,738.21 0.00 47,101.08 DR PAYBNK Being Payout towards NSE M",1,3653.18,0.0,19/06/2026,19/06/2026
NSE-CAPITAL,"13/08/2026 13-08-26 DBNOTE NSE Margin Payin 1,683.56 0.00 163,855.73 DR DBNOTE Being Margin Trf",1,3544.4,0.0,13/08/2026,13/08/2026
MTF-MTF-TRADE,LEDGER CMTM MTF MTM REV,1,3373.4,0.0,14/05/2026,14/05/2026
NSE-CAPITAL,"06/08/2026 06-08-26 DBNOTE NSE Margin Payin 34,595.26 0.00 143,162.36 DR DBNOTE Being Margin Trf",1,3325.48,0.0,06/08/2026,06/08/2026
MTF-MTF-TRADE,"27/08/2026 27-08-26 DBNOTE MTF PAYIN 951.43 0.00 335,335.27 DR CPAYIN MTF SELL PAYIN",1,3299.68,0.0,27/08/2026,27/08/2026
MTF-MTF-TRADE,"28/08/2026 28-08-26 DBNOTE MTF SELL PAYIN 0.00 3,284.84 394,080.58 DR CPAYIN MTF SELL PAYIN",1,3284.84,0.0,28/08/2026,28/08/2026
MTF-MTF-TRADE,"01/09/2026 01-09-26 DBNOTE NSE Margin Payout 75,395.13 0.00 250,593.76 DR DBNOTE Being Margin Trf",1,3069.65,0.0,01/09/2026,01/09/2026
NSE-CAPITAL,"14/07/2026 14-07-26 DBNOTE NSE Margin Payin 11,761.17 0.00 102,044.50 DR DBNOTE Being Margin Trf",1,2998.75,0.0,14/07/2026,14/07/2026
MTF-MTF-TRADE,"23/07/2026 23-07-26 DBNOTE NSE Margin Payout 90,232.47 0.00 278,414.25 DR DBNOTE Being Margin Trf",1,2964.46,0.0,23/07/2026,23/07/2026
MTF-MTF-TRADE,"04/08/2026 04-08-26 DBNOTE MTF PAYIN 66,937.47 0.00 350,945.98 DR CPAYIN MTF SELL PAYIN",1,2957.62,0.0,04/08/2026,04/08/2026
MTF-MTF-TRADE,"16/07/2026 16-07-26 DBNOTE NSE Margin Payin 0.00 43,109.45 594,521.21 DR DBNOTE Being Margin Trf",1,2553.55,0.0,16/07/2026,16/07/2026
NSE-CAPITAL,"17/08/2026 17-08-26 DBNOTE NSE Margin Payin 982.64 0.00 64,225.29 DR DBNOTE Being Margin Trf",1,2502.5,0.0,17/08/2026,17/08/2026
MTF-MTF-TRADE,"25/06/2026 25-06-26 DBNOTE NSE Margin Payout 84,658.58 0.00 538,411.57 DR DBNOTE Being Margin Trf",1,2446.13,0.0,25/06/2026,25/06/2026
MTF-MTF-TRADE,"25/08/2026 25-08-26 DBNOTE MTF SELL PAYIN 0.00 2,443.05 275,217.05 DR CPAYIN MTF SELL PAYIN",1,2443.05,0.0,25/08/2026,25/08/2026
MTF-MTF-TRADE,"14/08/2026 14-08-26 DBNOTE MTF SELL PAYIN 0.00 2,419.56 364,587.45 DR CPAYIN MTF SELL PAYIN",1,2419.56,0.0,14/08/2026,14/08/2026
NSE-CAPITAL,"15/07/2026 15-07-26 DBNOTE NSE Margin Payout 0.00 24,083.31 48,941.24 DR DBNOTE Being Margin Trf",1,1974.25,0.0,15/07/2026,15/07/2026
MTF-MTF-TRADE,"15/05/2026 15-05-26 DBNOTE MTF MTM REV 0.00 1,853.95 103,510.09 DR CMTM MTF MTM REV",1,1853.95,0.0,15/05/2026,15/05/2026
MTF-MTF-TRADE,"24/07/2026 24-07-26 DBNOTE NSE Margin Payout 31,676.24 0.00 185,356.33 DR DBNOTE Being Margin Trf",1,1764.25,0.0,24/07/2026,24/07/2026
MTF-MTF-TRADE,"13/08/2026 13-08-26 DBNOTE Being Margin Trf 0.00 3,544.40 351,484.24 DR DBNOTE MTF PAYIN",1,1683.56,0.0,13/08/2026,13/08/2026
NSE-CAPITAL,"07/07/2026 07-07-26 DBNOTE NSE Margin Payout 0.00 113,625.02 118,458.51 CR DBNOTE Being Margin Trf",1,1616.45,0.0,07/07/2026,07/07/2026
NSE-CAPITAL,"22/06/2026 22-06-26 DBNOTE NSE Margin Payout 0.00 27,487.32 179,081.92 DR DBNOTE Being Margin Trf",1,1606.08,0.0,22/06/2026,22/06/2026
MTF-MTF-TRADE,"22/07/2026 22-07-26 DBNOTE NSE Margin Payout 7,157.15 0.00 393,086.71 DR DBNOTE NSE Margin Payout",1,1563.31,0.0,22/07/2026,22/07/2026
NSE-CAPITAL,"28/08/2026 28-08-26 PAYBNK Upstreamed Amount Released 508.05 0.00 103,424.35 CR PAYBNK Being Payout towards NSE M",1,1561.46,0.0,28/08/2026,28/08/2026
NSE-CAPITAL,"08/07/2026 08-07-26 PAYBNK Being Payout towards NSE M 250,394.95 0.00 135,769.63 CR PAYBNK Being Payout towards NSE Z",1,1522.56,0.0,08/07/2026,08/07/2026
NSE-CAPITAL,"27/08/2026 27-08-26 DBNOTE NSE Margin Payin 951.43 0.00 80,626.86 DR DBNOTE Being Margin Trf",1,1484.66,0.0,27/08/2026,27/08/2026
NSE-CAPITAL,"07/05/2026 08-05-26 BILL POSTED 45,928.77 0.00 3,425.65 CR PAYBNK Upstreamed Amount Released",1,1400.46,0.0,07/05/2026,07/05/2026
NSE-CAPITAL,"19/06/2026 19-06-26 DBNOTE NSE Margin Payin 56,845.62 0.00 164,579.05 DR DBNOTE Being Margin Trf",1,1321.51,0.0,19/06/2026,19/06/2026
NSE-CAPITAL,"12/08/2026 12-08-26 DBNOTE NSE Margin Payin 9,933.88 0.00 13,906.01 DR DBNOTE Being Margin Trf",1,1296.9,0.0,12/08/2026,12/08/2026
MTF-MTF-TRADE,"31/08/2026 31-08-26 DBNOTE NSE Margin Payin 0.00 29,390.84 369,384.38 DR DBNOTE Being Margin Trf",1,1282.85,0.0,31/08/2026,31/08/2026
NSE-CAPITAL,"08/05/2026 08-05-26 PAYBNK Upstreamed Amount Released 613.92 0.00 71,839.82 CR PAYBNK Being Payout towards NSE M",1,1239.58,0.0,08/05/2026,08/05/2026
NSE-CAPITAL,"18/06/2026 19-06-26 BILL POSTED 0.00 11,415.09 27,624.40 CR PAYBNK Upstreamed Amount Released",1,1223.65,0.0,18/06/2026,18/06/2026
MTF-MTF-TRADE,"08/05/2026 08-05-26 DBNOTE NSE Margin Payout 14,101.51 0.00 413,729.39 DR DBNOTE Being Margin Trf",1,1206.8,0.0,08/05/2026,08/05/2026
MTF-MTF-TRADE,DBNOTE Being Margin Trf,2,1149.6,25716.6,02/09/2026,08/06/2026
NSE-CAPITAL,"06/07/2026 06-07-26 DBNOTE NSE Margin Payin 28,901.28 0.00 107,737.63 DR DBNOTE Being Margin Trf",1,1112.84,0.0,06/07/2026,06/07/2026
NSE-CAPITAL,DBNOTE Being Margin Trf,1,1102.48,0.0,29/05/2026,29/05/2026
NSE-CAPITAL,"14/05/2026 14-05-26 DBNOTE NSE Margin Payin 16,504.42 0.00 208,185.89 DR DBNOTE Being Margin Trf",1,1054.8,0.0,14/05/2026,14/05/2026
NSE-CAPITAL,"21/05/2026 22-05-26 BILL POSTED 209,693.01 0.00 46,287.84 CR PAYBNK Upstreamed Amount Released",1,1003.68,0.0,21/05/2026,21/05/2026
MTF-MTF-TRADE,"17/08/2026 17-08-26 CPAYIN MTF PAYIN 0.00 982.64 372,361.48 DR DBNOTE MTF PAYIN",1,982.64,0.0,17/08/2026,17/08/2026
NSE-CAPITAL,DCM012627083808 DBNOTE NSE Margin Payin,1,951.43,0.0,27/08/2026,27/08/2026
MTF-MTF-TRADE,"27/08/2026 27-08-26 CPAYIN MTF PAYIN 0.00 951.43 334,383.84 DR DBNOTE MTF PAYIN",1,951.43,0.0,27/08/2026,27/08/2026
MTF-MTF-TRADE,"28/07/2026 28-07-26 DBNOTE Being Margin Trf 0.00 407.99 185,777.83 DR DBNOTE MTF PAYIN",1,934.76,0.0,28/07/2026,28/07/2026
NSE-CAPITAL,DCM012628073752 DBNOTE NSE Margin Payin,1,934.76,0.0,28/07/2026,28/07/2026
MTF-MTF-TRADE,"26/05/2026 26-05-26 DBNOTE NSE Margin Payout 46,984.79 0.00 377,011.51 DR DBNOTE Being Margin Trf",1,929.85,0.0,26/05/2026,26/05/2026
MTF-MTF-TRADE,ALLOCATION DATE DBNOTE Being Margin Trf,1,886.55,0.0,31/08/2026,31/08/2026
NSE-CAPITAL,"24/06/2026 24-06-26 DBNOTE NSE Margin Payout 0.00 12,756.56 281,086.15 DR DBNOTE Being Margin Trf",1,862.99,0.0,24/06/2026,24/06/2026
NSE-CAPITAL,"19/08/2026 19-08-26 DBNOTE NSE Margin Payout 0.00 67,278.60 22,041.19 CR DBNOTE Being Margin Trf",1,835.4,0.0,19/08/2026,19/08/2026
NSE-CAPITAL,"25/08/2026 25-08-26 DBNOTE NSE Margin Payout 0.00 12,418.23 58,119.50 CR DBNOTE Being Margin Trf",1,828.69,0.0,25/08/2026,25/08/2026
MTF-MTF-TRADE,"21/05/2026 21-05-26 DBNOTE NSE Margin Payin 0.00 59,849.17 400,545.73 DR DBNOTE Being Margin Trf",1,753.75,0.0,21/05/2026,21/05/2026
NSE-CAPITAL,"05/06/2026 05-06-26 DBNOTE NSE Margin Payin 41,346.52 0.00 153,578.02 DR DBNOTE Being Margin Trf",1,741.82,0.0,05/06/2026,05/06/2026
NSE-CAPITAL,"17/04/2026 20-04-26 BILL POSTED 0.00 43,793.74 44,448.88 CR PAYBNK Upstreamed Amount Released",1,655.14,0.0,17/04/2026,17/04/2026
NSE-CAPITAL,"08/05/2026 11-05-26 BILL POSTED 40,490.17 0.00 72,453.74 CR PAYBNK Upstreamed Amount Released",1,613.92,0.0,08/05/2026,08/05/2026
NSE-CAPITAL,"07/05/2026 07-05-26 DBNOTE NSE Margin Payin 17,658.71 0.00 42,776.00 DR DBNOTE Being Margin Trf",1,566.5,0.0,07/05/2026,07/05/2026
MTF-MTF-TRADE,"11/08/2026 11-08-26 DBNOTE NSE Margin Payin 0.00 15,144.06 362,601.88 DR DBNOTE Being Margin Trf",1,555.8,0.0,11/08/2026,11/08/2026
NSE-CAPITAL,"28/08/2026 28-08-26 MBILL 28,590.00 0.00 103,932.40 CR PAYBNK Upstreamed Amount Released",1,508.05,0.0,28/08/2026,28/08/2026
NSE-CAPITAL,"28/07/2026 28-07-26 DBNOTE NSE Margin Payin 934.76 0.00 79,179.82 CR DBNOTE Being Margin Trf",1,407.99,0.0,28/07/2026,28/07/2026
NSE-CAPITAL,"10/06/2026 10-06-26 DBNOTE NSE Margin Payout 0.00 158,115.60 62,593.78 DR DBNOTE Being Margin Trf",1,404.55,0.0,10/06/2026,10/06/2026
MTF-MTF-TRADE,"20/05/2026 20-05-26 DBNOTE NSE Margin Payin 0.00 146,210.65 205,053.47 DR DBNOTE Being Margin Trf",1,364.3,0.0,20/05/2026,20/05/2026
NSE-CAPITAL,"14/08/2026 14-08-26 DBNOTE NSE Margin Payin 22,976.73 0.00 6,999.10 CR DBNOTE Being Margin Trf",1,324.0,0.0,14/08/2026,14/08/2026
MTF-MTF-TRADE,"29/04/2026 29-04-26 DBNOTE NSE Margin Payin 0.00 36,580.90 259,311.29 DR DBNOTE Being Margin Trf",1,304.0,0.0,29/04/2026,29/04/2026
NSE-CAPITAL,"29/06/2026 29-06-26 DBNOTE NSE Margin Payin 101,313.63 0.00 324,988.98 DR DBNOTE Being Margin Trf",1,298.75,0.0,29/06/2026,29/06/2026
MTF-MTF-TRADE,"04/05/2026 04-05-26 DBNOTE NSE Margin Payout 13,278.25 0.00 323,133.38 DR DBNOTE Being Margin Trf",1,281.0,0.0,04/05/2026,04/05/2026
MTF-MTF-TRADE,"28/04/2026 28-04-26 DBNOTE NSE Margin Payin 0.00 44,726.26 147,526.44 DR CMTM MTF MTM REV",1,228.99,0.0,28/04/2026,28/04/2026
NSE-CAPITAL,"28/08/2026 28-08-26 DBNOTE NSE Margin Payin 39,484.50 0.00 67,310.24 DR DBNOTE Being Margin Trf",1,214.0,0.0,28/08/2026,28/08/2026
MTF-MTF-TRADE,"17/06/2026 17-06-26 DBNOTE NSE Margin Payin 0.00 148,671.64 626,657.21 DR DBNOTE Being Margin Trf",1,199.1,0.0,17/06/2026,17/06/2026
NSE-CAPITAL,"25/06/2026 25-06-26 DBNOTE Being Margin Trf 0.00 2,446.13 4,129.26 DR JE Interest on NSE MTF369332099",1,188.1,0.0,25/06/2026,25/06/2026
NSE-CAPITAL,adjusted aga JE Interest on NSE MTF369123612,1,186.45,0.0,24/06/2026,24/06/2026
NSE-CAPITAL,"23/04/2026 24-04-26 BILL POSTED 0.00 5,057.71 5,258.63 CR PAYBNK Upstreamed Amount Released",1,177.32,0.0,23/04/2026,23/04/2026
NSE-CAPITAL,"06/07/2026 06-07-26 JE Interest on NSE MTF371097804 176.77 0.00 108,622.61 DR JE Interest on NSE MTF371165975",1,176.77,0.0,06/07/2026,06/07/2026
NSE-CAPITAL,adjusted aga JE Interest on NSE MTF371097804,1,176.77,0.0,06/07/2026,06/07/2026
NSE-CAPITAL,adjusted aga JE Interest on NSE MTF371387795,1,176.77,0.0,07/07/2026,07/07/2026
NSE-CAPITAL,adjusted aga JE Interest on NSE MTF371826929,1,169.45,0.0,09/07/2026,09/07/2026
NSE-CAPITAL,"08/07/2026 08-07-26 DBNOTE Being Margin Trf 22,762.55 0.00 12,327.50 DR JE Interest on NSE MTF371601398",1,165.81,0.0,08/07/2026,08/07/2026
NSE-CAPITAL,DCM012620063684 JE Interest on NSE MTF368465785,1,165.5,0.0,20/06/2026,20/06/2026
NSE-CAPITAL,recoverable01262107373925 JE Interest on NSE MTF373815977,1,160.88,0.0,21/07/2026,21/07/2026
NSE-CAPITAL,"20/07/2026 20-07-26 DBNOTE NSE Margin Payin 32,115.87 0.00 75,200.86 DR JE Interest on NSE MTF373572688",1,160.88,0.0,20/07/2026,20/07/2026
NSE-CAPITAL,adjusted aga JE Interest on NSE MTF373684390,1,160.88,0.0,20/07/2026,20/07/2026
NSE-CAPITAL,INN <ID> JE Interest on NSE MTF368636934,1,158.14,0.0,22/06/2026,22/06/2026
NSE-CAPITAL,"22/06/2026 22-06-26 DBNOTE Being Margin Trf 1,606.08 0.00 180,688.00 DR JE Interest on NSE MTF368767224",1,158.14,0.0,22/06/2026,22/06/2026
NSE-CAPITAL,INN <ID> JE Interest on NSE MTF368902353,1,158.14,0.0,23/06/2026,23/06/2026
NSE-CAPITAL,"10/06/2026 10-06-26 DBNOTE Being Margin Trf 404.55 0.00 62,998.33 DR JE Interest on NSE MTF366429433",1,151.9,0.0,10/06/2026,10/06/2026
NSE-CAPITAL,"30/06/2026 30-06-26 DBNOTE NSE Margin Payin 39,204.37 0.00 30,894.97 DR JE Interest on NSE MTF370107805",1,150.71,0.0,30/06/2026,30/06/2026
NSE-CAPITAL,adjusted aga JE Interest on NSE MTF369978193,1,150.71,0.0,29/06/2026,29/06/2026
NSE-CAPITAL,DCM012627063697 JE Interest on NSE MTF369733536,1,150.71,0.0,27/06/2026,27/06/2026
NSE-CAPITAL,"29/06/2026 29-06-26 DBNOTE Being Margin Trf 298.75 0.00 325,287.73 DR JE Interest on NSE MTF369866767",1,150.71,0.0,29/06/2026,29/06/2026
NSE-CAPITAL,"12/06/2026 12-06-26 DBNOTE NSE Margin Payin 90,445.48 0.00 92,495.17 DR JE Interest on NSE MTF366774246",1,145.58,0.0,12/06/2026,12/06/2026
NSE-CAPITAL,adjusted aga JE Interest on NSE MTF366638771,1,144.19,0.0,11/06/2026,11/06/2026
NSE-CAPITAL,DCM012618073735 JE Interest on NSE MTF373387417,1,140.16,0.0,18/07/2026,18/07/2026
NSE-CAPITAL,DCR012626063695 JE Interest on NSE MTF369533253,1,137.32,0.0,26/06/2026,26/06/2026
NSE-CAPITAL,"17/07/2026 17-07-26 DBNOTE Being Margin Trf 5,529.58 0.00 468,041.10 DR JE Interest on NSE MTF373283960",1,137.17,0.0,17/07/2026,17/07/2026
NSE-CAPITAL,"08/06/2026 08-06-26 DBNOTE Being Margin Trf 0.00 1,149.60 18,817.17 CR JE Interest on NSE MTF365978033",1,128.85,0.0,08/06/2026,08/06/2026
NSE-CAPITAL,adjusted aga JE Interest on NSE MTF366219075,1,128.85,0.0,09/06/2026,09/06/2026
NSE-CAPITAL,"08/06/2026 08-06-26 JE Interest on NSE MTF365978033 128.85 0.00 18,688.32 CR JE Interest on NSE MTF366088583",1,128.85,0.0,08/06/2026,08/06/2026
NSE-CAPITAL,DCR 1607 JE Interest on NSE MTF373081660,1,128.56,0.0,16/07/2026,16/07/2026
NSE-CAPITAL,"05/06/2026 05-06-26 DBNOTE Being Margin Trf 741.82 0.00 154,319.84 DR JE Interest on NSE MTF365523628",1,127.95,0.0,05/06/2026,05/06/2026
NSE-CAPITAL,"10/07/2026 10-07-26 DBNOTE NSE Margin Payin 81,684.32 0.00 58,365.72 CR JE Interest on NSE MTF372030587",1,127.31,0.0,10/07/2026,10/07/2026
NSE-CAPITAL,adjusted aga JE Interest on NSE MTF368157163,1,125.83,0.0,19/06/2026,19/06/2026
NSE-CAPITAL,"03/06/2026 03-06-26 DBNOTE Being Margin Trf 0.00 72.09 32,714.59 DR JE Interest on NSE MTF365114206",1,119.33,0.0,03/06/2026,03/06/2026
NSE-CAPITAL,"15/07/2026 15-07-26 DBNOTE Being Margin Trf 1,974.25 0.00 50,915.49 DR JE Interest on NSE MTF372809673",1,115.33,0.0,15/07/2026,15/07/2026
NSE-CAPITAL,"15/04/2026 16-04-26 BILL POSTED 18,622.00 0.00 18,509.02 DR PAYBNK Upstreamed Amount Released",1,112.98,0.0,15/04/2026,15/04/2026
NSE-CAPITAL,adjusted aga JE Interest on NSE MTF367947306,1,110.7,0.0,18/06/2026,18/06/2026
NSE-CAPITAL,adjusted aga JE Interest on NSE MTF374321493,1,110.04,0.0,23/07/2026,23/07/2026
NSE-CAPITAL,adjusted aga JE Interest on NSE MTF374525973,1,109.52,0.0,24/07/2026,24/07/2026
NSE-CAPITAL,adjusted aga JE Interest on NSE MTF365269161,1,109.42,0.0,04/06/2026,04/06/2026
NSE-CAPITAL,Recoverable01262805364169808 JE Interest on NSE MTF364041154,1,107.56,0.0,28/05/2026,28/05/2026
NSE-CAPITAL,adjusted aga JE Interest on NSE MTF363834426,1,107.2,0.0,27/05/2026,27/05/2026
NSE-CAPITAL,Recoverable01262507374768045 JE Interest on NSE MTF374729468,1,106.08,0.0,25/07/2026,25/07/2026
NSE-CAPITAL,adjusted aga JE Interest on NSE MTF381912862,1,104.98,0.0,02/09/2026,02/09/2026
NSE-CAPITAL,"17/06/2026 17-06-26 DBNOTE Being Margin Trf 0.00 199.10 167,180.64 DR JE Interest on NSE MTF367830681",1,104.96,0.0,17/06/2026,17/06/2026
NSE-CAPITAL,"22/07/2026 22-07-26 DBNOTE NSE Margin Payout 0.00 1,563.31 69,483.73 CR JE Interest on NSE MTF374092142",1,102.81,0.0,22/07/2026,22/07/2026
NSE-CAPITAL,"14/05/2026 14-05-26 DBNOTE Being Margin Trf 1,054.80 0.00 209,240.69 DR JE Interest on NSE MTF361443588",1,101.26,0.0,14/05/2026,14/05/2026
NSE-CAPITAL,DCR012606063658 JE Interest on NSE MTF365787960,1,101.12,0.0,06/06/2026,06/06/2026
NSE-CAPITAL,adjusted aga JE Interest on NSE MTF379543608,1,100.66,0.0,20/08/2026,20/08/2026
NSE-CAPITAL,"19/08/2026 19-08-26 DBNOTE Being Margin Trf 835.40 0.00 21,205.79 CR JE Interest on NSE MTF379324966",1,99.04,0.0,19/08/2026,19/08/2026
NSE-CAPITAL,"03/09/2026 03-09-26 DBNOTE Being Margin Trf 0.00 62.09 176,820.25 DR JE Interest on NSE MTF382056150",1,98.21,0.0,03/09/2026,03/09/2026
NSE-CAPITAL,obligation3780514 JE Interest on NSE MTF378051403,1,98.02,0.0,12/08/2026,12/08/2026
NSE-CAPITAL,INN <ID> JE Interest on NSE MTF379738143,1,97.97,0.0,21/08/2026,21/08/2026
NSE-CAPITAL,adjusted aga JE Interest on NSE MTF364772623,1,97.7,0.0,01/06/2026,01/06/2026
NSE-CAPITAL,"01/06/2026 01-06-26 DBNOTE Being Margin Trf 121,712.51 0.00 46,829.81 DR JE Interest on NSE MTF364662107",1,97.7,0.0,01/06/2026,01/06/2026
NSE-CAPITAL,adjusted aga JE Interest on NSE MTF364845312,1,97.7,0.0,02/06/2026,02/06/2026
NSE-CAPITAL,INN <ID> JE Interest on NSE MTF372432737,1,97.38,0.0,13/07/2026,13/07/2026
NSE-CAPITAL,"14/07/2026 14-07-26 DBNOTE Being Margin Trf 2,998.75 0.00 105,043.25 DR JE Interest on NSE MTF372680127",1,97.38,0.0,14/07/2026,14/07/2026
NSE-CAPITAL,INN <ID> JE Interest on NSE MTF372542350,1,97.38,0.0,13/07/2026,13/07/2026
NSE-CAPITAL,"15/06/2026 15-06-26 JE Interest on NSE MTF367359728 76.13 0.00 22,961.41 DR JE Interest on NSE MTF367250625",1,95.99,0.0,15/06/2026,15/06/2026
NSE-CAPITAL,adjusted aga JE Interest on NSE MTF377726146,1,95.87,0.0,11/08/2026,11/08/2026
NSE-CAPITAL,adjusted aga JE Interest on NSE MTF377692027,1,95.87,0.0,10/08/2026,10/08/2026
NSE-CAPITAL,adjusted aga JE Interest on NSE MTF377580560,1,95.87,0.0,10/08/2026,10/08/2026
NSE-CAPITAL,"17/08/2026 17-08-26 JE Interest on NSE MTF378770621 94.85 0.00 66,822.64 DR JE Interest on NSE MTF378882972",1,94.85,0.0,17/08/2026,17/08/2026
NSE-CAPITAL,"17/08/2026 17-08-26 DBNOTE Being Margin Trf 2,502.50 0.00 66,727.79 DR JE Interest on NSE MTF378770621",1,94.85,0.0,17/08/2026,17/08/2026
NSE-CAPITAL,"18/08/2026 18-08-26 DBNOTE Being Margin Trf 0.00 21.00 104,435.21 DR JE Interest on NSE MTF379098991",1,94.85,0.0,18/08/2026,18/08/2026
NSE-CAPITAL,"29/05/2026 29-05-26 DBNOTE Being Margin Trf 1,102.48 0.00 90,071.34 DR JE Interest on NSE MTF364306964",1,94.51,0.0,29/05/2026,29/05/2026
NSE-CAPITAL,DCM012630053645 JE Interest on NSE MTF364412372,1,94.51,0.0,30/05/2026,30/05/2026
NSE-CAPITAL,"26/05/2026 26-05-26 DBNOTE Being Margin Trf 0.00 929.85 44,557.67 DR JE Interest on NSE MTF363624162",1,94.34,0.0,26/05/2026,26/05/2026
NSE-CAPITAL,adjusted aga JE Interest on NSE MTF363318871,1,94.34,0.0,25/05/2026,25/05/2026
NSE-CAPITAL,adjusted aga JE Interest on NSE MTF363462485,1,94.34,0.0,25/05/2026,25/05/2026
NSE-CAPITAL,DCM 1408 JE Interest on NSE MTF378372530,1,92.35,0.0,14/08/2026,14/08/2026
NSE-CAPITAL,adjusted aga JE Interest on NSE MTF361313482,1,91.89,0.0,13/05/2026,13/05/2026
NSE-CAPITAL,DCM012615083787 JE Interest on NSE MTF378572794,1,89.1,0.0,15/08/2026,15/08/2026
NSE-CAPITAL,JE Interest on NSE MTF381584723,1,89.02,0.0,31/08/2026,31/08/2026
NSE-CAPITAL,adjusted aga JE Interest on NSE MTF381715954,1,89.02,0.0,01/09/2026,01/09/2026
NSE-CAPITAL,adjusted aga JE Interest on NSE MTF381471662,1,89.02,0.0,31/08/2026,31/08/2026
NSE-CAPITAL,"07/08/2026 07-08-26 DBNOTE Being Margin Trf 0.00 5,792.70 58,776.30 DR JE Interest on NSE MTF377139714",1,88.78,0.0,07/08/2026,07/08/2026
NSE-CAPITAL,DCR012629083813 JE Interest on NSE MTF381271251,1,88.28,0.0,29/08/2026,29/08/2026
NSE-CAPITAL,obligation3773763 JE Interest on NSE MTF377376381,1,84.72,0.0,08/08/2026,08/08/2026
NSE-CAPITAL,DCM012611073722 JE Interest on NSE MTF372237239,1,84.64,0.0,11/07/2026,11/07/2026
NSE-CAPITAL,"26/08/2026 26-08-26 DBNOTE Being Margin Trf 0.00 26.25 93,703.71 CR JE Interest on NSE MTF380645776",1,84.54,0.0,26/08/2026,26/08/2026
NSE-CAPITAL,"27/08/2026 27-08-26 DBNOTE Being Margin Trf 1,484.66 0.00 82,111.52 DR JE Interest on NSE MTF380865980",1,81.22,0.0,27/08/2026,27/08/2026
NSE-CAPITAL,adjusted aga JE Interest on NSE MTF381057723,1,80.94,0.0,28/08/2026,28/08/2026
NSE-CAPITAL,adjusted aga JE Interest on NSE MTF378250626,1,80.37,0.0,13/08/2026,13/08/2026
NSE-CAPITAL,Being Interest charged on OS BSE JE,14,79.10000000000001,0.0,01/08/2026,14/08/2026
NSE-CAPITAL,adjusted aga JE Interest on NSE MTF380425157,1,78.42,0.0,25/08/2026,25/08/2026
NSE-CAPITAL,INN <ID> JE Interest on NSE MTF380287853,1,78.42,0.0,24/08/2026,24/08/2026
NSE-CAPITAL,INN <ID> JE Interest on NSE MTF380174416,1,78.42,0.0,24/08/2026,24/08/2026
NSE-CAPITAL,DCM012622083800 JE Interest on NSE MTF379966940,1,77.57,0.0,22/08/2026,22/08/2026
NSE-CAPITAL,adjusted aga JE Interest on NSE MTF367471562,1,76.13,0.0,15/06/2026,15/06/2026
NSE-CAPITAL,"16/06/2026 16-06-26 DBNOTE Being Margin Trf 21,249.78 0.00 125,920.01 DR JE Interest on NSE MTF367507472",1,76.13,0.0,16/06/2026,16/06/2026
NSE-CAPITAL,adjusted aga JE Interest on NSE MTF367359728,1,76.13,0.0,15/06/2026,15/06/2026
NSE-CAPITAL,adjusted aga JE Interest on NSE MTF360929083,1,76.03,0.0,11/05/2026,11/05/2026
NSE-CAPITAL,"12/05/2026 12-05-26 DBNOTE Being Margin Trf 42,737.78 0.00 411,754.64 CR JE Interest on NSE MTF361038380",1,76.03,0.0,12/05/2026,12/05/2026
NSE-CAPITAL,"11/05/2026 11-05-26 DBNOTE Being Margin Trf 66,808.93 0.00 148,819.99 CR JE Interest on NSE MTF360867223",1,76.03,0.0,11/05/2026,11/05/2026
NSE-CAPITAL,"28/07/2026 28-07-26 DBNOTE Being Margin Trf 407.99 0.00 78,771.83 CR JE Interest on NSE MTF375142213",1,75.7,0.0,28/07/2026,28/07/2026
NSE-CAPITAL,INN <ID> JE Interest on NSE MTF374904223,1,75.7,0.0,27/07/2026,27/07/2026
NSE-CAPITAL,INN <ID> JE Interest on NSE MTF375002651,1,75.7,0.0,27/07/2026,27/07/2026
NSE-CAPITAL,EQ settl JE Interest on NSE MTF382484061,1,73.35,0.0,05/09/2026,05/09/2026
MTF-MTF-TRADE,"03/06/2026 03-06-26 DBNOTE NSE Margin Payout 131,717.78 0.00 427,962.69 DR DBNOTE Being Margin Trf",1,72.09,0.0,03/06/2026,03/06/2026
NSE-CAPITAL,DCR 0705 JE Interest on NSE MTF360223623,1,71.35,0.0,07/05/2026,07/05/2026
NSE-CAPITAL,adjusted aga JE Interest on NSE MTF360367713,1,71.06,0.0,08/05/2026,08/05/2026
NSE-CAPITAL,JE Interest on NSE MTF360583935,1,68.4,0.0,09/05/2026,09/05/2026
NSE-CAPITAL,INN <ID> JE Interest on NSE MTF382326033,1,67.03,0.0,04/09/2026,04/09/2026
NSE-CAPITAL,obligation3768513 JE Interest on NSE MTF376851354,1,64.53,0.0,06/08/2026,06/08/2026
MTF-MTF-TRADE,"03/09/2026 03-09-26 DBNOTE NSE Margin Payin 0.00 32,080.60 285,504.02 DR DBNOTE Being Margin Trf",1,62.09,0.0,03/09/2026,03/09/2026
NSE-CAPITAL,"01/05/2026 01-05-26 JE Interest on NSE MTF359244922 39.00 0.00 24,867.29 CR JE Interest on NSE MTF359451423",1,61.99,0.0,02/05/2026,02/05/2026
NSE-CAPITAL,"04/05/2026 04-05-26 JE Interest on NSE MTF359562120 61.99 0.00 20,207.99 DR JE Interest on NSE MTF359671015",1,61.99,0.0,04/05/2026,04/05/2026
NSE-CAPITAL,adjusted aga JE Interest on NSE MTF359562120,1,61.99,0.0,04/05/2026,04/05/2026
NSE-CAPITAL,adjusted aga JE Interest on NSE MTF359792500,1,61.99,0.0,05/05/2026,05/05/2026
NSE-CAPITAL,Recoverable01262205363088844 JE Interest on NSE MTF363208155,1,54.31,0.0,23/05/2026,23/05/2026
NSE-CAPITAL,obligation3766330 JE Interest on NSE MTF376633100,1,53.2,0.0,05/08/2026,05/08/2026
NSE-CAPITAL,"06/05/2026 06-05-26 DBNOTE Being Margin Trf 20,957.60 0.00 30,390.32 DR JE Interest on NSE MTF359996560",1,52.91,0.0,06/05/2026,06/05/2026
NSE-CAPITAL,"29/07/2026 29-07-26 DBNOTE NSE Margin Payin 31,825.95 0.00 141,674.32 DR JE Interest on NSE MTF375425483",1,50.5,0.0,29/07/2026,29/07/2026
NSE-CAPITAL,"31/07/2026 31-07-26 DBNOTE NSE Margin Payin 22,868.35 0.00 17,298.30 CR JE Interest on NSE MTF375734553",1,50.13,0.0,31/07/2026,31/07/2026
NSE-CAPITAL,"30/07/2026 30-07-26 DBNOTE NSE Margin Payin 30,267.30 0.00 50,674.29 DR JE Interest on NSE MTF375534103",1,50.0,0.0,30/07/2026,30/07/2026
NSE-CAPITAL,INB 0408 JE Interest on NSE MTF376481223,1,48.65,0.0,04/08/2026,04/08/2026
NSE-CAPITAL,"03/08/2026 03-08-26 DBNOTE NSE Margin Payin 26,646.18 0.00 92,813.41 DR JE Interest on NSE MTF376351137",1,48.65,0.0,03/08/2026,03/08/2026
NSE-CAPITAL,obligation3761646 JE Interest on NSE MTF376164674,1,48.65,0.0,03/08/2026,03/08/2026
NSE-CAPITAL,obligation3759803 JE Interest on NSE MTF375980389,1,45.8,0.0,01/08/2026,01/08/2026
NSE-CAPITAL,DCR012601053593 JE Interest on NSE MTF359244922,1,39.0,0.0,01/05/2026,01/05/2026
NSE-CAPITAL,DCM012616053619 JE Interest on NSE MTF361931398,1,28.32,0.0,16/05/2026,16/05/2026
NSE-CAPITAL,"20/05/2026 20-05-26 DBNOTE Being Margin Trf 0.00 364.30 315,504.03 DR JE Interest on NSE MTF362539933",1,27.58,0.0,20/05/2026,20/05/2026
MTF-MTF-TRADE,"26/08/2026 26-08-26 DBNOTE NSE Margin Payin 0.00 35,583.05 332,512.80 DR DBNOTE Being Margin Trf",1,26.25,0.0,26/08/2026,26/08/2026
NSE-CAPITAL,adjusted aga JE Interest on NSE MTF362365493,1,25.82,0.0,19/05/2026,19/05/2026
NSE-CAPITAL,"18/05/2026 18-05-26 JE Interest on NSE MTF362236943 25.82 0.00 43,480.53 DR JE Interest on NSE MTF362133878",1,25.82,0.0,18/05/2026,18/05/2026
NSE-CAPITAL,"18/05/2026 18-05-26 DBNOTE Being Margin Trf 0.00 4,134.60 43,454.71 DR JE Interest on NSE MTF362236943",1,25.82,0.0,18/05/2026,18/05/2026
MTF-MTF-TRADE,"18/08/2026 18-08-26 DBNOTE NSE Margin Payout 2,355.45 0.00 363,353.57 DR DBNOTE Being Margin Trf",1,21.0,0.0,18/08/2026,18/08/2026
NSE-CAPITAL,"30/04/2026 30-04-26 DBNOTE Being Margin Trf 23,494.78 0.00 8,772.81 CR JE Interest on NSE MTF359055389",1,18.53,0.0,30/04/2026,30/04/2026
NSE-CAPITAL,"15/05/2026 15-05-26 DBNOTE NSE Margin Payin 8,519.70 0.00 138,058.22 DR JE Interest on NSE MTF361635560",1,14.41,0.0,15/05/2026,15/05/2026
NSE-CAPITAL,"22/05/2026 22-05-26 DBNOTE Being Margin Trf 44,459.39 0.00 109,337.55 DR JE Interest on NSE MTF362997156",1,14.09,0.0,22/05/2026,22/05/2026
NSE-CAPITAL,"21/05/2026 21-05-26 DBNOTE Being Margin Trf 0.00 753.75 154,715.59 DR JE Interest on NSE MTF362769582",1,11.07,0.0,21/05/2026,21/05/2026
MTF-MTF-TRADE,"11/06/2026 11-06-26 MBILL 0.00 162,142.86 285,962.08 DR DBNOTE NSE Margin Payout",1,4.33,0.0,11/06/2026,11/06/2026
NSE-CAPITAL,adjusted aga JE Being Balance Rounding off,1,0.22,0.0,07/07/2026,07/07/2026
NSE-CAPITAL,DCR012605053598 DBNOTE NSE Margin Payout,1,0.0,21333.44,05/05/2026,05/05/2026
NSE-CAPITAL,MTF BILL FOR BILL DATE Apr 28 MBILL,1,0.0,122147.6,28/04/2026,28/04/2026
NSE-CAPITAL,DCR012606053600 DBNOTE NSE Margin Payout,1,0.0,5819.11,06/05/2026,06/05/2026
MTF-MTF-TRADE,"06/08/2026 06-08-26 DBNOTE MTF PAYIN 34,595.26 0.00 411,193.10 DR CPAYIN MTF PAYIN",1,0.0,34595.26,06/08/2026,06/08/2026
NSE-CAPITAL,DCR012608053605 DBNOTE NSE Margin Payout,1,0.0,14101.51,08/05/2026,08/05/2026
MTF-MTF-TRADE,"06/08/2026 06-08-26 DBNOTE NSE Margin Payin 0.00 34,595.26 379,923.32 DR DBNOTE Being Margin Trf",1,0.0,3325.48,06/08/2026,06/08/2026
NSE-CAPITAL,INN <ID> REPBNK Upstreamed Amount Collected,6,0.0,850972.62,04/08/2026,26/08/2026
NSE-CAPITAL,MTF BILL FOR BILL DATE Aug 18 MBILL,1,0.0,29944.0,18/08/2026,18/08/2026
NSE-CAPITAL,MTF BILL FOR BILL DATE Aug 17 MBILL,1,0.0,39792.25,17/08/2026,17/08/2026
NSE-CAPITAL,MTF BILL FOR BILL DATE Aug 14 MBILL,1,0.0,48965.0,14/08/2026,14/08/2026
NSE-CAPITAL,MTF BILL FOR BILL DATE Aug 13 MBILL,1,0.0,49935.75,13/08/2026,13/08/2026
NSE-CAPITAL,MTF BILL FOR BILL DATE Aug 12 MBILL,1,0.0,26843.0,12/08/2026,12/08/2026
NSE-CAPITAL,MTF BILL FOR BILL DATE Aug 11 MBILL,1,0.0,69304.65,11/08/2026,11/08/2026
MTF-MTF-TRADE,"05/06/2026 05-06-26 DBNOTE NSE Margin Payin 0.00 41,346.52 579,443.31 DR DBNOTE Being Margin Trf",1,0.0,741.82,05/06/2026,05/06/2026
NSE-CAPITAL,MTF BILL FOR BILL DATE Apr 29 MBILL,1,0.0,148365.75,29/04/2026,29/04/2026
NSE-CAPITAL,Interest recovered on NSE MTF INN <ID> REPBNK,45,0.0,3987.1,01/08/2026,31/07/2026
NSE-CAPITAL,DCM012625083804 DBNOTE NSE Margin Payout,1,0.0,12418.23,25/08/2026,25/08/2026
NSE-CAPITAL,DCM012624073745 DBNOTE NSE Margin Payout,1,0.0,24348.33,24/07/2026,24/07/2026
NSE-CAPITAL,DCM012624063691 DBNOTE NSE Margin Payout,1,0.0,12756.56,24/06/2026,24/06/2026
NSE-CAPITAL,DCR 2304 REPBNK Upstreamed Amount Collected,1,0.0,33660.79,23/04/2026,23/04/2026
NSE-CAPITAL,DCR 1507 REPBNK Upstreamed Amount Collected,1,0.0,69639.7,15/07/2026,15/07/2026
NSE-CAPITAL,MTF BILL FOR BILL DATE Apr 27 MBILL,1,0.0,108740.0,27/04/2026,27/04/2026
NSE-CAPITAL,MTF BILL FOR BILL DATE Aug 10 MBILL,1,0.0,93406.1,10/08/2026,10/08/2026
NSE-CAPITAL,DCM 2506 REPBNK Upstreamed Amount Collected,1,0.0,86106.96,25/06/2026,25/06/2026
NSE-CAPITAL,DCM012612053611 DBNOTE NSE Margin Payout,1,0.0,201782.38,12/05/2026,12/05/2026
NSE-CAPITAL,DCM012610063664 DBNOTE NSE Margin Payout,1,0.0,158115.6,10/06/2026,10/06/2026
NSE-CAPITAL,DCM012618083791 DBNOTE NSE Margin Payout,1,0.0,2355.45,18/08/2026,18/08/2026
NSE-CAPITAL,DCM012617073733 DBNOTE NSE Margin Payout,1,0.0,166129.92,17/07/2026,17/07/2026
MTF-MTF-TRADE,"15/06/2026 15-06-26 DBNOTE Being Margin Trf 0.00 11,239.38 439,289.24 DR DBNOTE MTF SELL PAYIN",1,0.0,17104.73,15/06/2026,15/06/2026
MTF-MTF-TRADE,"15/05/2026 15-05-26 DBNOTE NSE Margin Payin 0.00 8,519.70 105,364.04 DR DBNOTE MTF MTM REV",1,0.0,1853.95,15/05/2026,15/05/2026
MTF-MTF-TRADE,"15/05/2026 15-05-26 DBNOTE MTF PAYIN 8,519.70 0.00 113,883.74 DR CPAYIN MTF PAYIN",1,0.0,8519.7,15/05/2026,15/05/2026
MTF-MTF-TRADE,"14/08/2026 14-08-26 DBNOTE NSE Margin Payin 0.00 22,976.73 367,331.01 DR DBNOTE Being Margin Trf",1,0.0,324.0,14/08/2026,14/08/2026
MTF-MTF-TRADE,"16/06/2026 16-06-26 MBILL 0.00 49,269.88 546,183.81 DR DBNOTE NSE Margin Payin",1,0.0,46331.43,16/06/2026,16/06/2026
MTF-MTF-TRADE,"16/06/2026 16-06-26 DBNOTE NSE Margin Payin 0.00 46,331.43 499,852.38 DR DBNOTE Being Margin Trf",1,0.0,21249.78,16/06/2026,16/06/2026
MTF-MTF-TRADE,"16/06/2026 16-06-26 DBNOTE Being Margin Trf 0.00 21,249.78 478,602.60 DR CPAYIN MTF PAYIN",1,0.0,46331.43,16/06/2026,16/06/2026
MTF-MTF-TRADE,"16/06/2026 16-06-26 CPAYIN MTF SELL PAYIN 24,256.40 0.00 502,859.00 DR DBNOTE MTF SELL PAYIN",1,0.0,24256.4,16/06/2026,16/06/2026
MTF-MTF-TRADE,"15/07/2026 15-07-26 DBNOTE NSE Margin Payout 24,083.31 0.00 522,846.26 DR DBNOTE Being Margin Trf",1,0.0,1974.25,15/07/2026,15/07/2026
MTF-MTF-TRADE,"08/06/2026 08-06-26 DBNOTE Being Margin Trf 1,149.60 0.00 557,688.81 DR DBNOTE MTF SELL PAYIN",1,0.0,20330.83,08/06/2026,08/06/2026
MTF-MTF-TRADE,"17/06/2026 17-06-26 CPAYIN MTF SELL PAYIN 26,266.87 0.00 653,123.18 DR DBNOTE MTF SELL PAYIN",1,0.0,26266.87,17/06/2026,17/06/2026
MTF-MTF-TRADE,"16/07/2026 16-07-26 MBILL 0.00 58,618.05 637,630.66 DR DBNOTE NSE Margin Payin",1,0.0,43109.45,16/07/2026,16/07/2026
MTF-MTF-TRADE,"16/07/2026 16-07-26 DBNOTE MTF PAYIN 43,109.45 0.00 640,184.21 DR CPAYIN MTF PAYIN",1,0.0,43109.45,16/07/2026,16/07/2026
MTF-MTF-TRADE,"16/07/2026 16-07-26 CPAYIN MTF SELL PAYIN 13,059.05 0.00 610,133.81 DR DBNOTE MTF SELL PAYIN",1,0.0,13059.05,16/07/2026,16/07/2026
MTF-MTF-TRADE,"12/05/2026 12-05-26 DBNOTE NSE Margin Payout 201,782.38 0.00 97,240.74 DR DBNOTE Being Margin Trf",1,0.0,42737.78,12/05/2026,12/05/2026
MTF-MTF-TRADE,"12/05/2026 12-05-26 DBNOTE Being Margin Trf 0.00 42,737.78 54,502.96 DR DBNOTE MTF SELL PAYIN",1,0.0,69281.6,12/05/2026,12/05/2026
MTF-MTF-TRADE,"11/08/2026 11-08-26 DBNOTE Being Margin Trf 555.80 0.00 363,157.68 DR CPAYIN MTF PAYIN",1,0.0,15144.06,11/08/2026,11/08/2026
MTF-MTF-TRADE,"11/08/2026 11-08-26 CPAYIN MTF SELL PAYIN 6,435.55 0.00 369,593.23 DR DBNOTE MTF SELL PAYIN",1,0.0,6435.55,11/08/2026,11/08/2026
NSE-CAPITAL,"30/07/2026 30-07-26 REPBNK 0.00 50.00 50,650.69 DR REPBNK Upstreamed Amount Collected",1,0.0,57361.01,30/07/2026,30/07/2026
NSE-CAPITAL,"30/04/2026 30-04-26 MBILL 47,143.00 0.00 925.16 DR BILL POSTED",1,0.0,72499.39,30/04/2026,30/04/2026
NSE-CAPITAL,"31/08/2026 31-08-26 REPBNK Upstreamed Amount Collected 0.00 63,982.69 832.09 CR REPBNK NSEMRGNPIPO",1,0.0,29390.84,31/08/2026,31/08/2026
NSE-CAPITAL,"31/08/2026 31-08-26 DBNOTE NSE Margin Payin 29,390.84 0.00 65,141.96 DR DBNOTE Being Margin Trf",1,0.0,1282.85,31/08/2026,31/08/2026
NSE-CAPITAL,"31/08/2026 31-08-26 DBNOTE Being Margin Trf 0.00 1,282.85 63,859.11 DR DBNOTE Being Margin Trf",1,0.0,886.55,31/08/2026,31/08/2026
NSE-CAPITAL,"31/07/2026 31-07-26 REPBNK Upstreamed Amount Collected 0.00 203,304.00 220,661.30 CR REPBNK Being Payin towards NSE M",1,0.0,459.68,31/07/2026,31/07/2026
MTF-MTF-TRADE,"15/07/2026 15-07-26 CPAYIN MTF SELL PAYIN 7,933.54 0.00 528,805.55 DR DBNOTE MTF SELL PAYIN",1,0.0,7933.54,15/07/2026,15/07/2026
NSE-CAPITAL,DCR012618043570 BILL POSTED,1,0.0,66013.78,20/04/2026,20/04/2026
NSE-CAPITAL,DCR012616043566 REPBNK Upstreamed Amount Collected,1,0.0,164023.25,16/04/2026,16/04/2026
NSE-CAPITAL,DCM 2406 REPBNK Upstreamed Amount Collected,1,0.0,299603.46,24/06/2026,24/06/2026
NSE-CAPITAL,DCM 1607 REPBNK Upstreamed Amount Collected,1,0.0,72587.65,16/07/2026,16/07/2026
NSE-CAPITAL,DCM 1408 REPBNK Upstreamed Amount Collected,1,0.0,95177.03,14/08/2026,14/08/2026
NSE-CAPITAL,DCM 012 REPBNK Upstreamed Amount Collected,12,0.0,1447607.8699999999,03/06/2026,29/04/2026
NSE-CAPITAL,CTD 2026 REPBNK NSEMRGNPIPO,1,0.0,118543.66,01/06/2026,01/06/2026
NSE-CAPITAL,DCM012609063662 DBNOTE NSE Margin Payout,1,0.0,17083.53,09/06/2026,09/06/2026
NSE-CAPITAL,DCM012607073714 DBNOTE NSE Margin Payout,1,0.0,113625.02,07/07/2026,07/07/2026
MTF-MTF-TRADE,"12/08/2026 12-08-26 DBNOTE NSE Margin Payin 0.00 9,933.88 344,463.95 DR DBNOTE Being Margin Trf",1,0.0,1296.9,12/08/2026,12/08/2026
MTF-MTF-TRADE,"12/08/2026 12-08-26 CPAYIN MTF SELL PAYIN 22,787.54 0.00 365,954.59 DR DBNOTE MTF SELL PAYIN",1,0.0,22787.54,12/08/2026,12/08/2026
MTF-MTF-TRADE,"12/06/2026 12-06-26 DBNOTE NSE Margin Payin 0.00 90,445.48 408,244.89 DR CPAYIN MTF PAYIN",1,0.0,90445.48,12/06/2026,12/06/2026
MTF-MTF-TRADE,"13/08/2026 13-08-26 DBNOTE NSE Margin Payin 0.00 1,683.56 355,028.64 DR DBNOTE Being Margin Trf",1,0.0,3544.4,13/08/2026,13/08/2026
MTF-MTF-TRADE,"13/08/2026 13-08-26 DBNOTE MTF PAYIN 1,683.56 0.00 353,167.80 DR CPAYIN MTF PAYIN",1,0.0,1683.56,13/08/2026,13/08/2026
NSE-CAPITAL,DCM 3006 REPBNK Upstreamed Amount Collected,1,0.0,146517.86,30/06/2026,30/06/2026
MTF-MTF-TRADE,"13/07/2026 13-07-26 DBNOTE NSE Margin Payin 0.00 27,975.26 476,403.10 DR CPAYIN MTF PAYIN",1,0.0,27975.26,13/07/2026,13/07/2026
MTF-MTF-TRADE,"13/05/2026 13-05-26 DBNOTE NSE Margin Payin 0.00 76,077.80 107,396.66 DR CPAYIN MTF PAYIN",1,0.0,72704.4,13/05/2026,13/05/2026
MTF-MTF-TRADE,"14/07/2026 14-07-26 CPAYIN MTF SELL PAYIN 22,891.40 0.00 531,204.32 DR DBNOTE MTF SELL PAYIN",1,0.0,22891.4,14/07/2026,14/07/2026
MTF-MTF-TRADE,"14/05/2026 14-05-26 MBILL 0.00 16,919.20 115,214.96 DR DBNOTE NSE Margin Payin",1,0.0,16504.42,14/05/2026,14/05/2026
MTF-MTF-TRADE,"14/05/2026 14-05-26 DBNOTE NSE Margin Payin 0.00 16,504.42 98,710.54 DR DBNOTE Being Margin Trf",1,0.0,1054.8,14/05/2026,14/05/2026
MTF-MTF-TRADE,"14/05/2026 14-05-26 DBNOTE MTF PAYIN 16,504.42 0.00 114,160.16 DR CPAYIN MTF PAYIN",1,0.0,16504.42,14/05/2026,14/05/2026
MTF-MTF-TRADE,"14/05/2026 14-05-26 CMTM MTF MTM REV 3,373.40 0.00 101,029.14 DR DBNOTE MTF MTM REV",1,0.0,3373.4,14/05/2026,14/05/2026
MTF-MTF-TRADE,"13/08/2026 13-08-26 MBILL 0.00 14,219.60 356,712.20 DR DBNOTE NSE Margin Payin",1,0.0,1683.56,13/08/2026,13/08/2026
MTF-MTF-TRADE,"09/06/2026 09-06-26 DBNOTE NSE Margin Payout 17,083.53 0.00 563,901.34 DR DBNOTE Being Margin Trf",1,0.0,11895.81,09/06/2026,09/06/2026
MTF-MTF-TRADE,"09/06/2026 09-06-26 DBNOTE Being Margin Trf 0.00 11,895.81 552,005.53 DR DBNOTE MTF SELL PAYIN",1,0.0,6464.23,09/06/2026,09/06/2026
MTF-MTF-TRADE,"08/07/2026 08-07-26 DBNOTE NSE Margin Payout 116,891.68 0.00 371,539.22 DR DBNOTE Being Margin Trf",1,0.0,22762.55,08/07/2026,08/07/2026
MTF-MTF-TRADE,"08/07/2026 08-07-26 CPAYIN MTF SELL PAYIN 44,646.12 0.00 348,776.67 DR MBILL POSITION CLOSE FOR BILL DATE",1,0.0,49553.0,09/07/2026,09/07/2026
MTF-MTF-TRADE,"06/05/2026 06-05-26 DBNOTE NSE Margin Payout 5,819.11 0.00 279,985.43 DR DBNOTE Being Margin Trf",1,0.0,20957.6,06/05/2026,06/05/2026
MTF-MTF-TRADE,"10/06/2026 10-06-26 DBNOTE Being Margin Trf 0.00 404.55 398,661.94 DR DBNOTE MTF SELL PAYIN",1,0.0,51274.13,10/06/2026,10/06/2026
MTF-MTF-TRADE,"13/08/2026 13-08-26 CPAYIN MTF SELL PAYIN 5,553.24 0.00 357,037.48 DR DBNOTE MTF SELL PAYIN",1,0.0,5553.24,13/08/2026,13/08/2026
MTF-MTF-TRADE,"07/05/2026 07-05-26 DBNOTE MTF PAYIN 17,658.71 0.00 306,320.34 DR CPAYIN MTF PAYIN",1,0.0,17658.71,07/05/2026,07/05/2026
MTF-MTF-TRADE,"07/05/2026 07-05-26 CPAYIN MTF PAYIN 0.00 17,658.71 288,661.63 DR DBNOTE MTF SELL PAYIN",1,0.0,8931.75,07/05/2026,07/05/2026
MTF-MTF-TRADE,"07/08/2026 07-08-26 DBNOTE MTF PAYIN 17,179.74 0.00 402,343.35 DR CPAYIN MTF PAYIN",1,0.0,17179.74,07/08/2026,07/08/2026
MTF-MTF-TRADE,"07/08/2026 07-08-26 CPAYIN MTF SELL PAYIN 14,190.00 0.00 399,353.61 DR DBNOTE MTF SELL PAYIN",1,0.0,14190.0,07/08/2026,07/08/2026
NSE-CAPITAL,Recoverable01260109381755871 DBNOTE NSE Margin Payout,1,0.0,75395.13,01/09/2026,01/09/2026
NSE-CAPITAL,REPBNK Upstreamed Amount Collected,9,0.0,1127147.32,05/08/2026,22/04/2026
NSE-CAPITAL,REPBNK Being Payin towards NSE Z,1,0.0,269.59,14/08/2026,14/08/2026
NSE-CAPITAL,REPBNK Being Payin towards NSE M,1,0.0,130.0,21/04/2026,21/04/2026
MTF-MTF-TRADE,"02/09/2026 02-09-26 DBNOTE Being Margin Trf 25,716.60 0.00 302,026.96 DR CPAYIN MTF PAYIN",1,0.0,15398.5,02/09/2026,02/09/2026
NSE-CAPITAL,Recoverable01262506369378568 DBNOTE NSE Margin Payout,1,0.0,3896.8,25/06/2026,25/06/2026
NSE-CAPITAL,Recoverable01262307374371702 DBNOTE NSE Margin Payout,1,0.0,4765.21,23/07/2026,23/07/2026
NSE-CAPITAL,Recoverable01261507372915619 DBNOTE NSE Margin Payout,1,0.0,24083.31,15/07/2026,15/07/2026
NSE-CAPITAL,Recoverable01261106366673057 DBNOTE NSE Margin Payout,1,0.0,4.33,11/06/2026,11/06/2026
NSE-CAPITAL,Recoverable01263004359121943 DBNOTE NSE Margin Payout,1,0.0,14874.92,30/04/2026,30/04/2026
NSE-CAPITAL,MTF BILL FOR BILL DATE Jul 17 MBILL,1,0.0,32066.2,17/07/2026,17/07/2026
NSE-CAPITAL,MTF BILL FOR BILL DATE Jun 19 MBILL,1,0.0,232152.3,19/06/2026,19/06/2026
NSE-CAPITAL,MTF BILL FOR BILL DATE Jun 18 MBILL,1,0.0,254356.55,18/06/2026,18/06/2026
NSE-CAPITAL,MTF BILL FOR BILL DATE Jun 17 MBILL,1,0.0,369249.7,17/06/2026,17/06/2026
NSE-CAPITAL,MTF BILL FOR BILL DATE Jun 16 MBILL,1,0.0,156164.45,16/06/2026,16/06/2026
NSE-CAPITAL,MTF BILL FOR BILL DATE Jun 15 MBILL,1,0.0,53565.5,15/06/2026,15/06/2026
NSE-CAPITAL,MTF BILL FOR BILL DATE Jun 12 MBILL,1,0.0,210720.2,12/06/2026,12/06/2026
NSE-CAPITAL,MTF BILL FOR BILL DATE Jun 11 MBILL,1,0.0,49443.0,11/06/2026,11/06/2026
NSE-CAPITAL,MTF BILL FOR BILL DATE Jun 5 MBILL,1,0.0,189123.1,05/06/2026,05/06/2026
NSE-CAPITAL,MTF BILL FOR BILL DATE Jun 4 MBILL,1,0.0,255001.05,04/06/2026,04/06/2026
NSE-CAPITAL,MTF BILL FOR BILL DATE Jun 30 MBILL,1,0.0,107171.2,30/06/2026,30/06/2026
NSE-CAPITAL,MTF BILL FOR BILL DATE Jun 3 MBILL,1,0.0,108443.03,03/06/2026,03/06/2026
NSE-CAPITAL,MTF BILL FOR BILL DATE Jun 29 MBILL,1,0.0,257660.05,29/06/2026,29/06/2026
NSE-CAPITAL,MTF BILL FOR BILL DATE Jun 25 MBILL,1,0.0,47218.7,25/06/2026,25/06/2026
NSE-CAPITAL,MTF BILL FOR BILL DATE Jun 24 MBILL,1,0.0,160468.25,24/06/2026,24/06/2026
NSE-CAPITAL,MTF BILL FOR BILL DATE Jun 22 MBILL,1,0.0,90292.5,22/06/2026,22/06/2026
NSE-CAPITAL,MTF BILL FOR BILL DATE Jun 2 MBILL,1,0.0,211758.0,02/06/2026,02/06/2026
MTF-MTF-TRADE,"01/06/2026 01-06-26 DBNOTE Being Margin Trf 0.00 121,712.51 435,243.47 DR DBNOTE MTF SELL PAYIN",1,0.0,45271.68,01/06/2026,01/06/2026
MTF-MTF-TRADE,"03/09/2026 03-09-26 CPAYIN MTF PAYIN 0.00 32,080.60 285,566.11 DR DBNOTE MTF SELL PAYIN",1,0.0,8145.75,03/09/2026,03/09/2026
MTF-MTF-TRADE,"03/08/2026 03-08-26 MBILL 0.00 19,680.00 286,718.88 DR DBNOTE NSE Margin Payin",1,0.0,26646.18,03/08/2026,03/08/2026
MTF-MTF-TRADE,"01/06/2026 01-06-26 DBNOTE NSE Margin Payout 139,076.59 0.00 556,955.98 DR DBNOTE Being Margin Trf",1,0.0,121712.51,01/06/2026,01/06/2026
MTF-MTF-TRADE,"03/08/2026 03-08-26 DBNOTE MTF PAYIN 26,646.18 0.00 286,718.88 DR CPAYIN MTF PAYIN",1,0.0,26646.18,03/08/2026,03/08/2026
MTF-MTF-TRADE,"01/09/2026 01-09-26 CPAYIN MTF SELL PAYIN 36,356.75 0.00 290,020.16 DR DBNOTE MTF SELL PAYIN",1,0.0,36356.75,01/09/2026,01/09/2026
MTF-MTF-TRADE,"04/06/2026 04-06-26 DBNOTE NSE Margin Payin 0.00 126,199.71 534,011.12 DR DBNOTE Being Margin Trf",1,0.0,45793.89,04/06/2026,04/06/2026
MTF-MTF-TRADE,"04/06/2026 04-06-26 DBNOTE MTF PAYIN 126,199.71 0.00 614,416.94 DR CPAYIN MTF PAYIN",1,0.0,126199.71,04/06/2026,04/06/2026
NSE-CAPITAL,margin balan DBNOTE NSE Margin Payout,5,0.0,112122.35,11/05/2026,29/05/2026
NSE-CAPITAL,balance REPBNK Upstreamed Amount Collected,4,0.0,327359.89999999997,08/04/2026,17/04/2026
NSE-CAPITAL,balance DBNOTE NSE Margin Payout,7,0.0,392068.33,01/06/2026,31/08/2026
NSE-CAPITAL,recoverable01261208378063 DBNOTE NSE Margin Payout,1,0.0,48969.35,12/08/2026,12/08/2026
NSE-CAPITAL,recoverable01260508376733 DBNOTE NSE Margin Payout,1,0.0,5240.19,05/08/2026,05/08/2026
NSE-CAPITAL,recoverable01260306365191 DBNOTE NSE Margin Payout,1,0.0,131717.78,03/06/2026,03/06/2026
MTF-MTF-TRADE,"07/05/2026 07-05-26 DBNOTE NSE Margin Payin 0.00 17,658.71 289,228.13 DR DBNOTE Being Margin Trf",1,0.0,566.5,07/05/2026,07/05/2026
NSE-CAPITAL,recoverable01262306368926 DBNOTE NSE Margin Payout,1,0.0,19055.14,23/06/2026,23/06/2026
NSE-CAPITAL,recoverable01262207374130 DBNOTE NSE Margin Payout,1,0.0,7157.15,22/07/2026,22/07/2026
NSE-CAPITAL,recoverable01262008379567 DBNOTE NSE Margin Payout,1,0.0,16020.53,20/08/2026,20/08/2026
NSE-CAPITAL,MTF BILL FOR BILL DATE Sep 3 MBILL,1,0.0,115485.35,03/09/2026,03/09/2026
NSE-CAPITAL,MTF BILL FOR BILL DATE Sep 2 MBILL,1,0.0,38045.45,02/09/2026,02/09/2026
NSE-CAPITAL,MTF BILL FOR BILL DATE May 8 MBILL,1,0.0,129785.15,08/05/2026,08/05/2026
NSE-CAPITAL,MTF BILL FOR BILL DATE May 7 MBILL,1,0.0,87937.01,07/05/2026,07/05/2026
NSE-CAPITAL,MTF BILL FOR BILL DATE May 6 MBILL,1,0.0,11743.2,06/05/2026,06/05/2026
NSE-CAPITAL,MTF BILL FOR BILL DATE May 5 MBILL,1,0.0,56207.9,05/05/2026,05/05/2026
NSE-CAPITAL,Recoverable01260807371648929 DBNOTE NSE Margin Payout,1,0.0,116891.68,08/07/2026,08/07/2026
MTF-MTF-TRADE,"06/07/2026 06-07-26 DBNOTE NSE Margin Payin 0.00 28,901.28 631,798.22 DR DBNOTE Being Margin Trf",1,0.0,1112.84,06/07/2026,06/07/2026
MTF-MTF-TRADE,"06/07/2026 06-07-26 DBNOTE MTF SELL PAYIN 0.00 14,793.74 630,685.38 DR MBILL POSITION CLOSE FOR BILL DATE",1,0.0,322206.95,07/07/2026,07/07/2026
MTF-MTF-TRADE,"06/07/2026 06-07-26 DBNOTE MTF PAYIN 28,901.28 0.00 659,586.66 DR CPAYIN MTF PAYIN",1,0.0,28901.28,06/07/2026,06/07/2026
MTF-MTF-TRADE,"07/07/2026 07-07-26 DBNOTE NSE Margin Payout 113,625.02 0.00 493,004.17 DR DBNOTE Being Margin Trf",1,0.0,1616.45,07/07/2026,07/07/2026
MTF-MTF-TRADE,"07/07/2026 07-07-26 CPAYIN MTF SELL PAYIN 49,287.81 0.00 540,675.53 DR DBNOTE MTF SELL PAYIN",1,0.0,49287.81,07/07/2026,07/07/2026
MTF-MTF-TRADE,"03/06/2026 03-06-26 CPAYIN MTF SELL PAYIN 47,640.48 0.00 475,675.26 DR DBNOTE MTF SELL PAYIN",1,0.0,47640.48,03/06/2026,03/06/2026
NSE-CAPITAL,MTF BILL FOR BILL DATE Jul 24 MBILL,1,0.0,39471.5,24/07/2026,24/07/2026
NSE-CAPITAL,MTF BILL FOR BILL DATE Jul 23 MBILL,1,0.0,45136.0,23/07/2026,23/07/2026
NSE-CAPITAL,MTF BILL FOR BILL DATE Jul 22 MBILL,1,0.0,31410.0,22/07/2026,22/07/2026
NSE-CAPITAL,MTF BILL FOR BILL DATE Jul 20 MBILL,1,0.0,56829.3,20/07/2026,20/07/2026
NSE-CAPITAL,"31/07/2026 31-07-26 REPBNK 0.00 50.13 17,357.30 CR REPBNK Upstreamed Amount Collected",1,0.0,203304.0,31/07/2026,31/07/2026
NSE-CAPITAL,MTF BILL FOR BILL DATE Jul 16 MBILL,1,0.0,175376.7,16/07/2026,16/07/2026
NSE-CAPITAL,MTF BILL FOR BILL DATE Jul 15 MBILL,1,0.0,52671.0,15/07/2026,15/07/2026
NSE-CAPITAL,MTF BILL FOR BILL DATE Jun 10 MBILL,1,0.0,32822.9,10/06/2026,10/06/2026
NSE-CAPITAL,MTF BILL FOR BILL DATE Jun 1 MBILL,1,0.0,31104.7,01/06/2026,01/06/2026
NSE-CAPITAL,MTF BILL FOR BILL DATE Jul 9 MBILL,1,0.0,134419.75,09/07/2026,09/07/2026
NSE-CAPITAL,MTF BILL FOR BILL DATE Jul 8 MBILL,1,0.0,104470.65,08/07/2026,08/07/2026
NSE-CAPITAL,MTF BILL FOR BILL DATE Jul 7 MBILL,1,0.0,70900.72,07/07/2026,07/07/2026
NSE-CAPITAL,MTF BILL FOR BILL DATE Jul 6 MBILL,1,0.0,123669.26,06/07/2026,06/07/2026
NSE-CAPITAL,MTF BILL FOR BILL DATE Jul 31 MBILL,1,0.0,40225.5,31/07/2026,31/07/2026
NSE-CAPITAL,MTF BILL FOR BILL DATE May 19 MBILL,1,0.0,24017.4,19/05/2026,19/05/2026
NSE-CAPITAL,INN <ID> BILL POSTED,1,0.0,80350.43,28/07/2026,28/07/2026
NSE-CAPITAL,INB REPBNK Upstreamed Amount Collected,1,0.0,111447.33,03/08/2026,03/08/2026
NSE-CAPITAL,Demat Charges Recovered DCR REPBNK,29,0.0,1510.4,03/06/2026,30/07/2026
MTF-MTF-TRADE,"09/07/2026 09-07-26 DBNOTE NSE Margin Payin 0.00 40,167.80 393,475.62 DR DBNOTE Being Margin Trf",1,0.0,32627.74,09/07/2026,09/07/2026
MTF-MTF-TRADE,"09/07/2026 09-07-26 DBNOTE MTF PAYIN 40,167.80 0.00 360,847.88 DR DBNOTE MTF SELL PAYIN",1,0.0,11468.77,09/07/2026,09/07/2026
MTF-MTF-TRADE,"09/07/2026 09-07-26 DBNOTE Being Margin Trf 0.00 32,627.74 360,847.88 DR CPAYIN MTF PAYIN",1,0.0,40167.8,09/07/2026,09/07/2026
MTF-MTF-TRADE,"10/08/2026 10-08-26 DBNOTE NSE Margin Payout 108,321.64 0.00 324,039.89 DR DBNOTE Being Margin Trf",1,0.0,5436.1,10/08/2026,10/08/2026
MTF-MTF-TRADE,"10/08/2026 10-08-26 CPAYIN MTF SELL PAYIN 85,166.59 0.00 403,770.38 DR DBNOTE MTF SELL PAYIN",1,0.0,85166.59,10/08/2026,10/08/2026
MTF-MTF-TRADE,"10/07/2026 10-07-26 DBNOTE MTF PAYIN 81,684.32 0.00 509,045.18 DR CPAYIN MTF PAYIN",1,0.0,81684.32,10/07/2026,10/07/2026
MTF-MTF-TRADE,"10/06/2026 10-06-26 DBNOTE NSE Margin Payout 158,115.60 0.00 399,066.49 DR DBNOTE Being Margin Trf",1,0.0,404.55,10/06/2026,10/06/2026
MTF-MTF-TRADE,"11/06/2026 11-06-26 DBNOTE NSE Margin Payout 33,583.11 0.00 319,549.52 DR DBNOTE Being Margin Trf",1,0.0,31579.35,11/06/2026,11/06/2026
MTF-MTF-TRADE,"11/06/2026 11-06-26 CPAYIN MTF SELL PAYIN 21,785.16 0.00 309,755.33 DR DBNOTE MTF SELL PAYIN",1,0.0,21785.16,11/06/2026,11/06/2026
MTF-MTF-TRADE,"11/05/2026 11-05-26 DBNOTE NSE Margin Payout 35,563.91 0.00 495,803.60 DR DBNOTE Being Margin Trf",1,0.0,66808.93,11/05/2026,11/05/2026
MTF-MTF-TRADE,"11/05/2026 11-05-26 DBNOTE Being Margin Trf 0.00 66,808.93 428,994.67 DR DBNOTE MTF SELL PAYIN",1,0.0,4568.32,11/05/2026,11/05/2026
MTF-MTF-TRADE,"06/07/2026 06-07-26 CPAYIN MTF SELL PAYIN 14,793.74 0.00 645,479.12 DR DBNOTE MTF SELL PAYIN",1,0.0,14793.74,06/07/2026,06/07/2026
NSE-CAPITAL,MTF BILL FOR BILL DATE Jul 30 MBILL,1,0.0,61563.75,30/07/2026,30/07/2026
NSE-CAPITAL,MTF BILL FOR BILL DATE May 18 MBILL,1,0.0,11801.25,18/05/2026,18/05/2026
NSE-CAPITAL,MTF BILL FOR BILL DATE May 15 MBILL,1,0.0,16228.0,15/05/2026,15/05/2026
NSE-CAPITAL,MTF BILL FOR BILL DATE May 14 MBILL,1,0.0,24737.5,14/05/2026,14/05/2026
NSE-CAPITAL,MTF BILL FOR BILL DATE May 13 MBILL,1,0.0,128971.5,13/05/2026,13/05/2026
NSE-CAPITAL,MTF BILL FOR BILL DATE May 11 MBILL,1,0.0,124268.5,11/05/2026,11/05/2026
NSE-CAPITAL,MTF BILL FOR BILL DATE Jun 9 MBILL,1,0.0,39440.0,09/06/2026,09/06/2026
NSE-CAPITAL,MTF BILL FOR BILL DATE Jun 8 MBILL,1,0.0,28892.5,08/06/2026,08/06/2026
NSE-CAPITAL,MTF BILL FOR BILL DATE May 4 MBILL,1,0.0,169300.7,04/05/2026,04/05/2026
NSE-CAPITAL,MTF BILL FOR BILL DATE May 29 MBILL,1,0.0,306152.1,29/05/2026,29/05/2026
NSE-CAPITAL,MTF BILL FOR BILL DATE May 27 MBILL,1,0.0,113869.5,27/05/2026,27/05/2026
NSE-CAPITAL,MTF BILL FOR BILL DATE May 26 MBILL,1,0.0,90639.95,26/05/2026,26/05/2026
NSE-CAPITAL,MTF BILL FOR BILL DATE May 25 MBILL,1,0.0,81767.0,25/05/2026,25/05/2026
NSE-CAPITAL,MTF BILL FOR BILL DATE May 22 MBILL,1,0.0,112215.0,22/05/2026,22/05/2026
NSE-CAPITAL,MTF BILL FOR BILL DATE May 21 MBILL,1,0.0,321493.03,21/05/2026,21/05/2026
NSE-CAPITAL,MTF BILL FOR BILL DATE May 20 MBILL,1,0.0,315858.05,20/05/2026,20/05/2026
NSE-CAPITAL,MTF BILL FOR BILL DATE Jul 29 MBILL,1,0.0,116612.9,29/07/2026,29/07/2026
NSE-CAPITAL,MTF BILL FOR BILL DATE Aug 28 MBILL,1,0.0,130318.65,28/08/2026,28/08/2026
NSE-CAPITAL,MTF BILL FOR BILL DATE Aug 27 MBILL,1,0.0,31314.0,27/08/2026,27/08/2026
NSE-CAPITAL,MTF BILL FOR BILL DATE Aug 26 MBILL,1,0.0,116374.5,26/08/2026,26/08/2026
NSE-CAPITAL,MTF BILL FOR BILL DATE Aug 25 MBILL,1,0.0,29249.0,25/08/2026,25/08/2026
NSE-CAPITAL,MTF BILL FOR BILL DATE Aug 21 MBILL,1,0.0,38086.03,21/08/2026,21/08/2026
NSE-CAPITAL,MTF BILL FOR BILL DATE Aug 20 MBILL,1,0.0,49684.0,20/08/2026,20/08/2026
NSE-CAPITAL,MTF BILL FOR BILL DATE Aug 19 MBILL,1,0.0,9494.8,19/08/2026,19/08/2026
NSE-CAPITAL,MTF BILL FOR BILL DATE Jul 14 MBILL,1,0.0,105158.79,14/07/2026,14/07/2026
NSE-CAPITAL,MTF BILL FOR BILL DATE Jul 13 MBILL,1,0.0,77017.5,13/07/2026,13/07/2026
NSE-CAPITAL,MTF BILL FOR BILL DATE Jul 10 MBILL,1,0.0,148197.3,10/07/2026,10/07/2026
NSE-CAPITAL,MTF BILL FOR BILL DATE Aug 7 MBILL,1,0.0,68347.5,07/08/2026,07/08/2026
NSE-CAPITAL,MTF BILL FOR BILL DATE Aug 6 MBILL,1,0.0,125024.45,06/08/2026,06/08/2026
NSE-CAPITAL,MTF BILL FOR BILL DATE Aug 5 MBILL,1,0.0,7379.0,05/08/2026,05/08/2026
NSE-CAPITAL,MTF BILL FOR BILL DATE Aug 4 MBILL,1,0.0,175556.55,04/08/2026,04/08/2026
NSE-CAPITAL,MTF BILL FOR BILL DATE Aug 31 MBILL,1,0.0,51814.95,31/08/2026,31/08/2026
NSE-CAPITAL,MTF BILL FOR BILL DATE Aug 3 MBILL,1,0.0,87836.0,03/08/2026,03/08/2026
NSE-CAPITAL,"10/08/2026 10-08-26 DBNOTE NSE Margin Payin 42,626.21 0.00 176,654.22 DR DBNOTE NSE Margin Payout",1,0.0,108321.64,10/08/2026,10/08/2026
NSE-CAPITAL,"11/06/2026 11-06-26 REPBNK NSEMRGNPIPO 0.00 32,292.35 61,176.06 DR REPBNK Upstreamed Amount Collected",1,0.0,60683.51,11/06/2026,11/06/2026
NSE-CAPITAL,"11/06/2026 11-06-26 JE Interest on NSE MTF366638771 144.19 0.00 93,468.41 DR REPBNK NSEMRGNPIPO",1,0.0,32292.35,11/06/2026,11/06/2026
MTF-MTF-TRADE,BEING THE T DAY MTM TRF FROM CASH CMTM,3,0.0,5456.34,13/05/2026,27/04/2026
MTF-MTF-TRADE,ALLOCATION DATE MBILL POSITION CLOSE FOR BILL DATE,1,0.0,341210.83,08/07/2026,08/07/2026
MTF-MTF-TRADE,"31/08/2026 31-08-26 DBNOTE NSE Margin Payout 43,428.70 0.00 398,775.22 DR DBNOTE NSE Margin Payin",1,0.0,29390.84,31/08/2026,31/08/2026
MTF-MTF-TRADE,MBILL POSITION CLOSE FOR BILL DATE,1,0.0,81831.45,06/07/2026,06/07/2026
MTF-MTF-TRADE,DBNOTE NSE Margin Payin,4,0.0,15761.99,12/08/2026,28/07/2026
MTF-MTF-TRADE,DBNOTE MTF SELL PAYIN,3,0.0,94264.46,05/08/2026,18/05/2026
MTF-MTF-TRADE,"28/08/2026 28-08-26 DBNOTE MTF PAYIN 39,484.50 0.00 436,849.92 DR CPAYIN MTF PAYIN",1,0.0,39484.5,28/08/2026,28/08/2026
MTF-MTF-TRADE,"28/08/2026 28-08-26 CPAYIN MTF PAYIN 0.00 39,484.50 397,365.42 DR DBNOTE MTF SELL PAYIN",1,0.0,3284.84,28/08/2026,28/08/2026
MTF-MTF-TRADE,"28/07/2026 28-07-26 DBNOTE NSE Margin Payin 0.00 934.76 186,185.82 DR DBNOTE Being Margin Trf",1,0.0,407.99,28/07/2026,28/07/2026
MTF-MTF-TRADE,"28/07/2026 28-07-26 DBNOTE MTF PAYIN 934.76 0.00 186,712.59 DR CPAYIN MTF PAYIN",1,0.0,934.76,28/07/2026,28/07/2026
MTF-MTF-TRADE,"28/04/2026 28-04-26 DBNOTE MTF PAYIN 44,726.26 0.00 192,252.70 DR CPAYIN MTF PAYIN",1,0.0,44726.26,28/04/2026,28/04/2026
MTF-MTF-TRADE,"29/05/2026 29-05-26 CPAYIN MTF SELL PAYIN 21,650.16 0.00 593,116.56 DR DBNOTE MTF SELL PAYIN",1,0.0,21650.16,29/05/2026,29/05/2026
MTF-MTF-TRADE,"18/06/2026 18-06-26 DBNOTE Being Margin Trf 0.00 5,239.34 586,301.61 DR CPAYIN MTF PAYIN",1,0.0,33478.42,18/06/2026,18/06/2026
NSE-CAPITAL,"11/05/2026 11-05-26 REPBNK Upstreamed Amount Collected 0.00 59,414.15 208,082.08 CR REPBNK NSEMRGNPIPO",1,0.0,42060.98,11/05/2026,11/05/2026
NSE-CAPITAL,"12/05/2026 12-05-26 MBILL 533,536.31 0.00 283,393.25 DR BILL POSTED",1,0.0,998808.78,12/05/2026,12/05/2026
NSE-CAPITAL,"11/08/2026 11-08-26 REPBNK Upstreamed Amount Collected 0.00 87,770.00 324.77 DR REPBNK Being Payin towards NSE M",1,0.0,324.95,11/08/2026,11/08/2026
NSE-CAPITAL,"11/08/2026 11-08-26 DBNOTE NSE Margin Payin 15,144.06 0.00 88,549.05 DR DBNOTE Being Margin Trf",1,0.0,555.8,11/08/2026,11/08/2026
NSE-CAPITAL,"11/06/2026 11-06-26 REPBNK Upstreamed Amount Collected 0.00 60,683.51 492.55 DR REPBNK Being Payin towards NSE M",1,0.0,492.75,11/06/2026,11/06/2026
NSE-CAPITAL,"13/05/2026 13-05-26 REPBNK Upstreamed Amount Collected 0.00 195,451.25 550.90 DR REPBNK Being Payin towards NSE M",1,0.0,550.94,13/05/2026,13/05/2026
NSE-CAPITAL,"12/08/2026 12-08-26 REPBNK Upstreamed Amount Collected 0.00 88,372.25 73,428.94 CR REPBNK NSEMRGNPIPO",1,0.0,9933.88,12/08/2026,12/08/2026
NSE-CAPITAL,"12/08/2026 12-08-26 REPBNK 0.00 98.02 14,943.31 DR REPBNK Upstreamed Amount Collected",1,0.0,88372.25,12/08/2026,12/08/2026
NSE-CAPITAL,"12/08/2026 12-08-26 MBILL 84,572.20 0.00 57,729.02 DR BILL POSTED",1,0.0,142388.74,12/08/2026,12/08/2026
NSE-CAPITAL,"08/05/2026 08-05-26 REPBNK Upstreamed Amount Collected 0.00 67,491.86 71,682.88 CR REPBNK NSEMRGNPIPO",1,0.0,66194.93,08/05/2026,08/05/2026
NSE-CAPITAL,"08/05/2026 08-05-26 DBNOTE NSE Margin Payout 0.00 14,101.51 3,055.28 CR DBNOTE Being Margin Trf",1,0.0,1206.8,08/05/2026,08/05/2026
NSE-CAPITAL,"08/04/2026 08-04-26 REPBNK Upstreamed Amount Collected 0.00 144,265.65 327.39 DR REPBNK Being Payin towards NSE M",1,0.0,327.39,08/04/2026,08/04/2026
MTF-MTF-TRADE,"31/08/2026 31-08-26 CPAYIN MTF SELL PAYIN 20,189.36 0.00 390,856.59 DR DBNOTE MTF SELL PAYIN",1,0.0,20189.36,31/08/2026,31/08/2026
MTF-MTF-TRADE,"31/07/2026 31-07-26 DBNOTE NSE Margin Payin 0.00 22,868.35 218,562.88 DR CPAYIN MTF PAYIN",1,0.0,22868.35,31/07/2026,31/07/2026
MTF-MTF-TRADE,"30/07/2026 30-07-26 DBNOTE MTF PAYIN 30,267.30 0.00 231,473.03 DR CPAYIN MTF PAYIN",1,0.0,30267.3,30/07/2026,30/07/2026
NSE-CAPITAL,"11/06/2026 11-06-26 DBNOTE NSE Margin Payout 0.00 4.33 95,327.98 DR DBNOTE NSE Margin Payout",1,0.0,33583.11,11/06/2026,11/06/2026
NSE-CAPITAL,"18/06/2026 18-06-26 MBILL 256,193.49 0.00 16,209.31 CR BILL POSTED",1,0.0,11415.09,18/06/2026,18/06/2026
NSE-CAPITAL,"18/06/2026 18-06-26 JE Interest on NSE MTF367947306 110.70 0.00 152,824.17 DR REPBNK Upstreamed Amount Collected",1,0.0,179866.7,18/06/2026,18/06/2026
NSE-CAPITAL,"18/05/2026 18-05-26 REPBNK 0.00 25.82 43,454.71 DR REPBNK Upstreamed Amount Collected",1,0.0,110003.43,18/05/2026,18/05/2026
NSE-CAPITAL,"13/08/2026 13-08-26 REPBNK MTF repayment 0.00 12,970.20 154,515.95 DR REPBNK Upstreamed Amount Collected",1,0.0,162573.89,13/08/2026,13/08/2026
NSE-CAPITAL,"13/07/2026 13-07-26 REPBNK Upstreamed Amount Collected 0.00 67,341.78 245.99 DR REPBNK Being Payin towards NSE M",1,0.0,246.05,13/07/2026,13/07/2026
MTF-MTF-TRADE,"29/04/2026 29-04-26 DBNOTE MTF PAYIN 36,580.90 0.00 296,196.19 DR CPAYIN MTF PAYIN",1,0.0,36580.9,29/04/2026,29/04/2026
MTF-MTF-TRADE,"28/08/2026 28-08-26 MBILL 0.00 28,590.00 437,063.92 DR DBNOTE NSE Margin Payin",1,0.0,39484.5,28/08/2026,28/08/2026
MTF-MTF-TRADE,"28/08/2026 28-08-26 DBNOTE NSE Margin Payin 0.00 39,484.50 397,579.42 DR DBNOTE Being Margin Trf",1,0.0,214.0,28/08/2026,28/08/2026
MTF-MTF-TRADE,"29/06/2026 29-06-26 MBILL 0.00 43,489.75 755,028.00 DR DBNOTE NSE Margin Payin",1,0.0,101313.63,29/06/2026,29/06/2026
MTF-MTF-TRADE,"29/06/2026 29-06-26 DBNOTE NSE Margin Payin 0.00 101,313.63 653,714.37 DR DBNOTE Being Margin Trf",1,0.0,298.75,29/06/2026,29/06/2026
MTF-MTF-TRADE,"29/06/2026 29-06-26 DBNOTE MTF PAYIN 101,313.63 0.00 653,415.62 DR DBNOTE MTF SELL PAYIN",1,0.0,11398.55,29/06/2026,29/06/2026
MTF-MTF-TRADE,"29/06/2026 29-06-26 DBNOTE Being Margin Trf 0.00 298.75 653,415.62 DR CPAYIN MTF PAYIN",1,0.0,101313.63,29/06/2026,29/06/2026
MTF-MTF-TRADE,"29/05/2026 29-05-26 DBNOTE NSE Margin Payout 14,511.51 0.00 572,568.88 DR DBNOTE Being Margin Trf",1,0.0,1102.48,29/05/2026,29/05/2026
MTF-MTF-TRADE,"30/06/2026 30-06-26 DBNOTE MTF PAYIN 39,204.37 0.00 691,322.45 DR DBNOTE MTF SELL PAYIN",1,0.0,9774.98,30/06/2026,30/06/2026
MTF-MTF-TRADE,"30/04/2026 30-04-26 DBNOTE NSE Margin Payout 14,874.92 0.00 227,347.21 DR DBNOTE Being Margin Trf",1,0.0,23494.78,30/04/2026,30/04/2026
NSE-CAPITAL,"10/08/2026 10-08-26 JE Interest on NSE MTF377580560 95.87 0.00 73,971.72 DR REPBNK Upstreamed Amount Collected",1,0.0,82702.14,10/08/2026,10/08/2026
MTF-MTF-TRADE,"29/07/2026 29-07-26 MBILL 0.00 79,323.50 223,067.23 DR DBNOTE NSE Margin Payin",1,0.0,31825.95,29/07/2026,29/07/2026
MTF-MTF-TRADE,"29/07/2026 29-07-26 DBNOTE MTF PAYIN 31,825.95 0.00 223,067.23 DR CPAYIN MTF PAYIN",1,0.0,31825.95,29/07/2026,29/07/2026
MTF-MTF-TRADE,"25/06/2026 25-06-26 CPAYIN MTF SELL PAYIN 68,253.79 0.00 609,111.49 DR DBNOTE MTF SELL PAYIN",1,0.0,68253.79,25/06/2026,25/06/2026
MTF-MTF-TRADE,"25/05/2026 25-05-26 MBILL 0.00 44,583.19 449,033.91 DR DBNOTE NSE Margin Payin",1,0.0,13092.67,25/05/2026,25/05/2026
MTF-MTF-TRADE,"25/05/2026 25-05-26 DBNOTE NSE Margin Payin 0.00 13,092.67 435,941.24 DR DBNOTE Being Margin Trf",1,0.0,5807.35,25/05/2026,25/05/2026
MTF-MTF-TRADE,"25/05/2026 25-05-26 DBNOTE MTF PAYIN 13,092.67 0.00 443,226.56 DR CPAYIN MTF PAYIN",1,0.0,13092.67,25/05/2026,25/05/2026
MTF-MTF-TRADE,"26/08/2026 26-08-26 CPAYIN MTF SELL PAYIN 3,828.86 0.00 336,367.91 DR DBNOTE MTF SELL PAYIN",1,0.0,3828.86,26/08/2026,26/08/2026
NSE-CAPITAL,"14/05/2026 14-05-26 REPBNK Upstreamed Amount Collected 0.00 207,685.80 528.29 DR REPBNK Being Payin towards NSE M",1,0.0,528.33,14/05/2026,14/05/2026
NSE-CAPITAL,"15/06/2026 15-06-26 JE Interest on NSE MTF367250625 95.99 0.00 23,057.40 DR REPBNK NSEMRGNPIPO",1,0.0,11239.38,15/06/2026,15/06/2026
NSE-CAPITAL,"15/05/2026 15-05-26 REPBNK Upstreamed Amount Collected 0.00 137,667.40 367.22 DR REPBNK Being Payin towards NSE M",1,0.0,367.26,15/05/2026,15/05/2026
NSE-CAPITAL,"15/05/2026 15-05-26 REPBNK 0.00 14.41 138,034.62 DR REPBNK Upstreamed Amount Collected",1,0.0,137667.4,15/05/2026,15/05/2026
NSE-CAPITAL,"15/04/2026 15-04-26 REPBNK Upstreamed Amount Collected 0.00 38,496.86 402.20 DR REPBNK Being Payin towards NSE M",1,0.0,402.2,15/04/2026,15/04/2026
NSE-CAPITAL,"15/06/2026 15-06-26 REPBNK NSEMRGNPIPO 0.00 11,239.38 11,818.02 DR REPBNK Upstreamed Amount Collected",1,0.0,32204.85,15/06/2026,15/06/2026
NSE-CAPITAL,"10/08/2026 10-08-26 REPBNK Upstreamed Amount Collected 0.00 82,702.14 8,730.42 CR REPBNK NSEMRGNPIPO",1,0.0,42626.21,10/08/2026,10/08/2026
NSE-CAPITAL,"10/08/2026 10-08-26 MBILL 220,225.25 0.00 35,007.85 DR BILL POSTED",1,0.0,183611.73,10/08/2026,10/08/2026
MTF-MTF-TRADE,"30/04/2026 30-04-26 DBNOTE Being Margin Trf 0.00 23,494.78 203,852.43 DR DBNOTE MTF SELL PAYIN",1,0.0,11775.23,30/04/2026,30/04/2026
NSE-CAPITAL,"06/08/2026 06-08-26 REPBNK 0.00 64.53 146,458.34 DR REPBNK Upstreamed Amount Collected",1,0.0,145874.64,06/08/2026,06/08/2026
NSE-CAPITAL,"06/07/2026 06-07-26 REPBNK NSEMRGNPIPO 0.00 3,901.09 105,302.92 DR REPBNK Upstreamed Amount Collected",1,0.0,123702.49,06/07/2026,06/07/2026
NSE-CAPITAL,"07/04/2026 08-04-26 BILL POSTED 8,023.91 0.00 8,023.91 DR REPBNK Upstreamed Amount Collected",1,0.0,8008.0,07/04/2026,07/04/2026
NSE-CAPITAL,"07/04/2026 07-04-26 REPBNK Upstreamed Amount Collected 0.00 8,008.00 15.91 DR REPBNK Being Payin towards NSE M",1,0.0,15.91,07/04/2026,07/04/2026
NSE-CAPITAL,"07/08/2026 07-08-26 REPBNK Upstreamed Amount Collected 0.00 50,005.84 8,481.36 DR REPBNK NSEMRGNPIPO",1,0.0,34036.0,07/08/2026,07/08/2026
NSE-CAPITAL,"07/08/2026 07-08-26 DBNOTE NSE Margin Payout 0.00 16,856.26 64,569.00 DR DBNOTE Being Margin Trf",1,0.0,5792.7,07/08/2026,07/08/2026
NSE-CAPITAL,"07/08/2026 07-08-26 DBNOTE NSE Margin Payin 34,036.00 0.00 81,425.26 DR DBNOTE NSE Margin Payout",1,0.0,16856.26,07/08/2026,07/08/2026
NSE-CAPITAL,"07/07/2026 08-07-26 BILL POSTED 0.00 20,162.56 212,744.10 DR BILL POSTED",1,0.0,485244.68,07/07/2026,07/07/2026
NSE-CAPITAL,"07/07/2026 07-07-26 MBILL POSITION CLOSE FOR BILL DATE 322,206.95 0.00 232,906.66 DR BILL POSTED",1,0.0,20162.56,07/07/2026,07/07/2026
NSE-CAPITAL,"03/06/2026 03-06-26 MBILL 299,794.97 0.00 191,351.82 DR BILL POSTED",1,0.0,272095.98,03/06/2026,03/06/2026
NSE-CAPITAL,"03/06/2026 03-06-26 DBNOTE NSE Margin Payout 0.00 131,717.78 32,786.68 DR DBNOTE Being Margin Trf",1,0.0,72.09,03/06/2026,03/06/2026
NSE-CAPITAL,"02/09/2026 02-09-26 REPBNK Upstreamed Amount Collected 0.00 28,483.34 110.39 DR REPBNK Being Payin towards NSE M",1,0.0,110.61,02/09/2026,02/09/2026
NSE-CAPITAL,"02/09/2026 02-09-26 DBNOTE NSE Margin Payin 15,398.50 0.00 28,488.75 DR DBNOTE Being Margin Trf",1,0.0,25716.6,02/09/2026,02/09/2026
MTF-MTF-TRADE,"04/05/2026 04-05-26 DBNOTE Being Margin Trf 281.00 0.00 323,414.38 DR DBNOTE MTF SELL PAYIN",1,0.0,24231.38,04/05/2026,04/05/2026
MTF-MTF-TRADE,"04/08/2026 04-08-26 MBILL 0.00 22,698.00 412,931.25 DR DBNOTE NSE Margin Payin",1,0.0,66937.47,04/08/2026,04/08/2026
MTF-MTF-TRADE,"30/06/2026 30-06-26 MBILL 0.00 30,060.00 730,526.82 DR DBNOTE NSE Margin Payin",1,0.0,39204.37,30/06/2026,30/06/2026
MTF-MTF-TRADE,"04/06/2026 04-06-26 MBILL 0.00 22,825.00 660,210.83 DR DBNOTE NSE Margin Payin",1,0.0,126199.71,04/06/2026,04/06/2026
MTF-MTF-TRADE,"05/06/2026 05-06-26 DBNOTE Being Margin Trf 0.00 741.82 578,701.49 DR CPAYIN MTF PAYIN",1,0.0,41346.52,05/06/2026,05/06/2026
MTF-MTF-TRADE,"05/06/2026 05-06-26 CPAYIN MTF SELL PAYIN 31,034.25 0.00 609,735.74 DR DBNOTE MTF SELL PAYIN",1,0.0,31034.25,05/06/2026,05/06/2026
MTF-MTF-TRADE,"05/05/2026 05-05-26 DBNOTE NSE Margin Payout 21,333.44 0.00 344,061.47 DR DBNOTE Being Margin Trf",1,0.0,53442.15,05/05/2026,05/05/2026
MTF-MTF-TRADE,"05/05/2026 05-05-26 DBNOTE Being Margin Trf 0.00 53,442.15 290,619.32 DR DBNOTE MTF SELL PAYIN",1,0.0,10736.66,05/05/2026,05/05/2026
MTF-MTF-TRADE,"04/09/2026 04-09-26 DBNOTE NSE Margin Payin 0.00 46,224.68 330,656.93 DR CPAYIN MTF PAYIN",1,0.0,46224.68,04/09/2026,04/09/2026
NSE-CAPITAL,adjusted aga REPBNK Upstreamed Amount Collected,20,0.0,1743298.29,02/09/2026,31/08/2026
NSE-CAPITAL,adjusted aga REPBNK NSEMRGNPIPO,11,0.0,266069.02,02/06/2026,27/05/2026
MTF-MTF-TRADE,"02/06/2026 02-06-26 MBILL 0.00 100,387.10 546,614.37 DR DBNOTE NSE Margin Payin",1,0.0,40682.99,02/06/2026,02/06/2026
MTF-MTF-TRADE,"02/06/2026 02-06-26 DBNOTE NSE Margin Payin 0.00 40,682.99 505,931.38 DR DBNOTE Being Margin Trf",1,0.0,18334.53,02/06/2026,02/06/2026
MTF-MTF-TRADE,"02/06/2026 02-06-26 DBNOTE MTF PAYIN 40,682.99 0.00 528,279.84 DR CPAYIN MTF PAYIN",1,0.0,40682.99,02/06/2026,02/06/2026
MTF-MTF-TRADE,"02/06/2026 02-06-26 CPAYIN MTF PAYIN 0.00 40,682.99 487,596.85 DR DBNOTE MTF SELL PAYIN",1,0.0,21273.23,02/06/2026,02/06/2026
MTF-MTF-TRADE,"03/09/2026 03-09-26 DBNOTE MTF PAYIN 32,080.60 0.00 317,646.71 DR CPAYIN MTF PAYIN",1,0.0,32080.6,03/09/2026,03/09/2026
MTF-MTF-TRADE,"06/08/2026 06-08-26 CPAYIN MTF SELL PAYIN 15,825.38 0.00 392,423.22 DR DBNOTE MTF SELL PAYIN",1,0.0,15825.38,06/08/2026,06/08/2026
NSE-CAPITAL,MTF BILL FOR BILL DATE Sep 4 MBILL,1,0.0,91315.5,04/09/2026,04/09/2026
MTF-MTF-TRADE,"04/08/2026 04-08-26 CPAYIN MTF SELL PAYIN 2,957.62 0.00 353,903.60 DR DBNOTE MTF SELL PAYIN",1,0.0,2957.62,04/08/2026,04/08/2026
MTF-MTF-TRADE,"30/06/2026 30-06-26 DBNOTE NSE Margin Payin 0.00 39,204.37 691,322.45 DR CPAYIN MTF PAYIN",1,0.0,39204.37,30/06/2026,30/06/2026
MTF-MTF-TRADE,COLL LEDGER CPAYIN MTF PAYIN,1,0.0,38405.91,27/04/2026,27/04/2026
MTF-MTF-TRADE,ONE TIME MAINT. MARGIN ALLOC FOR DATE: CPAYIN,1,0.0,268320.9,12/06/2026,12/06/2026
MTF-MTF-TRADE,MTF CASH EXCESS REV AFTER PAYIN DBNOTE,44,0.0,23245.78,03/06/2026,31/08/2026
NSE-CAPITAL,"01/09/2026 01-09-26 DBNOTE NSE Margin Payout 0.00 75,395.13 174,640.10 CR DBNOTE Being Margin Trf",1,0.0,3069.65,01/09/2026,01/09/2026
NSE-CAPITAL,"01/06/2026 01-06-26 REPBNK NSEMRGNPIPO 0.00 118,543.66 71,518.45 CR REPBNK MTF repayment",1,0.0,18307.8,01/06/2026,01/06/2026
NSE-CAPITAL,"01/06/2026 01-06-26 REPBNK MTF repayment 0.00 18,307.80 89,826.25 CR REPBNK Upstreamed Amount Collected",1,0.0,59532.81,01/06/2026,01/06/2026
NSE-CAPITAL,"01/06/2026 01-06-26 MBILL 30,767.00 0.00 30,446.26 DR BILL POSTED",1,0.0,275601.8,01/06/2026,01/06/2026
NSE-CAPITAL,"02/06/2026 02-06-26 REPBNK Upstreamed Amount Collected 0.00 205,702.12 940.24 DR REPBNK Being Payin towards NSE M",1,0.0,940.36,02/06/2026,02/06/2026
NSE-CAPITAL,"02/06/2026 02-06-26 REPBNK NSEMRGNPIPO 0.00 20,056.63 206,642.36 DR REPBNK Upstreamed Amount Collected",1,0.0,205702.12,02/06/2026,02/06/2026
NSE-CAPITAL,"01/09/2026 01-09-26 MBILL 196,355.15 0.00 166,132.22 DR BILL POSTED",1,0.0,370906.01,01/09/2026,01/09/2026
NSE-CAPITAL,"08/06/2026 08-06-26 REPBNK Being Payin towards NSE M 0.00 714.93 19,532.10 CR REPBNK Upstreamed Amount Collected",1,0.0,36844.03,08/06/2026,08/06/2026
NSE-CAPITAL,"08/06/2026 08-06-26 REPBNK 0.00 128.85 18,817.17 CR REPBNK Being Payin towards NSE M",1,0.0,714.93,08/06/2026,08/06/2026
NSE-CAPITAL,"08/06/2026 08-06-26 MBILL 78,933.20 0.00 50,755.51 DR BILL POSTED",1,0.0,105267.11,08/06/2026,08/06/2026
NSE-CAPITAL,"08/06/2026 08-06-26 DBNOTE NSE Margin Payout 0.00 27,878.42 17,667.57 CR DBNOTE Being Margin Trf",1,0.0,1149.6,08/06/2026,08/06/2026
MTF-MTF-TRADE,PAYIN ADJUSTMENT REVERSAL ON DBNOTE,1,0.0,101738.27,12/06/2026,12/06/2026
MTF-MTF-TRADE,POSITION CLOSE FOR BILL DATE MBILL,75,0.0,6775322.9,01/06/2026,31/08/2026
NSE-CAPITAL,"05/05/2026 05-05-26 REPBNK Upstreamed Amount Collected 0.00 44,469.72 42,337.86 CR REPBNK NSEMRGNPIPO",1,0.0,21524.1,05/05/2026,05/05/2026
NSE-CAPITAL,"04/05/2026 04-05-26 REPBNK Upstreamed Amount Collected 0.00 72,923.44 52,591.47 CR REPBNK NSEMRGNPIPO",1,0.0,53161.15,04/05/2026,04/05/2026
NSE-CAPITAL,"04/06/2026 04-06-26 REPBNK NSEMRGNPIPO 0.00 45,547.68 282,099.26 DR REPBNK Upstreamed Amount Collected",1,0.0,281261.3,04/06/2026,04/06/2026
NSE-CAPITAL,"04/06/2026 04-06-26 REPBNK Upstreamed Amount Collected 0.00 281,261.30 837.96 DR REPBNK Being Payin towards NSE M",1,0.0,838.08,04/06/2026,04/06/2026
NSE-CAPITAL,"04/08/2026 04-08-26 DBNOTE NSE Margin Payin 66,937.47 0.00 116,417.88 DR DBNOTE Being Margin Trf",1,0.0,4952.2,04/08/2026,04/08/2026
NSE-CAPITAL,"03/09/2026 03-09-26 DBNOTE NSE Margin Payin 32,080.60 0.00 176,882.34 DR DBNOTE Being Margin Trf",1,0.0,62.09,03/09/2026,03/09/2026
NSE-CAPITAL,"09/06/2026 09-06-26 REPBNK Upstreamed Amount Collected 0.00 63,865.51 318.39 DR REPBNK Being Payin towards NSE M",1,0.0,318.54,09/06/2026,09/06/2026
NSE-CAPITAL,"03/09/2026 03-09-26 REPBNK 0.00 98.21 176,613.75 DR REPBNK Upstreamed Amount Collected",1,0.0,183005.09,03/09/2026,03/09/2026
NSE-CAPITAL,"04/05/2026 04-05-26 DBNOTE NSE Margin Payout 0.00 13,278.25 20,488.99 DR DBNOTE Being Margin Trf",1,0.0,281.0,04/05/2026,04/05/2026
NSE-CAPITAL,"06/08/2026 06-08-26 REPBNK Upstreamed Amount Collected 0.00 145,874.64 583.70 DR REPBNK Being Payin towards NSE Z",1,0.0,392.83,06/08/2026,06/08/2026
NSE-CAPITAL,"09/07/2026 09-07-26 REPBNK NSEMRGNPIPO 0.00 34,618.64 163,832.17 DR REPBNK Upstreamed Amount Collected",1,0.0,182200.7,09/07/2026,09/07/2026
NSE-CAPITAL,"10/04/2026 10-04-26 REPBNK Upstreamed Amount Collected 0.00 155,286.15 312.12 DR REPBNK Being Payin towards NSE M",1,0.0,312.12,10/04/2026,10/04/2026
NSE-CAPITAL,"08/07/2026 08-07-26 REPBNK NSEMRGNPIPO 0.00 19,166.83 6,673.52 CR REPBNK Upstreamed Amount Collected",1,0.0,123410.82,08/07/2026,08/07/2026
NSE-CAPITAL,"08/07/2026 09-07-26 BILL POSTED 486.66 0.00 15,257.72 CR BILL POSTED",1,0.0,370906.86,08/07/2026,08/07/2026
NSE-CAPITAL,"09/04/2026 09-04-26 REPBNK Upstreamed Amount Collected 0.00 121,326.76 297.80 DR REPBNK Being Payin towards NSE M",1,0.0,297.8,09/04/2026,09/04/2026
NSE-CAPITAL,"03/09/2026 03-09-26 MBILL 74,211.09 0.00 41,274.48 CR BILL POSTED",1,0.0,25591.86,03/09/2026,03/09/2026
MTF-MTF-TRADE,"19/05/2026 19-05-26 DBNOTE Being Margin Trf 0.00 41,179.11 53,282.07 DR CPAYIN MTF PAYIN",1,0.0,12609.13,19/05/2026,19/05/2026
MTF-MTF-TRADE,"14/08/2026 14-08-26 DBNOTE MTF PAYIN 22,976.73 0.00 367,007.01 DR DBNOTE MTF SELL PAYIN",1,0.0,2419.56,14/08/2026,14/08/2026
MTF-MTF-TRADE,"14/08/2026 14-08-26 DBNOTE Being Margin Trf 0.00 324.00 367,007.01 DR CPAYIN MTF PAYIN",1,0.0,22976.73,14/08/2026,14/08/2026
MTF-MTF-TRADE,"14/07/2026 14-07-26 MBILL 0.00 58,489.05 523,072.84 DR DBNOTE NSE Margin Payin",1,0.0,11761.17,14/07/2026,14/07/2026
MTF-MTF-TRADE,"14/07/2026 14-07-26 DBNOTE NSE Margin Payin 0.00 11,761.17 511,311.67 DR DBNOTE Being Margin Trf",1,0.0,2998.75,14/07/2026,14/07/2026
MTF-MTF-TRADE,"14/07/2026 14-07-26 DBNOTE MTF PAYIN 11,761.17 0.00 520,074.09 DR CPAYIN MTF PAYIN",1,0.0,11761.17,14/07/2026,14/07/2026
MTF-MTF-TRADE,"15/06/2026 15-06-26 DBNOTE NSE Margin Payout 8,258.23 0.00 450,528.62 DR DBNOTE Being Margin Trf",1,0.0,11239.38,15/06/2026,15/06/2026
NSE-CAPITAL,"24/08/2026 24-08-26 MBILL 19,140.00 0.00 7,065.00 DR BILL POSTED",1,0.0,72377.5,24/08/2026,24/08/2026
NSE-CAPITAL,"24/08/2026 24-08-26 JE Interest on NSE MTF380287853 78.42 0.00 32,049.34 CR REPBNK Upstreamed Amount Collected",1,0.0,21188.34,24/08/2026,24/08/2026
NSE-CAPITAL,"24/07/2026 24-07-26 DBNOTE NSE Margin Payout 0.00 31,676.24 164,388.24 DR DBNOTE Being Margin Trf",1,0.0,1764.25,24/07/2026,24/07/2026
NSE-CAPITAL,"24/07/2026 24-07-26 DBNOTE NSE Margin Payout 0.00 24,348.33 196,064.48 DR DBNOTE NSE Margin Payout",1,0.0,31676.24,24/07/2026,24/07/2026
NSE-CAPITAL,"25/06/2026 29-06-26 BILL POSTED 0.00 16,812.45 75,874.38 DR BILL POSTED",1,0.0,169331.1,25/06/2026,25/06/2026
NSE-CAPITAL,"25/06/2026 25-06-26 MBILL 157,373.40 0.00 92,686.83 DR BILL POSTED",1,0.0,16812.45,25/06/2026,25/06/2026
NSE-CAPITAL,"25/06/2026 25-06-26 DBNOTE NSE Margin Payout 0.00 84,658.58 6,575.39 DR DBNOTE Being Margin Trf",1,0.0,2446.13,25/06/2026,25/06/2026
NSE-CAPITAL,"25/06/2026 25-06-26 DBNOTE NSE Margin Payout 0.00 3,896.80 91,233.97 DR DBNOTE NSE Margin Payout",1,0.0,84658.58,25/06/2026,25/06/2026
NSE-CAPITAL,"17/08/2026 17-08-26 REPBNK 0.00 94.85 66,727.79 DR REPBNK Upstreamed Amount Collected",1,0.0,66324.63,17/08/2026,17/08/2026
NSE-CAPITAL,"26/05/2026 26-05-26 REPBNK Being Payin towards NSE M 0.00 328.30 44,229.37 DR REPBNK MTF repayment",1,0.0,19835.64,26/05/2026,26/05/2026
NSE-CAPITAL,"26/05/2026 26-05-26 REPBNK 0.00 94.34 44,557.67 DR REPBNK Being Payin towards NSE M",1,0.0,328.3,26/05/2026,26/05/2026
NSE-CAPITAL,"26/05/2026 26-05-26 MBILL 157,687.72 0.00 100,895.27 DR BILL POSTED",1,0.0,108343.7,26/05/2026,26/05/2026
NSE-CAPITAL,"26/05/2026 26-05-26 DBNOTE NSE Margin Payout 0.00 46,984.79 45,487.52 DR DBNOTE Being Margin Trf",1,0.0,929.85,26/05/2026,26/05/2026
NSE-CAPITAL,"25/08/2026 27-08-26 BILL POSTED 11,402.83 0.00 1,314.61 CR BILL POSTED",1,0.0,121713.52,25/08/2026,25/08/2026
NSE-CAPITAL,"21/05/2026 21-05-26 DBNOTE NSE Margin Payin 59,849.17 0.00 155,469.34 DR DBNOTE Being Margin Trf",1,0.0,753.75,21/05/2026,21/05/2026
NSE-CAPITAL,"20/08/2026 20-08-26 REPBNK MTF repayment 0.00 23,055.30 125,087.96 DR REPBNK Upstreamed Amount Collected",1,0.0,140039.27,20/08/2026,20/08/2026
NSE-CAPITAL,"22/05/2026 22-05-26 REPBNK NSEMRGNPIPO 0.00 43,705.64 65,646.00 DR REPBNK Upstreamed Amount Collected",1,0.0,70411.05,22/05/2026,22/05/2026
MTF-MTF-TRADE,"20/05/2026 20-05-26 MBILL 0.00 17,876.00 351,264.12 DR DBNOTE NSE Margin Payin",1,0.0,146210.65,20/05/2026,20/05/2026
MTF-MTF-TRADE,"20/05/2026 20-05-26 DBNOTE MTF PAYIN 146,210.65 0.00 351,628.42 DR CPAYIN MTF PAYIN",1,0.0,146210.65,20/05/2026,20/05/2026
MTF-MTF-TRADE,"21/05/2026 21-05-26 DBNOTE Being Margin Trf 753.75 0.00 401,299.48 DR CPAYIN MTF PAYIN",1,0.0,59849.17,21/05/2026,21/05/2026
MTF-MTF-TRADE,"21/05/2026 21-05-26 CPAYIN MTF SELL PAYIN 34,029.45 0.00 435,328.93 DR DBNOTE MTF SELL PAYIN",1,0.0,34029.45,21/05/2026,21/05/2026
MTF-MTF-TRADE,2026 DBNOTE NSE Margin Payin,26,0.0,914945.68,02/09/2026,31/07/2026
MTF-MTF-TRADE,"22/05/2026 22-05-26 DBNOTE MTF PAYIN 11,690.94 0.00 411,850.10 DR DBNOTE MTF SELL PAYIN",1,0.0,19491.02,22/05/2026,22/05/2026
MTF-MTF-TRADE,"22/05/2026 22-05-26 DBNOTE Being Margin Trf 0.00 44,459.39 411,850.10 DR CPAYIN MTF PAYIN",1,0.0,11690.94,22/05/2026,22/05/2026
NSE-CAPITAL,"25/05/2026 25-05-26 REPBNK NSEMRGNPIPO 0.00 5,194.15 67,834.74 DR REPBNK Upstreamed Amount Collected",1,0.0,67046.64,25/05/2026,25/05/2026
NSE-CAPITAL,CTD 2026 REPBNK MTF repayment,3,0.0,54863.1,13/08/2026,21/08/2026
NSE-CAPITAL,Being Interest recovered on OS BSE obligation REPBNK,7,0.0,39.550000000000004,01/08/2026,12/08/2026
NSE-CAPITAL,Being GST and MTF pledge Charges recovered REPBNK,38,0.0,10266.0,01/08/2026,31/07/2026
NSE-CAPITAL,"27/05/2026 27-05-26 REPBNK NSEMRGNPIPO 0.00 19,807.51 130,625.96 DR REPBNK Upstreamed Amount Collected",1,0.0,130622.56,27/05/2026,27/05/2026
NSE-CAPITAL,"27/04/2026 27-04-26 REPBNK Upstreamed Amount Collected 0.00 67,665.76 313.77 DR REPBNK Being Payin towards NSE M",1,0.0,313.77,27/04/2026,27/04/2026
NSE-CAPITAL,"27/04/2026 27-04-26 DBNOTE NSE Margin Payin 38,634.90 0.00 67,979.53 DR REPBNK Upstreamed Amount Collected",1,0.0,67665.76,27/04/2026,27/04/2026
NSE-CAPITAL,"26/08/2026 26-08-26 DBNOTE NSE Margin Payin 35,583.05 0.00 93,677.46 CR DBNOTE Being Margin Trf",1,0.0,26.25,26/08/2026,26/08/2026
NSE-CAPITAL,"26/05/2026 26-05-26 REPBNK MTF repayment 0.00 19,835.64 24,393.73 DR REPBNK Upstreamed Amount Collected",1,0.0,66159.71,26/05/2026,26/05/2026
NSE-CAPITAL,"28/04/2026 28-04-26 REPBNK Upstreamed Amount Collected 0.00 105,913.07 466.44 DR REPBNK Being Payin towards NSE M",1,0.0,466.44,28/04/2026,28/04/2026
NSE-CAPITAL,"28/04/2026 28-04-26 DBNOTE NSE Margin Payin 44,726.26 0.00 106,379.51 DR REPBNK Upstreamed Amount Collected",1,0.0,105913.07,28/04/2026,28/04/2026
NSE-CAPITAL,"27/08/2026 27-08-26 REPBNK 0.00 81.22 81,881.42 DR REPBNK Upstreamed Amount Collected",1,0.0,84085.17,27/08/2026,27/08/2026
NSE-CAPITAL,"27/05/2026 27-05-26 REPBNK Upstreamed Amount Collected 0.00 130,622.56 3.40 DR REPBNK Being Payin towards NSE M",1,0.0,3.52,27/05/2026,27/05/2026
NSE-CAPITAL,"28/08/2026 28-08-26 REPBNK Upstreamed Amount Collected 0.00 129,979.68 62,374.50 CR REPBNK NSEMRGNPIPO",1,0.0,39140.35,28/08/2026,28/08/2026
NSE-CAPITAL,"28/08/2026 28-08-26 JE Interest on NSE MTF381057723 80.94 0.00 67,605.18 DR REPBNK Upstreamed Amount Collected",1,0.0,129979.68,28/08/2026,28/08/2026
NSE-CAPITAL,"28/07/2026 28-07-26 REPBNK 0.00 75.70 78,771.83 CR REPBNK Upstreamed Amount Collected",1,0.0,12001.12,28/07/2026,28/07/2026
MTF-MTF-TRADE,"19/05/2026 19-05-26 DBNOTE NSE Margin Payin 0.00 12,609.13 94,461.18 DR DBNOTE Being Margin Trf",1,0.0,41179.11,19/05/2026,19/05/2026
NSE-CAPITAL,"29/05/2026 29-05-26 REPBNK 0.00 94.51 90,071.34 DR REPBNK MTF repayment",1,0.0,9510.36,29/05/2026,29/05/2026
NSE-CAPITAL,"29/04/2026 29-04-26 REPBNK Upstreamed Amount Collected 0.00 65,248.32 22,943.06 CR REPBNK NSEMRGNPIPO",1,0.0,23274.78,29/04/2026,29/04/2026
NSE-CAPITAL,"29/04/2026 29-04-26 DBNOTE NSE Margin Payin 36,580.90 0.00 42,827.56 DR DBNOTE Being Margin Trf",1,0.0,304.0,29/04/2026,29/04/2026
NSE-CAPITAL,"24/04/2026 24-04-26 REPBNK Upstreamed Amount Collected 0.00 53,259.38 131.29 DR REPBNK Being Payin towards NSE M",1,0.0,131.29,24/04/2026,24/04/2026
MTF-MTF-TRADE,"17/08/2026 17-08-26 MBILL 0.00 29,970.00 376,829.26 DR DBNOTE NSE Margin Payin",1,0.0,982.64,17/08/2026,17/08/2026
MTF-MTF-TRADE,"17/08/2026 17-08-26 DBNOTE NSE Margin Payin 0.00 982.64 375,846.62 DR DBNOTE Being Margin Trf",1,0.0,2502.5,17/08/2026,17/08/2026
MTF-MTF-TRADE,"17/08/2026 17-08-26 DBNOTE MTF PAYIN 982.64 0.00 373,344.12 DR DBNOTE MTF SELL PAYIN",1,0.0,8070.57,17/08/2026,17/08/2026
MTF-MTF-TRADE,"17/08/2026 17-08-26 DBNOTE Being Margin Trf 0.00 2,502.50 373,344.12 DR CPAYIN MTF PAYIN",1,0.0,982.64,17/08/2026,17/08/2026
MTF-MTF-TRADE,"18/08/2026 18-08-26 CPAYIN MTF SELL PAYIN 6,052.95 0.00 369,427.52 DR DBNOTE MTF SELL PAYIN",1,0.0,6052.95,18/08/2026,18/08/2026
MTF-MTF-TRADE,"18/06/2026 18-06-26 MBILL 0.00 256,193.49 625,019.37 DR DBNOTE NSE Margin Payin",1,0.0,33478.42,18/06/2026,18/06/2026
MTF-MTF-TRADE,"18/06/2026 18-06-26 DBNOTE NSE Margin Payin 0.00 33,478.42 591,540.95 DR DBNOTE Being Margin Trf",1,0.0,5239.34,18/06/2026,18/06/2026
MTF-MTF-TRADE,"04/08/2026 04-08-26 DBNOTE Being Margin Trf 4,952.20 0.00 350,945.98 DR CPAYIN MTF PAYIN",1,0.0,66937.47,04/08/2026,04/08/2026
MTF-MTF-TRADE,"18/06/2026 18-06-26 CPAYIN MTF SELL PAYIN 88,310.36 0.00 674,611.97 DR DBNOTE MTF SELL PAYIN",1,0.0,88310.36,18/06/2026,18/06/2026
MTF-MTF-TRADE,"19/06/2026 19-06-26 DBNOTE MTF PAYIN 56,845.62 0.00 748,350.89 DR CPAYIN MTF PAYIN",1,0.0,56845.62,19/06/2026,19/06/2026
MTF-MTF-TRADE,"19/06/2026 19-06-26 CPAYIN MTF PAYIN 0.00 56,845.62 691,505.27 DR DBNOTE MTF SELL PAYIN",1,0.0,13031.0,19/06/2026,19/06/2026
NSE-CAPITAL,"29/05/2026 29-05-26 REPBNK MTF repayment 0.00 9,510.36 80,560.98 DR REPBNK Upstreamed Amount Collected",1,0.0,204297.74,29/05/2026,29/05/2026
NSE-CAPITAL,"19/08/2026 19-08-26 DBNOTE NSE Margin Payin 3,941.92 0.00 45,237.41 DR DBNOTE NSE Margin Payout",1,0.0,67278.6,19/08/2026,19/08/2026
NSE-CAPITAL,"20/07/2026 20-07-26 JE Interest on NSE MTF373684390 160.88 0.00 75,522.62 DR REPBNK Upstreamed Amount Collected",1,0.0,75321.37,20/07/2026,20/07/2026
NSE-CAPITAL,"20/05/2026 20-05-26 DBNOTE NSE Margin Payin 146,210.65 0.00 315,868.33 DR DBNOTE Being Margin Trf",1,0.0,364.3,20/05/2026,20/05/2026
NSE-CAPITAL,"19/08/2026 20-08-26 BILL POSTED 0.00 12,357.31 97,027.46 DR BILL POSTED",1,0.0,182171.1,19/08/2026,19/08/2026
NSE-CAPITAL,"19/08/2026 19-08-26 REPBNK Upstreamed Amount Collected 0.00 58,853.73 80,366.32 CR REPBNK NSEMRGNPIPO",1,0.0,3941.92,19/08/2026,19/08/2026
NSE-CAPITAL,"20/08/2026 20-08-26 DBNOTE NSE Margin Payout 0.00 16,020.53 152,038.00 DR DBNOTE Being Margin Trf",1,0.0,3995.4,20/08/2026,20/08/2026
NSE-CAPITAL,"20/07/2026 20-07-26 REPBNK Upstreamed Amount Collected 0.00 75,321.37 201.25 DR REPBNK Being Payin towards NSE M",1,0.0,201.38,20/07/2026,20/07/2026
NSE-CAPITAL,"16/07/2026 16-07-26 DBNOTE NSE Margin Payin 43,109.45 0.00 47,802.20 DR DBNOTE Being Margin Trf",1,0.0,2553.55,16/07/2026,16/07/2026
NSE-CAPITAL,"16/06/2026 16-06-26 REPBNK Upstreamed Amount Collected 0.00 104,981.26 445.40 DR REPBNK Being Payin towards NSE M",1,0.0,445.6,16/06/2026,16/06/2026
NSE-CAPITAL,"16/06/2026 16-06-26 REPBNK NSEMRGNPIPO 0.00 20,569.48 105,426.66 DR REPBNK Upstreamed Amount Collected",1,0.0,104981.26,16/06/2026,16/06/2026
MTF-MTF-TRADE,"26/05/2026 26-05-26 CPAYIN MTF SELL PAYIN 37,302.14 0.00 415,243.50 DR DBNOTE MTF SELL PAYIN",1,0.0,37302.14,26/05/2026,26/05/2026
MTF-MTF-TRADE,"25/08/2026 25-08-26 DBNOTE NSE Margin Payout 12,418.23 0.00 278,488.79 DR DBNOTE Being Margin Trf",1,0.0,828.69,25/08/2026,25/08/2026
MTF-MTF-TRADE,"25/08/2026 25-08-26 DBNOTE Being Margin Trf 0.00 828.69 277,660.10 DR DBNOTE MTF SELL PAYIN",1,0.0,2443.05,25/08/2026,25/08/2026
MTF-MTF-TRADE,"27/05/2026 27-05-26 DBNOTE MTF PAYIN 5,701.01 0.00 387,823.94 DR CPAYIN MTF PAYIN",1,0.0,5701.01,27/05/2026,27/05/2026
MTF-MTF-TRADE,"27/05/2026 27-05-26 CPAYIN MTF PAYIN 0.00 5,701.01 382,122.93 DR DBNOTE MTF SELL PAYIN",1,0.0,19155.07,27/05/2026,27/05/2026
MTF-MTF-TRADE,"21/08/2026 21-08-26 CPAYIN MTF SELL PAYIN 38,072.51 0.00 356,999.40 DR DBNOTE MTF SELL PAYIN",1,0.0,38072.51,21/08/2026,21/08/2026
MTF-MTF-TRADE,"28/04/2026 28-04-26 CMTM MTF MTM REV 228.99 0.00 147,755.43 DR DBNOTE MTF MTM REV",1,0.0,228.99,28/04/2026,28/04/2026
MTF-MTF-TRADE,"27/08/2026 27-08-26 DBNOTE NSE Margin Payin 0.00 951.43 336,819.93 DR DBNOTE Being Margin Trf",1,0.0,1484.66,27/08/2026,27/08/2026
MTF-MTF-TRADE,"27/08/2026 27-08-26 DBNOTE Being Margin Trf 0.00 1,484.66 335,335.27 DR CPAYIN MTF PAYIN",1,0.0,951.43,27/08/2026,27/08/2026
MTF-MTF-TRADE,"27/08/2026 27-08-26 CPAYIN MTF SELL PAYIN 3,299.68 0.00 338,634.95 DR DBNOTE MTF SELL PAYIN",1,0.0,3299.68,27/08/2026,27/08/2026
MTF-MTF-TRADE,"27/05/2026 27-05-26 DBNOTE NSE Margin Payin 0.00 5,701.01 403,898.64 DR DBNOTE Being Margin Trf",1,0.0,21775.71,27/05/2026,27/05/2026
MTF-MTF-TRADE,"22/07/2026 22-07-26 CPAYIN MTF SELL PAYIN 10,432.03 0.00 405,082.05 DR DBNOTE MTF SELL PAYIN",1,0.0,10432.03,22/07/2026,22/07/2026
MTF-MTF-TRADE,"22/06/2026 22-06-26 DBNOTE NSE Margin Payout 27,487.32 0.00 697,522.19 DR DBNOTE Being Margin Trf",1,0.0,1606.08,22/06/2026,22/06/2026
MTF-MTF-TRADE,"22/06/2026 22-06-26 DBNOTE Being Margin Trf 0.00 1,606.08 695,916.11 DR DBNOTE MTF SELL PAYIN",1,0.0,62743.76,22/06/2026,22/06/2026
MTF-MTF-TRADE,"22/05/2026 22-05-26 MBILL 0.00 45,514.05 468,000.43 DR DBNOTE NSE Margin Payin",1,0.0,11690.94,22/05/2026,22/05/2026
MTF-MTF-TRADE,"22/05/2026 22-05-26 DBNOTE NSE Margin Payin 0.00 11,690.94 456,309.49 DR DBNOTE Being Margin Trf",1,0.0,44459.39,22/05/2026,22/05/2026
MTF-MTF-TRADE,"23/07/2026 23-07-26 CPAYIN MTF SELL PAYIN 78,823.21 0.00 360,201.92 DR DBNOTE MTF SELL PAYIN",1,0.0,78823.21,23/07/2026,23/07/2026
NSE-CAPITAL,"17/07/2026 17-07-26 DBNOTE NSE Margin Payout 0.00 166,129.92 471,334.49 DR DBNOTE NSE Margin Payout",1,0.0,8822.97,17/07/2026,17/07/2026
NSE-CAPITAL,"17/06/2026 17-06-26 DBNOTE NSE Margin Payin 148,671.64 0.00 167,379.74 DR DBNOTE Being Margin Trf",1,0.0,199.1,17/06/2026,17/06/2026
NSE-CAPITAL,"18/05/2026 18-05-26 DBNOTE NSE Margin Payout 0.00 96,708.37 47,589.31 DR DBNOTE Being Margin Trf",1,0.0,4134.6,18/05/2026,18/05/2026
NSE-CAPITAL,"17/08/2026 17-08-26 REPBNK Upstreamed Amount Collected 0.00 66,324.63 403.16 DR REPBNK Being Payin towards NSE Z",1,0.0,298.34,17/08/2026,17/08/2026
MTF-MTF-TRADE,"26/08/2026 26-08-26 DBNOTE MTF PAYIN 35,583.05 0.00 368,122.10 DR CPAYIN MTF PAYIN",1,0.0,35583.05,26/08/2026,26/08/2026
MTF-MTF-TRADE,"21/05/2026 21-05-26 MBILL 0.00 66,515.90 460,394.90 DR DBNOTE NSE Margin Payin",1,0.0,59849.17,21/05/2026,21/05/2026
MTF-MTF-TRADE,"17/07/2026 17-07-26 DBNOTE NSE Margin Payout 8,822.97 0.00 388,585.43 DR DBNOTE Being Margin Trf",1,0.0,5529.58,17/07/2026,17/07/2026
MTF-MTF-TRADE,"17/07/2026 17-07-26 DBNOTE Being Margin Trf 0.00 5,529.58 383,055.85 DR DBNOTE MTF SELL PAYIN",1,0.0,95295.26,17/07/2026,17/07/2026
MTF-MTF-TRADE,"17/06/2026 17-06-26 MBILL 0.00 72,523.45 775,328.85 DR DBNOTE NSE Margin Payin",1,0.0,148671.64,17/06/2026,17/06/2026
MTF-MTF-TRADE,"17/06/2026 17-06-26 DBNOTE Being Margin Trf 199.10 0.00 626,856.31 DR CPAYIN MTF PAYIN",1,0.0,148671.64,17/06/2026,17/06/2026
NSE-CAPITAL,"22/04/2026 22-04-26 REPBNK Upstreamed Amount Collected 0.00 44,863.79 200.92 CR BILL POSTED",1,0.0,5057.71,23/04/2026,23/04/2026
NSE-CAPITAL,"21/08/2026 21-08-26 REPBNK MTF repayment 0.00 18,837.60 40,995.88 DR REPBNK Upstreamed Amount Collected",1,0.0,170669.89,21/08/2026,21/08/2026
NSE-CAPITAL,"22/07/2026 22-07-26 REPBNK 0.00 102.81 69,513.23 CR REPBNK Upstreamed Amount Collected",1,0.0,39240.71,22/07/2026,22/07/2026
NSE-CAPITAL,"22/07/2026 22-07-26 DBNOTE NSE Margin Payout 0.00 7,157.15 67,920.42 CR DBNOTE NSE Margin Payout",1,0.0,1563.31,22/07/2026,22/07/2026
NSE-CAPITAL,"23/07/2026 23-07-26 DBNOTE NSE Margin Payout 0.00 90,232.47 11,852.21 CR DBNOTE Being Margin Trf",1,0.0,2964.46,23/07/2026,23/07/2026
NSE-CAPITAL,"23/07/2026 23-07-26 DBNOTE NSE Margin Payout 0.00 4,765.21 78,380.26 DR DBNOTE NSE Margin Payout",1,0.0,90232.47,23/07/2026,23/07/2026
NSE-CAPITAL,"23/06/2026 23-06-26 MBILL 349,994.76 0.00 325,124.74 DR BILL POSTED",1,0.0,11748.1,23/06/2026,23/06/2026
NSE-CAPITAL,"23/06/2026 23-06-26 DBNOTE NSE Margin Payout 0.00 19,055.14 191,129.50 DR DBNOTE NSE Margin Payout",1,0.0,140071.41,23/06/2026,23/06/2026
NSE-CAPITAL,"23/06/2026 23-06-26 DBNOTE NSE Margin Payout 0.00 140,071.41 51,058.09 DR DBNOTE Being Margin Trf",1,0.0,5366.15,23/06/2026,23/06/2026
NSE-CAPITAL,"19/06/2026 19-06-26 JE Interest on NSE MTF368157163 125.83 0.00 166,026.39 DR REPBNK Upstreamed Amount Collected",1,0.0,184804.76,19/06/2026,19/06/2026
MTF-MTF-TRADE,"20/07/2026 20-07-26 DBNOTE NSE Margin Payin 0.00 32,115.87 407,769.28 DR CPAYIN MTF PAYIN",1,0.0,32115.87,20/07/2026,20/07/2026
MTF-MTF-TRADE,"20/08/2026 20-08-26 CPAYIN MTF SELL PAYIN 12,462.58 0.00 308,177.26 DR DBNOTE MTF SELL PAYIN",1,0.0,12462.58,20/08/2026,20/08/2026
MTF-MTF-TRADE,"19/06/2026 19-06-26 DBNOTE NSE Margin Payin 0.00 56,845.62 692,826.78 DR DBNOTE Being Margin Trf",1,0.0,1321.51,19/06/2026,19/06/2026
MTF-MTF-TRADE,"19/06/2026 19-06-26 MBILL 0.00 68,781.51 749,672.40 DR DBNOTE NSE Margin Payin",1,0.0,56845.62,19/06/2026,19/06/2026
MTF-MTF-TRADE,"19/08/2026 19-08-26 CPAYIN MTF SELL PAYIN 46,143.38 0.00 362,634.28 DR DBNOTE MTF SELL PAYIN",1,0.0,46143.38,19/08/2026,19/08/2026
MTF-MTF-TRADE,"19/08/2026 19-08-26 DBNOTE NSE Margin Payout 67,278.60 0.00 317,326.30 DR DBNOTE Being Margin Trf",1,0.0,835.4,19/08/2026,19/08/2026
MTF-MTF-TRADE,"20/05/2026 20-05-26 CPAYIN MTF PAYIN 0.00 146,210.65 205,417.77 DR DBNOTE MTF SELL PAYIN",1,0.0,6529.83,20/05/2026,20/05/2026
MTF-MTF-TRADE,"24/08/2026 24-08-26 DBNOTE NSE Margin Payout 6,803.91 0.00 306,590.80 DR DBNOTE MTF SELL PAYIN",1,0.0,5840.0,24/08/2026,24/08/2026
NSE-CAPITAL,"19/05/2026 19-05-26 REPBNK Upstreamed Amount Collected 0.00 267,114.30 561.62 DR REPBNK Being Payin towards NSE M",1,0.0,561.66,19/05/2026,19/05/2026
MTF-MTF-TRADE,"24/06/2026 24-06-26 CPAYIN MTF SELL PAYIN 25,103.05 0.00 585,113.94 DR DBNOTE MTF SELL PAYIN",1,0.0,25103.05,24/06/2026,24/06/2026
MTF-MTF-TRADE,"24/06/2026 24-06-26 DBNOTE NSE Margin Payout 12,756.56 0.00 560,873.88 DR DBNOTE Being Margin Trf",1,0.0,862.99,24/06/2026,24/06/2026
MTF-MTF-TRADE,"24/07/2026 24-07-26 CPAYIN MTF SELL PAYIN 29,276.75 0.00 216,397.33 DR DBNOTE MTF SELL PAYIN",1,0.0,29276.75,24/07/2026,24/07/2026
MTF-MTF-TRADE,"23/06/2026 23-06-26 DBNOTE Being Margin Trf 5,366.15 0.00 510,414.05 DR DBNOTE MTF SELL PAYIN",1,0.0,97816.89,23/06/2026,23/06/2026
NSE-CAPITAL,"19/08/2026 19-08-26 MBILL 118,879.75 0.00 109,384.77 DR BILL POSTED",1,0.0,12357.31,19/08/2026,19/08/2026
NSE-CAPITAL,"18/08/2026 18-08-26 DBNOTE NSE Margin Payout 0.00 2,355.45 104,456.21 DR DBNOTE Being Margin Trf",1,0.0,21.0,18/08/2026,18/08/2026
NSE-CAPITAL,"18/08/2026 18-08-26 REPBNK Upstreamed Amount Collected 0.00 103,932.73 425.78 DR REPBNK Being Payin towards NSE M",1,0.0,425.96,18/08/2026,18/08/2026
NSE-CAPITAL,"19/05/2026 19-05-26 REPBNK NSEMRGNPIPO 0.00 41,179.11 267,675.92 DR REPBNK Upstreamed Amount Collected",1,0.0,267114.3,19/05/2026,19/05/2026
MTF-MTF-TRADE,"25/05/2026 25-05-26 CPAYIN MTF SELL PAYIN 17,928.63 0.00 448,062.52 DR DBNOTE MTF SELL PAYIN",1,0.0,17928.63,25/05/2026,25/05/2026
