file,segment,date,raw_label,debit,credit,balance,sfx
421201_8509005322622_20260713_1115464_SOFW.txt,MTF-MTF-TRADE,06/07/2026,MBILL POSITION CLOSE FOR BILL DATE Jul 6 2026 202600000064,0.0,81831.45,537030.24,DR
421201_8509005322622_20260713_1115464_SOFW.txt,MTF-MTF-TRADE,06/07/2026,MTF BILL FOR 2026124-M BILL DATE Jul 6 2026124 MBILL 202600000064,123669.26,0.0,660699.5,DR
421201_8509005322622_20260713_1115464_SOFW.txt,MTF-MTF-TRADE,06/07/2026,2026 DBNOTE NSE Margin Payin 8503169324 202609074565,0.0,28901.28,631798.22,DR
421201_8509005322622_20260713_1115464_SOFW.txt,MTF-MTF-TRADE,06/07/2026,"06/07/2026 06-07-26 DBNOTE NSE Margin Payin 8503169324 202609074565 0.00 28,901.28 631,798.22 DR DBNOTE Being Margin Trf 8503169324 202609144283",0.0,1112.84,630685.38,DR
421201_8509005322622_20260713_1115464_SOFW.txt,MTF-MTF-TRADE,06/07/2026,"06/07/2026 06-07-26 DBNOTE Being Margin Trf 8503169324 202609144283 0.00 1,112.84 630,685.38 DR DBNOTE 10.MTF PAYIN 202609152264",28901.28,0.0,659586.66,DR
421201_8509005322622_20260713_1115464_SOFW.txt,MTF-MTF-TRADE,06/07/2026,"06/07/2026 06-07-26 DBNOTE 10.MTF PAYIN 202609152264 28,901.28 0.00 659,586.66 DR CPAYIN 11.MTF PAYIN 202609152264",0.0,28901.28,630685.38,DR
421201_8509005322622_20260713_1115464_SOFW.txt,MTF-MTF-TRADE,06/07/2026,"06/07/2026 06-07-26 CPAYIN 11.MTF PAYIN 202609152264 0.00 28,901.28 630,685.38 DR CPAYIN 21.MTF SELL PAYIN 202609169852",14793.74,0.0,645479.12,DR
421201_8509005322622_20260713_1115464_SOFW.txt,MTF-MTF-TRADE,06/07/2026,"06/07/2026 06-07-26 CPAYIN 21.MTF SELL PAYIN 202609169852 14,793.74 0.00 645,479.12 DR DBNOTE 17.MTF SELL PAYIN 202609169852",0.0,14793.74,630685.38,DR
421201_8509005322622_20260713_1115464_SOFW.txt,MTF-MTF-TRADE,07/07/2026,"06/07/2026 06-07-26 DBNOTE 17.MTF SELL PAYIN 202609169852 0.00 14,793.74 630,685.38 DR MBILL POSITION CLOSE FOR BILL DATE Jul 7 2026 202600000065",0.0,322206.95,308478.43,DR
421201_8509005322622_20260713_1115464_SOFW.txt,MTF-MTF-TRADE,07/07/2026,MTF BILL FOR 2026125-M BILL DATE Jul 7 2026125 MBILL 202600000065,70900.72,0.0,379379.15,DR
421201_8509005322622_20260713_1115464_SOFW.txt,MTF-MTF-TRADE,07/07/2026,2026 DBNOTE NSE Margin Payout 8503169324 202609220136,113625.02,0.0,493004.17,DR
421201_8509005322622_20260713_1115464_SOFW.txt,MTF-MTF-TRADE,07/07/2026,"07/07/2026 07-07-26 DBNOTE NSE Margin Payout 8503169324 202609220136 113,625.02 0.00 493,004.17 DR DBNOTE Being Margin Trf 8503169324 202609289344",0.0,1616.45,491387.72,DR
421201_8509005322622_20260713_1115464_SOFW.txt,MTF-MTF-TRADE,07/07/2026,"07/07/2026 07-07-26 DBNOTE Being Margin Trf 8503169324 202609289344 0.00 1,616.45 491,387.72 DR CPAYIN 21.MTF SELL PAYIN 202609314995",49287.81,0.0,540675.53,DR
421201_8509005322622_20260713_1115464_SOFW.txt,MTF-MTF-TRADE,07/07/2026,"07/07/2026 07-07-26 CPAYIN 21.MTF SELL PAYIN 202609314995 49,287.81 0.00 540,675.53 DR DBNOTE 17.MTF SELL PAYIN 202609314995",0.0,49287.81,491387.72,DR
421201_8509005322622_20260713_1115464_SOFW.txt,MTF-MTF-TRADE,07/07/2026,24.MTF CASH EXCESS REV AFTER PAYIN DBNOTE 202609328853,0.0,0.01,491387.71,DR
421201_8509005322622_20260713_1115464_SOFW.txt,MTF-MTF-TRADE,07/07/2026,23.MTF CASH EXCESS REV AFTER PAYIN CPAYIN 202609328853,0.01,0.0,491387.72,DR
421201_8509005322622_20260713_1115464_SOFW.txt,MTF-MTF-TRADE,08/07/2026,ALLOCATION DATE MBILL POSITION CLOSE FOR BILL DATE Jul 8 2026 202600000066,0.0,341210.83,150176.89,DR
421201_8509005322622_20260713_1115464_SOFW.txt,MTF-MTF-TRADE,08/07/2026,MTF BILL FOR 2026126-M BILL DATE Jul 8 2026126 MBILL 202600000066,104470.65,0.0,254647.54,DR
421201_8509005322622_20260713_1115464_SOFW.txt,MTF-MTF-TRADE,08/07/2026,2026 DBNOTE NSE Margin Payout 8503169324 202609366343,116891.68,0.0,371539.22,DR
421201_8509005322622_20260713_1115464_SOFW.txt,MTF-MTF-TRADE,08/07/2026,"08/07/2026 08-07-26 DBNOTE NSE Margin Payout 8503169324 202609366343 116,891.68 0.00 371,539.22 DR DBNOTE Being Margin Trf 8503169324 202609442474",0.0,22762.55,348776.67,DR
421201_8509005322622_20260713_1115464_SOFW.txt,MTF-MTF-TRADE,08/07/2026,DBNOTE 17.MTF SELL PAYIN 202609479224,0.0,44646.12,304130.55,DR
421201_8509005322622_20260713_1115464_SOFW.txt,MTF-MTF-TRADE,08/07/2026,"08/07/2026 08-07-26 DBNOTE 17.MTF SELL PAYIN 202609479224 0.00 44,646.12 304,130.55 DR CPAYIN 21.MTF SELL PAYIN 202609479224",44646.12,0.0,348776.67,DR
421201_8509005322622_20260713_1115464_SOFW.txt,MTF-MTF-TRADE,09/07/2026,"08/07/2026 08-07-26 CPAYIN 21.MTF SELL PAYIN 202609479224 44,646.12 0.00 348,776.67 DR MBILL POSITION CLOSE FOR BILL DATE Jul 9 2026 202600000067",0.0,49553.0,299223.67,DR
421201_8509005322622_20260713_1115464_SOFW.txt,MTF-MTF-TRADE,09/07/2026,MTF BILL FOR 2026127-M BILL DATE Jul 9 2026127 MBILL 202600000067,134419.75,0.0,433643.42,DR
421201_8509005322622_20260713_1115464_SOFW.txt,MTF-MTF-TRADE,09/07/2026,2026 DBNOTE NSE Margin Payin 8503169324 202609524136,0.0,40167.8,393475.62,DR
421201_8509005322622_20260713_1115464_SOFW.txt,MTF-MTF-TRADE,09/07/2026,"09/07/2026 09-07-26 DBNOTE NSE Margin Payin 8503169324 202609524136 0.00 40,167.80 393,475.62 DR DBNOTE Being Margin Trf 8503169324 202609601872",0.0,32627.74,360847.88,DR
421201_8509005322622_20260713_1115464_SOFW.txt,MTF-MTF-TRADE,09/07/2026,"09/07/2026 09-07-26 DBNOTE Being Margin Trf 8503169324 202609601872 0.00 32,627.74 360,847.88 DR CPAYIN 11.MTF PAYIN 202609621069",0.0,40167.8,320680.08,DR
421201_8509005322622_20260713_1115464_SOFW.txt,MTF-MTF-TRADE,09/07/2026,"09/07/2026 09-07-26 CPAYIN 11.MTF PAYIN 202609621069 0.00 40,167.80 320,680.08 DR DBNOTE 10.MTF PAYIN 202609621069",40167.8,0.0,360847.88,DR
421201_8509005322622_20260713_1115464_SOFW.txt,MTF-MTF-TRADE,09/07/2026,"09/07/2026 09-07-26 DBNOTE 10.MTF PAYIN 202609621069 40,167.80 0.00 360,847.88 DR DBNOTE 17.MTF SELL PAYIN 202609636720",0.0,11468.77,349379.11,DR
421201_8509005322622_20260713_1115464_SOFW.txt,MTF-MTF-TRADE,09/07/2026,"09/07/2026 09-07-26 DBNOTE 17.MTF SELL PAYIN 202609636720 0.00 11,468.77 349,379.11 DR CPAYIN 21.MTF SELL PAYIN 202609636720",11468.77,0.0,360847.88,DR
421201_8509005322622_20260713_1115464_SOFW.txt,MTF-MTF-TRADE,10/07/2026,MTF BILL FOR 2026128-M BILL DATE Jul 10 2026128 MBILL 202600000068,148197.3,0.0,509045.18,DR
421201_8509005322622_20260713_1115464_SOFW.txt,MTF-MTF-TRADE,10/07/2026,2026 DBNOTE NSE Margin Payin 8503169324 202609682292,0.0,81684.32,427360.86,DR
421201_8509005322622_20260713_1115464_SOFW.txt,MTF-MTF-TRADE,10/07/2026,"10/07/2026 10-07-26 DBNOTE NSE Margin Payin 8503169324 202609682292 0.00 81,684.32 427,360.86 DR DBNOTE 10.MTF PAYIN 202609769648",81684.32,0.0,509045.18,DR
421201_8509005322622_20260713_1115464_SOFW.txt,MTF-MTF-TRADE,10/07/2026,"10/07/2026 10-07-26 DBNOTE 10.MTF PAYIN 202609769648 81,684.32 0.00 509,045.18 DR CPAYIN 11.MTF PAYIN 202609769648",0.0,81684.32,427360.86,DR
421201_8509005322622_20260713_1115464_SOFW.txt,MTF-MTF-TRADE,10/07/2026,23.MTF CASH EXCESS REV AFTER PAYIN CPAYIN 202609796939,0.05,0.0,427360.91,DR
421201_8509005322622_20260713_1115464_SOFW.txt,MTF-MTF-TRADE,10/07/2026,24.MTF CASH EXCESS REV AFTER PAYIN DBNOTE 202609796939,0.0,0.05,427360.86,DR
421201_8509005322622_20260713_1115464_SOFW.txt,NSE-CAPITAL,06/07/2026,MBILL POSITION CLOSE FOR BILL DATE Jul 6 2026 202600000064,81831.45,0.0,60027.23,DR
421201_8509005322622_20260713_1115464_SOFW.txt,NSE-CAPITAL,06/07/2026,MTF BILL FOR 2026124-M BILL DATE Jul 6 MBILL 202600000064,0.0,123669.26,63642.03,CR
421201_8509005322622_20260713_1115464_SOFW.txt,NSE-CAPITAL,06/07/2026,2026 2026124 BILL SETTNO=2026124NSECMMBILL POSTED 202600000293,16366.07,0.0,47275.96,CR
421201_8509005322622_20260713_1115464_SOFW.txt,NSE-CAPITAL,06/07/2026,"06/07/2026 07-07-26 2026124 BILL SETTNO=2026124NSECMMBILL POSTED 202600000293 16,366.07 0.00 47,275.96 CR 2026124 BILL SETTNO=2026124NSECMZBILL POSTED 202600000294",32600.09,0.0,14675.87,CR
421201_8509005322622_20260713_1115464_SOFW.txt,NSE-CAPITAL,06/07/2026,"06/07/2026 07-07-26 2026124 BILL SETTNO=2026124NSECMZBILL POSTED 202600000294 32,600.09 0.00 14,675.87 CR 1299957 PAYBNK Being Payout towards NSE Z 2026123 202607035939",17470.63,0.0,2794.76,DR
421201_8509005322622_20260713_1115464_SOFW.txt,NSE-CAPITAL,06/07/2026,"06/07/2026 06-07-26 1299957 PAYBNK Being Payout towards NSE Z 2026123 202607035939 17,470.63 0.00 2,794.76 DR 1299957 PAYBNK Being Payout towards NSE M 2026123 202607052454",3979.83,0.0,6774.59,DR
421201_8509005322622_20260713_1115464_SOFW.txt,NSE-CAPITAL,06/07/2026,Upstreamed Amount Released from Upstream 1300170 PAYBNK 202607089076,72061.76,0.0,78836.35,DR
421201_8509005322622_20260713_1115464_SOFW.txt,NSE-CAPITAL,06/07/2026,balance DBNOTE NSE Margin Payin 8503169324 202617294926,28901.28,0.0,107737.63,DR
421201_8509005322622_20260713_1115464_SOFW.txt,NSE-CAPITAL,06/07/2026,"06/07/2026 06-07-26 DBNOTE NSE Margin Payin 8503169324 202617294926 28,901.28 0.00 107,737.63 DR DBNOTE Being Margin Trf 8503169324 202617323917",1112.84,0.0,108850.47,DR
421201_8509005322622_20260713_1115464_SOFW.txt,NSE-CAPITAL,06/07/2026,Being payout of EQ settlement 2026123 JE 202621583517,0.0,180.66,108669.81,DR
421201_8509005322622_20260713_1115464_SOFW.txt,NSE-CAPITAL,06/07/2026,Being payout of EQ settlement 2026123 JE 202621593851,236.0,0.0,108905.81,DR
421201_8509005322622_20260713_1115464_SOFW.txt,NSE-CAPITAL,06/07/2026,Being payout of EQ settlement 2026123 JE 202621627293,176.77,0.0,109082.58,DR
421201_8509005322622_20260713_1115464_SOFW.txt,NSE-CAPITAL,06/07/2026,Being payout of EQ settlement 2026123 JE 202621640865,0.0,176.77,108905.81,DR
421201_8509005322622_20260713_1115464_SOFW.txt,NSE-CAPITAL,06/07/2026,Being payout of EQ settlement 2026123 JE 202621677950,0.0,236.0,108669.81,DR
421201_8509005322622_20260713_1115464_SOFW.txt,NSE-CAPITAL,06/07/2026,Being payout of EQ settlement 2026123 JE 202621734088,0.0,47.2,108622.61,DR
421201_8509005322622_20260713_1115464_SOFW.txt,NSE-CAPITAL,06/07/2026,Being payout of EQ settlement 2026123 JE 202621786146,0.0,176.77,108445.84,DR
421201_8509005322622_20260713_1115464_SOFW.txt,NSE-CAPITAL,06/07/2026,adjusted aga JE Interest on NSE MTF371097804 202621794613,176.77,0.0,108622.61,DR
421201_8509005322622_20260713_1115464_SOFW.txt,NSE-CAPITAL,06/07/2026,"06/07/2026 06-07-26 JE Interest on NSE MTF371097804 202621794613 176.77 0.00 108,622.61 DR JE Interest on NSE MTF371165975 202621797144",176.77,0.0,108799.38,DR
421201_8509005322622_20260713_1115464_SOFW.txt,NSE-CAPITAL,06/07/2026,Being payout of EQ settlement 2026123 JE 202621818544,180.66,0.0,108980.04,DR
421201_8509005322622_20260713_1115464_SOFW.txt,NSE-CAPITAL,06/07/2026,Being payout of EQ settlement 2026123 JE 202621860210,47.2,0.0,109027.24,DR
421201_8509005322622_20260713_1115464_SOFW.txt,NSE-CAPITAL,06/07/2026,Being payout of EQ settlement 2026123 JE 202621888608,176.77,0.0,109204.01,DR
421201_8509005322622_20260713_1115464_SOFW.txt,NSE-CAPITAL,06/07/2026,adjusted aga 1299772 REPBNK NSEMRGNPIPO 202626926273,0.0,3901.09,105302.92,DR
421201_8509005322622_20260713_1115464_SOFW.txt,NSE-CAPITAL,06/07/2026,"06/07/2026 06-07-26 1299772 REPBNK NSEMRGNPIPO 202626926273 0.00 3,901.09 105,302.92 DR 1300117 REPBNK Upstreamed Amount Collected 202627118363",0.0,123702.49,18399.57,CR
421201_8509005322622_20260713_1115464_SOFW.txt,NSE-CAPITAL,07/07/2026,MTF BILL FOR 2026125-M BILL DATE Jul 7 MBILL 202600000065,0.0,70900.72,89300.29,CR
421201_8509005322622_20260713_1115464_SOFW.txt,NSE-CAPITAL,07/07/2026,2026 MBILL POSITION CLOSE FOR BILL DATE Jul 7 2026 202600000065,322206.95,0.0,232906.66,DR
421201_8509005322622_20260713_1115464_SOFW.txt,NSE-CAPITAL,07/07/2026,"07/07/2026 07-07-26 MBILL POSITION CLOSE FOR BILL DATE Jul 7 2026 202600000065 322,206.95 0.00 232,906.66 DR 2026125 BILL SETTNO=2026125NSECMZBILL POSTED 202600000298",0.0,20162.56,212744.1,DR
421201_8509005322622_20260713_1115464_SOFW.txt,NSE-CAPITAL,07/07/2026,"07/07/2026 08-07-26 2026125 BILL SETTNO=2026125NSECMZBILL POSTED 202600000298 0.00 20,162.56 212,744.10 DR 2026125 BILL SETTNO=2026125NSECMMBILL POSTED 202600000299",0.0,485244.68,272500.58,CR
421201_8509005322622_20260713_1115464_SOFW.txt,NSE-CAPITAL,07/07/2026,"07/07/2026 08-07-26 2026125 BILL SETTNO=2026125NSECMMBILL POSTED 202600000299 0.00 485,244.68 272,500.58 CR 1300253 PAYBNK Upstreamed Amount Released 202607125048",18399.35,0.0,254101.23,CR
421201_8509005322622_20260713_1115464_SOFW.txt,NSE-CAPITAL,07/07/2026,Upstreamed Amount Released from I-Sec 1300649 PAYBNK 202607214087,113625.02,0.0,140476.21,CR
421201_8509005322622_20260713_1115464_SOFW.txt,NSE-CAPITAL,07/07/2026,Upstreamed Amount Released from Upstream 1300649 PAYBNK 202607221912,135330.02,0.0,5146.19,CR
421201_8509005322622_20260713_1115464_SOFW.txt,NSE-CAPITAL,07/07/2026,Demat Charges DBNOTE 202617374811,40.0,0.0,5106.19,CR
421201_8509005322622_20260713_1115464_SOFW.txt,NSE-CAPITAL,07/07/2026,Being MTF pledge Charges DBNOTE 202617387325,225.0,0.0,4881.19,CR
421201_8509005322622_20260713_1115464_SOFW.txt,NSE-CAPITAL,07/07/2026,Being GST on NSDL - CDSL Charges - DBNOTE 202617419023,20.25,0.0,4860.94,CR
421201_8509005322622_20260713_1115464_SOFW.txt,NSE-CAPITAL,07/07/2026,Being GST on NSDL - CDSL Charges - DBNOTE 202617497214,3.6,0.0,4857.34,CR
421201_8509005322622_20260713_1115464_SOFW.txt,NSE-CAPITAL,07/07/2026,Being GST on NSDL - CDSL Charges - DBNOTE 202617502885,3.6,0.0,4853.74,CR
421201_8509005322622_20260713_1115464_SOFW.txt,NSE-CAPITAL,07/07/2026,Being GST on NSDL - CDSL Charges - DBNOTE 202617519322,20.25,0.0,4833.49,CR
421201_8509005322622_20260713_1115464_SOFW.txt,NSE-CAPITAL,07/07/2026,DCM012607073714 DBNOTE NSE Margin Payout 8503169324 202617608758,0.0,113625.02,118458.51,CR
421201_8509005322622_20260713_1115464_SOFW.txt,NSE-CAPITAL,07/07/2026,"07/07/2026 07-07-26 DBNOTE NSE Margin Payout 8503169324 202617608758 0.00 113,625.02 118,458.51 CR DBNOTE Being Margin Trf 8503169324 202617618403",1616.45,0.0,116842.06,CR
421201_8509005322622_20260713_1115464_SOFW.txt,NSE-CAPITAL,07/07/2026,Being payout of EQ settlement 2026124 JE 202621956907,0.0,28259.99,145102.05,CR
421201_8509005322622_20260713_1115464_SOFW.txt,NSE-CAPITAL,07/07/2026,adjusted aga JE Interest on NSE MTF371387795 202622034467,176.77,0.0,144925.28,CR
421201_8509005322622_20260713_1115464_SOFW.txt,NSE-CAPITAL,07/07/2026,Being payout of EQ settlement 2026124 JE 202622163568,28259.99,0.0,116665.29,CR
421201_8509005322622_20260713_1115464_SOFW.txt,NSE-CAPITAL,07/07/2026,adjusted aga JE Being Balance Rounding off 202622250308,0.22,0.0,116665.07,CR
421201_8509005322622_20260713_1115464_SOFW.txt,NSE-CAPITAL,07/07/2026,Interest recovered on NSE MTF INN 371387795 1300223 REPBNK 202627360860,0.0,176.77,116841.84,CR
421201_8509005322622_20260713_1115464_SOFW.txt,NSE-CAPITAL,07/07/2026,Demat Charges Recovered DCR 1300223 REPBNK 202627436022,0.0,47.2,116889.04,CR
421201_8509005322622_20260713_1115464_SOFW.txt,NSE-CAPITAL,07/07/2026,Being GST and MTF pledge Charges recovered 1300223 REPBNK 202627436297,0.0,265.5,117154.54,CR
421201_8509005322622_20260713_1115464_SOFW.txt,NSE-CAPITAL,07/07/2026,DCM 012 1300574 REPBNK Upstreamed Amount Collected 202627549375,0.0,135330.02,252484.56,CR
421201_8509005322622_20260713_1115464_SOFW.txt,NSE-CAPITAL,08/07/2026,"07/07/2026 07-07-26 1300574 REPBNK Upstreamed Amount Collected 202627549375 0.00 135,330.02 252,484.56 CR MBILL POSITION CLOSE FOR BILL DATE Jul 8 2026 202600000066",341210.83,0.0,88726.27,DR
421201_8509005322622_20260713_1115464_SOFW.txt,NSE-CAPITAL,08/07/2026,MTF BILL FOR 2026126-M BILL DATE Jul 8 MBILL 202600000066,0.0,104470.65,15744.38,CR
421201_8509005322622_20260713_1115464_SOFW.txt,NSE-CAPITAL,08/07/2026,2026 2026126 BILL SETTNO=2026126NSECMZBILL POSTED 202600000304,486.66,0.0,15257.72,CR
421201_8509005322622_20260713_1115464_SOFW.txt,NSE-CAPITAL,08/07/2026,"08/07/2026 09-07-26 2026126 BILL SETTNO=2026126NSECMZBILL POSTED 202600000304 486.66 0.00 15,257.72 CR 2026126 BILL SETTNO=2026126NSECMMBILL POSTED 202600000305",0.0,370906.86,386164.58,CR
421201_8509005322622_20260713_1115464_SOFW.txt,NSE-CAPITAL,08/07/2026,"08/07/2026 09-07-26 2026126 BILL SETTNO=2026126NSECMMBILL POSTED 202600000305 0.00 370,906.86 386,164.58 CR 1300851 PAYBNK Being Payout towards NSE M 2026125 202607249875",250394.95,0.0,135769.63,CR
421201_8509005322622_20260713_1115464_SOFW.txt,NSE-CAPITAL,08/07/2026,"08/07/2026 08-07-26 1300851 PAYBNK Being Payout towards NSE M 2026125 202607249875 250,394.95 0.00 135,769.63 CR 1300851 PAYBNK Being Payout towards NSE Z 2026125 202607279914",1522.56,0.0,134247.07,CR
421201_8509005322622_20260713_1115464_SOFW.txt,NSE-CAPITAL,08/07/2026,Upstreamed Amount Released from Upstream 1301119 PAYBNK 202607302092,123410.82,0.0,10836.25,CR
421201_8509005322622_20260713_1115464_SOFW.txt,NSE-CAPITAL,08/07/2026,Upstreamed Amount Released from I-Sec 1301119 PAYBNK 202607323759,116891.68,0.0,106055.43,DR
421201_8509005322622_20260713_1115464_SOFW.txt,NSE-CAPITAL,08/07/2026,Being MTF pledge Charges DBNOTE 202617647025,200.0,0.0,106255.43,DR
421201_8509005322622_20260713_1115464_SOFW.txt,NSE-CAPITAL,08/07/2026,Being GST on NSDL - CDSL Charges - DBNOTE 202617667145,12.6,0.0,106268.03,DR
421201_8509005322622_20260713_1115464_SOFW.txt,NSE-CAPITAL,08/07/2026,Being GST on NSDL - CDSL Charges - DBNOTE 202617679952,18.0,0.0,106286.03,DR
421201_8509005322622_20260713_1115464_SOFW.txt,NSE-CAPITAL,08/07/2026,Being GST on NSDL - CDSL Charges - DBNOTE 202617736128,18.0,0.0,106304.03,DR
421201_8509005322622_20260713_1115464_SOFW.txt,NSE-CAPITAL,08/07/2026,Being GST on NSDL - CDSL Charges - DBNOTE 202617765404,12.6,0.0,106316.63,DR
421201_8509005322622_20260713_1115464_SOFW.txt,NSE-CAPITAL,08/07/2026,Demat Charges DBNOTE 202617783213,140.0,0.0,106456.63,DR
421201_8509005322622_20260713_1115464_SOFW.txt,NSE-CAPITAL,08/07/2026,Recoverable01260807371648929 DBNOTE NSE Margin Payout 8503169324 202617875795,0.0,116891.68,10435.05,CR
421201_8509005322622_20260713_1115464_SOFW.txt,NSE-CAPITAL,08/07/2026,"08/07/2026 08-07-26 DBNOTE NSE Margin Payout 8503169324 202617875795 0.00 116,891.68 10,435.05 CR DBNOTE Being Margin Trf 8503169324 202617902796",22762.55,0.0,12327.5,DR
421201_8509005322622_20260713_1115464_SOFW.txt,NSE-CAPITAL,08/07/2026,"08/07/2026 08-07-26 DBNOTE Being Margin Trf 8503169324 202617902796 22,762.55 0.00 12,327.50 DR JE Interest on NSE MTF371601398 202622321600",165.81,0.0,12493.31,DR
421201_8509005322622_20260713_1115464_SOFW.txt,NSE-CAPITAL,08/07/2026,Being payout of EQ settlement 2026125 JE 202622394571,0.0,165.81,12327.5,DR
421201_8509005322622_20260713_1115464_SOFW.txt,NSE-CAPITAL,08/07/2026,Being payout of EQ settlement 2026125 JE 202622459582,165.81,0.0,12493.31,DR
421201_8509005322622_20260713_1115464_SOFW.txt,NSE-CAPITAL,08/07/2026,Being payout of EQ settlement 2026125 JE 202622484838,236.0,0.0,12729.31,DR
421201_8509005322622_20260713_1115464_SOFW.txt,NSE-CAPITAL,08/07/2026,Being payout of EQ settlement 2026125 JE 202622495581,0.0,165.2,12564.11,DR
421201_8509005322622_20260713_1115464_SOFW.txt,NSE-CAPITAL,08/07/2026,Being payout of EQ settlement 2026125 JE 202622509050,165.2,0.0,12729.31,DR
421201_8509005322622_20260713_1115464_SOFW.txt,NSE-CAPITAL,08/07/2026,Being payout of EQ settlement 2026125 JE 202622534367,0.0,236.0,12493.31,DR
421201_8509005322622_20260713_1115464_SOFW.txt,NSE-CAPITAL,08/07/2026,adjusted aga 1300700 REPBNK NSEMRGNPIPO 202627744505,0.0,19166.83,6673.52,CR
421201_8509005322622_20260713_1115464_SOFW.txt,NSE-CAPITAL,08/07/2026,"08/07/2026 08-07-26 1300700 REPBNK NSEMRGNPIPO 202627744505 0.00 19,166.83 6,673.52 CR 1301029 REPBNK Upstreamed Amount Collected 202627935699",0.0,123410.82,130084.34,CR
421201_8509005322622_20260713_1115464_SOFW.txt,NSE-CAPITAL,09/07/2026,MTF BILL FOR 2026127-M BILL DATE Jul 9 MBILL 202600000067,0.0,134419.75,264504.09,CR
421201_8509005322622_20260713_1115464_SOFW.txt,NSE-CAPITAL,09/07/2026,2026 MBILL POSITION CLOSE FOR BILL DATE Jul 9 2026 202600000067,49553.0,0.0,214951.09,CR
421201_8509005322622_20260713_1115464_SOFW.txt,NSE-CAPITAL,09/07/2026,"09/07/2026 09-07-26 MBILL POSITION CLOSE FOR BILL DATE Jul 9 2026 202600000067 49,553.00 0.00 214,951.09 CR 2026127 BILL SETTNO=2026127NSECMZBILL POSTED 202600000309",35140.28,0.0,179810.81,CR
421201_8509005322622_20260713_1115464_SOFW.txt,NSE-CAPITAL,09/07/2026,"09/07/2026 10-07-26 2026127 BILL SETTNO=2026127NSECMZBILL POSTED 202600000309 35,140.28 0.00 179,810.81 CR 2026127 BILL SETTNO=2026127NSECMMBILL POSTED 202600000310",132916.7,0.0,46894.11,CR
421201_8509005322622_20260713_1115464_SOFW.txt,NSE-CAPITAL,09/07/2026,"09/07/2026 10-07-26 2026127 BILL SETTNO=2026127NSECMMBILL POSTED 202600000310 132,916.70 0.00 46,894.11 CR 1301335 PAYBNK Being Payout towards NSE M 2026126 202607375199",129515.23,0.0,82621.12,DR
421201_8509005322622_20260713_1115464_SOFW.txt,NSE-CAPITAL,09/07/2026,Upstreamed Amount Released from Upstream 1301565 PAYBNK 202607408948,42245.2,0.0,124866.32,DR
421201_8509005322622_20260713_1115464_SOFW.txt,NSE-CAPITAL,09/07/2026,Being GST on NSDL - CDSL Charges - DBNOTE 202617918692,9.0,0.0,124875.32,DR
421201_8509005322622_20260713_1115464_SOFW.txt,NSE-CAPITAL,09/07/2026,Being MTF pledge Charges DBNOTE 202617941290,425.0,0.0,125300.32,DR
421201_8509005322622_20260713_1115464_SOFW.txt,NSE-CAPITAL,09/07/2026,Being GST on NSDL - CDSL Charges - DBNOTE 202617961693,9.0,0.0,125309.32,DR
421201_8509005322622_20260713_1115464_SOFW.txt,NSE-CAPITAL,09/07/2026,Being GST on NSDL - CDSL Charges - DBNOTE 202617986628,38.25,0.0,125347.57,DR
421201_8509005322622_20260713_1115464_SOFW.txt,NSE-CAPITAL,09/07/2026,Being GST on NSDL - CDSL Charges - DBNOTE 202617995240,38.25,0.0,125385.82,DR
421201_8509005322622_20260713_1115464_SOFW.txt,NSE-CAPITAL,09/07/2026,Demat Charges DBNOTE 202618050586,100.0,0.0,125485.82,DR
421201_8509005322622_20260713_1115464_SOFW.txt,NSE-CAPITAL,09/07/2026,Recoverable01260907371874550 DBNOTE NSE Margin Payin 8503169324 202618146860,40167.8,0.0,165653.62,DR
421201_8509005322622_20260713_1115464_SOFW.txt,NSE-CAPITAL,09/07/2026,"09/07/2026 09-07-26 DBNOTE NSE Margin Payin 8503169324 202618146860 40,167.80 0.00 165,653.62 DR DBNOTE Being Margin Trf 8503169324 202618161837",32627.74,0.0,198281.36,DR
421201_8509005322622_20260713_1115464_SOFW.txt,NSE-CAPITAL,09/07/2026,Being payout of EQ settlement 2026126 JE 202622558504,501.5,0.0,198782.86,DR
421201_8509005322622_20260713_1115464_SOFW.txt,NSE-CAPITAL,09/07/2026,adjusted aga JE Interest on NSE MTF371826929 202622568374,169.45,0.0,198952.31,DR
421201_8509005322622_20260713_1115464_SOFW.txt,NSE-CAPITAL,09/07/2026,Being payout of EQ settlement 2026126 JE 202622587895,169.45,0.0,199121.76,DR
421201_8509005322622_20260713_1115464_SOFW.txt,NSE-CAPITAL,09/07/2026,Being payout of EQ settlement 2026126 JE 202622648539,0.0,118.0,199003.76,DR
421201_8509005322622_20260713_1115464_SOFW.txt,NSE-CAPITAL,09/07/2026,Being payout of EQ settlement 2026126 JE 202622648890,486.66,0.0,199490.42,DR
421201_8509005322622_20260713_1115464_SOFW.txt,NSE-CAPITAL,09/07/2026,Being payout of EQ settlement 2026126 JE 202622674432,118.0,0.0,199608.42,DR
421201_8509005322622_20260713_1115464_SOFW.txt,NSE-CAPITAL,09/07/2026,Being payout of EQ settlement 2026126 JE 202622685441,0.0,501.5,199106.92,DR
421201_8509005322622_20260713_1115464_SOFW.txt,NSE-CAPITAL,09/07/2026,Being payout of EQ settlement 2026126 JE 202622691885,0.0,169.45,198937.47,DR
421201_8509005322622_20260713_1115464_SOFW.txt,NSE-CAPITAL,09/07/2026,Being payout of EQ settlement 2026126 JE 202622753047,0.0,486.66,198450.81,DR
421201_8509005322622_20260713_1115464_SOFW.txt,NSE-CAPITAL,09/07/2026,adjusted aga 1301169 REPBNK NSEMRGNPIPO 202628171836,0.0,34618.64,163832.17,DR
421201_8509005322622_20260713_1115464_SOFW.txt,NSE-CAPITAL,09/07/2026,"09/07/2026 09-07-26 1301169 REPBNK NSEMRGNPIPO 202628171836 0.00 34,618.64 163,832.17 DR 1301504 REPBNK Upstreamed Amount Collected 202628375536",0.0,182200.7,18368.53,CR
421201_8509005322622_20260713_1115464_SOFW.txt,NSE-CAPITAL,10/07/2026,MTF BILL FOR 2026128-M BILL DATE Jul 10 MBILL 202600000068,0.0,148197.3,166565.83,CR
421201_8509005322622_20260713_1115464_SOFW.txt,NSE-CAPITAL,10/07/2026,1301650 PAYBNK Upstreamed Amount Released 202607422683,18368.47,0.0,148197.36,CR
421201_8509005322622_20260713_1115464_SOFW.txt,NSE-CAPITAL,10/07/2026,Upstreamed Amount Released from Upstream 1302010 PAYBNK 202607512699,7592.72,0.0,140604.64,CR
421201_8509005322622_20260713_1115464_SOFW.txt,NSE-CAPITAL,10/07/2026,Being GST on NSDL - CDSL Charges - DBNOTE 202618197091,1.8,0.0,140602.84,CR
421201_8509005322622_20260713_1115464_SOFW.txt,NSE-CAPITAL,10/07/2026,Being GST on NSDL - CDSL Charges - DBNOTE 202618225433,40.5,0.0,140562.34,CR
421201_8509005322622_20260713_1115464_SOFW.txt,NSE-CAPITAL,10/07/2026,Being GST on NSDL - CDSL Charges - DBNOTE 202618233910,1.8,0.0,140560.54,CR
421201_8509005322622_20260713_1115464_SOFW.txt,NSE-CAPITAL,10/07/2026,Being MTF pledge Charges DBNOTE 202618261721,450.0,0.0,140110.54,CR
421201_8509005322622_20260713_1115464_SOFW.txt,NSE-CAPITAL,10/07/2026,Demat Charges DBNOTE 202618274012,20.0,0.0,140090.54,CR
421201_8509005322622_20260713_1115464_SOFW.txt,NSE-CAPITAL,10/07/2026,Being GST on NSDL - CDSL Charges - DBNOTE 202618339094,40.5,0.0,140050.04,CR
421201_8509005322622_20260713_1115464_SOFW.txt,NSE-CAPITAL,10/07/2026,DCM012610073720 DBNOTE NSE Margin Payin 8503169324 202618439577,81684.32,0.0,58365.72,CR
421201_8509005322622_20260713_1115464_SOFW.txt,NSE-CAPITAL,10/07/2026,"10/07/2026 10-07-26 DBNOTE NSE Margin Payin 8503169324 202618439577 81,684.32 0.00 58,365.72 CR JE Interest on NSE MTF372030587 202622952765",127.31,0.0,58238.41,CR
421201_8509005322622_20260713_1115464_SOFW.txt,NSE-CAPITAL,10/07/2026,Interest recovered on NSE MTF INN 372030587 1301625 REPBNK 202628554067,0.0,127.31,58365.72,CR
421201_8509005322622_20260713_1115464_SOFW.txt,NSE-CAPITAL,10/07/2026,Being GST and MTF pledge Charges recovered 1301625 REPBNK 202628583983,0.0,531.0,58896.72,CR
421201_8509005322622_20260713_1115464_SOFW.txt,NSE-CAPITAL,10/07/2026,Demat Charges Recovered DCR 1301625 REPBNK 202628599456,0.0,23.6,58920.32,CR
421201_8509005322622_20260713_1115464_SOFW.txt,NSE-CAPITAL,10/07/2026,01261007372080347 1301956 REPBNK Upstreamed Amount Collected 202628720656,0.0,195023.25,253943.57,CR
421201_8509005322622_20260713_1115464_SOFW.txt,NSE-CAPITAL,11/07/2026,Being MTF pledge Charges DBNOTE 202618517949,200.0,0.0,253743.57,CR
421201_8509005322622_20260713_1115464_SOFW.txt,NSE-CAPITAL,11/07/2026,Being GST on NSDL - CDSL Charges - DBNOTE 202618561834,18.0,0.0,253725.57,CR
421201_8509005322622_20260713_1115464_SOFW.txt,NSE-CAPITAL,11/07/2026,Being GST on NSDL - CDSL Charges - DBNOTE 202618614563,18.0,0.0,253707.57,CR
421201_8509005322622_20260713_1115464_SOFW.txt,NSE-CAPITAL,11/07/2026,DCM012611073722 JE Interest on NSE MTF372237239 202623091898,84.64,0.0,253622.93,CR
421201_8509005322622_20260713_1115464_SOFW.txt,NSE-CAPITAL,11/07/2026,Interest recovered on NSE MTF INN 372237239 1302093 REPBNK 202628944967,0.0,84.64,253707.57,CR
421201_8509005322622_20260713_1115464_SOFW.txt,NSE-CAPITAL,11/07/2026,Being GST and MTF pledge Charges recovered 1302093 REPBNK 202628949388,0.0,236.0,253943.57,CR
421201_8509005322622_20260721_1116431_SOFW.txt,MTF-MTF-TRADE,13/07/2026,MTF BILL FOR 2026129-M BILL DATE Jul 13 2026129 MBILL 202600000069,77017.5,0.0,504378.36,DR
421201_8509005322622_20260721_1116431_SOFW.txt,MTF-MTF-TRADE,13/07/2026,2026 DBNOTE NSE Margin Payin 8503169324 202609812881,0.0,27975.26,476403.1,DR
421201_8509005322622_20260721_1116431_SOFW.txt,MTF-MTF-TRADE,13/07/2026,"13/07/2026 13-07-26 DBNOTE NSE Margin Payin 8503169324 202609812881 0.00 27,975.26 476,403.10 DR CPAYIN 11.MTF PAYIN 202609901056",0.0,27975.26,448427.84,DR
421201_8509005322622_20260721_1116431_SOFW.txt,MTF-MTF-TRADE,13/07/2026,"13/07/2026 13-07-26 CPAYIN 11.MTF PAYIN 202609901056 0.00 27,975.26 448,427.84 DR DBNOTE 10.MTF PAYIN 202609901056",27975.26,0.0,476403.1,DR
421201_8509005322622_20260721_1116431_SOFW.txt,MTF-MTF-TRADE,13/07/2026,23.MTF CASH EXCESS REV AFTER PAYIN CPAYIN 202609931909,127.09,0.0,476530.19,DR
421201_8509005322622_20260721_1116431_SOFW.txt,MTF-MTF-TRADE,13/07/2026,24.MTF CASH EXCESS REV AFTER PAYIN DBNOTE 202609931909,0.0,127.09,476403.1,DR
421201_8509005322622_20260721_1116431_SOFW.txt,MTF-MTF-TRADE,14/07/2026,MTF BILL FOR 2026130-M BILL DATE Jul 14 2026130 MBILL 202600000070,105158.79,0.0,581561.89,DR
421201_8509005322622_20260721_1116431_SOFW.txt,MTF-MTF-TRADE,14/07/2026,POSITION CLOSE FOR BILL DATE Jul 14 2026 MBILL 202600000070,0.0,58489.05,523072.84,DR
421201_8509005322622_20260721_1116431_SOFW.txt,MTF-MTF-TRADE,14/07/2026,"14/07/2026 14-07-26 MBILL 202600000070 0.00 58,489.05 523,072.84 DR DBNOTE NSE Margin Payin 8503169324 202609961265",0.0,11761.17,511311.67,DR
421201_8509005322622_20260721_1116431_SOFW.txt,MTF-MTF-TRADE,14/07/2026,"14/07/2026 14-07-26 DBNOTE NSE Margin Payin 8503169324 202609961265 0.00 11,761.17 511,311.67 DR DBNOTE Being Margin Trf 8503169324 202610018954",0.0,2998.75,508312.92,DR
421201_8509005322622_20260721_1116431_SOFW.txt,MTF-MTF-TRADE,14/07/2026,"14/07/2026 14-07-26 DBNOTE Being Margin Trf 8503169324 202610018954 0.00 2,998.75 508,312.92 DR DBNOTE 10.MTF PAYIN 202610031127",11761.17,0.0,520074.09,DR
421201_8509005322622_20260721_1116431_SOFW.txt,MTF-MTF-TRADE,14/07/2026,"14/07/2026 14-07-26 DBNOTE 10.MTF PAYIN 202610031127 11,761.17 0.00 520,074.09 DR CPAYIN 11.MTF PAYIN 202610031127",0.0,11761.17,508312.92,DR
421201_8509005322622_20260721_1116431_SOFW.txt,MTF-MTF-TRADE,14/07/2026,"14/07/2026 14-07-26 CPAYIN 11.MTF PAYIN 202610031127 0.00 11,761.17 508,312.92 DR CPAYIN 21.MTF SELL PAYIN 202610046758",22891.4,0.0,531204.32,DR
421201_8509005322622_20260721_1116431_SOFW.txt,MTF-MTF-TRADE,14/07/2026,"14/07/2026 14-07-26 CPAYIN 21.MTF SELL PAYIN 202610046758 22,891.40 0.00 531,204.32 DR DBNOTE 17.MTF SELL PAYIN 202610046758",0.0,22891.4,508312.92,DR
421201_8509005322622_20260721_1116431_SOFW.txt,MTF-MTF-TRADE,14/07/2026,23.MTF CASH EXCESS REV AFTER PAYIN CPAYIN 202610059173,50.05,0.0,508362.97,DR
421201_8509005322622_20260721_1116431_SOFW.txt,MTF-MTF-TRADE,14/07/2026,24.MTF CASH EXCESS REV AFTER PAYIN DBNOTE 202610059173,0.0,50.05,508312.92,DR
421201_8509005322622_20260721_1116431_SOFW.txt,MTF-MTF-TRADE,15/07/2026,POSITION CLOSE FOR BILL DATE Jul 15 2026 MBILL 202600000071,0.0,62220.97,446091.95,DR
421201_8509005322622_20260721_1116431_SOFW.txt,MTF-MTF-TRADE,15/07/2026,MTF BILL FOR 2026131-M BILL DATE Jul 15 2026131 MBILL 202600000071,52671.0,0.0,498762.95,DR
421201_8509005322622_20260721_1116431_SOFW.txt,MTF-MTF-TRADE,15/07/2026,2026 DBNOTE NSE Margin Payout 8503169324 202610091310,24083.31,0.0,522846.26,DR
421201_8509005322622_20260721_1116431_SOFW.txt,MTF-MTF-TRADE,15/07/2026,"15/07/2026 15-07-26 DBNOTE NSE Margin Payout 8503169324 202610091310 24,083.31 0.00 522,846.26 DR DBNOTE Being Margin Trf 8503169324 202610152300",0.0,1974.25,520872.01,DR
421201_8509005322622_20260721_1116431_SOFW.txt,MTF-MTF-TRADE,15/07/2026,CPAYIN 21.MTF SELL PAYIN 202610177926,7933.54,0.0,528805.55,DR
421201_8509005322622_20260721_1116431_SOFW.txt,MTF-MTF-TRADE,15/07/2026,"15/07/2026 15-07-26 CPAYIN 21.MTF SELL PAYIN 202610177926 7,933.54 0.00 528,805.55 DR DBNOTE 17.MTF SELL PAYIN 202610177926",0.0,7933.54,520872.01,DR
421201_8509005322622_20260721_1116431_SOFW.txt,MTF-MTF-TRADE,15/07/2026,24.MTF CASH EXCESS REV AFTER PAYIN DBNOTE 202610195170,0.0,0.02,520871.99,DR
421201_8509005322622_20260721_1116431_SOFW.txt,MTF-MTF-TRADE,15/07/2026,23.MTF CASH EXCESS REV AFTER PAYIN CPAYIN 202610195170,0.02,0.0,520872.01,DR
421201_8509005322622_20260721_1116431_SOFW.txt,MTF-MTF-TRADE,16/07/2026,MTF BILL FOR 2026132-M BILL DATE Jul 16 2026132 MBILL 202600000072,175376.7,0.0,696248.71,DR
421201_8509005322622_20260721_1116431_SOFW.txt,MTF-MTF-TRADE,16/07/2026,POSITION CLOSE FOR BILL DATE Jul 16 2026 MBILL 202600000072,0.0,58618.05,637630.66,DR
421201_8509005322622_20260721_1116431_SOFW.txt,MTF-MTF-TRADE,16/07/2026,"16/07/2026 16-07-26 MBILL 202600000072 0.00 58,618.05 637,630.66 DR DBNOTE NSE Margin Payin 8503169324 202610218939",0.0,43109.45,594521.21,DR
421201_8509005322622_20260721_1116431_SOFW.txt,MTF-MTF-TRADE,16/07/2026,"16/07/2026 16-07-26 DBNOTE NSE Margin Payin 8503169324 202610218939 0.00 43,109.45 594,521.21 DR DBNOTE Being Margin Trf 8503169324 202610281450",2553.55,0.0,597074.76,DR
421201_8509005322622_20260721_1116431_SOFW.txt,MTF-MTF-TRADE,16/07/2026,"16/07/2026 16-07-26 DBNOTE Being Margin Trf 8503169324 202610281450 2,553.55 0.00 597,074.76 DR DBNOTE 10.MTF PAYIN 202610298465",43109.45,0.0,640184.21,DR
421201_8509005322622_20260721_1116431_SOFW.txt,MTF-MTF-TRADE,16/07/2026,"16/07/2026 16-07-26 DBNOTE 10.MTF PAYIN 202610298465 43,109.45 0.00 640,184.21 DR CPAYIN 11.MTF PAYIN 202610298465",0.0,43109.45,597074.76,DR
421201_8509005322622_20260721_1116431_SOFW.txt,MTF-MTF-TRADE,16/07/2026,"16/07/2026 16-07-26 CPAYIN 11.MTF PAYIN 202610298465 0.00 43,109.45 597,074.76 DR CPAYIN 21.MTF SELL PAYIN 202610311089",13059.05,0.0,610133.81,DR
421201_8509005322622_20260721_1116431_SOFW.txt,MTF-MTF-TRADE,16/07/2026,"16/07/2026 16-07-26 CPAYIN 21.MTF SELL PAYIN 202610311089 13,059.05 0.00 610,133.81 DR DBNOTE 17.MTF SELL PAYIN 202610311089",0.0,13059.05,597074.76,DR
421201_8509005322622_20260721_1116431_SOFW.txt,MTF-MTF-TRADE,17/07/2026,POSITION CLOSE FOR BILL DATE Jul 17 2026 MBILL 202600000073,0.0,415508.42,181566.34,DR
421201_8509005322622_20260721_1116431_SOFW.txt,MTF-MTF-TRADE,17/07/2026,MTF BILL FOR 2026133-M BILL DATE Jul 17 2026133 MBILL 202600000073,32066.2,0.0,213632.54,DR
421201_8509005322622_20260721_1116431_SOFW.txt,MTF-MTF-TRADE,17/07/2026,2026 DBNOTE NSE Margin Payout 8503169324 202610344272,166129.92,0.0,379762.46,DR
421201_8509005322622_20260721_1116431_SOFW.txt,MTF-MTF-TRADE,17/07/2026,"17/07/2026 17-07-26 DBNOTE NSE Margin Payout 8503169324 202610344272 166,129.92 0.00 379,762.46 DR DBNOTE NSE Margin Payout 8503169324 202610344273",8822.97,0.0,388585.43,DR
421201_8509005322622_20260721_1116431_SOFW.txt,MTF-MTF-TRADE,17/07/2026,"17/07/2026 17-07-26 DBNOTE NSE Margin Payout 8503169324 202610344273 8,822.97 0.00 388,585.43 DR DBNOTE Being Margin Trf 8503169324 202610425274",0.0,5529.58,383055.85,DR
421201_8509005322622_20260721_1116431_SOFW.txt,MTF-MTF-TRADE,17/07/2026,"17/07/2026 17-07-26 DBNOTE Being Margin Trf 8503169324 202610425274 0.00 5,529.58 383,055.85 DR DBNOTE 17.MTF SELL PAYIN 202610455005",0.0,95295.26,287760.59,DR
421201_8509005322622_20260721_1116431_SOFW.txt,MTF-MTF-TRADE,17/07/2026,"17/07/2026 17-07-26 DBNOTE 17.MTF SELL PAYIN 202610455005 0.00 95,295.26 287,760.59 DR CPAYIN 21.MTF SELL PAYIN 202610455005",95295.26,0.0,383055.85,DR
421201_8509005322622_20260721_1116431_SOFW.txt,MTF-MTF-TRADE,17/07/2026,23.MTF CASH EXCESS REV AFTER PAYIN CPAYIN 202610470950,0.03,0.0,383055.88,DR
421201_8509005322622_20260721_1116431_SOFW.txt,MTF-MTF-TRADE,17/07/2026,24.MTF CASH EXCESS REV AFTER PAYIN DBNOTE 202610470950,0.0,0.03,383055.85,DR
421201_8509005322622_20260721_1116431_SOFW.txt,NSE-CAPITAL,13/07/2026,MTF BILL FOR 2026129-M BILL DATE Jul 13 MBILL 202600000069,0.0,77017.5,95496.95,CR
421201_8509005322622_20260721_1116431_SOFW.txt,NSE-CAPITAL,13/07/2026,2026 2026129 BILL SETTNO=2026129NSECMMBILL POSTED 202600000316,116630.07,0.0,21133.12,DR
421201_8509005322622_20260721_1116431_SOFW.txt,NSE-CAPITAL,13/07/2026,"13/07/2026 14-07-26 2026129 BILL SETTNO=2026129NSECMMBILL POSTED 202600000316 116,630.07 0.00 21,133.12 DR 1302275 PAYBNK Upstreamed Amount Released 202607541506",18284.63,0.0,39417.75,DR
421201_8509005322622_20260721_1116431_SOFW.txt,NSE-CAPITAL,13/07/2026,"13/07/2026 13-07-26 1302275 PAYBNK Upstreamed Amount Released 202607541506 18,284.63 0.00 39,417.75 DR DBNOTE NSE Margin Payin 8503169324 202618738995",27975.26,0.0,67393.01,DR
421201_8509005322622_20260721_1116431_SOFW.txt,NSE-CAPITAL,13/07/2026,Being EQ Upstream payout adjusted against JE 202623234151,0.0,97.38,67295.63,DR
421201_8509005322622_20260721_1116431_SOFW.txt,NSE-CAPITAL,13/07/2026,Being EQ Upstream payout adjusted against JE 202623305828,0.0,97.38,67198.25,DR
421201_8509005322622_20260721_1116431_SOFW.txt,NSE-CAPITAL,13/07/2026,INN 1307 JE Interest on NSE MTF372542350 202623368476,97.38,0.0,67295.63,DR
421201_8509005322622_20260721_1116431_SOFW.txt,NSE-CAPITAL,13/07/2026,Being EQ Upstream payout adjusted against JE 202623380673,97.38,0.0,67393.01,DR
421201_8509005322622_20260721_1116431_SOFW.txt,NSE-CAPITAL,13/07/2026,INN 1307 JE Interest on NSE MTF372432737 202623394333,97.38,0.0,67490.39,DR
421201_8509005322622_20260721_1116431_SOFW.txt,NSE-CAPITAL,13/07/2026,Being EQ Upstream payout adjusted against JE 202623535782,97.38,0.0,67587.77,DR
421201_8509005322622_20260721_1116431_SOFW.txt,NSE-CAPITAL,13/07/2026,INN 1307 1302592 REPBNK Upstreamed Amount Collected 202629196557,0.0,67341.78,245.99,DR
421201_8509005322622_20260721_1116431_SOFW.txt,NSE-CAPITAL,13/07/2026,"13/07/2026 13-07-26 1302592 REPBNK Upstreamed Amount Collected 202629196557 0.00 67,341.78 245.99 DR 1302697 REPBNK Being Payin towards NSE M 2026129 202629345850",0.0,246.05,0.06,CR
421201_8509005322622_20260721_1116431_SOFW.txt,NSE-CAPITAL,14/07/2026,POSITION CLOSE FOR BILL DATE Jul 14 2026 MBILL 202600000070,58489.05,0.0,58488.99,DR
421201_8509005322622_20260721_1116431_SOFW.txt,NSE-CAPITAL,14/07/2026,MTF BILL FOR 2026130-M BILL DATE Jul 14 MBILL 202600000070,0.0,105158.79,46669.8,CR
421201_8509005322622_20260721_1116431_SOFW.txt,NSE-CAPITAL,14/07/2026,2026130 BILL SETTNO=2026130NSECMZBILL POSTED 202600000319,0.0,12793.93,59463.73,CR
421201_8509005322622_20260721_1116431_SOFW.txt,NSE-CAPITAL,14/07/2026,"14/07/2026 15-07-26 2026130 BILL SETTNO=2026130NSECMZBILL POSTED 202600000319 0.00 12,793.93 59,463.73 CR 2026130 BILL SETTNO=2026130NSECMMBILL POSTED 202600000320",90978.27,0.0,31514.54,DR
421201_8509005322622_20260721_1116431_SOFW.txt,NSE-CAPITAL,14/07/2026,Upstreamed Amount Released from Upstream 1303097 PAYBNK 202607726726,58591.79,0.0,90106.33,DR
421201_8509005322622_20260721_1116431_SOFW.txt,NSE-CAPITAL,14/07/2026,Being GST on NSDL - CDSL Charges - DBNOTE 202618790709,13.5,0.0,90119.83,DR
421201_8509005322622_20260721_1116431_SOFW.txt,NSE-CAPITAL,14/07/2026,Being GST on NSDL - CDSL Charges - DBNOTE 202618827124,13.5,0.0,90133.33,DR
421201_8509005322622_20260721_1116431_SOFW.txt,NSE-CAPITAL,14/07/2026,Being MTF pledge Charges DBNOTE 202618934450,150.0,0.0,90283.33,DR
421201_8509005322622_20260721_1116431_SOFW.txt,NSE-CAPITAL,14/07/2026,recoverable01261407372699 DBNOTE NSE Margin Payin 8503169324 202618995355,11761.17,0.0,102044.5,DR
421201_8509005322622_20260721_1116431_SOFW.txt,NSE-CAPITAL,14/07/2026,"14/07/2026 14-07-26 DBNOTE NSE Margin Payin 8503169324 202618995355 11,761.17 0.00 102,044.50 DR DBNOTE Being Margin Trf 8503169324 202619014090",2998.75,0.0,105043.25,DR
421201_8509005322622_20260721_1116431_SOFW.txt,NSE-CAPITAL,14/07/2026,"14/07/2026 14-07-26 DBNOTE Being Margin Trf 8503169324 202619014090 2,998.75 0.00 105,043.25 DR JE Interest on NSE MTF372680127 202623720208",97.38,0.0,105140.63,DR
421201_8509005322622_20260721_1116431_SOFW.txt,NSE-CAPITAL,14/07/2026,Interest recovered on NSE MTF INN 372680127 1302710 REPBNK 202629560994,0.0,97.38,105043.25,DR
421201_8509005322622_20260721_1116431_SOFW.txt,NSE-CAPITAL,14/07/2026,Being GST and MTF pledge Charges recovered 1302710 REPBNK 202629585342,0.0,177.0,104866.25,DR
421201_8509005322622_20260721_1116431_SOFW.txt,NSE-CAPITAL,14/07/2026,DCM 012 1303049 REPBNK Upstreamed Amount Collected 202629705663,0.0,123345.67,18479.42,CR
421201_8509005322622_20260721_1116431_SOFW.txt,NSE-CAPITAL,15/07/2026,MTF BILL FOR 2026131-M BILL DATE Jul 15 MBILL 202600000071,0.0,52671.0,71150.42,CR
421201_8509005322622_20260721_1116431_SOFW.txt,NSE-CAPITAL,15/07/2026,POSITION CLOSE FOR BILL DATE Jul 15 2026 MBILL 202600000071,62220.97,0.0,8929.45,CR
421201_8509005322622_20260721_1116431_SOFW.txt,NSE-CAPITAL,15/07/2026,"15/07/2026 15-07-26 MBILL 202600000071 62,220.97 0.00 8,929.45 CR 2026131 BILL SETTNO=2026131NSECMMBILL POSTED 202600000324",9038.95,0.0,109.5,DR
421201_8509005322622_20260721_1116431_SOFW.txt,NSE-CAPITAL,15/07/2026,"15/07/2026 16-07-26 2026131 BILL SETTNO=2026131NSECMMBILL POSTED 202600000324 9,038.95 0.00 109.50 DR 1303189 PAYBNK Upstreamed Amount Released 202607742693",17992.33,0.0,18101.83,DR
421201_8509005322622_20260721_1116431_SOFW.txt,NSE-CAPITAL,15/07/2026,Upstreamed Amount Released from Upstream 1303547 PAYBNK 202607815873,54551.02,0.0,72652.85,DR
421201_8509005322622_20260721_1116431_SOFW.txt,NSE-CAPITAL,15/07/2026,Being MTF pledge Charges DBNOTE 202619027702,275.0,0.0,72927.85,DR
421201_8509005322622_20260721_1116431_SOFW.txt,NSE-CAPITAL,15/07/2026,Being GST on NSDL - CDSL Charges - DBNOTE 202619036428,3.6,0.0,72931.45,DR
421201_8509005322622_20260721_1116431_SOFW.txt,NSE-CAPITAL,15/07/2026,Being GST on NSDL - CDSL Charges - DBNOTE 202619069399,3.6,0.0,72935.05,DR
421201_8509005322622_20260721_1116431_SOFW.txt,NSE-CAPITAL,15/07/2026,Being GST on NSDL - CDSL Charges - DBNOTE 202619156912,24.75,0.0,72959.8,DR
421201_8509005322622_20260721_1116431_SOFW.txt,NSE-CAPITAL,15/07/2026,Being GST on NSDL - CDSL Charges - DBNOTE 202619158650,24.75,0.0,72984.55,DR
421201_8509005322622_20260721_1116431_SOFW.txt,NSE-CAPITAL,15/07/2026,Demat Charges DBNOTE 202619189005,40.0,0.0,73024.55,DR
421201_8509005322622_20260721_1116431_SOFW.txt,NSE-CAPITAL,15/07/2026,Recoverable01261507372915619 DBNOTE NSE Margin Payout 8503169324 202619262347,0.0,24083.31,48941.24,DR
421201_8509005322622_20260721_1116431_SOFW.txt,NSE-CAPITAL,15/07/2026,"15/07/2026 15-07-26 DBNOTE NSE Margin Payout 8503169324 202619262347 0.00 24,083.31 48,941.24 DR DBNOTE Being Margin Trf 8503169324 202619266804",1974.25,0.0,50915.49,DR
421201_8509005322622_20260721_1116431_SOFW.txt,NSE-CAPITAL,15/07/2026,"15/07/2026 15-07-26 DBNOTE Being Margin Trf 8503169324 202619266804 1,974.25 0.00 50,915.49 DR JE Interest on NSE MTF372809673 202623936466",115.33,0.0,51030.82,DR
421201_8509005322622_20260721_1116431_SOFW.txt,NSE-CAPITAL,15/07/2026,Being EQ Upstream payout adjusted against JE 202623952846,0.0,115.33,50915.49,DR
421201_8509005322622_20260721_1116431_SOFW.txt,NSE-CAPITAL,15/07/2026,Being EQ Upstream payout adjusted against JE 202623960245,0.0,47.2,50868.29,DR
421201_8509005322622_20260721_1116431_SOFW.txt,NSE-CAPITAL,15/07/2026,Being EQ Upstream payout adjusted against JE 202624009475,0.0,324.5,50543.79,DR
421201_8509005322622_20260721_1116431_SOFW.txt,NSE-CAPITAL,15/07/2026,Being payout of EQ settlement 2026130 JE 202624031825,12793.93,0.0,63337.72,DR
421201_8509005322622_20260721_1116431_SOFW.txt,NSE-CAPITAL,15/07/2026,Being EQ Upstream payout adjusted against JE 202624034698,115.33,0.0,63453.05,DR
421201_8509005322622_20260721_1116431_SOFW.txt,NSE-CAPITAL,15/07/2026,Being payout of EQ settlement 2026130 JE 202624035572,0.0,12793.93,50659.12,DR
421201_8509005322622_20260721_1116431_SOFW.txt,NSE-CAPITAL,15/07/2026,Being EQ Upstream payout adjusted against JE 202624069054,324.5,0.0,50983.62,DR
421201_8509005322622_20260721_1116431_SOFW.txt,NSE-CAPITAL,15/07/2026,Being EQ Upstream payout adjusted against JE 202624115975,47.2,0.0,51030.82,DR
421201_8509005322622_20260721_1116431_SOFW.txt,NSE-CAPITAL,15/07/2026,DCR 1507 1303494 REPBNK Upstreamed Amount Collected 202630061319,0.0,69639.7,18608.88,CR
421201_8509005322622_20260721_1116431_SOFW.txt,NSE-CAPITAL,16/07/2026,POSITION CLOSE FOR BILL DATE Jul 16 2026 MBILL 202600000072,58618.05,0.0,40009.17,DR
421201_8509005322622_20260721_1116431_SOFW.txt,NSE-CAPITAL,16/07/2026,MTF BILL FOR 2026132-M BILL DATE Jul 16 MBILL 202600000072,0.0,175376.7,135367.53,CR
421201_8509005322622_20260721_1116431_SOFW.txt,NSE-CAPITAL,16/07/2026,2026 2026132 BILL SETTNO=2026132NSECMMBILL POSTED 202600000328,111157.07,0.0,24210.46,CR
421201_8509005322622_20260721_1116431_SOFW.txt,NSE-CAPITAL,16/07/2026,"16/07/2026 17-07-26 2026132 BILL SETTNO=2026132NSECMMBILL POSTED 202600000328 111,157.07 0.00 24,210.46 CR 1303644 PAYBNK Upstreamed Amount Released 202607833636",18167.56,0.0,6042.9,CR
421201_8509005322622_20260721_1116431_SOFW.txt,NSE-CAPITAL,16/07/2026,Upstreamed Amount Released from Upstream 1304010 PAYBNK 202607925290,10422.95,0.0,4380.05,DR
421201_8509005322622_20260721_1116431_SOFW.txt,NSE-CAPITAL,16/07/2026,Being GST on NSDL - CDSL Charges - DBNOTE 202619286130,3.6,0.0,4383.65,DR
421201_8509005322622_20260721_1116431_SOFW.txt,NSE-CAPITAL,16/07/2026,Being GST on NSDL - CDSL Charges - DBNOTE 202619318739,20.25,0.0,4403.9,DR
421201_8509005322622_20260721_1116431_SOFW.txt,NSE-CAPITAL,16/07/2026,Being GST on NSDL - CDSL Charges - DBNOTE 202619338412,3.6,0.0,4407.5,DR
421201_8509005322622_20260721_1116431_SOFW.txt,NSE-CAPITAL,16/07/2026,Being MTF pledge Charges DBNOTE 202619339970,225.0,0.0,4632.5,DR
421201_8509005322622_20260721_1116431_SOFW.txt,NSE-CAPITAL,16/07/2026,Demat Charges DBNOTE 202619393813,40.0,0.0,4672.5,DR
421201_8509005322622_20260721_1116431_SOFW.txt,NSE-CAPITAL,16/07/2026,Being GST on NSDL - CDSL Charges - DBNOTE 202619416399,20.25,0.0,4692.75,DR
421201_8509005322622_20260721_1116431_SOFW.txt,NSE-CAPITAL,16/07/2026,DCM012616073731 DBNOTE NSE Margin Payin 8503169324 202619522144,43109.45,0.0,47802.2,DR
421201_8509005322622_20260721_1116431_SOFW.txt,NSE-CAPITAL,16/07/2026,"16/07/2026 16-07-26 DBNOTE NSE Margin Payin 8503169324 202619522144 43,109.45 0.00 47,802.20 DR DBNOTE Being Margin Trf 8503169324 202619526488",0.0,2553.55,45248.65,DR
421201_8509005322622_20260721_1116431_SOFW.txt,NSE-CAPITAL,16/07/2026,Being EQ Upstream payout adjusted against JE 202624140579,0.0,128.56,45120.09,DR
421201_8509005322622_20260721_1116431_SOFW.txt,NSE-CAPITAL,16/07/2026,Being EQ Upstream payout adjusted against JE 202624142340,265.5,0.0,45385.59,DR
421201_8509005322622_20260721_1116431_SOFW.txt,NSE-CAPITAL,16/07/2026,Being EQ Upstream payout adjusted against JE 202624162309,47.2,0.0,45432.79,DR
421201_8509005322622_20260721_1116431_SOFW.txt,NSE-CAPITAL,16/07/2026,DCR 1607 JE Interest on NSE MTF373081660 202624207490,128.56,0.0,45561.35,DR
421201_8509005322622_20260721_1116431_SOFW.txt,NSE-CAPITAL,16/07/2026,Being EQ Upstream payout adjusted against JE 202624283866,128.56,0.0,45689.91,DR
421201_8509005322622_20260721_1116431_SOFW.txt,NSE-CAPITAL,16/07/2026,Being EQ Upstream payout adjusted against JE 202624313940,0.0,47.2,45642.71,DR
421201_8509005322622_20260721_1116431_SOFW.txt,NSE-CAPITAL,16/07/2026,Being EQ Upstream payout adjusted against JE 202624319423,0.0,265.5,45377.21,DR
421201_8509005322622_20260721_1116431_SOFW.txt,NSE-CAPITAL,16/07/2026,DCM 1607 1303945 REPBNK Upstreamed Amount Collected 202630342426,0.0,72587.65,27210.44,CR
421201_8509005322622_20260721_1116431_SOFW.txt,NSE-CAPITAL,17/07/2026,MTF BILL FOR 2026133-M BILL DATE Jul 17 MBILL 202600000073,0.0,32066.2,59276.64,CR
421201_8509005322622_20260721_1116431_SOFW.txt,NSE-CAPITAL,17/07/2026,POSITION CLOSE FOR BILL DATE Jul 17 2026 MBILL 202600000073,415508.42,0.0,356231.78,DR
421201_8509005322622_20260721_1116431_SOFW.txt,NSE-CAPITAL,17/07/2026,"17/07/2026 17-07-26 MBILL 202600000073 415,508.42 0.00 356,231.78 DR 1304108 PAYBNK Upstreamed Amount Released 202607938015",19055.25,0.0,375287.03,DR
421201_8509005322622_20260721_1116431_SOFW.txt,NSE-CAPITAL,17/07/2026,"17/07/2026 17-07-26 1304108 PAYBNK Upstreamed Amount Released 202607938015 19,055.25 0.00 375,287.03 DR 1304225 PAYBNK Being Payout towards NSE M 2026132 202607953033",7929.46,0.0,383216.49,DR
421201_8509005322622_20260721_1116431_SOFW.txt,NSE-CAPITAL,17/07/2026,Upstreamed Amount Released from I-Sec 1304536 PAYBNK 202608020767,166129.92,0.0,549346.41,DR
421201_8509005322622_20260721_1116431_SOFW.txt,NSE-CAPITAL,17/07/2026,Upstreamed Amount Released from Upstream 1304536 PAYBNK 202608029338,88029.5,0.0,637375.91,DR
421201_8509005322622_20260721_1116431_SOFW.txt,NSE-CAPITAL,17/07/2026,Being MTF pledge Charges DBNOTE 202619537825,75.0,0.0,637450.91,DR
421201_8509005322622_20260721_1116431_SOFW.txt,NSE-CAPITAL,17/07/2026,Being GST on NSDL - CDSL Charges - DBNOTE 202619595683,6.75,0.0,637457.66,DR
421201_8509005322622_20260721_1116431_SOFW.txt,NSE-CAPITAL,17/07/2026,Being GST on NSDL - CDSL Charges - DBNOTE 202619669035,6.75,0.0,637464.41,DR
421201_8509005322622_20260721_1116431_SOFW.txt,NSE-CAPITAL,17/07/2026,DCM012617073733 DBNOTE NSE Margin Payout 8503169324 202619729614,0.0,166129.92,471334.49,DR
421201_8509005322622_20260721_1116431_SOFW.txt,NSE-CAPITAL,17/07/2026,"17/07/2026 17-07-26 DBNOTE NSE Margin Payout 8503169324 202619729614 0.00 166,129.92 471,334.49 DR DBNOTE NSE Margin Payout 8503169324 202619729615",0.0,8822.97,462511.52,DR
421201_8509005322622_20260721_1116431_SOFW.txt,NSE-CAPITAL,17/07/2026,"17/07/2026 17-07-26 DBNOTE NSE Margin Payout 8503169324 202619729615 0.00 8,822.97 462,511.52 DR DBNOTE Being Margin Trf 8503169324 202619757759",5529.58,0.0,468041.1,DR
421201_8509005322622_20260721_1116431_SOFW.txt,NSE-CAPITAL,17/07/2026,"17/07/2026 17-07-26 DBNOTE Being Margin Trf 8503169324 202619757759 5,529.58 0.00 468,041.10 DR JE Interest on NSE MTF373283960 202624528419",137.17,0.0,468178.27,DR
421201_8509005322622_20260721_1116431_SOFW.txt,NSE-CAPITAL,17/07/2026,Being payout of EQ settlement 2026132 JE 202624577437,137.17,0.0,468315.44,DR
421201_8509005322622_20260721_1116431_SOFW.txt,NSE-CAPITAL,17/07/2026,Being payout of EQ settlement 2026132 JE 202624577438,0.0,137.17,468178.27,DR
421201_8509005322622_20260721_1116431_SOFW.txt,NSE-CAPITAL,17/07/2026,Being payout of EQ settlement 2026132 JE 202624577587,88.5,0.0,468266.77,DR
421201_8509005322622_20260721_1116431_SOFW.txt,NSE-CAPITAL,17/07/2026,Being payout of EQ settlement 2026132 JE 202624577588,0.0,88.5,468178.27,DR
421201_8509005322622_20260721_1116431_SOFW.txt,NSE-CAPITAL,17/07/2026,adjusted aga 1304463 REPBNK Upstreamed Amount Collected 202630753320,0.0,88029.5,380148.77,DR
421201_8509005322622_20260721_1116431_SOFW.txt,NSE-CAPITAL,18/07/2026,Being GST on NSDL - CDSL Charges - DBNOTE 202619762979,29.25,0.0,380178.02,DR
421201_8509005322622_20260721_1116431_SOFW.txt,NSE-CAPITAL,18/07/2026,Demat Charges DBNOTE 202619775959,300.0,0.0,380478.02,DR
421201_8509005322622_20260721_1116431_SOFW.txt,NSE-CAPITAL,18/07/2026,Being GST on NSDL - CDSL Charges - DBNOTE 202619877613,27.0,0.0,380505.02,DR
421201_8509005322622_20260721_1116431_SOFW.txt,NSE-CAPITAL,18/07/2026,Being MTF pledge Charges DBNOTE 202619896985,325.0,0.0,380830.02,DR
421201_8509005322622_20260721_1116431_SOFW.txt,NSE-CAPITAL,18/07/2026,Being GST on NSDL - CDSL Charges - DBNOTE 202619902284,27.0,0.0,380857.02,DR
421201_8509005322622_20260721_1116431_SOFW.txt,NSE-CAPITAL,18/07/2026,Being GST on NSDL - CDSL Charges - DBNOTE 202619928142,29.25,0.0,380886.27,DR
421201_8509005322622_20260721_1116431_SOFW.txt,NSE-CAPITAL,18/07/2026,DCM012618073735 JE Interest on NSE MTF373387417 202624685895,140.16,0.0,381026.43,DR
421201_8509005322622_20260727_1115426_SOFW.txt,MTF-MTF-TRADE,20/07/2026,MTF BILL FOR 2026134-M BILL DATE Jul 20 2026134 MBILL 202600000074,56829.3,0.0,439885.15,DR
421201_8509005322622_20260727_1115426_SOFW.txt,MTF-MTF-TRADE,20/07/2026,2026 DBNOTE NSE Margin Payin 8503169324 202610489638,0.0,32115.87,407769.28,DR
421201_8509005322622_20260727_1115426_SOFW.txt,MTF-MTF-TRADE,20/07/2026,"20/07/2026 20-07-26 DBNOTE NSE Margin Payin 8503169324 202610489638 0.00 32,115.87 407,769.28 DR CPAYIN 11.MTF PAYIN 202610582431",0.0,32115.87,375653.41,DR
421201_8509005322622_20260727_1115426_SOFW.txt,MTF-MTF-TRADE,20/07/2026,"20/07/2026 20-07-26 CPAYIN 11.MTF PAYIN 202610582431 0.00 32,115.87 375,653.41 DR DBNOTE 10.MTF PAYIN 202610582431",32115.87,0.0,407769.28,DR
421201_8509005322622_20260727_1115426_SOFW.txt,MTF-MTF-TRADE,21/07/2026,23.MTF CASH EXCESS REV AFTER PAYIN CPAYIN 202610738261,2116.5,0.0,409885.78,DR
421201_8509005322622_20260727_1115426_SOFW.txt,MTF-MTF-TRADE,21/07/2026,24.MTF CASH EXCESS REV AFTER PAYIN DBNOTE 202610738261,0.0,2116.5,407769.28,DR
421201_8509005322622_20260727_1115426_SOFW.txt,MTF-MTF-TRADE,22/07/2026,POSITION CLOSE FOR BILL DATE Jul 22 2026 MBILL 202600000076,0.0,53249.72,354519.56,DR
421201_8509005322622_20260727_1115426_SOFW.txt,MTF-MTF-TRADE,22/07/2026,MTF BILL FOR 2026136-M BILL DATE Jul 22 2026136 MBILL 202600000076,31410.0,0.0,385929.56,DR
421201_8509005322622_20260727_1115426_SOFW.txt,MTF-MTF-TRADE,22/07/2026,2026 DBNOTE NSE Margin Payout 8503169324 202610768345,7157.15,0.0,393086.71,DR
421201_8509005322622_20260727_1115426_SOFW.txt,MTF-MTF-TRADE,22/07/2026,"22/07/2026 22-07-26 DBNOTE NSE Margin Payout 8503169324 202610768345 7,157.15 0.00 393,086.71 DR DBNOTE NSE Margin Payout 8503169324 202610768346",1563.31,0.0,394650.02,DR
421201_8509005322622_20260727_1115426_SOFW.txt,MTF-MTF-TRADE,22/07/2026,"22/07/2026 22-07-26 DBNOTE NSE Margin Payout 8503169324 202610768346 1,563.31 0.00 394,650.02 DR CPAYIN 21.MTF SELL PAYIN 202610865978",10432.03,0.0,405082.05,DR
421201_8509005322622_20260727_1115426_SOFW.txt,MTF-MTF-TRADE,22/07/2026,"22/07/2026 22-07-26 CPAYIN 21.MTF SELL PAYIN 202610865978 10,432.03 0.00 405,082.05 DR DBNOTE 17.MTF SELL PAYIN 202610865978",0.0,10432.03,394650.02,DR
421201_8509005322622_20260727_1115426_SOFW.txt,MTF-MTF-TRADE,23/07/2026,POSITION CLOSE FOR BILL DATE Jul 23 2026 MBILL 202600000077,0.0,256369.45,138280.57,DR
421201_8509005322622_20260727_1115426_SOFW.txt,MTF-MTF-TRADE,23/07/2026,MTF BILL FOR 2026137-M BILL DATE Jul 23 2026137 MBILL 202600000077,45136.0,0.0,183416.57,DR
421201_8509005322622_20260727_1115426_SOFW.txt,MTF-MTF-TRADE,23/07/2026,2026 DBNOTE NSE Margin Payout 8503169324 202610903155,4765.21,0.0,188181.78,DR
421201_8509005322622_20260727_1115426_SOFW.txt,MTF-MTF-TRADE,23/07/2026,"23/07/2026 23-07-26 DBNOTE NSE Margin Payout 8503169324 202610903155 4,765.21 0.00 188,181.78 DR DBNOTE NSE Margin Payout 8503169324 202610903156",90232.47,0.0,278414.25,DR
421201_8509005322622_20260727_1115426_SOFW.txt,MTF-MTF-TRADE,23/07/2026,"23/07/2026 23-07-26 DBNOTE NSE Margin Payout 8503169324 202610903156 90,232.47 0.00 278,414.25 DR DBNOTE Being Margin Trf 8503169324 202610982634",2964.46,0.0,281378.71,DR
421201_8509005322622_20260727_1115426_SOFW.txt,MTF-MTF-TRADE,23/07/2026,"23/07/2026 23-07-26 DBNOTE Being Margin Trf 8503169324 202610982634 2,964.46 0.00 281,378.71 DR CPAYIN 21.MTF SELL PAYIN 202611015437",78823.21,0.0,360201.92,DR
421201_8509005322622_20260727_1115426_SOFW.txt,MTF-MTF-TRADE,23/07/2026,"23/07/2026 23-07-26 CPAYIN 21.MTF SELL PAYIN 202611015437 78,823.21 0.00 360,201.92 DR DBNOTE 17.MTF SELL PAYIN 202611015437",0.0,78823.21,281378.71,DR
421201_8509005322622_20260727_1115426_SOFW.txt,MTF-MTF-TRADE,24/07/2026,POSITION CLOSE FOR BILL DATE Jul 24 2026 MBILL 202600000078,0.0,191518.45,89860.26,DR
421201_8509005322622_20260727_1115426_SOFW.txt,MTF-MTF-TRADE,24/07/2026,MTF BILL FOR 2026138-M BILL DATE Jul 24 2026138 MBILL 202600000078,39471.5,0.0,129331.76,DR
421201_8509005322622_20260727_1115426_SOFW.txt,MTF-MTF-TRADE,24/07/2026,2026 DBNOTE NSE Margin Payout 8503169324 202611055167,24348.33,0.0,153680.09,DR
421201_8509005322622_20260727_1115426_SOFW.txt,MTF-MTF-TRADE,24/07/2026,"24/07/2026 24-07-26 DBNOTE NSE Margin Payout 8503169324 202611055167 24,348.33 0.00 153,680.09 DR DBNOTE NSE Margin Payout 8503169324 202611055168",31676.24,0.0,185356.33,DR
421201_8509005322622_20260727_1115426_SOFW.txt,MTF-MTF-TRADE,24/07/2026,"24/07/2026 24-07-26 DBNOTE NSE Margin Payout 8503169324 202611055168 31,676.24 0.00 185,356.33 DR DBNOTE Being Margin Trf 8503169324 202611140827",1764.25,0.0,187120.58,DR
421201_8509005322622_20260727_1115426_SOFW.txt,MTF-MTF-TRADE,24/07/2026,"24/07/2026 24-07-26 DBNOTE Being Margin Trf 8503169324 202611140827 1,764.25 0.00 187,120.58 DR CPAYIN 21.MTF SELL PAYIN 202611175515",29276.75,0.0,216397.33,DR
421201_8509005322622_20260727_1115426_SOFW.txt,MTF-MTF-TRADE,24/07/2026,"24/07/2026 24-07-26 CPAYIN 21.MTF SELL PAYIN 202611175515 29,276.75 0.00 216,397.33 DR DBNOTE 17.MTF SELL PAYIN 202611175515",0.0,29276.75,187120.58,DR
421201_8509005322622_20260727_1115426_SOFW.txt,NSE-CAPITAL,20/07/2026,MTF BILL FOR 2026134-M BILL DATE Jul 20 MBILL 202600000074,0.0,56829.3,575504.98,CR
421201_8509005322622_20260727_1115426_SOFW.txt,NSE-CAPITAL,20/07/2026,2026 2026134 BILL SETTNO=2026134NSECMMBILL POSTED 202600000337,100236.18,0.0,475268.8,CR
421201_8509005322622_20260727_1115426_SOFW.txt,NSE-CAPITAL,20/07/2026,"20/07/2026 21-07-26 2026134 BILL SETTNO=2026134NSECMMBILL POSTED 202600000337 100,236.18 0.00 475,268.80 CR 1304833 PAYBNK Upstreamed Amount Released 202608048994",8822.97,0.0,466445.83,CR
421201_8509005322622_20260727_1115426_SOFW.txt,NSE-CAPITAL,20/07/2026,"20/07/2026 20-07-26 1304833 PAYBNK Upstreamed Amount Released 202608048994 8,822.97 0.00 466,445.83 CR 1304972 PAYBNK Being Payout towards NSE M 2026133 202608068851",395406.58,0.0,71039.25,CR
421201_8509005322622_20260727_1115426_SOFW.txt,NSE-CAPITAL,20/07/2026,"20/07/2026 20-07-26 1304972 PAYBNK Being Payout towards NSE M 2026133 202608068851 395,406.58 0.00 71,039.25 CR 1304972 PAYBNK Being Payout towards NSE Z 2026133 202608083844",114124.24,0.0,43084.99,DR
421201_8509005322622_20260727_1115426_SOFW.txt,NSE-CAPITAL,20/07/2026,"20/07/2026 20-07-26 1304972 PAYBNK Being Payout towards NSE Z 2026133 202608083844 114,124.24 0.00 43,084.99 DR DBNOTE NSE Margin Payin 8503169324 202619993049",32115.87,0.0,75200.86,DR
421201_8509005322622_20260727_1115426_SOFW.txt,NSE-CAPITAL,20/07/2026,"20/07/2026 20-07-26 DBNOTE NSE Margin Payin 8503169324 202619993049 32,115.87 0.00 75,200.86 DR JE Interest on NSE MTF373572688 202624774669",160.88,0.0,75361.74,DR
421201_8509005322622_20260727_1115426_SOFW.txt,NSE-CAPITAL,20/07/2026,Being payout of EQ settlement 2026133 JE 202624857306,354.0,0.0,75715.74,DR
421201_8509005322622_20260727_1115426_SOFW.txt,NSE-CAPITAL,20/07/2026,Being payout of EQ settlement 2026133 JE 202624857307,0.0,354.0,75361.74,DR
421201_8509005322622_20260727_1115426_SOFW.txt,NSE-CAPITAL,20/07/2026,Being payout of EQ settlement 2026133 JE 202624857310,140.16,0.0,75501.9,DR
421201_8509005322622_20260727_1115426_SOFW.txt,NSE-CAPITAL,20/07/2026,Being payout of EQ settlement 2026133 JE 202624857311,0.0,140.16,75361.74,DR
421201_8509005322622_20260727_1115426_SOFW.txt,NSE-CAPITAL,20/07/2026,Being payout of EQ settlement 2026133 JE 202624857322,383.5,0.0,75745.24,DR
421201_8509005322622_20260727_1115426_SOFW.txt,NSE-CAPITAL,20/07/2026,Being payout of EQ settlement 2026133 JE 202624930295,0.0,383.5,75361.74,DR
421201_8509005322622_20260727_1115426_SOFW.txt,NSE-CAPITAL,20/07/2026,Being payout of EQ settlement 2026133 JE 202625078534,160.88,0.0,75522.62,DR
421201_8509005322622_20260727_1115426_SOFW.txt,NSE-CAPITAL,20/07/2026,Being payout of EQ settlement 2026133 JE 202625078535,0.0,160.88,75361.74,DR
421201_8509005322622_20260727_1115426_SOFW.txt,NSE-CAPITAL,20/07/2026,Being payout of EQ settlement 2026133 JE 202625078536,160.88,0.0,75522.62,DR
421201_8509005322622_20260727_1115426_SOFW.txt,NSE-CAPITAL,20/07/2026,Being payout of EQ settlement 2026133 JE 202625078537,0.0,160.88,75361.74,DR
421201_8509005322622_20260727_1115426_SOFW.txt,NSE-CAPITAL,20/07/2026,adjusted aga JE Interest on NSE MTF373684390 202625108115,160.88,0.0,75522.62,DR
421201_8509005322622_20260727_1115426_SOFW.txt,NSE-CAPITAL,20/07/2026,"20/07/2026 20-07-26 JE Interest on NSE MTF373684390 202625108115 160.88 0.00 75,522.62 DR 1305160 REPBNK Upstreamed Amount Collected 202631297732",0.0,75321.37,201.25,DR
421201_8509005322622_20260727_1115426_SOFW.txt,NSE-CAPITAL,20/07/2026,"20/07/2026 20-07-26 1305160 REPBNK Upstreamed Amount Collected 202631297732 0.00 75,321.37 201.25 DR 1305252 REPBNK Being Payin towards NSE M 2026134 202631356800",0.0,201.38,0.13,CR
421201_8509005322622_20260727_1115426_SOFW.txt,NSE-CAPITAL,21/07/2026,Being GST on NSDL - CDSL Charges - DBNOTE 202620144385,36.0,0.0,35.87,DR
421201_8509005322622_20260727_1115426_SOFW.txt,NSE-CAPITAL,21/07/2026,Being GST on NSDL - CDSL Charges - DBNOTE 202620195286,36.0,0.0,71.87,DR
421201_8509005322622_20260727_1115426_SOFW.txt,NSE-CAPITAL,21/07/2026,Being MTF pledge Charges DBNOTE 202620200727,400.0,0.0,471.87,DR
421201_8509005322622_20260727_1115426_SOFW.txt,NSE-CAPITAL,21/07/2026,recoverable01262107373925 JE Interest on NSE MTF373815977 202625386049,160.88,0.0,632.75,DR
421201_8509005322622_20260727_1115426_SOFW.txt,NSE-CAPITAL,21/07/2026,Interest recovered on NSE MTF INN 373815977 1305263 REPBNK 202631560512,0.0,160.88,471.87,DR
421201_8509005322622_20260727_1115426_SOFW.txt,NSE-CAPITAL,21/07/2026,Being GST and MTF pledge Charges recovered 1305263 REPBNK 202631567974,0.0,472.0,0.13,CR
421201_8509005322622_20260727_1115426_SOFW.txt,NSE-CAPITAL,22/07/2026,POSITION CLOSE FOR BILL DATE Jul 22 2026 MBILL 202600000076,53249.72,0.0,53249.59,DR
421201_8509005322622_20260727_1115426_SOFW.txt,NSE-CAPITAL,22/07/2026,MTF BILL FOR 2026136-M BILL DATE Jul 22 MBILL 202600000076,0.0,31410.0,21839.59,DR
421201_8509005322622_20260727_1115426_SOFW.txt,NSE-CAPITAL,22/07/2026,2026 2026136 BILL SETTNO=2026136NSECMMBILL POSTED 202600000347,0.0,123436.38,101596.79,CR
421201_8509005322622_20260727_1115426_SOFW.txt,NSE-CAPITAL,22/07/2026,Upstreamed Amount Released from I-Sec 1306072 PAYBNK 202608326374,1563.31,0.0,100033.48,CR
421201_8509005322622_20260727_1115426_SOFW.txt,NSE-CAPITAL,22/07/2026,Upstreamed Amount Released from Upstream 1306072 PAYBNK 202608343030,39240.71,0.0,60792.77,CR
421201_8509005322622_20260727_1115426_SOFW.txt,NSE-CAPITAL,22/07/2026,Being GST on NSDL - CDSL Charges - DBNOTE 202620281153,2.25,0.0,60790.52,CR
421201_8509005322622_20260727_1115426_SOFW.txt,NSE-CAPITAL,22/07/2026,Being GST on NSDL - CDSL Charges - DBNOTE 202620305476,2.25,0.0,60788.27,CR
421201_8509005322622_20260727_1115426_SOFW.txt,NSE-CAPITAL,22/07/2026,Being MTF pledge Charges DBNOTE 202620318848,25.0,0.0,60763.27,CR
421201_8509005322622_20260727_1115426_SOFW.txt,NSE-CAPITAL,22/07/2026,recoverable01262207374130 DBNOTE NSE Margin Payout 8503169324 202620547339,0.0,7157.15,67920.42,CR
421201_8509005322622_20260727_1115426_SOFW.txt,NSE-CAPITAL,22/07/2026,"22/07/2026 22-07-26 DBNOTE NSE Margin Payout 8503169324 202620547339 0.00 7,157.15 67,920.42 CR DBNOTE NSE Margin Payout 8503169324 202620547340",0.0,1563.31,69483.73,CR
421201_8509005322622_20260727_1115426_SOFW.txt,NSE-CAPITAL,22/07/2026,"22/07/2026 22-07-26 DBNOTE NSE Margin Payout 8503169324 202620547340 0.00 1,563.31 69,483.73 CR JE Interest on NSE MTF374092142 202625424374",102.81,0.0,69380.92,CR
421201_8509005322622_20260727_1115426_SOFW.txt,NSE-CAPITAL,22/07/2026,Being GST and MTF pledge Charges recovered 1305690 REPBNK 202631827115,0.0,29.5,69410.42,CR
421201_8509005322622_20260727_1115426_SOFW.txt,NSE-CAPITAL,22/07/2026,Interest recovered on NSE MTF INN 374092142 1305690 REPBNK 202631920904,0.0,102.81,69513.23,CR
421201_8509005322622_20260727_1115426_SOFW.txt,NSE-CAPITAL,22/07/2026,"22/07/2026 22-07-26 1305690 REPBNK 202631920904 0.00 102.81 69,513.23 CR 1306020 REPBNK Upstreamed Amount Collected 202631955420",0.0,39240.71,108753.94,CR
421201_8509005322622_20260727_1115426_SOFW.txt,NSE-CAPITAL,23/07/2026,POSITION CLOSE FOR BILL DATE Jul 23 2026 MBILL 202600000077,256369.45,0.0,147615.51,DR
421201_8509005322622_20260727_1115426_SOFW.txt,NSE-CAPITAL,23/07/2026,MTF BILL FOR 2026137-M BILL DATE Jul 23 MBILL 202600000077,0.0,45136.0,102479.51,DR
421201_8509005322622_20260727_1115426_SOFW.txt,NSE-CAPITAL,23/07/2026,2026 2026137 BILL SETTNO=2026137NSECMMBILL POSTED 202600000351,0.0,310428.74,207949.23,CR
421201_8509005322622_20260727_1115426_SOFW.txt,NSE-CAPITAL,23/07/2026,"23/07/2026 24-07-26 2026137 BILL SETTNO=2026137NSECMMBILL POSTED 202600000351 0.00 310,428.74 207,949.23 CR 1306176 PAYBNK Upstreamed Amount Released 202608348463",7157.15,0.0,200792.08,CR
421201_8509005322622_20260727_1115426_SOFW.txt,NSE-CAPITAL,23/07/2026,"23/07/2026 23-07-26 1306176 PAYBNK Upstreamed Amount Released 202608348463 7,157.15 0.00 200,792.08 CR 1306299 PAYBNK Being Payout towards NSE M 2026136 202608392451",101327.32,0.0,99464.76,CR
421201_8509005322622_20260727_1115426_SOFW.txt,NSE-CAPITAL,23/07/2026,Upstreamed Amount Released from Upstream 1306532 PAYBNK 202608413415,92218.46,0.0,7246.3,CR
421201_8509005322622_20260727_1115426_SOFW.txt,NSE-CAPITAL,23/07/2026,Upstreamed Amount Released from I-Sec 1306532 PAYBNK 202608425600,90232.47,0.0,82986.17,DR
421201_8509005322622_20260727_1115426_SOFW.txt,NSE-CAPITAL,23/07/2026,Being GST on NSDL - CDSL Charges - DBNOTE 202620634190,5.4,0.0,82991.57,DR
421201_8509005322622_20260727_1115426_SOFW.txt,NSE-CAPITAL,23/07/2026,Being GST on NSDL - CDSL Charges - DBNOTE 202620671462,6.75,0.0,82998.32,DR
421201_8509005322622_20260727_1115426_SOFW.txt,NSE-CAPITAL,23/07/2026,Being MTF pledge Charges DBNOTE 202620708782,75.0,0.0,83073.32,DR
421201_8509005322622_20260727_1115426_SOFW.txt,NSE-CAPITAL,23/07/2026,Being GST on NSDL - CDSL Charges - DBNOTE 202620722564,5.4,0.0,83078.72,DR
421201_8509005322622_20260727_1115426_SOFW.txt,NSE-CAPITAL,23/07/2026,Being GST on NSDL - CDSL Charges - DBNOTE 202620739196,6.75,0.0,83085.47,DR
421201_8509005322622_20260727_1115426_SOFW.txt,NSE-CAPITAL,23/07/2026,Demat Charges DBNOTE 202620743202,60.0,0.0,83145.47,DR
421201_8509005322622_20260727_1115426_SOFW.txt,NSE-CAPITAL,23/07/2026,Recoverable01262307374371702 DBNOTE NSE Margin Payout 8503169324 202620793091,0.0,4765.21,78380.26,DR
421201_8509005322622_20260727_1115426_SOFW.txt,NSE-CAPITAL,23/07/2026,"23/07/2026 23-07-26 DBNOTE NSE Margin Payout 8503169324 202620793091 0.00 4,765.21 78,380.26 DR DBNOTE NSE Margin Payout 8503169324 202620793092",0.0,90232.47,11852.21,CR
421201_8509005322622_20260727_1115426_SOFW.txt,NSE-CAPITAL,23/07/2026,"23/07/2026 23-07-26 DBNOTE NSE Margin Payout 8503169324 202620793092 0.00 90,232.47 11,852.21 CR DBNOTE Being Margin Trf 8503169324 202620819207",0.0,2964.46,14816.67,CR
421201_8509005322622_20260727_1115426_SOFW.txt,NSE-CAPITAL,23/07/2026,Being payout of EQ settlement 2026136 JE 202625694669,88.5,0.0,14728.17,CR
421201_8509005322622_20260727_1115426_SOFW.txt,NSE-CAPITAL,23/07/2026,adjusted aga JE Interest on NSE MTF374321493 202625702794,110.04,0.0,14618.13,CR
421201_8509005322622_20260727_1115426_SOFW.txt,NSE-CAPITAL,23/07/2026,Being payout of EQ settlement 2026136 JE 202625733878,0.0,110.04,14728.17,CR
421201_8509005322622_20260727_1115426_SOFW.txt,NSE-CAPITAL,23/07/2026,Being payout of EQ settlement 2026136 JE 202625748100,70.8,0.0,14657.37,CR
421201_8509005322622_20260727_1115426_SOFW.txt,NSE-CAPITAL,23/07/2026,Being payout of EQ settlement 2026136 JE 202625749751,0.0,70.8,14728.17,CR
421201_8509005322622_20260727_1115426_SOFW.txt,NSE-CAPITAL,23/07/2026,Being payout of EQ settlement 2026136 JE 202625846339,0.0,88.5,14816.67,CR
421201_8509005322622_20260727_1115426_SOFW.txt,NSE-CAPITAL,23/07/2026,Being payout of EQ settlement 2026136 JE 202625871687,110.04,0.0,14706.63,CR
421201_8509005322622_20260727_1115426_SOFW.txt,NSE-CAPITAL,23/07/2026,adjusted aga 1306479 REPBNK Upstreamed Amount Collected 202632363423,0.0,92218.46,106925.09,CR
421201_8509005322622_20260727_1115426_SOFW.txt,NSE-CAPITAL,24/07/2026,MTF BILL FOR 2026138-M BILL DATE Jul 24 MBILL 202600000078,0.0,39471.5,146396.59,CR
421201_8509005322622_20260727_1115426_SOFW.txt,NSE-CAPITAL,24/07/2026,POSITION CLOSE FOR BILL DATE Jul 24 2026 MBILL 202600000078,191518.45,0.0,45121.86,DR
421201_8509005322622_20260727_1115426_SOFW.txt,NSE-CAPITAL,24/07/2026,"24/07/2026 24-07-26 MBILL 202600000078 191,518.45 0.00 45,121.86 DR 1306637 PAYBNK Upstreamed Amount Released 202608440943",4765.21,0.0,49887.07,DR
421201_8509005322622_20260727_1115426_SOFW.txt,NSE-CAPITAL,24/07/2026,"24/07/2026 24-07-26 1306637 PAYBNK Upstreamed Amount Released 202608440943 4,765.21 0.00 49,887.07 DR 1306772 PAYBNK Being Payout towards NSE M 2026137 202608482463",101920.41,0.0,151807.48,DR
421201_8509005322622_20260727_1115426_SOFW.txt,NSE-CAPITAL,24/07/2026,Upstreamed Amount Released from Upstream 1307015 PAYBNK 202608506489,44127.2,0.0,195934.68,DR
421201_8509005322622_20260727_1115426_SOFW.txt,NSE-CAPITAL,24/07/2026,Upstreamed Amount Released from I-Sec 1307015 PAYBNK 202608512472,24348.33,0.0,220283.01,DR
421201_8509005322622_20260727_1115426_SOFW.txt,NSE-CAPITAL,24/07/2026,Being MTF pledge Charges DBNOTE 202620857134,50.0,0.0,220333.01,DR
421201_8509005322622_20260727_1115426_SOFW.txt,NSE-CAPITAL,24/07/2026,Being GST on NSDL - CDSL Charges - DBNOTE 202620919734,4.5,0.0,220337.51,DR
421201_8509005322622_20260727_1115426_SOFW.txt,NSE-CAPITAL,24/07/2026,Demat Charges DBNOTE 202620948677,60.0,0.0,220397.51,DR
421201_8509005322622_20260727_1115426_SOFW.txt,NSE-CAPITAL,24/07/2026,Being GST on NSDL - CDSL Charges - DBNOTE 202620956809,5.4,0.0,220402.91,DR
421201_8509005322622_20260727_1115426_SOFW.txt,NSE-CAPITAL,24/07/2026,Being GST on NSDL - CDSL Charges - DBNOTE 202620964310,5.4,0.0,220408.31,DR
421201_8509005322622_20260727_1115426_SOFW.txt,NSE-CAPITAL,24/07/2026,Being GST on NSDL - CDSL Charges - DBNOTE 202620984539,4.5,0.0,220412.81,DR
421201_8509005322622_20260727_1115426_SOFW.txt,NSE-CAPITAL,24/07/2026,DCM012624073745 DBNOTE NSE Margin Payout 8503169324 202621071156,0.0,24348.33,196064.48,DR
421201_8509005322622_20260727_1115426_SOFW.txt,NSE-CAPITAL,24/07/2026,"24/07/2026 24-07-26 DBNOTE NSE Margin Payout 8503169324 202621071156 0.00 24,348.33 196,064.48 DR DBNOTE NSE Margin Payout 8503169324 202621071157",0.0,31676.24,164388.24,DR
421201_8509005322622_20260727_1115426_SOFW.txt,NSE-CAPITAL,24/07/2026,"24/07/2026 24-07-26 DBNOTE NSE Margin Payout 8503169324 202621071157 0.00 31,676.24 164,388.24 DR DBNOTE Being Margin Trf 8503169324 202621085592",0.0,1764.25,162623.99,DR
421201_8509005322622_20260727_1115426_SOFW.txt,NSE-CAPITAL,24/07/2026,Being payout of EQ settlement 2026137 JE 202625952556,0.0,59.0,162564.99,DR
421201_8509005322622_20260727_1115426_SOFW.txt,NSE-CAPITAL,24/07/2026,Being payout of EQ settlement 2026137 JE 202625963710,70.8,0.0,162635.79,DR
421201_8509005322622_20260727_1115426_SOFW.txt,NSE-CAPITAL,24/07/2026,Being payout of EQ settlement 2026137 JE 202625985292,0.0,70.8,162564.99,DR
421201_8509005322622_20260727_1115426_SOFW.txt,NSE-CAPITAL,24/07/2026,Being payout of EQ settlement 2026137 JE 202626050770,0.0,109.52,162455.47,DR
421201_8509005322622_20260727_1115426_SOFW.txt,NSE-CAPITAL,24/07/2026,adjusted aga JE Interest on NSE MTF374525973 202626075785,109.52,0.0,162564.99,DR
421201_8509005322622_20260727_1115426_SOFW.txt,NSE-CAPITAL,24/07/2026,Being payout of EQ settlement 2026137 JE 202626112769,59.0,0.0,162623.99,DR
421201_8509005322622_20260727_1115426_SOFW.txt,NSE-CAPITAL,24/07/2026,Being payout of EQ settlement 2026137 JE 202626114327,109.52,0.0,162733.51,DR
421201_8509005322622_20260727_1115426_SOFW.txt,NSE-CAPITAL,24/07/2026,adjusted aga 1306938 REPBNK Upstreamed Amount Collected 202632795530,0.0,44127.2,118606.31,DR
421201_8509005322622_20260727_1115426_SOFW.txt,NSE-CAPITAL,25/07/2026,Being MTF pledge Charges DBNOTE 202621139301,250.0,0.0,118856.31,DR
421201_8509005322622_20260727_1115426_SOFW.txt,NSE-CAPITAL,25/07/2026,Being GST on NSDL - CDSL Charges - DBNOTE 202621149133,22.5,0.0,118878.81,DR
421201_8509005322622_20260727_1115426_SOFW.txt,NSE-CAPITAL,25/07/2026,Being GST on NSDL - CDSL Charges - DBNOTE 202621155929,22.5,0.0,118901.31,DR
421201_8509005322622_20260727_1115426_SOFW.txt,NSE-CAPITAL,25/07/2026,Being GST on NSDL - CDSL Charges - DBNOTE 202621175663,1.8,0.0,118903.11,DR
421201_8509005322622_20260727_1115426_SOFW.txt,NSE-CAPITAL,25/07/2026,Being GST on NSDL - CDSL Charges - DBNOTE 202621211597,1.8,0.0,118904.91,DR
421201_8509005322622_20260727_1115426_SOFW.txt,NSE-CAPITAL,25/07/2026,Demat Charges DBNOTE 202621214269,20.0,0.0,118924.91,DR
421201_8509005322622_20260727_1115426_SOFW.txt,NSE-CAPITAL,25/07/2026,Recoverable01262507374768045 JE Interest on NSE MTF374729468 202626177525,106.08,0.0,119030.99,DR
421201_8509005322622_20260727_1115426_SOFW.txt,NSE-CAPITAL,25/07/2026,Being GST and MTF pledge Charges recovered 1307089 REPBNK 202632993326,0.0,295.0,118735.99,DR
421201_8509005322622_20260727_1115426_SOFW.txt,NSE-CAPITAL,25/07/2026,Interest recovered on NSE MTF INN 374729468 1307089 REPBNK 202633000903,0.0,106.08,118629.91,DR
421201_8509005322622_20260727_1115426_SOFW.txt,NSE-CAPITAL,25/07/2026,Demat Charges Recovered DCR 1307089 REPBNK 202633012966,0.0,23.6,118606.31,DR
421201_8509005322622_20260803_1115151_SOFW.txt,MTF-MTF-TRADE,28/07/2026,DBNOTE NSE Margin Payin 8503169324 202611367759,0.0,934.76,186185.82,DR
421201_8509005322622_20260803_1115151_SOFW.txt,MTF-MTF-TRADE,28/07/2026,"28/07/2026 28-07-26 DBNOTE NSE Margin Payin 8503169324 202611367759 0.00 934.76 186,185.82 DR DBNOTE Being Margin Trf 8503169324 202611431423",0.0,407.99,185777.83,DR
421201_8509005322622_20260803_1115151_SOFW.txt,MTF-MTF-TRADE,28/07/2026,"28/07/2026 28-07-26 DBNOTE Being Margin Trf 8503169324 202611431423 0.00 407.99 185,777.83 DR DBNOTE 10.MTF PAYIN 202611440232",934.76,0.0,186712.59,DR
421201_8509005322622_20260803_1115151_SOFW.txt,MTF-MTF-TRADE,28/07/2026,"28/07/2026 28-07-26 DBNOTE 10.MTF PAYIN 202611440232 934.76 0.00 186,712.59 DR CPAYIN 11.MTF PAYIN 202611440232",0.0,934.76,185777.83,DR
421201_8509005322622_20260803_1115151_SOFW.txt,MTF-MTF-TRADE,29/07/2026,MTF BILL FOR 2026141-M BILL DATE Jul 29 2026141 MBILL 202600000081,116612.9,0.0,302390.73,DR
421201_8509005322622_20260803_1115151_SOFW.txt,MTF-MTF-TRADE,29/07/2026,POSITION CLOSE FOR BILL DATE Jul 29 2026 MBILL 202600000081,0.0,79323.5,223067.23,DR
421201_8509005322622_20260803_1115151_SOFW.txt,MTF-MTF-TRADE,29/07/2026,"29/07/2026 29-07-26 MBILL 202600000081 0.00 79,323.50 223,067.23 DR DBNOTE NSE Margin Payin 8503169324 202611504332",0.0,31825.95,191241.28,DR
421201_8509005322622_20260803_1115151_SOFW.txt,MTF-MTF-TRADE,29/07/2026,"29/07/2026 29-07-26 DBNOTE NSE Margin Payin 8503169324 202611504332 0.00 31,825.95 191,241.28 DR DBNOTE 10.MTF PAYIN 202611586014",31825.95,0.0,223067.23,DR
421201_8509005322622_20260803_1115151_SOFW.txt,MTF-MTF-TRADE,29/07/2026,"29/07/2026 29-07-26 DBNOTE 10.MTF PAYIN 202611586014 31,825.95 0.00 223,067.23 DR CPAYIN 11.MTF PAYIN 202611586014",0.0,31825.95,191241.28,DR
421201_8509005322622_20260803_1115151_SOFW.txt,MTF-MTF-TRADE,29/07/2026,23.MTF CASH EXCESS REV AFTER PAYIN CPAYIN 202611625772,934.76,0.0,192176.04,DR
421201_8509005322622_20260803_1115151_SOFW.txt,MTF-MTF-TRADE,29/07/2026,24.MTF CASH EXCESS REV AFTER PAYIN DBNOTE 202611625772,0.0,934.76,191241.28,DR
421201_8509005322622_20260803_1115151_SOFW.txt,MTF-MTF-TRADE,30/07/2026,POSITION CLOSE FOR BILL DATE Jul 30 2026 MBILL 202600000082,0.0,21332.0,169909.28,DR
421201_8509005322622_20260803_1115151_SOFW.txt,MTF-MTF-TRADE,30/07/2026,MTF BILL FOR 2026142-M BILL DATE Jul 30 2026142 MBILL 202600000082,61563.75,0.0,231473.03,DR
421201_8509005322622_20260803_1115151_SOFW.txt,MTF-MTF-TRADE,30/07/2026,2026 DBNOTE NSE Margin Payin 8503169324 202611655506,0.0,30267.3,201205.73,DR
421201_8509005322622_20260803_1115151_SOFW.txt,MTF-MTF-TRADE,30/07/2026,"30/07/2026 30-07-26 DBNOTE NSE Margin Payin 8503169324 202611655506 0.00 30,267.30 201,205.73 DR DBNOTE 10.MTF PAYIN 202611728591",30267.3,0.0,231473.03,DR
421201_8509005322622_20260803_1115151_SOFW.txt,MTF-MTF-TRADE,30/07/2026,"30/07/2026 30-07-26 DBNOTE 10.MTF PAYIN 202611728591 30,267.30 0.00 231,473.03 DR CPAYIN 11.MTF PAYIN 202611728591",0.0,30267.3,201205.73,DR
421201_8509005322622_20260803_1115151_SOFW.txt,MTF-MTF-TRADE,31/07/2026,MTF BILL FOR 2026143-M BILL DATE Jul 31 2026143 MBILL 202600000083,40225.5,0.0,241431.23,DR
421201_8509005322622_20260803_1115151_SOFW.txt,MTF-MTF-TRADE,31/07/2026,2026 DBNOTE NSE Margin Payin 8503169324 202611776583,0.0,22868.35,218562.88,DR
421201_8509005322622_20260803_1115151_SOFW.txt,MTF-MTF-TRADE,31/07/2026,"31/07/2026 31-07-26 DBNOTE NSE Margin Payin 8503169324 202611776583 0.00 22,868.35 218,562.88 DR CPAYIN 11.MTF PAYIN 202611859552",0.0,22868.35,195694.53,DR
421201_8509005322622_20260803_1115151_SOFW.txt,MTF-MTF-TRADE,31/07/2026,"31/07/2026 31-07-26 CPAYIN 11.MTF PAYIN 202611859552 0.00 22,868.35 195,694.53 DR DBNOTE 10.MTF PAYIN 202611859552",22868.35,0.0,218562.88,DR
421201_8509005322622_20260803_1115151_SOFW.txt,MTF-MTF-TRADE,31/07/2026,23.MTF CASH EXCESS REV AFTER PAYIN CPAYIN 202611894887,0.04,0.0,218562.92,DR
421201_8509005322622_20260803_1115151_SOFW.txt,MTF-MTF-TRADE,31/07/2026,24.MTF CASH EXCESS REV AFTER PAYIN DBNOTE 202611894887,0.0,0.04,218562.88,DR
421201_8509005322622_20260803_1115151_SOFW.txt,NSE-CAPITAL,27/07/2026,1307219 PAYBNK Upstreamed Amount Released 202608531248,18376.32,0.0,151.55,CR
421201_8509005322622_20260803_1115151_SOFW.txt,NSE-CAPITAL,27/07/2026,Being EQ Upstream payout adjusted against JE 202626283635,75.7,0.0,75.85,CR
421201_8509005322622_20260803_1115151_SOFW.txt,NSE-CAPITAL,27/07/2026,INN 2707 JE Interest on NSE MTF375002651 202626305054,75.7,0.0,0.15,CR
421201_8509005322622_20260803_1115151_SOFW.txt,NSE-CAPITAL,27/07/2026,Being EQ Upstream payout adjusted against JE 202626360565,0.0,75.7,75.85,CR
421201_8509005322622_20260803_1115151_SOFW.txt,NSE-CAPITAL,27/07/2026,Being EQ Upstream payout adjusted against JE 202626391064,0.0,75.7,151.55,CR
421201_8509005322622_20260803_1115151_SOFW.txt,NSE-CAPITAL,27/07/2026,INN 2707 JE Interest on NSE MTF374904223 202626444991,75.7,0.0,75.85,CR
421201_8509005322622_20260803_1115151_SOFW.txt,NSE-CAPITAL,27/07/2026,Being EQ Upstream payout adjusted against JE 202626529638,75.7,0.0,0.15,CR
421201_8509005322622_20260803_1115151_SOFW.txt,NSE-CAPITAL,28/07/2026,INN 2707 2026140 BILL SETTNO=2026140NSECMMBILL POSTED 202600000364,0.0,80350.43,80350.58,CR
421201_8509005322622_20260803_1115151_SOFW.txt,NSE-CAPITAL,28/07/2026,Being GST on NSDL - CDSL Charges - DBNOTE 202621356166,18.0,0.0,80332.58,CR
421201_8509005322622_20260803_1115151_SOFW.txt,NSE-CAPITAL,28/07/2026,Being MTF pledge Charges DBNOTE 202621361094,200.0,0.0,80132.58,CR
421201_8509005322622_20260803_1115151_SOFW.txt,NSE-CAPITAL,28/07/2026,Being GST on NSDL - CDSL Charges - DBNOTE 202621435829,18.0,0.0,80114.58,CR
421201_8509005322622_20260803_1115151_SOFW.txt,NSE-CAPITAL,28/07/2026,DCM012628073752 DBNOTE NSE Margin Payin 8503169324 202621573417,934.76,0.0,79179.82,CR
421201_8509005322622_20260803_1115151_SOFW.txt,NSE-CAPITAL,28/07/2026,"28/07/2026 28-07-26 DBNOTE NSE Margin Payin 8503169324 202621573417 934.76 0.00 79,179.82 CR DBNOTE Being Margin Trf 8503169324 202621599609",407.99,0.0,78771.83,CR
421201_8509005322622_20260803_1115151_SOFW.txt,NSE-CAPITAL,28/07/2026,"28/07/2026 28-07-26 DBNOTE Being Margin Trf 8503169324 202621599609 407.99 0.00 78,771.83 CR JE Interest on NSE MTF375142213 202626771962",75.7,0.0,78696.13,CR
421201_8509005322622_20260803_1115151_SOFW.txt,NSE-CAPITAL,28/07/2026,Interest recovered on NSE MTF INN 375142213 1307630 REPBNK 202633561187,0.0,75.7,78771.83,CR
421201_8509005322622_20260803_1115151_SOFW.txt,NSE-CAPITAL,28/07/2026,"28/07/2026 28-07-26 1307630 REPBNK 202633561187 0.00 75.70 78,771.83 CR 1307941 REPBNK Upstreamed Amount Collected 202633609856",0.0,12001.12,90772.95,CR
421201_8509005322622_20260803_1115151_SOFW.txt,NSE-CAPITAL,28/07/2026,Being GST and MTF pledge Charges recovered 1307993 REPBNK 202633735364,0.0,236.0,91008.95,CR
421201_8509005322622_20260803_1115151_SOFW.txt,NSE-CAPITAL,29/07/2026,POSITION CLOSE FOR BILL DATE Jul 29 2026 MBILL 202600000081,79323.5,0.0,11685.45,CR
421201_8509005322622_20260803_1115151_SOFW.txt,NSE-CAPITAL,29/07/2026,MTF BILL FOR 2026141-M BILL DATE Jul 29 MBILL 202600000081,0.0,116612.9,128298.35,CR
421201_8509005322622_20260803_1115151_SOFW.txt,NSE-CAPITAL,29/07/2026,2026 2026141 BILL SETTNO=2026141NSECMMBILL POSTED 202600000368,113092.25,0.0,15206.1,CR
421201_8509005322622_20260803_1115151_SOFW.txt,NSE-CAPITAL,29/07/2026,"29/07/2026 30-07-26 2026141 BILL SETTNO=2026141NSECMMBILL POSTED 202600000368 113,092.25 0.00 15,206.10 CR 1308082 PAYBNK Upstreamed Amount Released 202608753367",11066.36,0.0,4139.74,CR
421201_8509005322622_20260803_1115151_SOFW.txt,NSE-CAPITAL,29/07/2026,"29/07/2026 29-07-26 1308082 PAYBNK Upstreamed Amount Released 202608753367 11,066.36 0.00 4,139.74 CR 1308224 PAYBNK Being Payout towards NSE M 2026140 202608795416",79821.14,0.0,75681.4,DR
421201_8509005322622_20260803_1115151_SOFW.txt,NSE-CAPITAL,29/07/2026,Upstreamed Amount Released from Upstream 1308441 PAYBNK 202608829232,34096.17,0.0,109777.57,DR
421201_8509005322622_20260803_1115151_SOFW.txt,NSE-CAPITAL,29/07/2026,Being GST on NSDL - CDSL Charges - DBNOTE 202621630476,5.4,0.0,109782.97,DR
421201_8509005322622_20260803_1115151_SOFW.txt,NSE-CAPITAL,29/07/2026,Being GST on NSDL - CDSL Charges - DBNOTE 202621698594,5.4,0.0,109788.37,DR
421201_8509005322622_20260803_1115151_SOFW.txt,NSE-CAPITAL,29/07/2026,Demat Charges DBNOTE 202621766867,60.0,0.0,109848.37,DR
421201_8509005322622_20260803_1115151_SOFW.txt,NSE-CAPITAL,29/07/2026,Recoverable01262907375476369 DBNOTE NSE Margin Payin 8503169324 202621841302,31825.95,0.0,141674.32,DR
421201_8509005322622_20260803_1115151_SOFW.txt,NSE-CAPITAL,29/07/2026,"29/07/2026 29-07-26 DBNOTE NSE Margin Payin 8503169324 202621841302 31,825.95 0.00 141,674.32 DR JE Interest on NSE MTF375425483 202626936726",50.5,0.0,141724.82,DR
421201_8509005322622_20260803_1115151_SOFW.txt,NSE-CAPITAL,29/07/2026,Being payout of EQ settlement 2026140 JE 202627029080,70.8,0.0,141795.62,DR
421201_8509005322622_20260803_1115151_SOFW.txt,NSE-CAPITAL,29/07/2026,Being payout of EQ settlement 2026140 JE 202627087473,50.5,0.0,141846.12,DR
421201_8509005322622_20260803_1115151_SOFW.txt,NSE-CAPITAL,29/07/2026,Being payout of EQ settlement 2026140 JE 202627094141,0.0,70.8,141775.32,DR
421201_8509005322622_20260803_1115151_SOFW.txt,NSE-CAPITAL,29/07/2026,Being payout of EQ settlement 2026140 JE 202627119896,0.0,50.5,141724.82,DR
421201_8509005322622_20260803_1115151_SOFW.txt,NSE-CAPITAL,29/07/2026,adjusted aga 1308396 REPBNK Upstreamed Amount Collected 202634016368,0.0,160158.71,18433.89,CR
421201_8509005322622_20260803_1115151_SOFW.txt,NSE-CAPITAL,30/07/2026,POSITION CLOSE FOR BILL DATE Jul 30 2026 MBILL 202600000082,21332.0,0.0,2898.11,DR
421201_8509005322622_20260803_1115151_SOFW.txt,NSE-CAPITAL,30/07/2026,MTF BILL FOR 2026142-M BILL DATE Jul 30 MBILL 202600000082,0.0,61563.75,58665.64,CR
421201_8509005322622_20260803_1115151_SOFW.txt,NSE-CAPITAL,30/07/2026,2026 2026142 BILL SETTNO=2026142NSECMMBILL POSTED 202600000373,60615.29,0.0,1949.65,DR
421201_8509005322622_20260803_1115151_SOFW.txt,NSE-CAPITAL,30/07/2026,"30/07/2026 31-07-26 2026142 BILL SETTNO=2026142NSECMMBILL POSTED 202600000373 60,615.29 0.00 1,949.65 DR 1308525 PAYBNK Upstreamed Amount Released 202608850604",18433.74,0.0,20383.39,DR
421201_8509005322622_20260803_1115151_SOFW.txt,NSE-CAPITAL,30/07/2026,Demat Charges DBNOTE 202621901124,20.0,0.0,20403.39,DR
421201_8509005322622_20260803_1115151_SOFW.txt,NSE-CAPITAL,30/07/2026,Being GST on NSDL - CDSL Charges - DBNOTE 202621959537,1.8,0.0,20405.19,DR
421201_8509005322622_20260803_1115151_SOFW.txt,NSE-CAPITAL,30/07/2026,Being GST on NSDL - CDSL Charges - DBNOTE 202621963538,1.8,0.0,20406.99,DR
421201_8509005322622_20260803_1115151_SOFW.txt,NSE-CAPITAL,30/07/2026,DCR012630073756 DBNOTE NSE Margin Payin 8503169324 202622120812,30267.3,0.0,50674.29,DR
421201_8509005322622_20260803_1115151_SOFW.txt,NSE-CAPITAL,30/07/2026,"30/07/2026 30-07-26 DBNOTE NSE Margin Payin 8503169324 202622120812 30,267.30 0.00 50,674.29 DR JE Interest on NSE MTF375534103 202627369387",50.0,0.0,50724.29,DR
421201_8509005322622_20260803_1115151_SOFW.txt,NSE-CAPITAL,30/07/2026,Demat Charges Recovered DCR 1308500 REPBNK 202634255758,0.0,23.6,50700.69,DR
421201_8509005322622_20260803_1115151_SOFW.txt,NSE-CAPITAL,30/07/2026,Interest recovered on NSE MTF INN 375534103 1308500 REPBNK 202634279922,0.0,50.0,50650.69,DR
421201_8509005322622_20260803_1115151_SOFW.txt,NSE-CAPITAL,30/07/2026,"30/07/2026 30-07-26 1308500 REPBNK 202634279922 0.00 50.00 50,650.69 DR 1308826 REPBNK Upstreamed Amount Collected 202634389879",0.0,57361.01,6710.32,CR
421201_8509005322622_20260803_1115151_SOFW.txt,NSE-CAPITAL,31/07/2026,MTF BILL FOR 2026143-M BILL DATE Jul 31 MBILL 202600000083,0.0,40225.5,46935.82,CR
421201_8509005322622_20260803_1115151_SOFW.txt,NSE-CAPITAL,31/07/2026,2026 1308972 PAYBNK Upstreamed Amount Released 202608954343,6710.17,0.0,40225.65,CR
421201_8509005322622_20260803_1115151_SOFW.txt,NSE-CAPITAL,31/07/2026,Being GST on NSDL - CDSL Charges - DBNOTE 202622194378,4.5,0.0,40221.15,CR
421201_8509005322622_20260803_1115151_SOFW.txt,NSE-CAPITAL,31/07/2026,Being MTF pledge Charges DBNOTE 202622197371,50.0,0.0,40171.15,CR
421201_8509005322622_20260803_1115151_SOFW.txt,NSE-CAPITAL,31/07/2026,Being GST on NSDL - CDSL Charges - DBNOTE 202622260999,4.5,0.0,40166.65,CR
421201_8509005322622_20260803_1115151_SOFW.txt,NSE-CAPITAL,31/07/2026,DCM012631073758 DBNOTE NSE Margin Payin 8503169324 202622429513,22868.35,0.0,17298.3,CR
421201_8509005322622_20260803_1115151_SOFW.txt,NSE-CAPITAL,31/07/2026,"31/07/2026 31-07-26 DBNOTE NSE Margin Payin 8503169324 202622429513 22,868.35 0.00 17,298.30 CR JE Interest on NSE MTF375734553 202627570530",50.13,0.0,17248.17,CR
421201_8509005322622_20260803_1115151_SOFW.txt,NSE-CAPITAL,31/07/2026,Being GST and MTF pledge Charges recovered 1308946 REPBNK 202634567459,0.0,59.0,17307.17,CR
421201_8509005322622_20260803_1115151_SOFW.txt,NSE-CAPITAL,31/07/2026,Interest recovered on NSE MTF INN 375734553 1308946 REPBNK 202634607818,0.0,50.13,17357.3,CR
421201_8509005322622_20260803_1115151_SOFW.txt,NSE-CAPITAL,31/07/2026,"31/07/2026 31-07-26 1308946 REPBNK 202634607818 0.00 50.13 17,357.30 CR 1309291 REPBNK Upstreamed Amount Collected 202634772242",0.0,203304.0,220661.3,CR
421201_8509005322622_20260803_1115151_SOFW.txt,NSE-CAPITAL,31/07/2026,"31/07/2026 31-07-26 1309291 REPBNK Upstreamed Amount Collected 202634772242 0.00 203,304.00 220,661.30 CR 1309388 REPBNK Being Payin towards NSE M 2026143 202634905009",0.0,459.68,221120.98,CR
421201_8509005322622_20260803_1115151_SOFW.txt,NSE-CAPITAL,01/08/2026,Being GST on NSDL - CDSL Charges - DBNOTE 202622456660,15.75,0.0,221105.23,CR
421201_8509005322622_20260803_1115151_SOFW.txt,NSE-CAPITAL,01/08/2026,Being GST on NSDL - CDSL Charges - DBNOTE 202622457335,15.75,0.0,221089.48,CR
421201_8509005322622_20260803_1115151_SOFW.txt,NSE-CAPITAL,01/08/2026,Being MTF pledge Charges DBNOTE 202622489580,175.0,0.0,220914.48,CR
421201_8509005322622_20260803_1115151_SOFW.txt,NSE-CAPITAL,01/08/2026,Being Interest charged on OS BSE JE 202627740142,5.65,0.0,220908.83,CR
421201_8509005322622_20260803_1115151_SOFW.txt,NSE-CAPITAL,01/08/2026,obligation3759803 JE Interest on NSE MTF375980389 202627760897,45.8,0.0,220863.03,CR
421201_8509005322622_20260803_1115151_SOFW.txt,NSE-CAPITAL,01/08/2026,Interest recovered on NSE MTF INN 375980389 1309409 REPBNK 202634952847,0.0,45.8,220908.83,CR
421201_8509005322622_20260803_1115151_SOFW.txt,NSE-CAPITAL,01/08/2026,Being GST and MTF pledge Charges recovered 1309409 REPBNK 202634971011,0.0,206.5,221115.33,CR
421201_8509005322622_20260803_1115151_SOFW.txt,NSE-CAPITAL,01/08/2026,Being Interest recovered on OS BSE obligation 1309409 REPBNK 202634973080,0.0,5.65,221120.98,CR
421201_8509005322622_20260810_1115214_SOFW.txt,MTF-MTF-TRADE,03/08/2026,MTF BILL FOR 2026144-M BILL DATE Aug 3 2026144 MBILL 202600000084,87836.0,0.0,306398.88,DR
421201_8509005322622_20260810_1115214_SOFW.txt,MTF-MTF-TRADE,03/08/2026,POSITION CLOSE FOR BILL DATE Aug 3 2026 MBILL 202600000084,0.0,19680.0,286718.88,DR
421201_8509005322622_20260810_1115214_SOFW.txt,MTF-MTF-TRADE,03/08/2026,"03/08/2026 03-08-26 MBILL 202600000084 0.00 19,680.00 286,718.88 DR DBNOTE NSE Margin Payin 8503169324 202611914796",0.0,26646.18,260072.7,DR
421201_8509005322622_20260810_1115214_SOFW.txt,MTF-MTF-TRADE,03/08/2026,"03/08/2026 03-08-26 DBNOTE NSE Margin Payin 8503169324 202611914796 0.00 26,646.18 260,072.70 DR DBNOTE 10.MTF PAYIN 202612007552",26646.18,0.0,286718.88,DR
421201_8509005322622_20260810_1115214_SOFW.txt,MTF-MTF-TRADE,03/08/2026,"03/08/2026 03-08-26 DBNOTE 10.MTF PAYIN 202612007552 26,646.18 0.00 286,718.88 DR CPAYIN 11.MTF PAYIN 202612007552",0.0,26646.18,260072.7,DR
421201_8509005322622_20260810_1115214_SOFW.txt,MTF-MTF-TRADE,03/08/2026,23.MTF CASH EXCESS REV AFTER PAYIN CPAYIN 202612048570,279.59,0.0,260352.29,DR
421201_8509005322622_20260810_1115214_SOFW.txt,MTF-MTF-TRADE,03/08/2026,24.MTF CASH EXCESS REV AFTER PAYIN DBNOTE 202612048570,0.0,279.59,260072.7,DR
421201_8509005322622_20260810_1115214_SOFW.txt,MTF-MTF-TRADE,04/08/2026,MTF BILL FOR 2026145-M BILL DATE Aug 4 2026145 MBILL 202600000085,175556.55,0.0,435629.25,DR
421201_8509005322622_20260810_1115214_SOFW.txt,MTF-MTF-TRADE,04/08/2026,POSITION CLOSE FOR BILL DATE Aug 4 2026 MBILL 202600000085,0.0,22698.0,412931.25,DR
421201_8509005322622_20260810_1115214_SOFW.txt,MTF-MTF-TRADE,04/08/2026,"04/08/2026 04-08-26 MBILL 202600000085 0.00 22,698.00 412,931.25 DR DBNOTE NSE Margin Payin 8503169324 202612068638",0.0,66937.47,345993.78,DR
421201_8509005322622_20260810_1115214_SOFW.txt,MTF-MTF-TRADE,04/08/2026,"04/08/2026 04-08-26 DBNOTE NSE Margin Payin 8503169324 202612068638 0.00 66,937.47 345,993.78 DR DBNOTE Being Margin Trf 8503169324 202612134962",4952.2,0.0,350945.98,DR
421201_8509005322622_20260810_1115214_SOFW.txt,MTF-MTF-TRADE,04/08/2026,"04/08/2026 04-08-26 DBNOTE Being Margin Trf 8503169324 202612134962 4,952.20 0.00 350,945.98 DR CPAYIN 11.MTF PAYIN 202612147445",0.0,66937.47,284008.51,DR
421201_8509005322622_20260810_1115214_SOFW.txt,MTF-MTF-TRADE,04/08/2026,"04/08/2026 04-08-26 CPAYIN 11.MTF PAYIN 202612147445 0.00 66,937.47 284,008.51 DR DBNOTE 10.MTF PAYIN 202612147445",66937.47,0.0,350945.98,DR
421201_8509005322622_20260810_1115214_SOFW.txt,MTF-MTF-TRADE,04/08/2026,"04/08/2026 04-08-26 DBNOTE 10.MTF PAYIN 202612147445 66,937.47 0.00 350,945.98 DR CPAYIN 21.MTF SELL PAYIN 202612161361",2957.62,0.0,353903.6,DR
421201_8509005322622_20260810_1115214_SOFW.txt,MTF-MTF-TRADE,04/08/2026,"04/08/2026 04-08-26 CPAYIN 21.MTF SELL PAYIN 202612161361 2,957.62 0.00 353,903.60 DR DBNOTE 17.MTF SELL PAYIN 202612161361",0.0,2957.62,350945.98,DR
421201_8509005322622_20260810_1115214_SOFW.txt,MTF-MTF-TRADE,04/08/2026,24.MTF CASH EXCESS REV AFTER PAYIN DBNOTE 202612175542,0.0,0.01,350945.97,DR
421201_8509005322622_20260810_1115214_SOFW.txt,MTF-MTF-TRADE,04/08/2026,23.MTF CASH EXCESS REV AFTER PAYIN CPAYIN 202612175542,0.01,0.0,350945.98,DR
421201_8509005322622_20260810_1115214_SOFW.txt,MTF-MTF-TRADE,05/08/2026,MTF BILL FOR 2026146-M BILL DATE Aug 5 2026146 MBILL 202600000086,7379.0,0.0,358324.98,DR
421201_8509005322622_20260810_1115214_SOFW.txt,MTF-MTF-TRADE,05/08/2026,POSITION CLOSE FOR BILL DATE Aug 5 2026 MBILL 202600000086,0.0,27870.0,330454.98,DR
421201_8509005322622_20260810_1115214_SOFW.txt,MTF-MTF-TRADE,05/08/2026,"05/08/2026 05-08-26 MBILL 202600000086 0.00 27,870.00 330,454.98 DR DBNOTE NSE Margin Payout 8503169324 202612192328",5240.19,0.0,335695.17,DR
421201_8509005322622_20260810_1115214_SOFW.txt,MTF-MTF-TRADE,05/08/2026,DBNOTE 17.MTF SELL PAYIN 202612301998,0.0,8036.59,327658.58,DR
421201_8509005322622_20260810_1115214_SOFW.txt,MTF-MTF-TRADE,05/08/2026,"05/08/2026 05-08-26 DBNOTE 17.MTF SELL PAYIN 202612301998 0.00 8,036.59 327,658.58 DR CPAYIN 21.MTF SELL PAYIN 202612301998",8036.59,0.0,335695.17,DR
421201_8509005322622_20260810_1115214_SOFW.txt,MTF-MTF-TRADE,05/08/2026,24.MTF CASH EXCESS REV AFTER PAYIN DBNOTE 202612315916,0.0,0.15,335695.02,DR
421201_8509005322622_20260810_1115214_SOFW.txt,MTF-MTF-TRADE,05/08/2026,23.MTF CASH EXCESS REV AFTER PAYIN CPAYIN 202612315916,0.15,0.0,335695.17,DR
421201_8509005322622_20260810_1115214_SOFW.txt,MTF-MTF-TRADE,06/08/2026,POSITION CLOSE FOR BILL DATE Aug 6 2026 MBILL 202600000087,0.0,46201.04,289494.13,DR
421201_8509005322622_20260810_1115214_SOFW.txt,MTF-MTF-TRADE,06/08/2026,MTF BILL FOR 2026147-M BILL DATE Aug 6 2026147 MBILL 202600000087,125024.45,0.0,414518.58,DR
421201_8509005322622_20260810_1115214_SOFW.txt,MTF-MTF-TRADE,06/08/2026,2026 DBNOTE NSE Margin Payin 8503169324 202612345985,0.0,34595.26,379923.32,DR
421201_8509005322622_20260810_1115214_SOFW.txt,MTF-MTF-TRADE,06/08/2026,"06/08/2026 06-08-26 DBNOTE NSE Margin Payin 8503169324 202612345985 0.00 34,595.26 379,923.32 DR DBNOTE Being Margin Trf 8503169324 202612417311",0.0,3325.48,376597.84,DR
421201_8509005322622_20260810_1115214_SOFW.txt,MTF-MTF-TRADE,06/08/2026,"06/08/2026 06-08-26 DBNOTE Being Margin Trf 8503169324 202612417311 0.00 3,325.48 376,597.84 DR DBNOTE 10.MTF PAYIN 202612426750",34595.26,0.0,411193.1,DR
421201_8509005322622_20260810_1115214_SOFW.txt,MTF-MTF-TRADE,06/08/2026,"06/08/2026 06-08-26 DBNOTE 10.MTF PAYIN 202612426750 34,595.26 0.00 411,193.10 DR CPAYIN 11.MTF PAYIN 202612426750",0.0,34595.26,376597.84,DR
421201_8509005322622_20260810_1115214_SOFW.txt,MTF-MTF-TRADE,06/08/2026,"06/08/2026 06-08-26 CPAYIN 11.MTF PAYIN 202612426750 0.00 34,595.26 376,597.84 DR CPAYIN 21.MTF SELL PAYIN 202612453449",15825.38,0.0,392423.22,DR
421201_8509005322622_20260810_1115214_SOFW.txt,MTF-MTF-TRADE,06/08/2026,"06/08/2026 06-08-26 CPAYIN 21.MTF SELL PAYIN 202612453449 15,825.38 0.00 392,423.22 DR DBNOTE 17.MTF SELL PAYIN 202612453449",0.0,15825.38,376597.84,DR
421201_8509005322622_20260810_1115214_SOFW.txt,MTF-MTF-TRADE,07/08/2026,POSITION CLOSE FOR BILL DATE Aug 7 2026 MBILL 202600000088,0.0,48394.69,328203.15,DR
421201_8509005322622_20260810_1115214_SOFW.txt,MTF-MTF-TRADE,07/08/2026,MTF BILL FOR 2026148-M BILL DATE Aug 7 2026148 MBILL 202600000088,68347.5,0.0,396550.65,DR
421201_8509005322622_20260810_1115214_SOFW.txt,MTF-MTF-TRADE,07/08/2026,2026 DBNOTE NSE Margin Payin 8503169324 202612490072,0.0,34036.0,362514.65,DR
421201_8509005322622_20260810_1115214_SOFW.txt,MTF-MTF-TRADE,07/08/2026,"07/08/2026 07-08-26 DBNOTE NSE Margin Payin 8503169324 202612490072 0.00 34,036.00 362,514.65 DR DBNOTE NSE Margin Payout 8503169324 202612490073",16856.26,0.0,379370.91,DR
421201_8509005322622_20260810_1115214_SOFW.txt,MTF-MTF-TRADE,07/08/2026,"07/08/2026 07-08-26 DBNOTE NSE Margin Payout 8503169324 202612490073 16,856.26 0.00 379,370.91 DR DBNOTE Being Margin Trf 8503169324 202612571143",5792.7,0.0,385163.61,DR
421201_8509005322622_20260810_1115214_SOFW.txt,MTF-MTF-TRADE,07/08/2026,"07/08/2026 07-08-26 DBNOTE Being Margin Trf 8503169324 202612571143 5,792.70 0.00 385,163.61 DR DBNOTE 10.MTF PAYIN 202612586028",17179.74,0.0,402343.35,DR
421201_8509005322622_20260810_1115214_SOFW.txt,MTF-MTF-TRADE,07/08/2026,"07/08/2026 07-08-26 DBNOTE 10.MTF PAYIN 202612586028 17,179.74 0.00 402,343.35 DR CPAYIN 11.MTF PAYIN 202612586028",0.0,17179.74,385163.61,DR
421201_8509005322622_20260810_1115214_SOFW.txt,MTF-MTF-TRADE,07/08/2026,"07/08/2026 07-08-26 CPAYIN 11.MTF PAYIN 202612586028 0.00 17,179.74 385,163.61 DR CPAYIN 21.MTF SELL PAYIN 202612602029",14190.0,0.0,399353.61,DR
421201_8509005322622_20260810_1115214_SOFW.txt,MTF-MTF-TRADE,07/08/2026,"07/08/2026 07-08-26 CPAYIN 21.MTF SELL PAYIN 202612602029 14,190.00 0.00 399,353.61 DR DBNOTE 17.MTF SELL PAYIN 202612602029",0.0,14190.0,385163.61,DR
421201_8509005322622_20260810_1115214_SOFW.txt,MTF-MTF-TRADE,07/08/2026,24.MTF CASH EXCESS REV AFTER PAYIN DBNOTE 202612616816,0.0,0.04,385163.57,DR
421201_8509005322622_20260810_1115214_SOFW.txt,MTF-MTF-TRADE,07/08/2026,23.MTF CASH EXCESS REV AFTER PAYIN CPAYIN 202612616816,0.04,0.0,385163.61,DR
421201_8509005322622_20260810_1115214_SOFW.txt,NSE-CAPITAL,03/08/2026,MTF BILL FOR 2026144-M BILL DATE Aug 3 MBILL 202600000084,0.0,87836.0,87836.15,CR
421201_8509005322622_20260810_1115214_SOFW.txt,NSE-CAPITAL,03/08/2026,POSITION CLOSE FOR BILL DATE Aug 3 2026 MBILL 202600000084,19680.0,0.0,68156.15,CR
421201_8509005322622_20260810_1115214_SOFW.txt,NSE-CAPITAL,03/08/2026,"03/08/2026 03-08-26 MBILL 202600000084 19,680.00 0.00 68,156.15 CR 2026144 BILL SETTNO=2026144NSECMMBILL POSTED 202600000383",116247.23,0.0,48091.08,DR
421201_8509005322622_20260810_1115214_SOFW.txt,NSE-CAPITAL,03/08/2026,Upstreamed Amount Released from Upstream 1309927 PAYBNK 202609163719,18076.15,0.0,66167.23,DR
421201_8509005322622_20260810_1115214_SOFW.txt,NSE-CAPITAL,03/08/2026,balance DBNOTE NSE Margin Payin 8503169324 202622729552,26646.18,0.0,92813.41,DR
421201_8509005322622_20260810_1115214_SOFW.txt,NSE-CAPITAL,03/08/2026,"03/08/2026 03-08-26 DBNOTE NSE Margin Payin 8503169324 202622729552 26,646.18 0.00 92,813.41 DR JE Interest on NSE MTF376351137 202627941476",48.65,0.0,92862.06,DR
421201_8509005322622_20260810_1115214_SOFW.txt,NSE-CAPITAL,03/08/2026,Being Interest charged on OS BSE JE 202628086118,5.65,0.0,92867.71,DR
421201_8509005322622_20260810_1115214_SOFW.txt,NSE-CAPITAL,03/08/2026,obligation3761646 JE Interest on NSE MTF376164674 202628224256,48.65,0.0,92916.36,DR
421201_8509005322622_20260810_1115214_SOFW.txt,NSE-CAPITAL,03/08/2026,Being Interest charged on OS BSE JE 202628230740,5.65,0.0,92922.01,DR
421201_8509005322622_20260810_1115214_SOFW.txt,NSE-CAPITAL,03/08/2026,Interest recovered on NSE MTF INN 376351137 1309557 REPBNK 202635050703,0.0,48.65,92873.36,DR
421201_8509005322622_20260810_1115214_SOFW.txt,NSE-CAPITAL,03/08/2026,Being Interest recovered on OS BSE obligation 1309557 REPBNK 202635050827,0.0,5.65,92867.71,DR
421201_8509005322622_20260810_1115214_SOFW.txt,NSE-CAPITAL,03/08/2026,Interest recovered on NSE MTF INN 376164674 1309557 REPBNK 202635127920,0.0,48.65,92819.06,DR
421201_8509005322622_20260810_1115214_SOFW.txt,NSE-CAPITAL,03/08/2026,Being Interest recovered on OS BSE obligation 1309557 REPBNK 202635137290,0.0,5.65,92813.41,DR
421201_8509005322622_20260810_1115214_SOFW.txt,NSE-CAPITAL,03/08/2026,INB 1309876 REPBNK Upstreamed Amount Collected 202635344930,0.0,111447.33,18633.92,CR
421201_8509005322622_20260810_1115214_SOFW.txt,NSE-CAPITAL,04/08/2026,MTF BILL FOR 2026145-M BILL DATE Aug 4 MBILL 202600000085,0.0,175556.55,194190.47,CR
421201_8509005322622_20260810_1115214_SOFW.txt,NSE-CAPITAL,04/08/2026,POSITION CLOSE FOR BILL DATE Aug 4 2026 MBILL 202600000085,22698.0,0.0,171492.47,CR
421201_8509005322622_20260810_1115214_SOFW.txt,NSE-CAPITAL,04/08/2026,"04/08/2026 04-08-26 MBILL 202600000085 22,698.00 0.00 171,492.47 CR 2026145 BILL SETTNO=2026145NSECMMBILL POSTED 202600000387",202393.41,0.0,30900.94,DR
421201_8509005322622_20260810_1115214_SOFW.txt,NSE-CAPITAL,04/08/2026,"04/08/2026 05-08-26 2026145 BILL SETTNO=2026145NSECMMBILL POSTED 202600000387 202,393.41 0.00 30,900.94 DR 1310004 PAYBNK Upstreamed Amount Released 202609193173",18467.37,0.0,49368.31,DR
421201_8509005322622_20260810_1115214_SOFW.txt,NSE-CAPITAL,04/08/2026,Being GST on NSDL - CDSL Charges - DBNOTE 202622845790,1.8,0.0,49370.11,DR
421201_8509005322622_20260810_1115214_SOFW.txt,NSE-CAPITAL,04/08/2026,Demat Charges DBNOTE 202622851755,20.0,0.0,49390.11,DR
421201_8509005322622_20260810_1115214_SOFW.txt,NSE-CAPITAL,04/08/2026,Being GST on NSDL - CDSL Charges - DBNOTE 202622890231,1.8,0.0,49391.91,DR
421201_8509005322622_20260810_1115214_SOFW.txt,NSE-CAPITAL,04/08/2026,Being MTF pledge Charges DBNOTE 202622892782,75.0,0.0,49466.91,DR
421201_8509005322622_20260810_1115214_SOFW.txt,NSE-CAPITAL,04/08/2026,Being GST on NSDL - CDSL Charges - DBNOTE 202622929844,6.75,0.0,49473.66,DR
421201_8509005322622_20260810_1115214_SOFW.txt,NSE-CAPITAL,04/08/2026,Being GST on NSDL - CDSL Charges - DBNOTE 202622954895,6.75,0.0,49480.41,DR
421201_8509005322622_20260810_1115214_SOFW.txt,NSE-CAPITAL,04/08/2026,DCM012604083765 DBNOTE NSE Margin Payin 8503169324 202623047923,66937.47,0.0,116417.88,DR
421201_8509005322622_20260810_1115214_SOFW.txt,NSE-CAPITAL,04/08/2026,"04/08/2026 04-08-26 DBNOTE NSE Margin Payin 8503169324 202623047923 66,937.47 0.00 116,417.88 DR DBNOTE Being Margin Trf 8503169324 202623067870",0.0,4952.2,111465.68,DR
421201_8509005322622_20260810_1115214_SOFW.txt,NSE-CAPITAL,04/08/2026,Being EQ Upstream payout adjusted against JE 202628280737,0.0,88.5,111377.18,DR
421201_8509005322622_20260810_1115214_SOFW.txt,NSE-CAPITAL,04/08/2026,Being EQ Upstream payout adjusted against JE 202628359480,5.65,0.0,111382.83,DR
421201_8509005322622_20260810_1115214_SOFW.txt,NSE-CAPITAL,04/08/2026,INB 0408 JE Interest on NSE MTF376481223 202628365879,48.65,0.0,111431.48,DR
421201_8509005322622_20260810_1115214_SOFW.txt,NSE-CAPITAL,04/08/2026,Being EQ Upstream payout adjusted against JE 202628378834,0.0,5.65,111425.83,DR
421201_8509005322622_20260810_1115214_SOFW.txt,NSE-CAPITAL,04/08/2026,Being EQ Upstream payout adjusted against JE 202628400524,0.0,23.6,111402.23,DR
421201_8509005322622_20260810_1115214_SOFW.txt,NSE-CAPITAL,04/08/2026,Being EQ Upstream payout adjusted against JE 202628433050,88.5,0.0,111490.73,DR
421201_8509005322622_20260810_1115214_SOFW.txt,NSE-CAPITAL,04/08/2026,Being EQ Upstream payout adjusted against JE 202628445714,23.6,0.0,111514.33,DR
421201_8509005322622_20260810_1115214_SOFW.txt,NSE-CAPITAL,04/08/2026,Being Interest charged on OS BSE JE 202628458336,5.65,0.0,111519.98,DR
421201_8509005322622_20260810_1115214_SOFW.txt,NSE-CAPITAL,04/08/2026,Being EQ Upstream payout adjusted against JE 202628502877,48.65,0.0,111568.63,DR
421201_8509005322622_20260810_1115214_SOFW.txt,NSE-CAPITAL,04/08/2026,Being EQ Upstream payout adjusted against JE 202628542956,0.0,48.65,111519.98,DR
421201_8509005322622_20260810_1115214_SOFW.txt,NSE-CAPITAL,04/08/2026,INN 0408 1310308 REPBNK Upstreamed Amount Collected 202635771598,0.0,126270.36,14750.38,CR
421201_8509005322622_20260810_1115214_SOFW.txt,NSE-CAPITAL,05/08/2026,MTF BILL FOR 2026146-M BILL DATE Aug 5 MBILL 202600000086,0.0,7379.0,22129.38,CR
421201_8509005322622_20260810_1115214_SOFW.txt,NSE-CAPITAL,05/08/2026,POSITION CLOSE FOR BILL DATE Aug 5 2026 MBILL 202600000086,27870.0,0.0,5740.62,DR
421201_8509005322622_20260810_1115214_SOFW.txt,NSE-CAPITAL,05/08/2026,"05/08/2026 05-08-26 MBILL 202600000086 27,870.00 0.00 5,740.62 DR 2026146 BILL SETTNO=2026146NSECMMBILL POSTED 202600000391",10115.08,0.0,15855.7,DR
421201_8509005322622_20260810_1115214_SOFW.txt,NSE-CAPITAL,05/08/2026,"05/08/2026 06-08-26 2026146 BILL SETTNO=2026146NSECMMBILL POSTED 202600000391 10,115.08 0.00 15,855.70 DR 1310434 PAYBNK Upstreamed Amount Released 202609309493",14750.23,0.0,30605.93,DR
421201_8509005322622_20260810_1115214_SOFW.txt,NSE-CAPITAL,05/08/2026,Being GST on NSDL - CDSL Charges - DBNOTE 202623139788,3.6,0.0,30609.53,DR
421201_8509005322622_20260810_1115214_SOFW.txt,NSE-CAPITAL,05/08/2026,Being GST on NSDL - CDSL Charges - DBNOTE 202623186403,3.6,0.0,30613.13,DR
421201_8509005322622_20260810_1115214_SOFW.txt,NSE-CAPITAL,05/08/2026,Demat Charges DBNOTE 202623218393,40.0,0.0,30653.13,DR
421201_8509005322622_20260810_1115214_SOFW.txt,NSE-CAPITAL,05/08/2026,Being GST on NSDL - CDSL Charges - DBNOTE 202623229788,11.25,0.0,30664.38,DR
421201_8509005322622_20260810_1115214_SOFW.txt,NSE-CAPITAL,05/08/2026,Being GST on NSDL - CDSL Charges - DBNOTE 202623261125,11.25,0.0,30675.63,DR
421201_8509005322622_20260810_1115214_SOFW.txt,NSE-CAPITAL,05/08/2026,Being MTF pledge Charges DBNOTE 202623267330,125.0,0.0,30800.63,DR
421201_8509005322622_20260810_1115214_SOFW.txt,NSE-CAPITAL,05/08/2026,recoverable01260508376733 DBNOTE NSE Margin Payout 8503169324 202623338705,0.0,5240.19,25560.44,DR
421201_8509005322622_20260810_1115214_SOFW.txt,NSE-CAPITAL,05/08/2026,Being Interest charged on OS BSE JE 202628613808,5.65,0.0,25566.09,DR
421201_8509005322622_20260810_1115214_SOFW.txt,NSE-CAPITAL,05/08/2026,obligation3766330 JE Interest on NSE MTF376633100 202628715524,53.2,0.0,25619.29,DR
421201_8509005322622_20260810_1115214_SOFW.txt,NSE-CAPITAL,05/08/2026,Being GST and MTF pledge Charges recovered 1310412 REPBNK 202635898880,0.0,147.5,25471.79,DR
421201_8509005322622_20260810_1115214_SOFW.txt,NSE-CAPITAL,05/08/2026,Interest recovered on NSE MTF INN 376633100 1310412 REPBNK 202635925440,0.0,53.2,25418.59,DR
421201_8509005322622_20260810_1115214_SOFW.txt,NSE-CAPITAL,05/08/2026,Being Interest recovered on OS BSE obligation 1310412 REPBNK 202635930527,0.0,5.65,25412.94,DR
421201_8509005322622_20260810_1115214_SOFW.txt,NSE-CAPITAL,05/08/2026,Demat Charges Recovered DCR 1310412 REPBNK 202635936540,0.0,47.2,25365.74,DR
421201_8509005322622_20260810_1115214_SOFW.txt,NSE-CAPITAL,05/08/2026,01260508376764423 1310769 REPBNK Upstreamed Amount Collected 202636072696,0.0,34551.43,9185.69,CR
421201_8509005322622_20260810_1115214_SOFW.txt,NSE-CAPITAL,06/08/2026,MTF BILL FOR 2026147-M BILL DATE Aug 6 MBILL 202600000087,0.0,125024.45,134210.14,CR
421201_8509005322622_20260810_1115214_SOFW.txt,NSE-CAPITAL,06/08/2026,POSITION CLOSE FOR BILL DATE Aug 6 2026 MBILL 202600000087,46201.04,0.0,88009.1,CR
421201_8509005322622_20260810_1115214_SOFW.txt,NSE-CAPITAL,06/08/2026,"06/08/2026 06-08-26 MBILL 202600000087 46,201.04 0.00 88,009.10 CR 2026147 BILL SETTNO=2026147NSECMZBILL POSTED 202600000395",32631.11,0.0,55377.99,CR
421201_8509005322622_20260810_1115214_SOFW.txt,NSE-CAPITAL,06/08/2026,"06/08/2026 07-08-26 2026147 BILL SETTNO=2026147NSECMZBILL POSTED 202600000395 32,631.11 0.00 55,377.99 CR 2026147 BILL SETTNO=2026147NSECMMBILL POSTED 202600000396",122270.39,0.0,66892.4,DR
421201_8509005322622_20260810_1115214_SOFW.txt,NSE-CAPITAL,06/08/2026,"06/08/2026 07-08-26 2026147 BILL SETTNO=2026147NSECMMBILL POSTED 202600000396 122,270.39 0.00 66,892.40 DR 1310889 PAYBNK Upstreamed Amount Released 202609415143",9185.54,0.0,76077.94,DR
421201_8509005322622_20260810_1115214_SOFW.txt,NSE-CAPITAL,06/08/2026,Upstreamed Amount Released from Upstream 1311284 PAYBNK 202609509614,32459.66,0.0,108537.6,DR
421201_8509005322622_20260810_1115214_SOFW.txt,NSE-CAPITAL,06/08/2026,Being GST on NSDL - CDSL Charges - DBNOTE 202623460929,2.25,0.0,108539.85,DR
421201_8509005322622_20260810_1115214_SOFW.txt,NSE-CAPITAL,06/08/2026,Being MTF pledge Charges DBNOTE 202623479875,25.0,0.0,108564.85,DR
421201_8509005322622_20260810_1115214_SOFW.txt,NSE-CAPITAL,06/08/2026,Being GST on NSDL - CDSL Charges - DBNOTE 202623578568,2.25,0.0,108567.1,DR
421201_8509005322622_20260810_1115214_SOFW.txt,NSE-CAPITAL,06/08/2026,DCM012606083769 DBNOTE NSE Margin Payin 8503169324 202623653709,34595.26,0.0,143162.36,DR
421201_8509005322622_20260810_1115214_SOFW.txt,NSE-CAPITAL,06/08/2026,"06/08/2026 06-08-26 DBNOTE NSE Margin Payin 8503169324 202623653709 34,595.26 0.00 143,162.36 DR DBNOTE Being Margin Trf 8503169324 202623661504",3325.48,0.0,146487.84,DR
421201_8509005322622_20260810_1115214_SOFW.txt,NSE-CAPITAL,06/08/2026,Being Interest charged on OS BSE JE 202629062307,5.65,0.0,146493.49,DR
421201_8509005322622_20260810_1115214_SOFW.txt,NSE-CAPITAL,06/08/2026,obligation3768513 JE Interest on NSE MTF376851354 202629068393,64.53,0.0,146558.02,DR
421201_8509005322622_20260810_1115214_SOFW.txt,NSE-CAPITAL,06/08/2026,Being GST and MTF pledge Charges recovered 1310866 REPBNK 202636316851,0.0,29.5,146528.52,DR
421201_8509005322622_20260810_1115214_SOFW.txt,NSE-CAPITAL,06/08/2026,Being Interest recovered on OS BSE obligation 1310866 REPBNK 202636329791,0.0,5.65,146522.87,DR
421201_8509005322622_20260810_1115214_SOFW.txt,NSE-CAPITAL,06/08/2026,Interest recovered on NSE MTF INN 376851354 1310866 REPBNK 202636339368,0.0,64.53,146458.34,DR
421201_8509005322622_20260810_1115214_SOFW.txt,NSE-CAPITAL,06/08/2026,"06/08/2026 06-08-26 1310866 REPBNK 202636339368 0.00 64.53 146,458.34 DR 1311213 REPBNK Upstreamed Amount Collected 202636425028",0.0,145874.64,583.7,DR
421201_8509005322622_20260810_1115214_SOFW.txt,NSE-CAPITAL,06/08/2026,"06/08/2026 06-08-26 1311213 REPBNK Upstreamed Amount Collected 202636425028 0.00 145,874.64 583.70 DR 1311335 REPBNK Being Payin towards NSE Z 2026147 202636583909",0.0,392.83,190.87,DR
421201_8509005322622_20260810_1115214_SOFW.txt,NSE-CAPITAL,07/08/2026,POSITION CLOSE FOR BILL DATE Aug 7 2026 MBILL 202600000088,48394.69,0.0,48585.56,DR
421201_8509005322622_20260810_1115214_SOFW.txt,NSE-CAPITAL,07/08/2026,MTF BILL FOR 2026148-M BILL DATE Aug 7 MBILL 202600000088,0.0,68347.5,19761.94,CR
421201_8509005322622_20260810_1115214_SOFW.txt,NSE-CAPITAL,07/08/2026,Upstreamed Amount Released from I-Sec 1311765 PAYBNK 202609626233,16856.26,0.0,2905.68,CR
421201_8509005322622_20260810_1115214_SOFW.txt,NSE-CAPITAL,07/08/2026,Upstreamed Amount Released from Upstream 1311765 PAYBNK 202609644146,50005.84,0.0,47100.16,DR
421201_8509005322622_20260810_1115214_SOFW.txt,NSE-CAPITAL,07/08/2026,Being GST on NSDL - CDSL Charges - DBNOTE 202623721212,20.25,0.0,47120.41,DR
421201_8509005322622_20260810_1115214_SOFW.txt,NSE-CAPITAL,07/08/2026,Being GST on NSDL - CDSL Charges - DBNOTE 202623727404,1.8,0.0,47122.21,DR
421201_8509005322622_20260810_1115214_SOFW.txt,NSE-CAPITAL,07/08/2026,Being MTF pledge Charges DBNOTE 202623811462,225.0,0.0,47347.21,DR
421201_8509005322622_20260810_1115214_SOFW.txt,NSE-CAPITAL,07/08/2026,Being GST on NSDL - CDSL Charges - DBNOTE 202623833000,1.8,0.0,47349.01,DR
421201_8509005322622_20260810_1115214_SOFW.txt,NSE-CAPITAL,07/08/2026,Being GST on NSDL - CDSL Charges - DBNOTE 202623883990,20.25,0.0,47369.26,DR
421201_8509005322622_20260810_1115214_SOFW.txt,NSE-CAPITAL,07/08/2026,Demat Charges DBNOTE 202623886866,20.0,0.0,47389.26,DR
421201_8509005322622_20260810_1115214_SOFW.txt,NSE-CAPITAL,07/08/2026,Recoverable01260708377210519 DBNOTE NSE Margin Payin 8503169324 202623984386,34036.0,0.0,81425.26,DR
421201_8509005322622_20260810_1115214_SOFW.txt,NSE-CAPITAL,07/08/2026,"07/08/2026 07-08-26 DBNOTE NSE Margin Payin 8503169324 202623984386 34,036.00 0.00 81,425.26 DR DBNOTE NSE Margin Payout 8503169324 202623984387",0.0,16856.26,64569.0,DR
421201_8509005322622_20260810_1115214_SOFW.txt,NSE-CAPITAL,07/08/2026,"07/08/2026 07-08-26 DBNOTE NSE Margin Payout 8503169324 202623984387 0.00 16,856.26 64,569.00 DR DBNOTE Being Margin Trf 8503169324 202623992308",0.0,5792.7,58776.3,DR
421201_8509005322622_20260810_1115214_SOFW.txt,NSE-CAPITAL,07/08/2026,"07/08/2026 07-08-26 DBNOTE Being Margin Trf 8503169324 202623992308 0.00 5,792.70 58,776.30 DR JE Interest on NSE MTF377139714 202629175715",88.78,0.0,58865.08,DR
421201_8509005322622_20260810_1115214_SOFW.txt,NSE-CAPITAL,07/08/2026,Being Interest charged on OS BSE JE 202629292464,5.65,0.0,58870.73,DR
421201_8509005322622_20260810_1115214_SOFW.txt,NSE-CAPITAL,07/08/2026,Demat Charges Recovered DCR 1311344 REPBNK 202636760755,0.0,23.6,58847.13,DR
421201_8509005322622_20260810_1115214_SOFW.txt,NSE-CAPITAL,07/08/2026,Interest recovered on NSE MTF INN 377139714 1311344 REPBNK 202636763832,0.0,88.78,58758.35,DR
421201_8509005322622_20260810_1115214_SOFW.txt,NSE-CAPITAL,07/08/2026,Being Interest recovered on OS BSE obligation 1311344 REPBNK 202636764899,0.0,5.65,58752.7,DR
421201_8509005322622_20260810_1115214_SOFW.txt,NSE-CAPITAL,07/08/2026,Being GST and MTF pledge Charges recovered 1311344 REPBNK 202636774019,0.0,265.5,58487.2,DR
421201_8509005322622_20260810_1115214_SOFW.txt,NSE-CAPITAL,07/08/2026,DCM 012 1311709 REPBNK Upstreamed Amount Collected 202636880727,0.0,50005.84,8481.36,DR
421201_8509005322622_20260810_1115214_SOFW.txt,NSE-CAPITAL,07/08/2026,"07/08/2026 07-08-26 1311709 REPBNK Upstreamed Amount Collected 202636880727 0.00 50,005.84 8,481.36 DR 1311798 REPBNK NSEMRGNPIPO 202636923910",0.0,34036.0,25554.64,CR
421201_8509005322622_20260810_1115214_SOFW.txt,NSE-CAPITAL,08/08/2026,Being GST on NSDL - CDSL Charges - DBNOTE 202624021251,6.75,0.0,25547.89,CR
421201_8509005322622_20260810_1115214_SOFW.txt,NSE-CAPITAL,08/08/2026,Demat Charges DBNOTE 202624062845,60.0,0.0,25487.89,CR
421201_8509005322622_20260810_1115214_SOFW.txt,NSE-CAPITAL,08/08/2026,Being GST on NSDL - CDSL Charges - DBNOTE 202624085260,5.4,0.0,25482.49,CR
421201_8509005322622_20260810_1115214_SOFW.txt,NSE-CAPITAL,08/08/2026,Being MTF pledge Charges DBNOTE 202624104650,75.0,0.0,25407.49,CR
421201_8509005322622_20260810_1115214_SOFW.txt,NSE-CAPITAL,08/08/2026,Being GST on NSDL - CDSL Charges - DBNOTE 202624187205,6.75,0.0,25400.74,CR
421201_8509005322622_20260810_1115214_SOFW.txt,NSE-CAPITAL,08/08/2026,Being GST on NSDL - CDSL Charges - DBNOTE 202624219691,5.4,0.0,25395.34,CR
421201_8509005322622_20260810_1115214_SOFW.txt,NSE-CAPITAL,08/08/2026,Being Interest charged on OS BSE JE 202629671094,5.65,0.0,25389.69,CR
421201_8509005322622_20260810_1115214_SOFW.txt,NSE-CAPITAL,08/08/2026,obligation3773763 JE Interest on NSE MTF377376381 202629724392,84.72,0.0,25304.97,CR
421201_8509005322622_20260817_1115938_SOFW.txt,MTF-MTF-TRADE,10/08/2026,POSITION CLOSE FOR BILL DATE Aug 10 2026 MBILL 202600000089,0.0,220225.25,164938.36,DR
421201_8509005322622_20260817_1115938_SOFW.txt,MTF-MTF-TRADE,10/08/2026,MTF BILL FOR 2026149-M BILL DATE Aug 10 2026149 MBILL 202600000089,93406.1,0.0,258344.46,DR
421201_8509005322622_20260817_1115938_SOFW.txt,MTF-MTF-TRADE,10/08/2026,2026 DBNOTE NSE Margin Payin 8503169324 202612653280,0.0,42626.21,215718.25,DR
421201_8509005322622_20260817_1115938_SOFW.txt,MTF-MTF-TRADE,10/08/2026,"10/08/2026 10-08-26 DBNOTE NSE Margin Payin 8503169324 202612653280 0.00 42,626.21 215,718.25 DR DBNOTE NSE Margin Payout 8503169324 202612653281",108321.64,0.0,324039.89,DR
421201_8509005322622_20260817_1115938_SOFW.txt,MTF-MTF-TRADE,10/08/2026,"10/08/2026 10-08-26 DBNOTE NSE Margin Payout 8503169324 202612653281 108,321.64 0.00 324,039.89 DR DBNOTE Being Margin Trf 8503169324 202612724345",0.0,5436.1,318603.79,DR
421201_8509005322622_20260817_1115938_SOFW.txt,MTF-MTF-TRADE,10/08/2026,"10/08/2026 10-08-26 DBNOTE Being Margin Trf 8503169324 202612724345 0.00 5,436.10 318,603.79 DR CPAYIN 21.MTF SELL PAYIN 202612755009",85166.59,0.0,403770.38,DR
421201_8509005322622_20260817_1115938_SOFW.txt,MTF-MTF-TRADE,10/08/2026,"10/08/2026 10-08-26 CPAYIN 21.MTF SELL PAYIN 202612755009 85,166.59 0.00 403,770.38 DR DBNOTE 17.MTF SELL PAYIN 202612755009",0.0,85166.59,318603.79,DR
421201_8509005322622_20260817_1115938_SOFW.txt,MTF-MTF-TRADE,10/08/2026,23.MTF CASH EXCESS REV AFTER PAYIN CPAYIN 202612768494,0.13,0.0,318603.92,DR
421201_8509005322622_20260817_1115938_SOFW.txt,MTF-MTF-TRADE,10/08/2026,24.MTF CASH EXCESS REV AFTER PAYIN DBNOTE 202612768494,0.0,0.13,318603.79,DR
421201_8509005322622_20260817_1115938_SOFW.txt,MTF-MTF-TRADE,11/08/2026,POSITION CLOSE FOR BILL DATE Aug 11 2026 MBILL 202600000090,0.0,10162.5,308441.29,DR
421201_8509005322622_20260817_1115938_SOFW.txt,MTF-MTF-TRADE,11/08/2026,MTF BILL FOR 2026150-M BILL DATE Aug 11 2026150 MBILL 202600000090,69304.65,0.0,377745.94,DR
421201_8509005322622_20260817_1115938_SOFW.txt,MTF-MTF-TRADE,11/08/2026,2026 DBNOTE NSE Margin Payin 8503169324 202612806560,0.0,15144.06,362601.88,DR
421201_8509005322622_20260817_1115938_SOFW.txt,MTF-MTF-TRADE,11/08/2026,"11/08/2026 11-08-26 DBNOTE NSE Margin Payin 8503169324 202612806560 0.00 15,144.06 362,601.88 DR DBNOTE Being Margin Trf 8503169324 202612869096",555.8,0.0,363157.68,DR
421201_8509005322622_20260817_1115938_SOFW.txt,MTF-MTF-TRADE,11/08/2026,"11/08/2026 11-08-26 DBNOTE Being Margin Trf 8503169324 202612869096 555.80 0.00 363,157.68 DR CPAYIN 11.MTF PAYIN 202612875941",0.0,15144.06,348013.62,DR
421201_8509005322622_20260817_1115938_SOFW.txt,MTF-MTF-TRADE,11/08/2026,"11/08/2026 11-08-26 CPAYIN 11.MTF PAYIN 202612875941 0.00 15,144.06 348,013.62 DR DBNOTE 10.MTF PAYIN 202612875941",15144.06,0.0,363157.68,DR
421201_8509005322622_20260817_1115938_SOFW.txt,MTF-MTF-TRADE,11/08/2026,"11/08/2026 11-08-26 DBNOTE 10.MTF PAYIN 202612875941 15,144.06 0.00 363,157.68 DR CPAYIN 21.MTF SELL PAYIN 202612899217",6435.55,0.0,369593.23,DR
421201_8509005322622_20260817_1115938_SOFW.txt,MTF-MTF-TRADE,11/08/2026,"11/08/2026 11-08-26 CPAYIN 21.MTF SELL PAYIN 202612899217 6,435.55 0.00 369,593.23 DR DBNOTE 17.MTF SELL PAYIN 202612899217",0.0,6435.55,363157.68,DR
421201_8509005322622_20260817_1115938_SOFW.txt,MTF-MTF-TRADE,12/08/2026,MTF BILL FOR 2026151-M BILL DATE Aug 12 2026151 MBILL 202600000091,26843.0,0.0,390000.68,DR
421201_8509005322622_20260817_1115938_SOFW.txt,MTF-MTF-TRADE,12/08/2026,POSITION CLOSE FOR BILL DATE Aug 12 2026 MBILL 202600000091,0.0,84572.2,305428.48,DR
421201_8509005322622_20260817_1115938_SOFW.txt,MTF-MTF-TRADE,12/08/2026,"12/08/2026 12-08-26 MBILL 202600000091 0.00 84,572.20 305,428.48 DR DBNOTE NSE Margin Payout 8503169324 202612941122",48969.35,0.0,354397.83,DR
421201_8509005322622_20260817_1115938_SOFW.txt,MTF-MTF-TRADE,12/08/2026,DBNOTE NSE Margin Payin 8503169324 202612941123,0.0,9933.88,344463.95,DR
421201_8509005322622_20260817_1115938_SOFW.txt,MTF-MTF-TRADE,12/08/2026,"12/08/2026 12-08-26 DBNOTE NSE Margin Payin 8503169324 202612941123 0.00 9,933.88 344,463.95 DR DBNOTE Being Margin Trf 8503169324 202613021785",0.0,1296.9,343167.05,DR
421201_8509005322622_20260817_1115938_SOFW.txt,MTF-MTF-TRADE,12/08/2026,"12/08/2026 12-08-26 DBNOTE Being Margin Trf 8503169324 202613021785 0.00 1,296.90 343,167.05 DR CPAYIN 21.MTF SELL PAYIN 202613056536",22787.54,0.0,365954.59,DR
421201_8509005322622_20260817_1115938_SOFW.txt,MTF-MTF-TRADE,12/08/2026,"12/08/2026 12-08-26 CPAYIN 21.MTF SELL PAYIN 202613056536 22,787.54 0.00 365,954.59 DR DBNOTE 17.MTF SELL PAYIN 202613056536",0.0,22787.54,343167.05,DR
421201_8509005322622_20260817_1115938_SOFW.txt,MTF-MTF-TRADE,12/08/2026,24.MTF CASH EXCESS REV AFTER PAYIN DBNOTE 202613071597,0.0,0.04,343167.01,DR
421201_8509005322622_20260817_1115938_SOFW.txt,MTF-MTF-TRADE,12/08/2026,23.MTF CASH EXCESS REV AFTER PAYIN CPAYIN 202613071597,0.04,0.0,343167.05,DR
421201_8509005322622_20260817_1115938_SOFW.txt,MTF-MTF-TRADE,13/08/2026,MTF BILL FOR 2026152-M BILL DATE Aug 13 2026152 MBILL 202600000092,49935.75,0.0,393102.8,DR
421201_8509005322622_20260817_1115938_SOFW.txt,MTF-MTF-TRADE,13/08/2026,POSITION CLOSE FOR BILL DATE Aug 13 2026 MBILL 202600000092,0.0,22171.0,370931.8,DR
421201_8509005322622_20260817_1115938_SOFW.txt,MTF-MTF-TRADE,13/08/2026,POSITION CLOSE FOR BILL DATE Aug 13 2026 MBILL 202600000092,0.0,14219.6,356712.2,DR
421201_8509005322622_20260817_1115938_SOFW.txt,MTF-MTF-TRADE,13/08/2026,"13/08/2026 13-08-26 MBILL 202600000092 0.00 14,219.60 356,712.20 DR DBNOTE NSE Margin Payin 8503169324 202613090550",0.0,1683.56,355028.64,DR
421201_8509005322622_20260817_1115938_SOFW.txt,MTF-MTF-TRADE,13/08/2026,"13/08/2026 13-08-26 DBNOTE NSE Margin Payin 8503169324 202613090550 0.00 1,683.56 355,028.64 DR DBNOTE Being Margin Trf 8503169324 202613170733",0.0,3544.4,351484.24,DR
421201_8509005322622_20260817_1115938_SOFW.txt,MTF-MTF-TRADE,13/08/2026,"13/08/2026 13-08-26 DBNOTE Being Margin Trf 8503169324 202613170733 0.00 3,544.40 351,484.24 DR DBNOTE 10.MTF PAYIN 202613189579",1683.56,0.0,353167.8,DR
421201_8509005322622_20260817_1115938_SOFW.txt,MTF-MTF-TRADE,13/08/2026,"13/08/2026 13-08-26 DBNOTE 10.MTF PAYIN 202613189579 1,683.56 0.00 353,167.80 DR CPAYIN 11.MTF PAYIN 202613189579",0.0,1683.56,351484.24,DR
421201_8509005322622_20260817_1115938_SOFW.txt,MTF-MTF-TRADE,13/08/2026,"13/08/2026 13-08-26 CPAYIN 11.MTF PAYIN 202613189579 0.00 1,683.56 351,484.24 DR CPAYIN 21.MTF SELL PAYIN 202613199265",5553.24,0.0,357037.48,DR
421201_8509005322622_20260817_1115938_SOFW.txt,MTF-MTF-TRADE,13/08/2026,"13/08/2026 13-08-26 CPAYIN 21.MTF SELL PAYIN 202613199265 5,553.24 0.00 357,037.48 DR DBNOTE 17.MTF SELL PAYIN 202613199265",0.0,5553.24,351484.24,DR
421201_8509005322622_20260817_1115938_SOFW.txt,MTF-MTF-TRADE,14/08/2026,POSITION CLOSE FOR BILL DATE Aug 14 2026 MBILL 202600000093,0.0,10141.5,341342.74,DR
421201_8509005322622_20260817_1115938_SOFW.txt,MTF-MTF-TRADE,14/08/2026,MTF BILL FOR 2026153-M BILL DATE Aug 14 2026153 MBILL 202600000093,48965.0,0.0,390307.74,DR
421201_8509005322622_20260817_1115938_SOFW.txt,MTF-MTF-TRADE,14/08/2026,2026 DBNOTE NSE Margin Payin 8503169324 202613254230,0.0,22976.73,367331.01,DR
421201_8509005322622_20260817_1115938_SOFW.txt,MTF-MTF-TRADE,14/08/2026,"14/08/2026 14-08-26 DBNOTE NSE Margin Payin 8503169324 202613254230 0.00 22,976.73 367,331.01 DR DBNOTE Being Margin Trf 8503169324 202613313592",0.0,324.0,367007.01,DR
421201_8509005322622_20260817_1115938_SOFW.txt,MTF-MTF-TRADE,14/08/2026,"14/08/2026 14-08-26 DBNOTE Being Margin Trf 8503169324 202613313592 0.00 324.00 367,007.01 DR CPAYIN 11.MTF PAYIN 202613319470",0.0,22976.73,344030.28,DR
421201_8509005322622_20260817_1115938_SOFW.txt,MTF-MTF-TRADE,14/08/2026,"14/08/2026 14-08-26 CPAYIN 11.MTF PAYIN 202613319470 0.00 22,976.73 344,030.28 DR DBNOTE 10.MTF PAYIN 202613319470",22976.73,0.0,367007.01,DR
421201_8509005322622_20260817_1115938_SOFW.txt,MTF-MTF-TRADE,14/08/2026,"14/08/2026 14-08-26 DBNOTE 10.MTF PAYIN 202613319470 22,976.73 0.00 367,007.01 DR DBNOTE 17.MTF SELL PAYIN 202613343091",0.0,2419.56,364587.45,DR
421201_8509005322622_20260817_1115938_SOFW.txt,MTF-MTF-TRADE,14/08/2026,"14/08/2026 14-08-26 DBNOTE 17.MTF SELL PAYIN 202613343091 0.00 2,419.56 364,587.45 DR CPAYIN 21.MTF SELL PAYIN 202613343091",2419.56,0.0,367007.01,DR
421201_8509005322622_20260817_1115938_SOFW.txt,NSE-CAPITAL,10/08/2026,MTF BILL FOR 2026149-M BILL DATE Aug 10 MBILL 202600000089,0.0,93406.1,185217.4,CR
421201_8509005322622_20260817_1115938_SOFW.txt,NSE-CAPITAL,10/08/2026,POSITION CLOSE FOR BILL DATE Aug 10 2026 MBILL 202600000089,220225.25,0.0,35007.85,DR
421201_8509005322622_20260817_1115938_SOFW.txt,NSE-CAPITAL,10/08/2026,"10/08/2026 10-08-26 MBILL 202600000089 220,225.25 0.00 35,007.85 DR 2026149 BILL SETTNO=2026149NSECMMBILL POSTED 202600000405",0.0,183611.73,148603.88,CR
421201_8509005322622_20260817_1115938_SOFW.txt,NSE-CAPITAL,10/08/2026,"10/08/2026 11-08-26 2026149 BILL SETTNO=2026149NSECMMBILL POSTED 202600000405 0.00 183,611.73 148,603.88 CR 1312084 PAYBNK Being Payout towards NSE M 2026148 202609684580",91608.11,0.0,56995.77,CR
421201_8509005322622_20260817_1115938_SOFW.txt,NSE-CAPITAL,10/08/2026,Upstreamed Amount Released from I-Sec 1312317 PAYBNK 202609753149,108321.64,0.0,51325.87,DR
421201_8509005322622_20260817_1115938_SOFW.txt,NSE-CAPITAL,10/08/2026,Upstreamed Amount Released from Upstream 1312317 PAYBNK 202609754030,82702.14,0.0,134028.01,DR
421201_8509005322622_20260817_1115938_SOFW.txt,NSE-CAPITAL,10/08/2026,balance DBNOTE NSE Margin Payin 8503169324 202624260079,42626.21,0.0,176654.22,DR
421201_8509005322622_20260817_1115938_SOFW.txt,NSE-CAPITAL,10/08/2026,"10/08/2026 10-08-26 DBNOTE NSE Margin Payin 8503169324 202624260079 42,626.21 0.00 176,654.22 DR DBNOTE NSE Margin Payout 8503169324 202624260080",0.0,108321.64,68332.58,DR
421201_8509005322622_20260817_1115938_SOFW.txt,NSE-CAPITAL,10/08/2026,"10/08/2026 10-08-26 DBNOTE NSE Margin Payout 8503169324 202624260080 0.00 108,321.64 68,332.58 DR DBNOTE Being Margin Trf 8503169324 202624287085",5436.1,0.0,73768.68,DR
421201_8509005322622_20260817_1115938_SOFW.txt,NSE-CAPITAL,10/08/2026,Being payout of EQ settlement 2026148 JE 202629757016,0.0,5.65,73763.03,DR
421201_8509005322622_20260817_1115938_SOFW.txt,NSE-CAPITAL,10/08/2026,Being payout of EQ settlement 2026148 JE 202629788102,84.72,0.0,73847.75,DR
421201_8509005322622_20260817_1115938_SOFW.txt,NSE-CAPITAL,10/08/2026,Being payout of EQ settlement 2026148 JE 202629856178,0.0,95.87,73751.88,DR
421201_8509005322622_20260817_1115938_SOFW.txt,NSE-CAPITAL,10/08/2026,Being payout of EQ settlement 2026148 JE 202629862898,0.0,95.87,73656.01,DR
421201_8509005322622_20260817_1115938_SOFW.txt,NSE-CAPITAL,10/08/2026,Being payout of EQ settlement 2026148 JE 202629912082,95.87,0.0,73751.88,DR
421201_8509005322622_20260817_1115938_SOFW.txt,NSE-CAPITAL,10/08/2026,adjusted aga JE Interest on NSE MTF377692027 202629921871,95.87,0.0,73847.75,DR
421201_8509005322622_20260817_1115938_SOFW.txt,NSE-CAPITAL,10/08/2026,Being payout of EQ settlement 2026148 JE 202629923892,88.5,0.0,73936.25,DR
421201_8509005322622_20260817_1115938_SOFW.txt,NSE-CAPITAL,10/08/2026,Being payout of EQ settlement 2026148 JE 202629924461,0.0,5.65,73930.6,DR
421201_8509005322622_20260817_1115938_SOFW.txt,NSE-CAPITAL,10/08/2026,Being payout of EQ settlement 2026148 JE 202629934975,0.0,70.8,73859.8,DR
421201_8509005322622_20260817_1115938_SOFW.txt,NSE-CAPITAL,10/08/2026,Being payout of EQ settlement 2026148 JE 202629940689,95.87,0.0,73955.67,DR
421201_8509005322622_20260817_1115938_SOFW.txt,NSE-CAPITAL,10/08/2026,Being payout of EQ settlement 2026148 JE 202629941699,5.65,0.0,73961.32,DR
421201_8509005322622_20260817_1115938_SOFW.txt,NSE-CAPITAL,10/08/2026,Being Interest charged on OS BSE JE 202629991678,5.65,0.0,73966.97,DR
421201_8509005322622_20260817_1115938_SOFW.txt,NSE-CAPITAL,10/08/2026,Being Interest charged on OS BSE JE 202629993628,5.65,0.0,73972.62,DR
421201_8509005322622_20260817_1115938_SOFW.txt,NSE-CAPITAL,10/08/2026,Being payout of EQ settlement 2026148 JE 202629995372,5.65,0.0,73978.27,DR
421201_8509005322622_20260817_1115938_SOFW.txt,NSE-CAPITAL,10/08/2026,Being payout of EQ settlement 2026148 JE 202630022644,5.65,0.0,73983.92,DR
421201_8509005322622_20260817_1115938_SOFW.txt,NSE-CAPITAL,10/08/2026,Being payout of EQ settlement 2026148 JE 202630071710,0.0,88.5,73895.42,DR
421201_8509005322622_20260817_1115938_SOFW.txt,NSE-CAPITAL,10/08/2026,Being payout of EQ settlement 2026148 JE 202630085945,70.8,0.0,73966.22,DR
421201_8509005322622_20260817_1115938_SOFW.txt,NSE-CAPITAL,10/08/2026,Being payout of EQ settlement 2026148 JE 202630099363,0.0,5.65,73960.57,DR
421201_8509005322622_20260817_1115938_SOFW.txt,NSE-CAPITAL,10/08/2026,Being payout of EQ settlement 2026148 JE 202630122228,0.0,84.72,73875.85,DR
421201_8509005322622_20260817_1115938_SOFW.txt,NSE-CAPITAL,10/08/2026,adjusted aga JE Interest on NSE MTF377580560 202630130415,95.87,0.0,73971.72,DR
421201_8509005322622_20260817_1115938_SOFW.txt,NSE-CAPITAL,10/08/2026,"10/08/2026 10-08-26 JE Interest on NSE MTF377580560 202630130415 95.87 0.00 73,971.72 DR 1312257 REPBNK Upstreamed Amount Collected 202637492583",0.0,82702.14,8730.42,CR
421201_8509005322622_20260817_1115938_SOFW.txt,NSE-CAPITAL,10/08/2026,"10/08/2026 10-08-26 1312257 REPBNK Upstreamed Amount Collected 202637492583 0.00 82,702.14 8,730.42 CR 1312338 REPBNK NSEMRGNPIPO 202637498993",0.0,42626.21,51356.63,CR
421201_8509005322622_20260817_1115938_SOFW.txt,NSE-CAPITAL,11/08/2026,POSITION CLOSE FOR BILL DATE Aug 11 2026 MBILL 202600000090,10162.5,0.0,41194.13,CR
421201_8509005322622_20260817_1115938_SOFW.txt,NSE-CAPITAL,11/08/2026,MTF BILL FOR 2026150-M BILL DATE Aug 11 MBILL 202600000090,0.0,69304.65,110498.78,CR
421201_8509005322622_20260817_1115938_SOFW.txt,NSE-CAPITAL,11/08/2026,2026 2026150 BILL SETTNO=2026150NSECMMBILL POSTED 202600000408,107610.47,0.0,2888.31,CR
421201_8509005322622_20260817_1115938_SOFW.txt,NSE-CAPITAL,11/08/2026,"11/08/2026 12-08-26 2026150 BILL SETTNO=2026150NSECMMBILL POSTED 202600000408 107,610.47 0.00 2,888.31 CR 1312497 PAYBNK Being Payout towards NSE M 2026149 202609831239",51444.93,0.0,48556.62,DR
421201_8509005322622_20260817_1115938_SOFW.txt,NSE-CAPITAL,11/08/2026,Upstreamed Amount Released from Upstream 1312746 PAYBNK 202609864584,24482.57,0.0,73039.19,DR
421201_8509005322622_20260817_1115938_SOFW.txt,NSE-CAPITAL,11/08/2026,Being GST on NSDL - CDSL Charges - DBNOTE 202624316089,5.4,0.0,73044.59,DR
421201_8509005322622_20260817_1115938_SOFW.txt,NSE-CAPITAL,11/08/2026,Being GST on NSDL - CDSL Charges - DBNOTE 202624344893,22.5,0.0,73067.09,DR
421201_8509005322622_20260817_1115938_SOFW.txt,NSE-CAPITAL,11/08/2026,Demat Charges DBNOTE 202624387881,60.0,0.0,73127.09,DR
421201_8509005322622_20260817_1115938_SOFW.txt,NSE-CAPITAL,11/08/2026,Being GST on NSDL - CDSL Charges - DBNOTE 202624439766,22.5,0.0,73149.59,DR
421201_8509005322622_20260817_1115938_SOFW.txt,NSE-CAPITAL,11/08/2026,Being MTF pledge Charges DBNOTE 202624499355,250.0,0.0,73399.59,DR
421201_8509005322622_20260817_1115938_SOFW.txt,NSE-CAPITAL,11/08/2026,Being GST on NSDL - CDSL Charges - DBNOTE 202624500970,5.4,0.0,73404.99,DR
421201_8509005322622_20260817_1115938_SOFW.txt,NSE-CAPITAL,11/08/2026,DCR012611083778 DBNOTE NSE Margin Payin 8503169324 202624614018,15144.06,0.0,88549.05,DR
421201_8509005322622_20260817_1115938_SOFW.txt,NSE-CAPITAL,11/08/2026,"11/08/2026 11-08-26 DBNOTE NSE Margin Payin 8503169324 202624614018 15,144.06 0.00 88,549.05 DR DBNOTE Being Margin Trf 8503169324 202624617988",0.0,555.8,87993.25,DR
421201_8509005322622_20260817_1115938_SOFW.txt,NSE-CAPITAL,11/08/2026,Being payout of EQ settlement 2026149 JE 202630182598,5.65,0.0,87998.9,DR
421201_8509005322622_20260817_1115938_SOFW.txt,NSE-CAPITAL,11/08/2026,Being payout of EQ settlement 2026149 JE 202630214808,0.0,5.65,87993.25,DR
421201_8509005322622_20260817_1115938_SOFW.txt,NSE-CAPITAL,11/08/2026,adjusted aga JE Interest on NSE MTF377726146 202630258433,95.87,0.0,88089.12,DR
421201_8509005322622_20260817_1115938_SOFW.txt,NSE-CAPITAL,11/08/2026,Being payout of EQ settlement 2026149 JE 202630275206,95.87,0.0,88184.99,DR
421201_8509005322622_20260817_1115938_SOFW.txt,NSE-CAPITAL,11/08/2026,Being payout of EQ settlement 2026149 JE 202630282250,70.8,0.0,88255.79,DR
421201_8509005322622_20260817_1115938_SOFW.txt,NSE-CAPITAL,11/08/2026,Being payout of EQ settlement 2026149 JE 202630302510,0.0,95.87,88159.92,DR
421201_8509005322622_20260817_1115938_SOFW.txt,NSE-CAPITAL,11/08/2026,Being Interest charged on OS BSE JE 202630323118,5.65,0.0,88165.57,DR
421201_8509005322622_20260817_1115938_SOFW.txt,NSE-CAPITAL,11/08/2026,Being payout of EQ settlement 2026149 JE 202630366743,0.0,70.8,88094.77,DR
421201_8509005322622_20260817_1115938_SOFW.txt,NSE-CAPITAL,11/08/2026,Being payout of EQ settlement 2026149 JE 202630445882,295.0,0.0,88389.77,DR
421201_8509005322622_20260817_1115938_SOFW.txt,NSE-CAPITAL,11/08/2026,Being payout of EQ settlement 2026149 JE 202630447106,0.0,295.0,88094.77,DR
421201_8509005322622_20260817_1115938_SOFW.txt,NSE-CAPITAL,11/08/2026,adjusted aga 1312692 REPBNK Upstreamed Amount Collected 202637844473,0.0,87770.0,324.77,DR
421201_8509005322622_20260817_1115938_SOFW.txt,NSE-CAPITAL,11/08/2026,"11/08/2026 11-08-26 1312692 REPBNK Upstreamed Amount Collected 202637844473 0.00 87,770.00 324.77 DR 1312789 REPBNK Being Payin towards NSE M 2026150 202638017232",0.0,324.95,0.18,CR
421201_8509005322622_20260817_1115938_SOFW.txt,NSE-CAPITAL,12/08/2026,MTF BILL FOR 2026151-M BILL DATE Aug 12 MBILL 202600000091,0.0,26843.0,26843.18,CR
421201_8509005322622_20260817_1115938_SOFW.txt,NSE-CAPITAL,12/08/2026,POSITION CLOSE FOR BILL DATE Aug 12 2026 MBILL 202600000091,84572.2,0.0,57729.02,DR
421201_8509005322622_20260817_1115938_SOFW.txt,NSE-CAPITAL,12/08/2026,"12/08/2026 12-08-26 MBILL 202600000091 84,572.20 0.00 57,729.02 DR 2026151 BILL SETTNO=2026151NSECMMBILL POSTED 202600000412",0.0,142388.74,84659.72,CR
421201_8509005322622_20260817_1115938_SOFW.txt,NSE-CAPITAL,12/08/2026,Upstreamed Amount Released from I-Sec 1313194 PAYBNK 202609969969,48969.35,0.0,35690.37,CR
421201_8509005322622_20260817_1115938_SOFW.txt,NSE-CAPITAL,12/08/2026,Upstreamed Amount Released from Upstream 1313194 PAYBNK 202609974655,88372.25,0.0,52681.88,DR
421201_8509005322622_20260817_1115938_SOFW.txt,NSE-CAPITAL,12/08/2026,Demat Charges DBNOTE 202624656618,20.0,0.0,52701.88,DR
421201_8509005322622_20260817_1115938_SOFW.txt,NSE-CAPITAL,12/08/2026,Being GST on NSDL - CDSL Charges - DBNOTE 202624708288,1.8,0.0,52703.68,DR
421201_8509005322622_20260817_1115938_SOFW.txt,NSE-CAPITAL,12/08/2026,Being GST on NSDL - CDSL Charges - DBNOTE 202624744669,18.0,0.0,52721.68,DR
421201_8509005322622_20260817_1115938_SOFW.txt,NSE-CAPITAL,12/08/2026,Being GST on NSDL - CDSL Charges - DBNOTE 202624753172,1.8,0.0,52723.48,DR
421201_8509005322622_20260817_1115938_SOFW.txt,NSE-CAPITAL,12/08/2026,Being GST on NSDL - CDSL Charges - DBNOTE 202624763069,18.0,0.0,52741.48,DR
421201_8509005322622_20260817_1115938_SOFW.txt,NSE-CAPITAL,12/08/2026,Being MTF pledge Charges DBNOTE 202624807553,200.0,0.0,52941.48,DR
421201_8509005322622_20260817_1115938_SOFW.txt,NSE-CAPITAL,12/08/2026,recoverable01261208378063 DBNOTE NSE Margin Payout 8503169324 202624860345,0.0,48969.35,3972.13,DR
421201_8509005322622_20260817_1115938_SOFW.txt,NSE-CAPITAL,12/08/2026,"12/08/2026 12-08-26 DBNOTE NSE Margin Payout 8503169324 202624860345 0.00 48,969.35 3,972.13 DR DBNOTE NSE Margin Payin 8503169324 202624860346",9933.88,0.0,13906.01,DR
421201_8509005322622_20260817_1115938_SOFW.txt,NSE-CAPITAL,12/08/2026,"12/08/2026 12-08-26 DBNOTE NSE Margin Payin 8503169324 202624860346 9,933.88 0.00 13,906.01 DR DBNOTE Being Margin Trf 8503169324 202624885564",1296.9,0.0,15202.91,DR
421201_8509005322622_20260817_1115938_SOFW.txt,NSE-CAPITAL,12/08/2026,Being Interest charged on OS BSE JE 202630601095,5.65,0.0,15208.56,DR
421201_8509005322622_20260817_1115938_SOFW.txt,NSE-CAPITAL,12/08/2026,obligation3780514 JE Interest on NSE MTF378051403 202630628437,98.02,0.0,15306.58,DR
421201_8509005322622_20260817_1115938_SOFW.txt,NSE-CAPITAL,12/08/2026,Being Interest recovered on OS BSE obligation 1312798 REPBNK 202638113108,0.0,5.65,15300.93,DR
421201_8509005322622_20260817_1115938_SOFW.txt,NSE-CAPITAL,12/08/2026,Being GST and MTF pledge Charges recovered 1312798 REPBNK 202638120468,0.0,236.0,15064.93,DR
421201_8509005322622_20260817_1115938_SOFW.txt,NSE-CAPITAL,12/08/2026,Demat Charges Recovered DCR 1312798 REPBNK 202638143181,0.0,23.6,15041.33,DR
421201_8509005322622_20260817_1115938_SOFW.txt,NSE-CAPITAL,12/08/2026,Interest recovered on NSE MTF INN 378051403 1312798 REPBNK 202638144012,0.0,98.02,14943.31,DR
421201_8509005322622_20260817_1115938_SOFW.txt,NSE-CAPITAL,12/08/2026,"12/08/2026 12-08-26 1312798 REPBNK 202638144012 0.00 98.02 14,943.31 DR 1313139 REPBNK Upstreamed Amount Collected 202638202728",0.0,88372.25,73428.94,CR
421201_8509005322622_20260817_1115938_SOFW.txt,NSE-CAPITAL,12/08/2026,"12/08/2026 12-08-26 1313139 REPBNK Upstreamed Amount Collected 202638202728 0.00 88,372.25 73,428.94 CR 1313225 REPBNK NSEMRGNPIPO 202638298068",0.0,9933.88,83362.82,CR
421201_8509005322622_20260817_1115938_SOFW.txt,NSE-CAPITAL,13/08/2026,POSITION CLOSE FOR BILL DATE Aug 13 2026 MBILL 202600000092,14219.6,0.0,69143.22,CR
421201_8509005322622_20260817_1115938_SOFW.txt,NSE-CAPITAL,13/08/2026,POSITION CLOSE FOR BILL DATE Aug 13 2026 MBILL 202600000092,22171.0,0.0,46972.22,CR
421201_8509005322622_20260817_1115938_SOFW.txt,NSE-CAPITAL,13/08/2026,MTF BILL FOR 2026152-M BILL DATE Aug 13 MBILL 202600000092,0.0,49935.75,96907.97,CR
421201_8509005322622_20260817_1115938_SOFW.txt,NSE-CAPITAL,13/08/2026,2026 2026152 BILL SETTNO=2026152NSECMMBILL POSTED 202600000415,75681.01,0.0,21226.96,CR
421201_8509005322622_20260817_1115938_SOFW.txt,NSE-CAPITAL,13/08/2026,"13/08/2026 14-08-26 2026152 BILL SETTNO=2026152NSECMMBILL POSTED 202600000415 75,681.01 0.00 21,226.96 CR 1313400 PAYBNK Being Payout towards NSE M 2026151 202610032319",82887.22,0.0,61660.26,DR
421201_8509005322622_20260817_1115938_SOFW.txt,NSE-CAPITAL,13/08/2026,Upstreamed Amount Released from Upstream 1313615 PAYBNK 202610081500,100122.51,0.0,161782.77,DR
421201_8509005322622_20260817_1115938_SOFW.txt,NSE-CAPITAL,13/08/2026,Being GST on NSDL - CDSL Charges - DBNOTE 202624979904,7.2,0.0,161789.97,DR
421201_8509005322622_20260817_1115938_SOFW.txt,NSE-CAPITAL,13/08/2026,Being GST on NSDL - CDSL Charges - DBNOTE 202624992049,7.2,0.0,161797.17,DR
421201_8509005322622_20260817_1115938_SOFW.txt,NSE-CAPITAL,13/08/2026,Demat Charges DBNOTE 202625001893,80.0,0.0,161877.17,DR
421201_8509005322622_20260817_1115938_SOFW.txt,NSE-CAPITAL,13/08/2026,Being MTF pledge Charges DBNOTE 202625064009,250.0,0.0,162127.17,DR
421201_8509005322622_20260817_1115938_SOFW.txt,NSE-CAPITAL,13/08/2026,Being GST on NSDL - CDSL Charges - DBNOTE 202625099841,22.5,0.0,162149.67,DR
421201_8509005322622_20260817_1115938_SOFW.txt,NSE-CAPITAL,13/08/2026,Being GST on NSDL - CDSL Charges - DBNOTE 202625112673,22.5,0.0,162172.17,DR
421201_8509005322622_20260817_1115938_SOFW.txt,NSE-CAPITAL,13/08/2026,DBNOTE NSE Margin Payin 8503169324 202625188074,1683.56,0.0,163855.73,DR
421201_8509005322622_20260817_1115938_SOFW.txt,NSE-CAPITAL,13/08/2026,"13/08/2026 13-08-26 DBNOTE NSE Margin Payin 8503169324 202625188074 1,683.56 0.00 163,855.73 DR DBNOTE Being Margin Trf 8503169324 202625192420",3544.4,0.0,167400.13,DR
421201_8509005322622_20260817_1115938_SOFW.txt,NSE-CAPITAL,13/08/2026,Being payout of EQ settlement 2026151 JE 202630718091,94.4,0.0,167494.53,DR
421201_8509005322622_20260817_1115938_SOFW.txt,NSE-CAPITAL,13/08/2026,adjusted aga JE Interest on NSE MTF378250626 202630741704,80.37,0.0,167574.9,DR
421201_8509005322622_20260817_1115938_SOFW.txt,NSE-CAPITAL,13/08/2026,Being payout of EQ settlement 2026151 JE 202630769108,0.0,5.65,167569.25,DR
421201_8509005322622_20260817_1115938_SOFW.txt,NSE-CAPITAL,13/08/2026,Being Interest charged on OS BSE JE 202630774635,5.65,0.0,167574.9,DR
421201_8509005322622_20260817_1115938_SOFW.txt,NSE-CAPITAL,13/08/2026,Being payout of EQ settlement 2026151 JE 202630782917,0.0,80.37,167494.53,DR
421201_8509005322622_20260817_1115938_SOFW.txt,NSE-CAPITAL,13/08/2026,Being payout of EQ settlement 2026151 JE 202630785108,5.65,0.0,167500.18,DR
421201_8509005322622_20260817_1115938_SOFW.txt,NSE-CAPITAL,13/08/2026,Being payout of EQ settlement 2026151 JE 202630836706,80.37,0.0,167580.55,DR
421201_8509005322622_20260817_1115938_SOFW.txt,NSE-CAPITAL,13/08/2026,Being payout of EQ settlement 2026151 JE 202630844765,0.0,94.4,167486.15,DR
421201_8509005322622_20260817_1115938_SOFW.txt,NSE-CAPITAL,13/08/2026,Being payout of EQ settlement 2026151 JE 202630960574,295.0,0.0,167781.15,DR
421201_8509005322622_20260817_1115938_SOFW.txt,NSE-CAPITAL,13/08/2026,Being payout of EQ settlement 2026151 JE 202630968898,0.0,295.0,167486.15,DR
421201_8509005322622_20260817_1115938_SOFW.txt,NSE-CAPITAL,13/08/2026,Being EQ Upstream payout adjusted against JE 202630979623,0.0,8646.8,158839.35,DR
421201_8509005322622_20260817_1115938_SOFW.txt,NSE-CAPITAL,13/08/2026,Being EQ Upstream payout adjusted against JE 202630981006,8646.8,0.0,167486.15,DR
421201_8509005322622_20260817_1115938_SOFW.txt,NSE-CAPITAL,13/08/2026,CTD 2026 1313558 REPBNK MTF repayment 202638580986,0.0,12970.2,154515.95,DR
421201_8509005322622_20260817_1115938_SOFW.txt,NSE-CAPITAL,13/08/2026,"13/08/2026 13-08-26 1313558 REPBNK MTF repayment 202638580986 0.00 12,970.20 154,515.95 DR 1313569 REPBNK Upstreamed Amount Collected 202638658568",0.0,162573.89,8057.94,CR
421201_8509005322622_20260817_1115938_SOFW.txt,NSE-CAPITAL,14/08/2026,MTF BILL FOR 2026153-M BILL DATE Aug 14 MBILL 202600000093,0.0,48965.0,57022.94,CR
421201_8509005322622_20260817_1115938_SOFW.txt,NSE-CAPITAL,14/08/2026,POSITION CLOSE FOR BILL DATE Aug 14 2026 MBILL 202600000093,10141.5,0.0,46881.44,CR
421201_8509005322622_20260817_1115938_SOFW.txt,NSE-CAPITAL,14/08/2026,"14/08/2026 14-08-26 MBILL 202600000093 10,141.50 0.00 46,881.44 CR 1313692 PAYBNK Upstreamed Amount Released 202610096342",7824.06,0.0,39057.38,CR
421201_8509005322622_20260817_1115938_SOFW.txt,NSE-CAPITAL,14/08/2026,Upstreamed Amount Released from Upstream 1314052 PAYBNK 202610179769,8945.85,0.0,30111.53,CR
421201_8509005322622_20260817_1115938_SOFW.txt,NSE-CAPITAL,14/08/2026,Being GST on NSDL - CDSL Charges - DBNOTE 202625207959,3.6,0.0,30107.93,CR
421201_8509005322622_20260817_1115938_SOFW.txt,NSE-CAPITAL,14/08/2026,Demat Charges DBNOTE 202625231324,40.0,0.0,30067.93,CR
421201_8509005322622_20260817_1115938_SOFW.txt,NSE-CAPITAL,14/08/2026,Being GST on NSDL - CDSL Charges - DBNOTE 202625291762,6.75,0.0,30061.18,CR
421201_8509005322622_20260817_1115938_SOFW.txt,NSE-CAPITAL,14/08/2026,Being MTF pledge Charges DBNOTE 202625292374,75.0,0.0,29986.18,CR
421201_8509005322622_20260817_1115938_SOFW.txt,NSE-CAPITAL,14/08/2026,Being GST on NSDL - CDSL Charges - DBNOTE 202625326408,6.75,0.0,29979.43,CR
421201_8509005322622_20260817_1115938_SOFW.txt,NSE-CAPITAL,14/08/2026,Being GST on NSDL - CDSL Charges - DBNOTE 202625332058,3.6,0.0,29975.83,CR
421201_8509005322622_20260817_1115938_SOFW.txt,NSE-CAPITAL,14/08/2026,DCR012614083785 DBNOTE NSE Margin Payin 8503169324 202625436433,22976.73,0.0,6999.1,CR
421201_8509005322622_20260817_1115938_SOFW.txt,NSE-CAPITAL,14/08/2026,"14/08/2026 14-08-26 DBNOTE NSE Margin Payin 8503169324 202625436433 22,976.73 0.00 6,999.10 CR DBNOTE Being Margin Trf 8503169324 202625441021",324.0,0.0,6675.1,CR
421201_8509005322622_20260817_1115938_SOFW.txt,NSE-CAPITAL,14/08/2026,Being EQ Upstream payout adjusted against JE 202630989232,92.35,0.0,6582.75,CR
421201_8509005322622_20260817_1115938_SOFW.txt,NSE-CAPITAL,14/08/2026,Being EQ Upstream payout adjusted against JE 202631009396,0.0,47.2,6629.95,CR
421201_8509005322622_20260817_1115938_SOFW.txt,NSE-CAPITAL,14/08/2026,Being EQ Upstream payout adjusted against JE 202631020756,47.2,0.0,6582.75,CR
421201_8509005322622_20260817_1115938_SOFW.txt,NSE-CAPITAL,14/08/2026,Being EQ Upstream payout adjusted against JE 202631037407,5.65,0.0,6577.1,CR
421201_8509005322622_20260817_1115938_SOFW.txt,NSE-CAPITAL,14/08/2026,Being Interest charged on OS BSE JE 202631045109,5.65,0.0,6571.45,CR
421201_8509005322622_20260817_1115938_SOFW.txt,NSE-CAPITAL,14/08/2026,Being EQ Upstream payout adjusted against JE 202631077642,0.0,5.65,6577.1,CR
421201_8509005322622_20260817_1115938_SOFW.txt,NSE-CAPITAL,14/08/2026,Being EQ Upstream payout adjusted against JE 202631119061,0.0,88.5,6665.6,CR
421201_8509005322622_20260817_1115938_SOFW.txt,NSE-CAPITAL,14/08/2026,DCM 1408 JE Interest on NSE MTF378372530 202631173482,92.35,0.0,6573.25,CR
421201_8509005322622_20260817_1115938_SOFW.txt,NSE-CAPITAL,14/08/2026,Being EQ Upstream payout adjusted against JE 202631193177,0.0,92.35,6665.6,CR
421201_8509005322622_20260817_1115938_SOFW.txt,NSE-CAPITAL,14/08/2026,Being EQ Upstream payout adjusted against JE 202631223227,88.5,0.0,6577.1,CR
421201_8509005322622_20260817_1115938_SOFW.txt,NSE-CAPITAL,14/08/2026,DCM 1408 1314009 REPBNK Upstreamed Amount Collected 202638934260,0.0,95177.03,101754.13,CR
421201_8509005322622_20260817_1115938_SOFW.txt,NSE-CAPITAL,14/08/2026,1314103 REPBNK Being Payin towards NSE Z 2026153 202639105423,0.0,269.59,102023.72,CR
421201_8509005322622_20260817_1115938_SOFW.txt,NSE-CAPITAL,15/08/2026,Being MTF pledge Charges DBNOTE 202625495081,175.0,0.0,101848.72,CR
421201_8509005322622_20260817_1115938_SOFW.txt,NSE-CAPITAL,15/08/2026,Being GST on NSDL - CDSL Charges - DBNOTE 202625556046,15.75,0.0,101832.97,CR
421201_8509005322622_20260817_1115938_SOFW.txt,NSE-CAPITAL,15/08/2026,Being GST on NSDL - CDSL Charges - DBNOTE 202625601803,15.75,0.0,101817.22,CR
421201_8509005322622_20260817_1115938_SOFW.txt,NSE-CAPITAL,15/08/2026,DCM012615083787 JE Interest on NSE MTF378572794 202631331182,89.1,0.0,101728.12,CR
421201_8509005322622_20260817_1115938_SOFW.txt,NSE-CAPITAL,15/08/2026,Interest recovered on NSE MTF INN 378572794 1314123 REPBNK 202639193015,0.0,89.1,101817.22,CR
421201_8509005322622_20260817_1115938_SOFW.txt,NSE-CAPITAL,15/08/2026,Being GST and MTF pledge Charges recovered 1314123 REPBNK 202639199729,0.0,206.5,102023.72,CR
421201_8509005322622_20260824_1116034_SOFW.txt,MTF-MTF-TRADE,17/08/2026,MTF BILL FOR 2026154-M BILL DATE Aug 17 2026154 MBILL 202600000094,39792.25,0.0,406799.26,DR
421201_8509005322622_20260824_1116034_SOFW.txt,MTF-MTF-TRADE,17/08/2026,POSITION CLOSE FOR BILL DATE Aug 17 2026 MBILL 202600000094,0.0,29970.0,376829.26,DR
421201_8509005322622_20260824_1116034_SOFW.txt,MTF-MTF-TRADE,17/08/2026,"17/08/2026 17-08-26 MBILL 202600000094 0.00 29,970.00 376,829.26 DR DBNOTE NSE Margin Payin 8503169324 202613387333",0.0,982.64,375846.62,DR
421201_8509005322622_20260824_1116034_SOFW.txt,MTF-MTF-TRADE,17/08/2026,"17/08/2026 17-08-26 DBNOTE NSE Margin Payin 8503169324 202613387333 0.00 982.64 375,846.62 DR DBNOTE Being Margin Trf 8503169324 202613461217",0.0,2502.5,373344.12,DR
421201_8509005322622_20260824_1116034_SOFW.txt,MTF-MTF-TRADE,17/08/2026,"17/08/2026 17-08-26 DBNOTE Being Margin Trf 8503169324 202613461217 0.00 2,502.50 373,344.12 DR CPAYIN 11.MTF PAYIN 202613471487",0.0,982.64,372361.48,DR
421201_8509005322622_20260824_1116034_SOFW.txt,MTF-MTF-TRADE,17/08/2026,"17/08/2026 17-08-26 CPAYIN 11.MTF PAYIN 202613471487 0.00 982.64 372,361.48 DR DBNOTE 10.MTF PAYIN 202613471487",982.64,0.0,373344.12,DR
421201_8509005322622_20260824_1116034_SOFW.txt,MTF-MTF-TRADE,17/08/2026,"17/08/2026 17-08-26 DBNOTE 10.MTF PAYIN 202613471487 982.64 0.00 373,344.12 DR DBNOTE 17.MTF SELL PAYIN 202613491899",0.0,8070.57,365273.55,DR
421201_8509005322622_20260824_1116034_SOFW.txt,MTF-MTF-TRADE,17/08/2026,"17/08/2026 17-08-26 DBNOTE 17.MTF SELL PAYIN 202613491899 0.00 8,070.57 365,273.55 DR CPAYIN 21.MTF SELL PAYIN 202613491899",8070.57,0.0,373344.12,DR
421201_8509005322622_20260824_1116034_SOFW.txt,MTF-MTF-TRADE,17/08/2026,23.MTF CASH EXCESS REV AFTER PAYIN CPAYIN 202613507778,0.04,0.0,373344.16,DR
421201_8509005322622_20260824_1116034_SOFW.txt,MTF-MTF-TRADE,17/08/2026,24.MTF CASH EXCESS REV AFTER PAYIN DBNOTE 202613507778,0.0,0.04,373344.12,DR
421201_8509005322622_20260824_1116034_SOFW.txt,MTF-MTF-TRADE,18/08/2026,POSITION CLOSE FOR BILL DATE Aug 18 2026 MBILL 202600000095,0.0,42290.0,331054.12,DR
421201_8509005322622_20260824_1116034_SOFW.txt,MTF-MTF-TRADE,18/08/2026,MTF BILL FOR 2026155-M BILL DATE Aug 18 2026155 MBILL 202600000095,29944.0,0.0,360998.12,DR
421201_8509005322622_20260824_1116034_SOFW.txt,MTF-MTF-TRADE,18/08/2026,2026 DBNOTE NSE Margin Payout 8503169324 202613539549,2355.45,0.0,363353.57,DR
421201_8509005322622_20260824_1116034_SOFW.txt,MTF-MTF-TRADE,18/08/2026,"18/08/2026 18-08-26 DBNOTE NSE Margin Payout 8503169324 202613539549 2,355.45 0.00 363,353.57 DR DBNOTE Being Margin Trf 8503169324 202613601336",21.0,0.0,363374.57,DR
421201_8509005322622_20260824_1116034_SOFW.txt,MTF-MTF-TRADE,18/08/2026,"18/08/2026 18-08-26 DBNOTE Being Margin Trf 8503169324 202613601336 21.00 0.00 363,374.57 DR CPAYIN 21.MTF SELL PAYIN 202613634939",6052.95,0.0,369427.52,DR
421201_8509005322622_20260824_1116034_SOFW.txt,MTF-MTF-TRADE,18/08/2026,"18/08/2026 18-08-26 CPAYIN 21.MTF SELL PAYIN 202613634939 6,052.95 0.00 369,427.52 DR DBNOTE 17.MTF SELL PAYIN 202613634939",0.0,6052.95,363374.57,DR
421201_8509005322622_20260824_1116034_SOFW.txt,MTF-MTF-TRADE,18/08/2026,24.MTF CASH EXCESS REV AFTER PAYIN DBNOTE 202613651009,0.0,0.19,363374.38,DR
421201_8509005322622_20260824_1116034_SOFW.txt,MTF-MTF-TRADE,18/08/2026,23.MTF CASH EXCESS REV AFTER PAYIN CPAYIN 202613651009,0.19,0.0,363374.57,DR
421201_8509005322622_20260824_1116034_SOFW.txt,MTF-MTF-TRADE,19/08/2026,POSITION CLOSE FOR BILL DATE Aug 19 2026 MBILL 202600000096,0.0,118879.75,244494.82,DR
421201_8509005322622_20260824_1116034_SOFW.txt,MTF-MTF-TRADE,19/08/2026,MTF BILL FOR 2026156-M BILL DATE Aug 19 2026156 MBILL 202600000096,9494.8,0.0,253989.62,DR
421201_8509005322622_20260824_1116034_SOFW.txt,MTF-MTF-TRADE,19/08/2026,DBNOTE NSE Margin Payin 8503169324 202613670781,0.0,3941.92,250047.7,DR
421201_8509005322622_20260824_1116034_SOFW.txt,MTF-MTF-TRADE,19/08/2026,"19/08/2026 19-08-26 DBNOTE NSE Margin Payin 8503169324 202613670781 0.00 3,941.92 250,047.70 DR DBNOTE NSE Margin Payout 8503169324 202613670782",67278.6,0.0,317326.3,DR
421201_8509005322622_20260824_1116034_SOFW.txt,MTF-MTF-TRADE,19/08/2026,"19/08/2026 19-08-26 DBNOTE NSE Margin Payout 8503169324 202613670782 67,278.60 0.00 317,326.30 DR DBNOTE Being Margin Trf 8503169324 202613753128",0.0,835.4,316490.9,DR
421201_8509005322622_20260824_1116034_SOFW.txt,MTF-MTF-TRADE,19/08/2026,"19/08/2026 19-08-26 DBNOTE Being Margin Trf 8503169324 202613753128 0.00 835.40 316,490.90 DR CPAYIN 21.MTF SELL PAYIN 202613787142",46143.38,0.0,362634.28,DR
421201_8509005322622_20260824_1116034_SOFW.txt,MTF-MTF-TRADE,19/08/2026,"19/08/2026 19-08-26 CPAYIN 21.MTF SELL PAYIN 202613787142 46,143.38 0.00 362,634.28 DR DBNOTE 17.MTF SELL PAYIN 202613787142",0.0,46143.38,316490.9,DR
421201_8509005322622_20260824_1116034_SOFW.txt,MTF-MTF-TRADE,20/08/2026,POSITION CLOSE FOR BILL DATE Aug 20 2026 MBILL 202600000097,0.0,43791.9,272699.0,DR
421201_8509005322622_20260824_1116034_SOFW.txt,MTF-MTF-TRADE,20/08/2026,POSITION CLOSE FOR BILL DATE Aug 20 2026 MBILL 202600000097,0.0,46684.25,226014.75,DR
421201_8509005322622_20260824_1116034_SOFW.txt,MTF-MTF-TRADE,20/08/2026,MTF BILL FOR 2026157-M BILL DATE Aug 20 2026157 MBILL 202600000097,49684.0,0.0,275698.75,DR
421201_8509005322622_20260824_1116034_SOFW.txt,MTF-MTF-TRADE,20/08/2026,2026 DBNOTE NSE Margin Payout 8503169324 202613832491,16020.53,0.0,291719.28,DR
421201_8509005322622_20260824_1116034_SOFW.txt,MTF-MTF-TRADE,20/08/2026,"20/08/2026 20-08-26 DBNOTE NSE Margin Payout 8503169324 202613832491 16,020.53 0.00 291,719.28 DR DBNOTE Being Margin Trf 8503169324 202613899990",3995.4,0.0,295714.68,DR
421201_8509005322622_20260824_1116034_SOFW.txt,MTF-MTF-TRADE,20/08/2026,"20/08/2026 20-08-26 DBNOTE Being Margin Trf 8503169324 202613899990 3,995.40 0.00 295,714.68 DR CPAYIN 21.MTF SELL PAYIN 202613928072",12462.58,0.0,308177.26,DR
421201_8509005322622_20260824_1116034_SOFW.txt,MTF-MTF-TRADE,20/08/2026,"20/08/2026 20-08-26 CPAYIN 21.MTF SELL PAYIN 202613928072 12,462.58 0.00 308,177.26 DR DBNOTE 17.MTF SELL PAYIN 202613928072",0.0,12462.58,295714.68,DR
421201_8509005322622_20260824_1116034_SOFW.txt,MTF-MTF-TRADE,21/08/2026,MTF BILL FOR 2026158-M BILL DATE Aug 21 2026158 MBILL 202600000098,38086.03,0.0,333800.71,DR
421201_8509005322622_20260824_1116034_SOFW.txt,MTF-MTF-TRADE,21/08/2026,POSITION CLOSE FOR BILL DATE Aug 21 2026 MBILL 202600000098,0.0,27688.5,306112.21,DR
421201_8509005322622_20260824_1116034_SOFW.txt,MTF-MTF-TRADE,21/08/2026,POSITION CLOSE FOR BILL DATE Aug 21 2026 MBILL 202600000098,0.0,31396.0,274716.21,DR
421201_8509005322622_20260824_1116034_SOFW.txt,MTF-MTF-TRADE,21/08/2026,"21/08/2026 21-08-26 MBILL 202600000098 0.00 31,396.00 274,716.21 DR DBNOTE NSE Margin Payout 8503169324 202613968282",44210.68,0.0,318926.89,DR
421201_8509005322622_20260824_1116034_SOFW.txt,MTF-MTF-TRADE,21/08/2026,"21/08/2026 21-08-26 DBNOTE NSE Margin Payout 8503169324 202613968282 44,210.68 0.00 318,926.89 DR CPAYIN 21.MTF SELL PAYIN 202614062391",38072.51,0.0,356999.4,DR
421201_8509005322622_20260824_1116034_SOFW.txt,MTF-MTF-TRADE,21/08/2026,"21/08/2026 21-08-26 CPAYIN 21.MTF SELL PAYIN 202614062391 38,072.51 0.00 356,999.40 DR DBNOTE 17.MTF SELL PAYIN 202614062391",0.0,38072.51,318926.89,DR
421201_8509005322622_20260824_1116034_SOFW.txt,NSE-CAPITAL,17/08/2026,MTF BILL FOR 2026154-M BILL DATE Aug 17 MBILL 202600000094,0.0,39792.25,39792.43,CR
421201_8509005322622_20260824_1116034_SOFW.txt,NSE-CAPITAL,17/08/2026,POSITION CLOSE FOR BILL DATE Aug 17 2026 MBILL 202600000094,29970.0,0.0,9822.43,CR
421201_8509005322622_20260824_1116034_SOFW.txt,NSE-CAPITAL,17/08/2026,"17/08/2026 17-08-26 MBILL 202600000094 29,970.00 0.00 9,822.43 CR 2026154 BILL SETTNO=2026154NSECMZBILL POSTED 202600000422",26186.57,0.0,16364.14,DR
421201_8509005322622_20260824_1116034_SOFW.txt,NSE-CAPITAL,17/08/2026,"17/08/2026 18-08-26 2026154 BILL SETTNO=2026154NSECMZBILL POSTED 202600000422 26,186.57 0.00 16,364.14 DR 2026154 BILL SETTNO=2026154NSECMMBILL POSTED 202600000423",34338.48,0.0,50702.62,DR
421201_8509005322622_20260824_1116034_SOFW.txt,NSE-CAPITAL,17/08/2026,Upstreamed Amount Released from Upstream 1314607 PAYBNK 202610285020,12540.03,0.0,63242.65,DR
421201_8509005322622_20260824_1116034_SOFW.txt,NSE-CAPITAL,17/08/2026,balance DBNOTE NSE Margin Payin 8503169324 202625708199,982.64,0.0,64225.29,DR
421201_8509005322622_20260824_1116034_SOFW.txt,NSE-CAPITAL,17/08/2026,"17/08/2026 17-08-26 DBNOTE NSE Margin Payin 8503169324 202625708199 982.64 0.00 64,225.29 DR DBNOTE Being Margin Trf 8503169324 202625734754",2502.5,0.0,66727.79,DR
421201_8509005322622_20260824_1116034_SOFW.txt,NSE-CAPITAL,17/08/2026,"17/08/2026 17-08-26 DBNOTE Being Margin Trf 8503169324 202625734754 2,502.50 0.00 66,727.79 DR JE Interest on NSE MTF378770621 202631534093",94.85,0.0,66822.64,DR
421201_8509005322622_20260824_1116034_SOFW.txt,NSE-CAPITAL,17/08/2026,"17/08/2026 17-08-26 JE Interest on NSE MTF378770621 202631534093 94.85 0.00 66,822.64 DR JE Interest on NSE MTF378882972 202631540249",94.85,0.0,66917.49,DR
421201_8509005322622_20260824_1116034_SOFW.txt,NSE-CAPITAL,17/08/2026,Interest recovered on NSE MTF INN 378882972 1314226 REPBNK 202639328961,0.0,94.85,66822.64,DR
421201_8509005322622_20260824_1116034_SOFW.txt,NSE-CAPITAL,17/08/2026,Interest recovered on NSE MTF INN 378770621 1314226 REPBNK 202639353666,0.0,94.85,66727.79,DR
421201_8509005322622_20260824_1116034_SOFW.txt,NSE-CAPITAL,17/08/2026,"17/08/2026 17-08-26 1314226 REPBNK 202639353666 0.00 94.85 66,727.79 DR 1314546 REPBNK Upstreamed Amount Collected 202639495291",0.0,66324.63,403.16,DR
421201_8509005322622_20260824_1116034_SOFW.txt,NSE-CAPITAL,17/08/2026,"17/08/2026 17-08-26 1314546 REPBNK Upstreamed Amount Collected 202639495291 0.00 66,324.63 403.16 DR 1314637 REPBNK Being Payin towards NSE Z 2026154 202639722897",0.0,298.34,104.82,DR
421201_8509005322622_20260824_1116034_SOFW.txt,NSE-CAPITAL,18/08/2026,POSITION CLOSE FOR BILL DATE Aug 18 2026 MBILL 202600000095,42290.0,0.0,42394.82,DR
421201_8509005322622_20260824_1116034_SOFW.txt,NSE-CAPITAL,18/08/2026,MTF BILL FOR 2026155-M BILL DATE Aug 18 MBILL 202600000095,0.0,29944.0,12450.82,DR
421201_8509005322622_20260824_1116034_SOFW.txt,NSE-CAPITAL,18/08/2026,2026 2026155 BILL SETTNO=2026155NSECMMBILL POSTED 202600000426,25090.83,0.0,37541.65,DR
421201_8509005322622_20260824_1116034_SOFW.txt,NSE-CAPITAL,18/08/2026,Upstreamed Amount Released from Upstream 1315004 PAYBNK 202610416411,69193.31,0.0,106734.96,DR
421201_8509005322622_20260824_1116034_SOFW.txt,NSE-CAPITAL,18/08/2026,Being GST on NSDL - CDSL Charges - DBNOTE 202625782630,2.25,0.0,106737.21,DR
421201_8509005322622_20260824_1116034_SOFW.txt,NSE-CAPITAL,18/08/2026,Demat Charges DBNOTE 202625822099,40.0,0.0,106777.21,DR
421201_8509005322622_20260824_1116034_SOFW.txt,NSE-CAPITAL,18/08/2026,Being GST on NSDL - CDSL Charges - DBNOTE 202625851739,3.6,0.0,106780.81,DR
421201_8509005322622_20260824_1116034_SOFW.txt,NSE-CAPITAL,18/08/2026,Being MTF pledge Charges DBNOTE 202625852244,25.0,0.0,106805.81,DR
421201_8509005322622_20260824_1116034_SOFW.txt,NSE-CAPITAL,18/08/2026,Being GST on NSDL - CDSL Charges - DBNOTE 202625882607,3.6,0.0,106809.41,DR
421201_8509005322622_20260824_1116034_SOFW.txt,NSE-CAPITAL,18/08/2026,Being GST on NSDL - CDSL Charges - DBNOTE 202625915286,2.25,0.0,106811.66,DR
421201_8509005322622_20260824_1116034_SOFW.txt,NSE-CAPITAL,18/08/2026,DCM012618083791 DBNOTE NSE Margin Payout 8503169324 202626007755,0.0,2355.45,104456.21,DR
421201_8509005322622_20260824_1116034_SOFW.txt,NSE-CAPITAL,18/08/2026,"18/08/2026 18-08-26 DBNOTE NSE Margin Payout 8503169324 202626007755 0.00 2,355.45 104,456.21 DR DBNOTE Being Margin Trf 8503169324 202626031008",0.0,21.0,104435.21,DR
421201_8509005322622_20260824_1116034_SOFW.txt,NSE-CAPITAL,18/08/2026,"18/08/2026 18-08-26 DBNOTE Being Margin Trf 8503169324 202626031008 0.00 21.00 104,435.21 DR JE Interest on NSE MTF379098991 202631814547",94.85,0.0,104530.06,DR
421201_8509005322622_20260824_1116034_SOFW.txt,NSE-CAPITAL,18/08/2026,Being GST and MTF pledge Charges recovered 1314644 REPBNK 202639819538,0.0,29.5,104500.56,DR
421201_8509005322622_20260824_1116034_SOFW.txt,NSE-CAPITAL,18/08/2026,Interest recovered on NSE MTF INN 379098991 1314644 REPBNK 202639836920,0.0,94.85,104405.71,DR
421201_8509005322622_20260824_1116034_SOFW.txt,NSE-CAPITAL,18/08/2026,Demat Charges Recovered DCR 1314644 REPBNK 202639848310,0.0,47.2,104358.51,DR
421201_8509005322622_20260824_1116034_SOFW.txt,NSE-CAPITAL,18/08/2026,01261808379152954 1314955 REPBNK Upstreamed Amount Collected 202639993814,0.0,103932.73,425.78,DR
421201_8509005322622_20260824_1116034_SOFW.txt,NSE-CAPITAL,18/08/2026,"18/08/2026 18-08-26 1314955 REPBNK Upstreamed Amount Collected 202639993814 0.00 103,932.73 425.78 DR 1315041 REPBNK Being Payin towards NSE M 2026155 202640103111",0.0,425.96,0.18,CR
421201_8509005322622_20260824_1116034_SOFW.txt,NSE-CAPITAL,19/08/2026,MTF BILL FOR 2026156-M BILL DATE Aug 19 MBILL 202600000096,0.0,9494.8,9494.98,CR
421201_8509005322622_20260824_1116034_SOFW.txt,NSE-CAPITAL,19/08/2026,POSITION CLOSE FOR BILL DATE Aug 19 2026 MBILL 202600000096,118879.75,0.0,109384.77,DR
421201_8509005322622_20260824_1116034_SOFW.txt,NSE-CAPITAL,19/08/2026,"19/08/2026 19-08-26 MBILL 202600000096 118,879.75 0.00 109,384.77 DR 2026156 BILL SETTNO=2026156NSECMZBILL POSTED 202600000431",0.0,12357.31,97027.46,DR
421201_8509005322622_20260824_1116034_SOFW.txt,NSE-CAPITAL,19/08/2026,"19/08/2026 20-08-26 2026156 BILL SETTNO=2026156NSECMZBILL POSTED 202600000431 0.00 12,357.31 97,027.46 DR 2026156 BILL SETTNO=2026156NSECMMBILL POSTED 202600000432",0.0,182171.1,85143.64,CR
421201_8509005322622_20260824_1116034_SOFW.txt,NSE-CAPITAL,19/08/2026,Upstreamed Amount Released from I-Sec 1315429 PAYBNK 202610499886,67278.6,0.0,17865.04,CR
421201_8509005322622_20260824_1116034_SOFW.txt,NSE-CAPITAL,19/08/2026,Upstreamed Amount Released from Upstream 1315429 PAYBNK 202610509453,58853.73,0.0,40988.69,DR
421201_8509005322622_20260824_1116034_SOFW.txt,NSE-CAPITAL,19/08/2026,Being GST on NSDL - CDSL Charges - DBNOTE 202626069113,5.4,0.0,40994.09,DR
421201_8509005322622_20260824_1116034_SOFW.txt,NSE-CAPITAL,19/08/2026,Demat Charges DBNOTE 202626176068,60.0,0.0,41054.09,DR
421201_8509005322622_20260824_1116034_SOFW.txt,NSE-CAPITAL,19/08/2026,Being GST on NSDL - CDSL Charges - DBNOTE 202626196638,5.4,0.0,41059.49,DR
421201_8509005322622_20260824_1116034_SOFW.txt,NSE-CAPITAL,19/08/2026,Being GST on NSDL - CDSL Charges - DBNOTE 202626238375,18.0,0.0,41077.49,DR
421201_8509005322622_20260824_1116034_SOFW.txt,NSE-CAPITAL,19/08/2026,Being MTF pledge Charges DBNOTE 202626255782,200.0,0.0,41277.49,DR
421201_8509005322622_20260824_1116034_SOFW.txt,NSE-CAPITAL,19/08/2026,Being GST on NSDL - CDSL Charges - DBNOTE 202626292751,18.0,0.0,41295.49,DR
421201_8509005322622_20260824_1116034_SOFW.txt,NSE-CAPITAL,19/08/2026,DCM012619083794 DBNOTE NSE Margin Payin 8503169324 202626335446,3941.92,0.0,45237.41,DR
421201_8509005322622_20260824_1116034_SOFW.txt,NSE-CAPITAL,19/08/2026,"19/08/2026 19-08-26 DBNOTE NSE Margin Payin 8503169324 202626335446 3,941.92 0.00 45,237.41 DR DBNOTE NSE Margin Payout 8503169324 202626335447",0.0,67278.6,22041.19,CR
421201_8509005322622_20260824_1116034_SOFW.txt,NSE-CAPITAL,19/08/2026,"19/08/2026 19-08-26 DBNOTE NSE Margin Payout 8503169324 202626335447 0.00 67,278.60 22,041.19 CR DBNOTE Being Margin Trf 8503169324 202626348272",835.4,0.0,21205.79,CR
421201_8509005322622_20260824_1116034_SOFW.txt,NSE-CAPITAL,19/08/2026,"19/08/2026 19-08-26 DBNOTE Being Margin Trf 8503169324 202626348272 835.40 0.00 21,205.79 CR JE Interest on NSE MTF379324966 202632084840",99.04,0.0,21106.75,CR
421201_8509005322622_20260824_1116034_SOFW.txt,NSE-CAPITAL,19/08/2026,Interest recovered on NSE MTF INN 379324966 1315050 REPBNK 202640198044,0.0,99.04,21205.79,CR
421201_8509005322622_20260824_1116034_SOFW.txt,NSE-CAPITAL,19/08/2026,Demat Charges Recovered DCR 1315050 REPBNK 202640202846,0.0,70.8,21276.59,CR
421201_8509005322622_20260824_1116034_SOFW.txt,NSE-CAPITAL,19/08/2026,Being GST and MTF pledge Charges recovered 1315074 REPBNK 202640246773,0.0,236.0,21512.59,CR
421201_8509005322622_20260824_1116034_SOFW.txt,NSE-CAPITAL,19/08/2026,DCM 012 1315390 REPBNK Upstreamed Amount Collected 202640311371,0.0,58853.73,80366.32,CR
421201_8509005322622_20260824_1116034_SOFW.txt,NSE-CAPITAL,19/08/2026,"19/08/2026 19-08-26 1315390 REPBNK Upstreamed Amount Collected 202640311371 0.00 58,853.73 80,366.32 CR 1315473 REPBNK NSEMRGNPIPO 202640384403",0.0,3941.92,84308.24,CR
421201_8509005322622_20260824_1116034_SOFW.txt,NSE-CAPITAL,20/08/2026,MTF BILL FOR 2026157-M BILL DATE Aug 20 MBILL 202600000097,0.0,49684.0,133992.24,CR
421201_8509005322622_20260824_1116034_SOFW.txt,NSE-CAPITAL,20/08/2026,POSITION CLOSE FOR BILL DATE Aug 20 2026 MBILL 202600000097,46684.25,0.0,87307.99,CR
421201_8509005322622_20260824_1116034_SOFW.txt,NSE-CAPITAL,20/08/2026,POSITION CLOSE FOR BILL DATE Aug 20 2026 MBILL 202600000097,43791.9,0.0,43516.09,CR
421201_8509005322622_20260824_1116034_SOFW.txt,NSE-CAPITAL,20/08/2026,"20/08/2026 20-08-26 MBILL 202600000097 43,791.90 0.00 43,516.09 CR 2026157 BILL SETTNO=2026157NSECMMBILL POSTED 202600000435",110625.13,0.0,67109.04,DR
421201_8509005322622_20260824_1116034_SOFW.txt,NSE-CAPITAL,20/08/2026,1315657 PAYBNK Being Payout towards NSE M 2026156 202610548681,71696.69,0.0,138805.73,DR
421201_8509005322622_20260824_1116034_SOFW.txt,NSE-CAPITAL,20/08/2026,"20/08/2026 20-08-26 1315657 PAYBNK Being Payout towards NSE M 2026156 202610548681 71,696.69 0.00 138,805.73 DR 1315657 PAYBNK Being Payout towards NSE Z 2026156 202610559208",12357.31,0.0,151163.04,DR
421201_8509005322622_20260824_1116034_SOFW.txt,NSE-CAPITAL,20/08/2026,Upstreamed Amount Released from Upstream 1315909 PAYBNK 202610623217,16742.09,0.0,167905.13,DR
421201_8509005322622_20260824_1116034_SOFW.txt,NSE-CAPITAL,20/08/2026,Being GST on NSDL - CDSL Charges - DBNOTE 202626355027,4.5,0.0,167909.63,DR
421201_8509005322622_20260824_1116034_SOFW.txt,NSE-CAPITAL,20/08/2026,Being GST on NSDL - CDSL Charges - DBNOTE 202626408598,7.2,0.0,167916.83,DR
421201_8509005322622_20260824_1116034_SOFW.txt,NSE-CAPITAL,20/08/2026,Being GST on NSDL - CDSL Charges - DBNOTE 202626419849,4.5,0.0,167921.33,DR
421201_8509005322622_20260824_1116034_SOFW.txt,NSE-CAPITAL,20/08/2026,Being GST on NSDL - CDSL Charges - DBNOTE 202626429590,7.2,0.0,167928.53,DR
421201_8509005322622_20260824_1116034_SOFW.txt,NSE-CAPITAL,20/08/2026,Demat Charges DBNOTE 202626490143,80.0,0.0,168008.53,DR
421201_8509005322622_20260824_1116034_SOFW.txt,NSE-CAPITAL,20/08/2026,Being MTF pledge Charges DBNOTE 202626512033,50.0,0.0,168058.53,DR
421201_8509005322622_20260824_1116034_SOFW.txt,NSE-CAPITAL,20/08/2026,recoverable01262008379567 DBNOTE NSE Margin Payout 8503169324 202626588207,0.0,16020.53,152038.0,DR
421201_8509005322622_20260824_1116034_SOFW.txt,NSE-CAPITAL,20/08/2026,"20/08/2026 20-08-26 DBNOTE NSE Margin Payout 8503169324 202626588207 0.00 16,020.53 152,038.00 DR DBNOTE Being Margin Trf 8503169324 202626594940",0.0,3995.4,148042.6,DR
421201_8509005322622_20260824_1116034_SOFW.txt,NSE-CAPITAL,20/08/2026,Being payout of EQ settlement 2026156 JE 202632341179,59.0,0.0,148101.6,DR
421201_8509005322622_20260824_1116034_SOFW.txt,NSE-CAPITAL,20/08/2026,Being payout of EQ settlement 2026156 JE 202632369730,0.0,100.66,148000.94,DR
421201_8509005322622_20260824_1116034_SOFW.txt,NSE-CAPITAL,20/08/2026,Being payout of EQ settlement 2026156 JE 202632374760,0.0,59.0,147941.94,DR
421201_8509005322622_20260824_1116034_SOFW.txt,NSE-CAPITAL,20/08/2026,adjusted aga JE Interest on NSE MTF379543608 202632390555,100.66,0.0,148042.6,DR
421201_8509005322622_20260824_1116034_SOFW.txt,NSE-CAPITAL,20/08/2026,Being payout of EQ settlement 2026156 JE 202632434049,94.4,0.0,148137.0,DR
421201_8509005322622_20260824_1116034_SOFW.txt,NSE-CAPITAL,20/08/2026,Being payout of EQ settlement 2026156 JE 202632463879,0.0,94.4,148042.6,DR
421201_8509005322622_20260824_1116034_SOFW.txt,NSE-CAPITAL,20/08/2026,Being payout of EQ settlement 2026156 JE 202632495656,100.66,0.0,148143.26,DR
421201_8509005322622_20260824_1116034_SOFW.txt,NSE-CAPITAL,20/08/2026,Being EQ Upstream payout adjusted against JE 202632557364,15370.2,0.0,163513.46,DR
421201_8509005322622_20260824_1116034_SOFW.txt,NSE-CAPITAL,20/08/2026,Being EQ Upstream payout adjusted against JE 202632559961,0.0,15370.2,148143.26,DR
421201_8509005322622_20260824_1116034_SOFW.txt,NSE-CAPITAL,20/08/2026,CTD 2026 1315836 REPBNK MTF repayment 202640642876,0.0,23055.3,125087.96,DR
421201_8509005322622_20260824_1116034_SOFW.txt,NSE-CAPITAL,20/08/2026,"20/08/2026 20-08-26 1315836 REPBNK MTF repayment 202640642876 0.00 23,055.30 125,087.96 DR 1315849 REPBNK Upstreamed Amount Collected 202640671496",0.0,140039.27,14951.31,CR
421201_8509005322622_20260824_1116034_SOFW.txt,NSE-CAPITAL,21/08/2026,POSITION CLOSE FOR BILL DATE Aug 21 2026 MBILL 202600000098,31396.0,0.0,16444.69,DR
421201_8509005322622_20260824_1116034_SOFW.txt,NSE-CAPITAL,21/08/2026,POSITION CLOSE FOR BILL DATE Aug 21 2026 MBILL 202600000098,27688.5,0.0,44133.19,DR
421201_8509005322622_20260824_1116034_SOFW.txt,NSE-CAPITAL,21/08/2026,MTF BILL FOR 2026158-M BILL DATE Aug 21 MBILL 202600000098,0.0,38086.03,6047.16,DR
421201_8509005322622_20260824_1116034_SOFW.txt,NSE-CAPITAL,21/08/2026,2026 1315975 PAYBNK Upstreamed Amount Released 202610635129,14853.16,0.0,20900.32,DR
421201_8509005322622_20260824_1116034_SOFW.txt,NSE-CAPITAL,21/08/2026,Upstreamed Amount Released from Upstream 1316354 PAYBNK 202610731202,83045.87,0.0,103946.19,DR
421201_8509005322622_20260824_1116034_SOFW.txt,NSE-CAPITAL,21/08/2026,balance DBNOTE NSE Margin Payout 8503169324 202626824683,0.0,44210.68,59735.51,DR
421201_8509005322622_20260824_1116034_SOFW.txt,NSE-CAPITAL,21/08/2026,Being EQ Upstream payout adjusted against JE 202632610532,0.0,97.97,59637.54,DR
421201_8509005322622_20260824_1116034_SOFW.txt,NSE-CAPITAL,21/08/2026,INN 2108 JE Interest on NSE MTF379738143 202632711409,97.97,0.0,59735.51,DR
421201_8509005322622_20260824_1116034_SOFW.txt,NSE-CAPITAL,21/08/2026,Being EQ Upstream payout adjusted against JE 202632730574,97.97,0.0,59833.48,DR
421201_8509005322622_20260824_1116034_SOFW.txt,NSE-CAPITAL,21/08/2026,Being EQ Upstream payout adjusted against JE 202632819130,0.0,12558.4,47275.08,DR
421201_8509005322622_20260824_1116034_SOFW.txt,NSE-CAPITAL,21/08/2026,Being EQ Upstream payout adjusted against JE 202632820259,12558.4,0.0,59833.48,DR
421201_8509005322622_20260824_1116034_SOFW.txt,NSE-CAPITAL,21/08/2026,CTD 2026 1316283 REPBNK MTF repayment 202640975842,0.0,18837.6,40995.88,DR
421201_8509005322622_20260824_1116034_SOFW.txt,NSE-CAPITAL,21/08/2026,"21/08/2026 21-08-26 1316283 REPBNK MTF repayment 202640975842 0.00 18,837.60 40,995.88 DR 1316300 REPBNK Upstreamed Amount Collected 202641033758",0.0,170669.89,129674.01,CR
421201_8509005322622_20260824_1116034_SOFW.txt,NSE-CAPITAL,22/08/2026,Being GST on NSDL - CDSL Charges - DBNOTE 202626863389,1.8,0.0,129672.21,CR
421201_8509005322622_20260824_1116034_SOFW.txt,NSE-CAPITAL,22/08/2026,Being GST on NSDL - CDSL Charges - DBNOTE 202626893297,11.25,0.0,129660.96,CR
421201_8509005322622_20260824_1116034_SOFW.txt,NSE-CAPITAL,22/08/2026,Being GST on NSDL - CDSL Charges - DBNOTE 202626906486,15.75,0.0,129645.21,CR
421201_8509005322622_20260824_1116034_SOFW.txt,NSE-CAPITAL,22/08/2026,Being GST on NSDL - CDSL Charges - DBNOTE 202626936388,1.8,0.0,129643.41,CR
421201_8509005322622_20260824_1116034_SOFW.txt,NSE-CAPITAL,22/08/2026,Demat Charges DBNOTE 202626989151,20.0,0.0,129623.41,CR
421201_8509005322622_20260824_1116034_SOFW.txt,NSE-CAPITAL,22/08/2026,Being MTF pledge Charges DBNOTE 202627013708,125.0,0.0,129498.41,CR
421201_8509005322622_20260824_1116034_SOFW.txt,NSE-CAPITAL,22/08/2026,Being GST on NSDL - CDSL Charges - DBNOTE 202627023300,15.75,0.0,129482.66,CR
421201_8509005322622_20260824_1116034_SOFW.txt,NSE-CAPITAL,22/08/2026,Being MTF pledge Charges DBNOTE 202627052011,175.0,0.0,129307.66,CR
421201_8509005322622_20260824_1116034_SOFW.txt,NSE-CAPITAL,22/08/2026,Being GST on NSDL - CDSL Charges - DBNOTE 202627069426,11.25,0.0,129296.41,CR
421201_8509005322622_20260824_1116034_SOFW.txt,NSE-CAPITAL,22/08/2026,DCM012622083800 JE Interest on NSE MTF379966940 202632890365,77.57,0.0,129218.84,CR
421201_8509005322622_20260824_1116034_SOFW.txt,NSE-CAPITAL,22/08/2026,Interest recovered on NSE MTF INN 379966940 1316418 REPBNK 202641294562,0.0,77.57,129296.41,CR
421201_8509005322622_20260824_1116034_SOFW.txt,NSE-CAPITAL,22/08/2026,Being GST and MTF pledge Charges recovered 1316418 REPBNK 202641296098,0.0,147.5,129443.91,CR
421201_8509005322622_20260824_1116034_SOFW.txt,NSE-CAPITAL,22/08/2026,Demat Charges Recovered DCR 1316418 REPBNK 202641299990,0.0,23.6,129467.51,CR
421201_8509005322622_20260824_1116034_SOFW.txt,NSE-CAPITAL,22/08/2026,Being GST and MTF pledge Charges recovered 1316418 REPBNK 202641304725,0.0,206.5,129674.01,CR
421201_8509005322622_20260831_1117006_SOFW.txt,MTF-MTF-TRADE,24/08/2026,POSITION CLOSE FOR BILL DATE Aug 24 2026 MBILL 202600000099,0.0,19140.0,299786.89,DR
421201_8509005322622_20260831_1117006_SOFW.txt,MTF-MTF-TRADE,24/08/2026,"24/08/2026 24-08-26 MBILL 202600000099 0.00 19,140.00 299,786.89 DR DBNOTE NSE Margin Payout 8503169324 202614103782",6803.91,0.0,306590.8,DR
421201_8509005322622_20260831_1117006_SOFW.txt,MTF-MTF-TRADE,24/08/2026,"24/08/2026 24-08-26 DBNOTE NSE Margin Payout 8503169324 202614103782 6,803.91 0.00 306,590.80 DR DBNOTE 17.MTF SELL PAYIN 202614193251",0.0,5840.0,300750.8,DR
421201_8509005322622_20260831_1117006_SOFW.txt,MTF-MTF-TRADE,24/08/2026,"24/08/2026 24-08-26 DBNOTE 17.MTF SELL PAYIN 202614193251 0.00 5,840.00 300,750.80 DR CPAYIN 21.MTF SELL PAYIN 202614193251",5840.0,0.0,306590.8,DR
421201_8509005322622_20260831_1117006_SOFW.txt,MTF-MTF-TRADE,25/08/2026,POSITION CLOSE FOR BILL DATE Aug 25 2026 MBILL 202600000100,0.0,69769.24,236821.56,DR
421201_8509005322622_20260831_1117006_SOFW.txt,MTF-MTF-TRADE,25/08/2026,MTF BILL FOR 2026160-M BILL DATE Aug 25 2026160 MBILL 202600000100,29249.0,0.0,266070.56,DR
421201_8509005322622_20260831_1117006_SOFW.txt,MTF-MTF-TRADE,25/08/2026,2026 DBNOTE NSE Margin Payout 8503169324 202614223701,12418.23,0.0,278488.79,DR
421201_8509005322622_20260831_1117006_SOFW.txt,MTF-MTF-TRADE,25/08/2026,"25/08/2026 25-08-26 DBNOTE NSE Margin Payout 8503169324 202614223701 12,418.23 0.00 278,488.79 DR DBNOTE Being Margin Trf 8503169324 202614292295",0.0,828.69,277660.1,DR
421201_8509005322622_20260831_1117006_SOFW.txt,MTF-MTF-TRADE,25/08/2026,"25/08/2026 25-08-26 DBNOTE Being Margin Trf 8503169324 202614292295 0.00 828.69 277,660.10 DR DBNOTE 17.MTF SELL PAYIN 202614320120",0.0,2443.05,275217.05,DR
421201_8509005322622_20260831_1117006_SOFW.txt,MTF-MTF-TRADE,25/08/2026,"25/08/2026 25-08-26 DBNOTE 17.MTF SELL PAYIN 202614320120 0.00 2,443.05 275,217.05 DR CPAYIN 21.MTF SELL PAYIN 202614320120",2443.05,0.0,277660.1,DR
421201_8509005322622_20260831_1117006_SOFW.txt,MTF-MTF-TRADE,26/08/2026,POSITION CLOSE FOR BILL DATE Aug 26 2026 MBILL 202600000101,0.0,25938.75,251721.35,DR
421201_8509005322622_20260831_1117006_SOFW.txt,MTF-MTF-TRADE,26/08/2026,MTF BILL FOR 2026161-M BILL DATE Aug 26 2026161 MBILL 202600000101,116374.5,0.0,368095.85,DR
421201_8509005322622_20260831_1117006_SOFW.txt,MTF-MTF-TRADE,26/08/2026,2026 DBNOTE NSE Margin Payin 8503169324 202614362124,0.0,35583.05,332512.8,DR
421201_8509005322622_20260831_1117006_SOFW.txt,MTF-MTF-TRADE,26/08/2026,"26/08/2026 26-08-26 DBNOTE NSE Margin Payin 8503169324 202614362124 0.00 35,583.05 332,512.80 DR DBNOTE Being Margin Trf 8503169324 202614407670",26.25,0.0,332539.05,DR
421201_8509005322622_20260831_1117006_SOFW.txt,MTF-MTF-TRADE,26/08/2026,"26/08/2026 26-08-26 DBNOTE Being Margin Trf 8503169324 202614407670 26.25 0.00 332,539.05 DR DBNOTE 10.MTF PAYIN 202614424083",35583.05,0.0,368122.1,DR
421201_8509005322622_20260831_1117006_SOFW.txt,MTF-MTF-TRADE,26/08/2026,"26/08/2026 26-08-26 DBNOTE 10.MTF PAYIN 202614424083 35,583.05 0.00 368,122.10 DR CPAYIN 11.MTF PAYIN 202614424083",0.0,35583.05,332539.05,DR
421201_8509005322622_20260831_1117006_SOFW.txt,MTF-MTF-TRADE,26/08/2026,"26/08/2026 26-08-26 CPAYIN 11.MTF PAYIN 202614424083 0.00 35,583.05 332,539.05 DR CPAYIN 21.MTF SELL PAYIN 202614432322",3828.86,0.0,336367.91,DR
421201_8509005322622_20260831_1117006_SOFW.txt,MTF-MTF-TRADE,26/08/2026,"26/08/2026 26-08-26 CPAYIN 21.MTF SELL PAYIN 202614432322 3,828.86 0.00 336,367.91 DR DBNOTE 17.MTF SELL PAYIN 202614432322",0.0,3828.86,332539.05,DR
421201_8509005322622_20260831_1117006_SOFW.txt,MTF-MTF-TRADE,27/08/2026,MTF BILL FOR 2026162-M BILL DATE Aug 27 2026162 MBILL 202600000102,31314.0,0.0,363853.05,DR
421201_8509005322622_20260831_1117006_SOFW.txt,MTF-MTF-TRADE,27/08/2026,POSITION CLOSE FOR BILL DATE Aug 27 2026 MBILL 202600000102,0.0,26081.69,337771.36,DR
421201_8509005322622_20260831_1117006_SOFW.txt,MTF-MTF-TRADE,27/08/2026,DBNOTE NSE Margin Payin 8503169324 202614452778,0.0,951.43,336819.93,DR
421201_8509005322622_20260831_1117006_SOFW.txt,MTF-MTF-TRADE,27/08/2026,"27/08/2026 27-08-26 DBNOTE NSE Margin Payin 8503169324 202614452778 0.00 951.43 336,819.93 DR DBNOTE Being Margin Trf 8503169324 202614540794",0.0,1484.66,335335.27,DR
421201_8509005322622_20260831_1117006_SOFW.txt,MTF-MTF-TRADE,27/08/2026,"27/08/2026 27-08-26 DBNOTE Being Margin Trf 8503169324 202614540794 0.00 1,484.66 335,335.27 DR CPAYIN 11.MTF PAYIN 202614552788",0.0,951.43,334383.84,DR
421201_8509005322622_20260831_1117006_SOFW.txt,MTF-MTF-TRADE,27/08/2026,"27/08/2026 27-08-26 CPAYIN 11.MTF PAYIN 202614552788 0.00 951.43 334,383.84 DR DBNOTE 10.MTF PAYIN 202614552788",951.43,0.0,335335.27,DR
421201_8509005322622_20260831_1117006_SOFW.txt,MTF-MTF-TRADE,27/08/2026,"27/08/2026 27-08-26 DBNOTE 10.MTF PAYIN 202614552788 951.43 0.00 335,335.27 DR CPAYIN 21.MTF SELL PAYIN 202614572977",3299.68,0.0,338634.95,DR
421201_8509005322622_20260831_1117006_SOFW.txt,MTF-MTF-TRADE,27/08/2026,"27/08/2026 27-08-26 CPAYIN 21.MTF SELL PAYIN 202614572977 3,299.68 0.00 338,634.95 DR DBNOTE 17.MTF SELL PAYIN 202614572977",0.0,3299.68,335335.27,DR
421201_8509005322622_20260831_1117006_SOFW.txt,MTF-MTF-TRADE,27/08/2026,24.MTF CASH EXCESS REV AFTER PAYIN DBNOTE 202614586728,0.0,0.03,335335.24,DR
421201_8509005322622_20260831_1117006_SOFW.txt,MTF-MTF-TRADE,27/08/2026,23.MTF CASH EXCESS REV AFTER PAYIN CPAYIN 202614586728,0.03,0.0,335335.27,DR
421201_8509005322622_20260831_1117006_SOFW.txt,MTF-MTF-TRADE,28/08/2026,MTF BILL FOR 2026163-M BILL DATE Aug 28 2026163 MBILL 202600000103,130318.65,0.0,465653.92,DR
421201_8509005322622_20260831_1117006_SOFW.txt,MTF-MTF-TRADE,28/08/2026,POSITION CLOSE FOR BILL DATE Aug 28 2026 MBILL 202600000103,0.0,28590.0,437063.92,DR
421201_8509005322622_20260831_1117006_SOFW.txt,MTF-MTF-TRADE,28/08/2026,"28/08/2026 28-08-26 MBILL 202600000103 0.00 28,590.00 437,063.92 DR DBNOTE NSE Margin Payin 8503169324 202614615214",0.0,39484.5,397579.42,DR
421201_8509005322622_20260831_1117006_SOFW.txt,MTF-MTF-TRADE,28/08/2026,"28/08/2026 28-08-26 DBNOTE NSE Margin Payin 8503169324 202614615214 0.00 39,484.50 397,579.42 DR DBNOTE Being Margin Trf 8503169324 202614691894",0.0,214.0,397365.42,DR
421201_8509005322622_20260831_1117006_SOFW.txt,MTF-MTF-TRADE,28/08/2026,"28/08/2026 28-08-26 DBNOTE Being Margin Trf 8503169324 202614691894 0.00 214.00 397,365.42 DR DBNOTE 10.MTF PAYIN 202614699596",39484.5,0.0,436849.92,DR
421201_8509005322622_20260831_1117006_SOFW.txt,MTF-MTF-TRADE,28/08/2026,"28/08/2026 28-08-26 DBNOTE 10.MTF PAYIN 202614699596 39,484.50 0.00 436,849.92 DR CPAYIN 11.MTF PAYIN 202614699596",0.0,39484.5,397365.42,DR
421201_8509005322622_20260831_1117006_SOFW.txt,MTF-MTF-TRADE,28/08/2026,"28/08/2026 28-08-26 CPAYIN 11.MTF PAYIN 202614699596 0.00 39,484.50 397,365.42 DR DBNOTE 17.MTF SELL PAYIN 202614719566",0.0,3284.84,394080.58,DR
421201_8509005322622_20260831_1117006_SOFW.txt,MTF-MTF-TRADE,28/08/2026,"28/08/2026 28-08-26 DBNOTE 17.MTF SELL PAYIN 202614719566 0.00 3,284.84 394,080.58 DR CPAYIN 21.MTF SELL PAYIN 202614719566",3284.84,0.0,397365.42,DR
421201_8509005322622_20260831_1117006_SOFW.txt,MTF-MTF-TRADE,28/08/2026,23.MTF CASH EXCESS REV AFTER PAYIN CPAYIN 202614733235,0.01,0.0,397365.43,DR
421201_8509005322622_20260831_1117006_SOFW.txt,MTF-MTF-TRADE,28/08/2026,24.MTF CASH EXCESS REV AFTER PAYIN DBNOTE 202614733235,0.0,0.01,397365.42,DR
421201_8509005322622_20260831_1117006_SOFW.txt,NSE-CAPITAL,24/08/2026,POSITION CLOSE FOR BILL DATE Aug 24 2026 MBILL 202600000099,19140.0,0.0,7065.0,DR
421201_8509005322622_20260831_1117006_SOFW.txt,NSE-CAPITAL,24/08/2026,"24/08/2026 24-08-26 MBILL 202600000099 19,140.00 0.00 7,065.00 DR 2026159 BILL SETTNO=2026159NSECMMBILL POSTED 202600000443",0.0,72377.5,65312.5,CR
421201_8509005322622_20260831_1117006_SOFW.txt,NSE-CAPITAL,24/08/2026,"24/08/2026 25-08-26 2026159 BILL SETTNO=2026159NSECMMBILL POSTED 202600000443 0.00 72,377.50 65,312.50 CR 1316549 PAYBNK Upstreamed Amount Released 202610743292",11917.98,0.0,53394.52,CR
421201_8509005322622_20260831_1117006_SOFW.txt,NSE-CAPITAL,24/08/2026,Upstreamed Amount Released from Upstream 1316941 PAYBNK 202610816238,21188.34,0.0,32206.18,CR
421201_8509005322622_20260831_1117006_SOFW.txt,NSE-CAPITAL,24/08/2026,Upstreamed Amount Released from I-Sec 1316941 PAYBNK 202610818891,6803.91,0.0,25402.27,CR
421201_8509005322622_20260831_1117006_SOFW.txt,NSE-CAPITAL,24/08/2026,margin balan DBNOTE NSE Margin Payout 8503169324 202627179827,0.0,6803.91,32206.18,CR
421201_8509005322622_20260831_1117006_SOFW.txt,NSE-CAPITAL,24/08/2026,Being EQ Upstream payout adjusted against JE 202632938121,78.42,0.0,32127.76,CR
421201_8509005322622_20260831_1117006_SOFW.txt,NSE-CAPITAL,24/08/2026,Being EQ Upstream payout adjusted against JE 202633032396,0.0,78.42,32206.18,CR
421201_8509005322622_20260831_1117006_SOFW.txt,NSE-CAPITAL,24/08/2026,INN 2408 JE Interest on NSE MTF380174416 202633140802,78.42,0.0,32127.76,CR
421201_8509005322622_20260831_1117006_SOFW.txt,NSE-CAPITAL,24/08/2026,Being EQ Upstream payout adjusted against JE 202633180679,0.0,78.42,32206.18,CR
421201_8509005322622_20260831_1117006_SOFW.txt,NSE-CAPITAL,24/08/2026,Being EQ Upstream payout adjusted against JE 202633186675,78.42,0.0,32127.76,CR
421201_8509005322622_20260831_1117006_SOFW.txt,NSE-CAPITAL,24/08/2026,INN 2408 JE Interest on NSE MTF380287853 202633233940,78.42,0.0,32049.34,CR
421201_8509005322622_20260831_1117006_SOFW.txt,NSE-CAPITAL,24/08/2026,"24/08/2026 24-08-26 JE Interest on NSE MTF380287853 202633233940 78.42 0.00 32,049.34 CR 1316864 REPBNK Upstreamed Amount Collected 202641547954",0.0,21188.34,53237.68,CR
421201_8509005322622_20260831_1117006_SOFW.txt,NSE-CAPITAL,25/08/2026,POSITION CLOSE FOR BILL DATE Aug 25 2026 MBILL 202600000100,69769.24,0.0,16531.56,DR
421201_8509005322622_20260831_1117006_SOFW.txt,NSE-CAPITAL,25/08/2026,MTF BILL FOR 2026160-M BILL DATE Aug 25 MBILL 202600000100,0.0,29249.0,12717.44,CR
421201_8509005322622_20260831_1117006_SOFW.txt,NSE-CAPITAL,25/08/2026,2026 2026160 BILL SETTNO=2026160NSECMZBILL POSTED 202600000446,11402.83,0.0,1314.61,CR
421201_8509005322622_20260831_1117006_SOFW.txt,NSE-CAPITAL,25/08/2026,"25/08/2026 27-08-26 2026160 BILL SETTNO=2026160NSECMZBILL POSTED 202600000446 11,402.83 0.00 1,314.61 CR 2026160 BILL SETTNO=2026160NSECMMBILL POSTED 202600000447",0.0,121713.52,123028.13,CR
421201_8509005322622_20260831_1117006_SOFW.txt,NSE-CAPITAL,25/08/2026,1317153 PAYBNK Being Payout towards NSE M 2026159 202610874657,53100.08,0.0,69928.05,CR
421201_8509005322622_20260831_1117006_SOFW.txt,NSE-CAPITAL,25/08/2026,Upstreamed Amount Released from Upstream 1317381 PAYBNK 202610959268,24167.78,0.0,45760.27,CR
421201_8509005322622_20260831_1117006_SOFW.txt,NSE-CAPITAL,25/08/2026,Being GST on NSDL - CDSL Charges - DBNOTE 202627335641,4.5,0.0,45755.77,CR
421201_8509005322622_20260831_1117006_SOFW.txt,NSE-CAPITAL,25/08/2026,Being MTF pledge Charges DBNOTE 202627388614,50.0,0.0,45705.77,CR
421201_8509005322622_20260831_1117006_SOFW.txt,NSE-CAPITAL,25/08/2026,Being GST on NSDL - CDSL Charges - DBNOTE 202627401882,4.5,0.0,45701.27,CR
421201_8509005322622_20260831_1117006_SOFW.txt,NSE-CAPITAL,25/08/2026,DCM012625083804 DBNOTE NSE Margin Payout 8503169324 202627451457,0.0,12418.23,58119.5,CR
421201_8509005322622_20260831_1117006_SOFW.txt,NSE-CAPITAL,25/08/2026,"25/08/2026 25-08-26 DBNOTE NSE Margin Payout 8503169324 202627451457 0.00 12,418.23 58,119.50 CR DBNOTE Being Margin Trf 8503169324 202627456533",828.69,0.0,57290.81,CR
421201_8509005322622_20260831_1117006_SOFW.txt,NSE-CAPITAL,25/08/2026,Being payout of EQ settlement 2026159 JE 202633414862,0.0,78.42,57369.23,CR
421201_8509005322622_20260831_1117006_SOFW.txt,NSE-CAPITAL,25/08/2026,Being payout of EQ settlement 2026159 JE 202633500008,0.0,59.0,57428.23,CR
421201_8509005322622_20260831_1117006_SOFW.txt,NSE-CAPITAL,25/08/2026,Being payout of EQ settlement 2026159 JE 202633540480,59.0,0.0,57369.23,CR
421201_8509005322622_20260831_1117006_SOFW.txt,NSE-CAPITAL,25/08/2026,adjusted aga JE Interest on NSE MTF380425157 202633546023,78.42,0.0,57290.81,CR
421201_8509005322622_20260831_1117006_SOFW.txt,NSE-CAPITAL,25/08/2026,Being payout of EQ settlement 2026159 JE 202633547820,78.42,0.0,57212.39,CR
421201_8509005322622_20260831_1117006_SOFW.txt,NSE-CAPITAL,25/08/2026,adjusted aga 1317328 REPBNK Upstreamed Amount Collected 202641960567,0.0,177461.01,234673.4,CR
421201_8509005322622_20260831_1117006_SOFW.txt,NSE-CAPITAL,26/08/2026,POSITION CLOSE FOR BILL DATE Aug 26 2026 MBILL 202600000101,25938.75,0.0,208734.65,CR
421201_8509005322622_20260831_1117006_SOFW.txt,NSE-CAPITAL,26/08/2026,MTF BILL FOR 2026161-M BILL DATE Aug 26 MBILL 202600000101,0.0,116374.5,325109.15,CR
421201_8509005322622_20260831_1117006_SOFW.txt,NSE-CAPITAL,26/08/2026,2026 2026161 BILL SETTNO=2026161NSECMZBILL POSTED 202600000449,13580.7,0.0,311528.45,CR
421201_8509005322622_20260831_1117006_SOFW.txt,NSE-CAPITAL,26/08/2026,"26/08/2026 27-08-26 2026161 BILL SETTNO=2026161NSECMZBILL POSTED 202600000449 13,580.70 0.00 311,528.45 CR 2026161 BILL SETTNO=2026161NSECMMBILL POSTED 202600000450",182055.54,0.0,129472.91,CR
421201_8509005322622_20260831_1117006_SOFW.txt,NSE-CAPITAL,26/08/2026,Being GST on NSDL - CDSL Charges - DBNOTE 202627486767,1.8,0.0,129471.11,CR
421201_8509005322622_20260831_1117006_SOFW.txt,NSE-CAPITAL,26/08/2026,Being GST on NSDL - CDSL Charges - DBNOTE 202627492110,14.4,0.0,129456.71,CR
421201_8509005322622_20260831_1117006_SOFW.txt,NSE-CAPITAL,26/08/2026,Demat Charges DBNOTE 202627507726,20.0,0.0,129436.71,CR
421201_8509005322622_20260831_1117006_SOFW.txt,NSE-CAPITAL,26/08/2026,Being GST on NSDL - CDSL Charges - DBNOTE 202627542565,14.4,0.0,129422.31,CR
421201_8509005322622_20260831_1117006_SOFW.txt,NSE-CAPITAL,26/08/2026,Being GST on NSDL - CDSL Charges - DBNOTE 202627592418,1.8,0.0,129420.51,CR
421201_8509005322622_20260831_1117006_SOFW.txt,NSE-CAPITAL,26/08/2026,Demat Charges DBNOTE 202627603350,160.0,0.0,129260.51,CR
421201_8509005322622_20260831_1117006_SOFW.txt,NSE-CAPITAL,26/08/2026,Recoverable01262608380677684 DBNOTE NSE Margin Payin 8503169324 202627654472,35583.05,0.0,93677.46,CR
421201_8509005322622_20260831_1117006_SOFW.txt,NSE-CAPITAL,26/08/2026,"26/08/2026 26-08-26 DBNOTE NSE Margin Payin 8503169324 202627654472 35,583.05 0.00 93,677.46 CR DBNOTE Being Margin Trf 8503169324 202627659736",0.0,26.25,93703.71,CR
421201_8509005322622_20260831_1117006_SOFW.txt,NSE-CAPITAL,26/08/2026,"26/08/2026 26-08-26 DBNOTE Being Margin Trf 8503169324 202627659736 0.00 26.25 93,703.71 CR JE Interest on NSE MTF380645776 202633611787",84.54,0.0,93619.17,CR
421201_8509005322622_20260831_1117006_SOFW.txt,NSE-CAPITAL,26/08/2026,Being EQ Upstream payout adjusted against JE 202633720828,0.0,188.8,93807.97,CR
421201_8509005322622_20260831_1117006_SOFW.txt,NSE-CAPITAL,26/08/2026,Being EQ Upstream payout adjusted against JE 202633723453,0.0,23.6,93831.57,CR
421201_8509005322622_20260831_1117006_SOFW.txt,NSE-CAPITAL,26/08/2026,Being EQ Upstream payout adjusted against JE 202633727747,11402.83,0.0,82428.74,CR
421201_8509005322622_20260831_1117006_SOFW.txt,NSE-CAPITAL,26/08/2026,Being EQ Upstream payout adjusted against JE 202633730600,188.8,0.0,82239.94,CR
421201_8509005322622_20260831_1117006_SOFW.txt,NSE-CAPITAL,26/08/2026,Being EQ Upstream payout adjusted against JE 202633731981,23.6,0.0,82216.34,CR
421201_8509005322622_20260831_1117006_SOFW.txt,NSE-CAPITAL,26/08/2026,Being EQ Upstream payout adjusted against JE 202633732348,0.0,11402.83,93619.17,CR
421201_8509005322622_20260831_1117006_SOFW.txt,NSE-CAPITAL,26/08/2026,Being EQ Upstream payout adjusted against JE 202633734609,84.54,0.0,93534.63,CR
421201_8509005322622_20260831_1117006_SOFW.txt,NSE-CAPITAL,26/08/2026,Being EQ Upstream payout adjusted against JE 202633735223,0.0,84.54,93619.17,CR
421201_8509005322622_20260831_1117006_SOFW.txt,NSE-CAPITAL,26/08/2026,INN 2608 1317706 REPBNK Upstreamed Amount Collected 202642392213,0.0,189812.82,283431.99,CR
421201_8509005322622_20260831_1117006_SOFW.txt,NSE-CAPITAL,27/08/2026,POSITION CLOSE FOR BILL DATE Aug 27 2026 MBILL 202600000102,26081.69,0.0,257350.3,CR
421201_8509005322622_20260831_1117006_SOFW.txt,NSE-CAPITAL,27/08/2026,MTF BILL FOR 2026162-M BILL DATE Aug 27 MBILL 202600000102,0.0,31314.0,288664.3,CR
421201_8509005322622_20260831_1117006_SOFW.txt,NSE-CAPITAL,27/08/2026,2026 2026162 BILL SETTNO=2026162NSECMMBILL POSTED 202600000456,2078.4,0.0,286585.9,CR
421201_8509005322622_20260831_1117006_SOFW.txt,NSE-CAPITAL,27/08/2026,"27/08/2026 28-08-26 2026162 BILL SETTNO=2026162NSECMMBILL POSTED 202600000456 2,078.40 0.00 286,585.90 CR 1317809 PAYBNK Upstreamed Amount Released 202611013167",283405.54,0.0,3180.36,CR
421201_8509005322622_20260831_1117006_SOFW.txt,NSE-CAPITAL,27/08/2026,Upstreamed Amount Released from Upstream 1318187 PAYBNK 202611153395,82625.69,0.0,79445.33,DR
421201_8509005322622_20260831_1117006_SOFW.txt,NSE-CAPITAL,27/08/2026,Being GST on NSDL - CDSL Charges - DBNOTE 202627686846,6.75,0.0,79452.08,DR
421201_8509005322622_20260831_1117006_SOFW.txt,NSE-CAPITAL,27/08/2026,Being MTF pledge Charges DBNOTE 202627698357,75.0,0.0,79527.08,DR
421201_8509005322622_20260831_1117006_SOFW.txt,NSE-CAPITAL,27/08/2026,Being GST on NSDL - CDSL Charges - DBNOTE 202627713349,1.8,0.0,79528.88,DR
421201_8509005322622_20260831_1117006_SOFW.txt,NSE-CAPITAL,27/08/2026,Being GST on NSDL - CDSL Charges - DBNOTE 202627727438,9.0,0.0,79537.88,DR
421201_8509005322622_20260831_1117006_SOFW.txt,NSE-CAPITAL,27/08/2026,Being GST on NSDL - CDSL Charges - DBNOTE 202627733521,1.8,0.0,79539.68,DR
421201_8509005322622_20260831_1117006_SOFW.txt,NSE-CAPITAL,27/08/2026,Demat Charges DBNOTE 202627791035,20.0,0.0,79559.68,DR
421201_8509005322622_20260831_1117006_SOFW.txt,NSE-CAPITAL,27/08/2026,Being MTF pledge Charges DBNOTE 202627830104,100.0,0.0,79659.68,DR
421201_8509005322622_20260831_1117006_SOFW.txt,NSE-CAPITAL,27/08/2026,Being GST on NSDL - CDSL Charges - DBNOTE 202627841608,9.0,0.0,79668.68,DR
421201_8509005322622_20260831_1117006_SOFW.txt,NSE-CAPITAL,27/08/2026,Being GST on NSDL - CDSL Charges - DBNOTE 202627894661,6.75,0.0,79675.43,DR
421201_8509005322622_20260831_1117006_SOFW.txt,NSE-CAPITAL,27/08/2026,DCM012627083808 DBNOTE NSE Margin Payin 8503169324 202627991022,951.43,0.0,80626.86,DR
421201_8509005322622_20260831_1117006_SOFW.txt,NSE-CAPITAL,27/08/2026,"27/08/2026 27-08-26 DBNOTE NSE Margin Payin 8503169324 202627991022 951.43 0.00 80,626.86 DR DBNOTE Being Margin Trf 8503169324 202627996335",1484.66,0.0,82111.52,DR
421201_8509005322622_20260831_1117006_SOFW.txt,NSE-CAPITAL,27/08/2026,"27/08/2026 27-08-26 DBNOTE Being Margin Trf 8503169324 202627996335 1,484.66 0.00 82,111.52 DR JE Interest on NSE MTF380865980 202633872830",81.22,0.0,82192.74,DR
421201_8509005322622_20260831_1117006_SOFW.txt,NSE-CAPITAL,27/08/2026,Being payout of EQ settlement 2026160 JE 202634016684,66783.87,0.0,148976.61,DR
421201_8509005322622_20260831_1117006_SOFW.txt,NSE-CAPITAL,27/08/2026,Being payout of EQ settlement 2026160 JE 202634037360,0.0,66783.87,82192.74,DR
421201_8509005322622_20260831_1117006_SOFW.txt,NSE-CAPITAL,27/08/2026,Being payout of EQ settlement 2026160 JE 202634037914,0.0,13580.7,68612.04,DR
421201_8509005322622_20260831_1117006_SOFW.txt,NSE-CAPITAL,27/08/2026,Being payout of EQ settlement 2026160 JE 202634095244,13580.7,0.0,82192.74,DR
421201_8509005322622_20260831_1117006_SOFW.txt,NSE-CAPITAL,27/08/2026,Being GST and MTF pledge Charges recovered 1317786 REPBNK 202642536196,0.0,88.5,82104.24,DR
421201_8509005322622_20260831_1117006_SOFW.txt,NSE-CAPITAL,27/08/2026,Being GST and MTF pledge Charges recovered 1317786 REPBNK 202642536313,0.0,118.0,81986.24,DR
421201_8509005322622_20260831_1117006_SOFW.txt,NSE-CAPITAL,27/08/2026,Demat Charges Recovered DCR 1317786 REPBNK 202642573497,0.0,23.6,81962.64,DR
421201_8509005322622_20260831_1117006_SOFW.txt,NSE-CAPITAL,27/08/2026,Interest recovered on NSE MTF INN 380865980 1317786 REPBNK 202642582296,0.0,81.22,81881.42,DR
421201_8509005322622_20260831_1117006_SOFW.txt,NSE-CAPITAL,27/08/2026,"27/08/2026 27-08-26 1317786 REPBNK 202642582296 0.00 81.22 81,881.42 DR 1318114 REPBNK Upstreamed Amount Collected 202642663764",0.0,84085.17,2203.75,CR
421201_8509005322622_20260831_1117006_SOFW.txt,NSE-CAPITAL,28/08/2026,MTF BILL FOR 2026163-M BILL DATE Aug 28 MBILL 202600000103,0.0,130318.65,132522.4,CR
421201_8509005322622_20260831_1117006_SOFW.txt,NSE-CAPITAL,28/08/2026,POSITION CLOSE FOR BILL DATE Aug 28 2026 MBILL 202600000103,28590.0,0.0,103932.4,CR
421201_8509005322622_20260831_1117006_SOFW.txt,NSE-CAPITAL,28/08/2026,"28/08/2026 28-08-26 MBILL 202600000103 28,590.00 0.00 103,932.40 CR 1318249 PAYBNK Upstreamed Amount Released 202611166297",508.05,0.0,103424.35,CR
421201_8509005322622_20260831_1117006_SOFW.txt,NSE-CAPITAL,28/08/2026,"28/08/2026 28-08-26 1318249 PAYBNK Upstreamed Amount Released 202611166297 508.05 0.00 103,424.35 CR 1318389 PAYBNK Being Payout towards NSE M 2026162 202611213318",1561.46,0.0,101862.89,CR
421201_8509005322622_20260831_1117006_SOFW.txt,NSE-CAPITAL,28/08/2026,Upstreamed Amount Released from Upstream 1318645 PAYBNK 202611241226,129635.53,0.0,27772.64,DR
421201_8509005322622_20260831_1117006_SOFW.txt,NSE-CAPITAL,28/08/2026,Being GST on NSDL - CDSL Charges - DBNOTE 202628001573,2.25,0.0,27774.89,DR
421201_8509005322622_20260831_1117006_SOFW.txt,NSE-CAPITAL,28/08/2026,Being GST on NSDL - CDSL Charges - DBNOTE 202628036124,1.8,0.0,27776.69,DR
421201_8509005322622_20260831_1117006_SOFW.txt,NSE-CAPITAL,28/08/2026,Being MTF pledge Charges DBNOTE 202628037223,25.0,0.0,27801.69,DR
421201_8509005322622_20260831_1117006_SOFW.txt,NSE-CAPITAL,28/08/2026,Being GST on NSDL - CDSL Charges - DBNOTE 202628115153,2.25,0.0,27803.94,DR
421201_8509005322622_20260831_1117006_SOFW.txt,NSE-CAPITAL,28/08/2026,Being GST on NSDL - CDSL Charges - DBNOTE 202628136540,1.8,0.0,27805.74,DR
421201_8509005322622_20260831_1117006_SOFW.txt,NSE-CAPITAL,28/08/2026,Demat Charges DBNOTE 202628148233,20.0,0.0,27825.74,DR
421201_8509005322622_20260831_1117006_SOFW.txt,NSE-CAPITAL,28/08/2026,Recoverable01262808381103830 DBNOTE NSE Margin Payin 8503169324 202628211812,39484.5,0.0,67310.24,DR
421201_8509005322622_20260831_1117006_SOFW.txt,NSE-CAPITAL,28/08/2026,"28/08/2026 28-08-26 DBNOTE NSE Margin Payin 8503169324 202628211812 39,484.50 0.00 67,310.24 DR DBNOTE Being Margin Trf 8503169324 202628233330",214.0,0.0,67524.24,DR
421201_8509005322622_20260831_1117006_SOFW.txt,NSE-CAPITAL,28/08/2026,Being payout of EQ settlement 2026162 JE 202634160901,29.5,0.0,67553.74,DR
421201_8509005322622_20260831_1117006_SOFW.txt,NSE-CAPITAL,28/08/2026,Being payout of EQ settlement 2026162 JE 202634207935,0.0,80.94,67472.8,DR
421201_8509005322622_20260831_1117006_SOFW.txt,NSE-CAPITAL,28/08/2026,Being payout of EQ settlement 2026162 JE 202634235902,80.94,0.0,67553.74,DR
421201_8509005322622_20260831_1117006_SOFW.txt,NSE-CAPITAL,28/08/2026,Being payout of EQ settlement 2026162 JE 202634271496,23.6,0.0,67577.34,DR
421201_8509005322622_20260831_1117006_SOFW.txt,NSE-CAPITAL,28/08/2026,Being payout of EQ settlement 2026162 JE 202634308012,0.0,29.5,67547.84,DR
421201_8509005322622_20260831_1117006_SOFW.txt,NSE-CAPITAL,28/08/2026,Being payout of EQ settlement 2026162 JE 202634360137,0.0,23.6,67524.24,DR
421201_8509005322622_20260831_1117006_SOFW.txt,NSE-CAPITAL,28/08/2026,adjusted aga JE Interest on NSE MTF381057723 202634390132,80.94,0.0,67605.18,DR
421201_8509005322622_20260831_1117006_SOFW.txt,NSE-CAPITAL,28/08/2026,"28/08/2026 28-08-26 JE Interest on NSE MTF381057723 202634390132 80.94 0.00 67,605.18 DR 1318577 REPBNK Upstreamed Amount Collected 202643004728",0.0,129979.68,62374.5,CR
421201_8509005322622_20260831_1117006_SOFW.txt,NSE-CAPITAL,28/08/2026,"28/08/2026 28-08-26 1318577 REPBNK Upstreamed Amount Collected 202643004728 0.00 129,979.68 62,374.50 CR 1318675 REPBNK NSEMRGNPIPO 202643076819",0.0,39140.35,101514.85,CR
421201_8509005322622_20260831_1117006_SOFW.txt,NSE-CAPITAL,29/08/2026,Being GST on NSDL - CDSL Charges - DBNOTE 202628243020,22.5,0.0,101492.35,CR
421201_8509005322622_20260831_1117006_SOFW.txt,NSE-CAPITAL,29/08/2026,Demat Charges DBNOTE 202628252490,100.0,0.0,101392.35,CR
421201_8509005322622_20260831_1117006_SOFW.txt,NSE-CAPITAL,29/08/2026,Being MTF pledge Charges DBNOTE 202628276140,250.0,0.0,101142.35,CR
421201_8509005322622_20260831_1117006_SOFW.txt,NSE-CAPITAL,29/08/2026,Being GST on NSDL - CDSL Charges - DBNOTE 202628299918,9.0,0.0,101133.35,CR
421201_8509005322622_20260831_1117006_SOFW.txt,NSE-CAPITAL,29/08/2026,Being GST on NSDL - CDSL Charges - DBNOTE 202628369537,22.5,0.0,101110.85,CR
421201_8509005322622_20260831_1117006_SOFW.txt,NSE-CAPITAL,29/08/2026,Being GST on NSDL - CDSL Charges - DBNOTE 202628414414,9.0,0.0,101101.85,CR
421201_8509005322622_20260831_1117006_SOFW.txt,NSE-CAPITAL,29/08/2026,DCR012629083813 JE Interest on NSE MTF381271251 202634508089,88.28,0.0,101013.57,CR
421201_8509005322622_20260907_1115779_SOFW.txt,MTF-MTF-TRADE,31/08/2026,POSITION CLOSE FOR BILL DATE Aug 31 2026 MBILL 202600000104,0.0,93833.85,303531.57,DR
421201_8509005322622_20260907_1115779_SOFW.txt,MTF-MTF-TRADE,31/08/2026,MTF BILL FOR 2026164-M BILL DATE Aug 31 2026164 MBILL 202600000104,51814.95,0.0,355346.52,DR
421201_8509005322622_20260907_1115779_SOFW.txt,MTF-MTF-TRADE,31/08/2026,2026 DBNOTE NSE Margin Payout 8503169324 202614759411,43428.7,0.0,398775.22,DR
421201_8509005322622_20260907_1115779_SOFW.txt,MTF-MTF-TRADE,31/08/2026,"31/08/2026 31-08-26 DBNOTE NSE Margin Payout 8503169324 202614759411 43,428.70 0.00 398,775.22 DR DBNOTE NSE Margin Payin 8503169324 202614759412",0.0,29390.84,369384.38,DR
421201_8509005322622_20260907_1115779_SOFW.txt,MTF-MTF-TRADE,31/08/2026,"31/08/2026 31-08-26 DBNOTE NSE Margin Payin 8503169324 202614759412 0.00 29,390.84 369,384.38 DR DBNOTE Being Margin Trf 8503169324 202614856678",1282.85,0.0,370667.23,DR
421201_8509005322622_20260907_1115779_SOFW.txt,MTF-MTF-TRADE,31/08/2026,"31/08/2026 31-08-26 DBNOTE Being Margin Trf 8503169324 202614856678 1,282.85 0.00 370,667.23 DR CPAYIN 21.MTF SELL PAYIN 202614892757",20189.36,0.0,390856.59,DR
421201_8509005322622_20260907_1115779_SOFW.txt,MTF-MTF-TRADE,31/08/2026,"31/08/2026 31-08-26 CPAYIN 21.MTF SELL PAYIN 202614892757 20,189.36 0.00 390,856.59 DR DBNOTE 17.MTF SELL PAYIN 202614892757",0.0,20189.36,370667.23,DR
421201_8509005322622_20260907_1115779_SOFW.txt,MTF-MTF-TRADE,31/08/2026,23.MTF CASH EXCESS REV AFTER PAYIN CPAYIN 202614908214,0.13,0.0,370667.36,DR
421201_8509005322622_20260907_1115779_SOFW.txt,MTF-MTF-TRADE,31/08/2026,24.MTF CASH EXCESS REV AFTER PAYIN DBNOTE 202614908214,0.0,0.13,370667.23,DR
421201_8509005322622_20260907_1115779_SOFW.txt,MTF-MTF-TRADE,31/08/2026,ALLOCATION DATE DBNOTE Being Margin Trf 8503169324 202614924582,886.55,0.0,371553.78,DR
421201_8509005322622_20260907_1115779_SOFW.txt,MTF-MTF-TRADE,01/09/2026,POSITION CLOSE FOR BILL DATE Sep 1 2026 MBILL 202600000105,0.0,196355.15,175198.63,DR
421201_8509005322622_20260907_1115779_SOFW.txt,MTF-MTF-TRADE,01/09/2026,"01/09/2026 01-09-26 MBILL 202600000105 0.00 196,355.15 175,198.63 DR DBNOTE NSE Margin Payout 8503169324 202614930073",75395.13,0.0,250593.76,DR
421201_8509005322622_20260907_1115779_SOFW.txt,MTF-MTF-TRADE,01/09/2026,"01/09/2026 01-09-26 DBNOTE NSE Margin Payout 8503169324 202614930073 75,395.13 0.00 250,593.76 DR DBNOTE Being Margin Trf 8503169324 202615019416",3069.65,0.0,253663.41,DR
421201_8509005322622_20260907_1115779_SOFW.txt,MTF-MTF-TRADE,01/09/2026,"01/09/2026 01-09-26 DBNOTE Being Margin Trf 8503169324 202615019416 3,069.65 0.00 253,663.41 DR CPAYIN 21.MTF SELL PAYIN 202615054328",36356.75,0.0,290020.16,DR
421201_8509005322622_20260907_1115779_SOFW.txt,MTF-MTF-TRADE,01/09/2026,"01/09/2026 01-09-26 CPAYIN 21.MTF SELL PAYIN 202615054328 36,356.75 0.00 290,020.16 DR DBNOTE 17.MTF SELL PAYIN 202615054328",0.0,36356.75,253663.41,DR
421201_8509005322622_20260907_1115779_SOFW.txt,MTF-MTF-TRADE,02/09/2026,MTF BILL FOR 2026166-M BILL DATE Sep 2 2026166 MBILL 202600000106,38045.45,0.0,291708.86,DR
421201_8509005322622_20260907_1115779_SOFW.txt,MTF-MTF-TRADE,02/09/2026,2026 DBNOTE NSE Margin Payin 8503169324 202615100031,0.0,15398.5,276310.36,DR
421201_8509005322622_20260907_1115779_SOFW.txt,MTF-MTF-TRADE,02/09/2026,"02/09/2026 02-09-26 DBNOTE NSE Margin Payin 8503169324 202615100031 0.00 15,398.50 276,310.36 DR DBNOTE Being Margin Trf 8503169324 202615193672",25716.6,0.0,302026.96,DR
421201_8509005322622_20260907_1115779_SOFW.txt,MTF-MTF-TRADE,02/09/2026,"02/09/2026 02-09-26 DBNOTE Being Margin Trf 8503169324 202615193672 25,716.60 0.00 302,026.96 DR CPAYIN 11.MTF PAYIN 202615212151",0.0,15398.5,286628.46,DR
421201_8509005322622_20260907_1115779_SOFW.txt,MTF-MTF-TRADE,02/09/2026,"02/09/2026 02-09-26 CPAYIN 11.MTF PAYIN 202615212151 0.00 15,398.50 286,628.46 DR DBNOTE 10.MTF PAYIN 202615212151",15398.5,0.0,302026.96,DR
421201_8509005322622_20260907_1115779_SOFW.txt,MTF-MTF-TRADE,02/09/2026,DBNOTE Being Margin Trf 8503169324 202615311694,0.0,25716.6,276310.36,DR
421201_8509005322622_20260907_1115779_SOFW.txt,MTF-MTF-TRADE,03/09/2026,POSITION CLOSE FOR BILL DATE Sep 3 2026 MBILL 202600000107,0.0,74211.09,202099.27,DR
421201_8509005322622_20260907_1115779_SOFW.txt,MTF-MTF-TRADE,03/09/2026,MTF BILL FOR 2026167-M BILL DATE Sep 3 2026167 MBILL 202600000107,115485.35,0.0,317584.62,DR
421201_8509005322622_20260907_1115779_SOFW.txt,MTF-MTF-TRADE,03/09/2026,2026 DBNOTE NSE Margin Payin 8503169324 202615331148,0.0,32080.6,285504.02,DR
421201_8509005322622_20260907_1115779_SOFW.txt,MTF-MTF-TRADE,03/09/2026,"03/09/2026 03-09-26 DBNOTE NSE Margin Payin 8503169324 202615331148 0.00 32,080.60 285,504.02 DR DBNOTE Being Margin Trf 8503169324 202615388317",62.09,0.0,285566.11,DR
421201_8509005322622_20260907_1115779_SOFW.txt,MTF-MTF-TRADE,03/09/2026,"03/09/2026 03-09-26 DBNOTE Being Margin Trf 8503169324 202615388317 62.09 0.00 285,566.11 DR DBNOTE 10.MTF PAYIN 202615396787",32080.6,0.0,317646.71,DR
421201_8509005322622_20260907_1115779_SOFW.txt,MTF-MTF-TRADE,03/09/2026,"03/09/2026 03-09-26 DBNOTE 10.MTF PAYIN 202615396787 32,080.60 0.00 317,646.71 DR CPAYIN 11.MTF PAYIN 202615396787",0.0,32080.6,285566.11,DR
421201_8509005322622_20260907_1115779_SOFW.txt,MTF-MTF-TRADE,03/09/2026,"03/09/2026 03-09-26 CPAYIN 11.MTF PAYIN 202615396787 0.00 32,080.60 285,566.11 DR DBNOTE 17.MTF SELL PAYIN 202615415992",0.0,8145.75,277420.36,DR
421201_8509005322622_20260907_1115779_SOFW.txt,MTF-MTF-TRADE,03/09/2026,"03/09/2026 03-09-26 DBNOTE 17.MTF SELL PAYIN 202615415992 0.00 8,145.75 277,420.36 DR CPAYIN 21.MTF SELL PAYIN 202615415992",8145.75,0.0,285566.11,DR
421201_8509005322622_20260907_1115779_SOFW.txt,MTF-MTF-TRADE,03/09/2026,24.MTF CASH EXCESS REV AFTER PAYIN DBNOTE 202615428405,0.0,1258.32,284307.79,DR
421201_8509005322622_20260907_1115779_SOFW.txt,MTF-MTF-TRADE,03/09/2026,23.MTF CASH EXCESS REV AFTER PAYIN CPAYIN 202615428405,1258.32,0.0,285566.11,DR
421201_8509005322622_20260907_1115779_SOFW.txt,MTF-MTF-TRADE,04/09/2026,MTF BILL FOR 2026168-M BILL DATE Sep 4 2026168 MBILL 202600000108,91315.5,0.0,376881.61,DR
421201_8509005322622_20260907_1115779_SOFW.txt,MTF-MTF-TRADE,04/09/2026,2026 DBNOTE NSE Margin Payin 8503169324 202615467376,0.0,46224.68,330656.93,DR
421201_8509005322622_20260907_1115779_SOFW.txt,MTF-MTF-TRADE,04/09/2026,"04/09/2026 04-09-26 DBNOTE NSE Margin Payin 8503169324 202615467376 0.00 46,224.68 330,656.93 DR CPAYIN 11.MTF PAYIN 202615540190",0.0,46224.68,284432.25,DR
421201_8509005322622_20260907_1115779_SOFW.txt,MTF-MTF-TRADE,04/09/2026,"04/09/2026 04-09-26 CPAYIN 11.MTF PAYIN 202615540190 0.00 46,224.68 284,432.25 DR DBNOTE 10.MTF PAYIN 202615540190",46224.68,0.0,330656.93,DR
421201_8509005322622_20260907_1115779_SOFW.txt,MTF-MTF-TRADE,04/09/2026,23.MTF CASH EXCESS REV AFTER PAYIN CPAYIN 202615560542,0.08,0.0,330657.01,DR
421201_8509005322622_20260907_1115779_SOFW.txt,MTF-MTF-TRADE,04/09/2026,24.MTF CASH EXCESS REV AFTER PAYIN DBNOTE 202615560542,0.0,0.08,330656.93,DR
421201_8509005322622_20260907_1115779_SOFW.txt,NSE-CAPITAL,31/08/2026,POSITION CLOSE FOR BILL DATE Aug 31 2026 MBILL 202600000104,93833.85,0.0,55904.59,DR
421201_8509005322622_20260907_1115779_SOFW.txt,NSE-CAPITAL,31/08/2026,MTF BILL FOR 2026164-M BILL DATE Aug 31 MBILL 202600000104,0.0,51814.95,4089.64,DR
421201_8509005322622_20260907_1115779_SOFW.txt,NSE-CAPITAL,31/08/2026,2026 2026164 BILL SETTNO=2026164NSECMMBILL POSTED 202600000464,0.0,70072.23,65982.59,CR
421201_8509005322622_20260907_1115779_SOFW.txt,NSE-CAPITAL,31/08/2026,"31/08/2026 01-09-26 2026164 BILL SETTNO=2026164NSECMMBILL POSTED 202600000464 0.00 70,072.23 65,982.59 CR 1319016 PAYBNK Being Payout towards NSE M 2026163 202611303632",37751.02,0.0,28231.57,CR
421201_8509005322622_20260907_1115779_SOFW.txt,NSE-CAPITAL,31/08/2026,Upstreamed Amount Released from I-Sec 1319282 PAYBNK 202611327275,43428.7,0.0,15197.13,DR
421201_8509005322622_20260907_1115779_SOFW.txt,NSE-CAPITAL,31/08/2026,Upstreamed Amount Released from Upstream 1319282 PAYBNK 202611333905,63982.69,0.0,79179.82,DR
421201_8509005322622_20260907_1115779_SOFW.txt,NSE-CAPITAL,31/08/2026,balance DBNOTE NSE Margin Payout 8503169324 202628517541,0.0,43428.7,35751.12,DR
421201_8509005322622_20260907_1115779_SOFW.txt,NSE-CAPITAL,31/08/2026,"31/08/2026 31-08-26 DBNOTE NSE Margin Payout 8503169324 202628517541 0.00 43,428.70 35,751.12 DR DBNOTE NSE Margin Payin 8503169324 202628517542",29390.84,0.0,65141.96,DR
421201_8509005322622_20260907_1115779_SOFW.txt,NSE-CAPITAL,31/08/2026,"31/08/2026 31-08-26 DBNOTE NSE Margin Payin 8503169324 202628517542 29,390.84 0.00 65,141.96 DR DBNOTE Being Margin Trf 8503169324 202628542215",0.0,1282.85,63859.11,DR
421201_8509005322622_20260907_1115779_SOFW.txt,NSE-CAPITAL,31/08/2026,"31/08/2026 31-08-26 DBNOTE Being Margin Trf 8503169324 202628542215 0.00 1,282.85 63,859.11 DR DBNOTE Being Margin Trf 8503169324 202628730649",0.0,886.55,62972.56,DR
421201_8509005322622_20260907_1115779_SOFW.txt,NSE-CAPITAL,31/08/2026,Being payout of EQ settlement 2026163 JE 202634583614,295.0,0.0,63267.56,DR
421201_8509005322622_20260907_1115779_SOFW.txt,NSE-CAPITAL,31/08/2026,Being payout of EQ settlement 2026163 JE 202634599526,118.0,0.0,63385.56,DR
421201_8509005322622_20260907_1115779_SOFW.txt,NSE-CAPITAL,31/08/2026,Being payout of EQ settlement 2026163 JE 202634640214,88.28,0.0,63473.84,DR
421201_8509005322622_20260907_1115779_SOFW.txt,NSE-CAPITAL,31/08/2026,Being payout of EQ settlement 2026163 JE 202634698608,8693.49,0.0,72167.33,DR
421201_8509005322622_20260907_1115779_SOFW.txt,NSE-CAPITAL,31/08/2026,Being payout of EQ settlement 2026163 JE 202634743089,0.0,295.0,71872.33,DR
421201_8509005322622_20260907_1115779_SOFW.txt,NSE-CAPITAL,31/08/2026,adjusted aga JE Interest on NSE MTF381471662 202634808433,89.02,0.0,71961.35,DR
421201_8509005322622_20260907_1115779_SOFW.txt,NSE-CAPITAL,31/08/2026,Being payout of EQ settlement 2026163 JE 202634821208,0.0,8693.49,63267.86,DR
421201_8509005322622_20260907_1115779_SOFW.txt,NSE-CAPITAL,31/08/2026,Being payout of EQ settlement 2026163 JE 202634856445,0.0,118.0,63149.86,DR
421201_8509005322622_20260907_1115779_SOFW.txt,NSE-CAPITAL,31/08/2026,JE Interest on NSE MTF381584723 202634887773,89.02,0.0,63238.88,DR
421201_8509005322622_20260907_1115779_SOFW.txt,NSE-CAPITAL,31/08/2026,Being payout of EQ settlement 2026163 JE 202634910764,0.0,88.28,63150.6,DR
421201_8509005322622_20260907_1115779_SOFW.txt,NSE-CAPITAL,31/08/2026,Being payout of EQ settlement 2026163 JE 202634968635,89.02,0.0,63239.62,DR
421201_8509005322622_20260907_1115779_SOFW.txt,NSE-CAPITAL,31/08/2026,Being payout of EQ settlement 2026163 JE 202634972030,0.0,89.02,63150.6,DR
421201_8509005322622_20260907_1115779_SOFW.txt,NSE-CAPITAL,31/08/2026,Being payout of EQ settlement 2026163 JE 202634974416,0.0,89.02,63061.58,DR
421201_8509005322622_20260907_1115779_SOFW.txt,NSE-CAPITAL,31/08/2026,Being payout of EQ settlement 2026163 JE 202634975205,89.02,0.0,63150.6,DR
421201_8509005322622_20260907_1115779_SOFW.txt,NSE-CAPITAL,31/08/2026,adjusted aga 1319232 REPBNK Upstreamed Amount Collected 202643567686,0.0,63982.69,832.09,CR
421201_8509005322622_20260907_1115779_SOFW.txt,NSE-CAPITAL,31/08/2026,"31/08/2026 31-08-26 1319232 REPBNK Upstreamed Amount Collected 202643567686 0.00 63,982.69 832.09 CR 1319309 REPBNK NSEMRGNPIPO 202643657108",0.0,29390.84,30222.93,CR
421201_8509005322622_20260907_1115779_SOFW.txt,NSE-CAPITAL,01/09/2026,POSITION CLOSE FOR BILL DATE Sep 1 2026 MBILL 202600000105,196355.15,0.0,166132.22,DR
421201_8509005322622_20260907_1115779_SOFW.txt,NSE-CAPITAL,01/09/2026,"01/09/2026 01-09-26 MBILL 202600000105 196,355.15 0.00 166,132.22 DR 2026165 BILL SETTNO=2026165NSECMMBILL POSTED 202600000468",0.0,370906.01,204773.79,CR
421201_8509005322622_20260907_1115779_SOFW.txt,NSE-CAPITAL,01/09/2026,"01/09/2026 02-09-26 2026165 BILL SETTNO=2026165NSECMMBILL POSTED 202600000468 0.00 370,906.01 204,773.79 CR 1319460 PAYBNK Being Payout towards NSE M 2026164 202611406695",30027.49,0.0,174746.3,CR
421201_8509005322622_20260907_1115779_SOFW.txt,NSE-CAPITAL,01/09/2026,Upstreamed Amount Released from I-Sec 1319700 PAYBNK 202611431734,75395.13,0.0,99351.17,CR
421201_8509005322622_20260907_1115779_SOFW.txt,NSE-CAPITAL,01/09/2026,Being GST on NSDL - CDSL Charges - DBNOTE 202628548173,4.5,0.0,99346.67,CR
421201_8509005322622_20260907_1115779_SOFW.txt,NSE-CAPITAL,01/09/2026,Being MTF pledge Charges DBNOTE 202628553401,50.0,0.0,99296.67,CR
421201_8509005322622_20260907_1115779_SOFW.txt,NSE-CAPITAL,01/09/2026,Being GST on NSDL - CDSL Charges - DBNOTE 202628558725,4.5,0.0,99292.17,CR
421201_8509005322622_20260907_1115779_SOFW.txt,NSE-CAPITAL,01/09/2026,Being GST on NSDL - CDSL Charges - DBNOTE 202628633295,3.6,0.0,99288.57,CR
421201_8509005322622_20260907_1115779_SOFW.txt,NSE-CAPITAL,01/09/2026,Being GST on NSDL - CDSL Charges - DBNOTE 202628643313,3.6,0.0,99284.97,CR
421201_8509005322622_20260907_1115779_SOFW.txt,NSE-CAPITAL,01/09/2026,Demat Charges DBNOTE 202628664733,40.0,0.0,99244.97,CR
421201_8509005322622_20260907_1115779_SOFW.txt,NSE-CAPITAL,01/09/2026,Recoverable01260109381755871 DBNOTE NSE Margin Payout 8503169324 202628761177,0.0,75395.13,174640.1,CR
421201_8509005322622_20260907_1115779_SOFW.txt,NSE-CAPITAL,01/09/2026,"01/09/2026 01-09-26 DBNOTE NSE Margin Payout 8503169324 202628761177 0.00 75,395.13 174,640.10 CR DBNOTE Being Margin Trf 8503169324 202628786295",0.0,3069.65,177709.75,CR
421201_8509005322622_20260907_1115779_SOFW.txt,NSE-CAPITAL,01/09/2026,Being payout of EQ settlement 2026164 JE 202635076568,59.0,0.0,177650.75,CR
421201_8509005322622_20260907_1115779_SOFW.txt,NSE-CAPITAL,01/09/2026,adjusted aga JE Interest on NSE MTF381715954 202635083764,89.02,0.0,177561.73,CR
421201_8509005322622_20260907_1115779_SOFW.txt,NSE-CAPITAL,01/09/2026,Being payout of EQ settlement 2026164 JE 202635093256,89.02,0.0,177472.71,CR
421201_8509005322622_20260907_1115779_SOFW.txt,NSE-CAPITAL,01/09/2026,Being payout of EQ settlement 2026164 JE 202635136582,0.0,59.0,177531.71,CR
421201_8509005322622_20260907_1115779_SOFW.txt,NSE-CAPITAL,01/09/2026,Being payout of EQ settlement 2026164 JE 202635152861,0.0,89.02,177620.73,CR
421201_8509005322622_20260907_1115779_SOFW.txt,NSE-CAPITAL,01/09/2026,Being payout of EQ settlement 2026164 JE 202635194252,0.0,47.2,177667.93,CR
421201_8509005322622_20260907_1115779_SOFW.txt,NSE-CAPITAL,01/09/2026,Being payout of EQ settlement 2026164 JE 202635200244,47.2,0.0,177620.73,CR
421201_8509005322622_20260907_1115779_SOFW.txt,NSE-CAPITAL,02/09/2026,MTF BILL FOR 2026166-M BILL DATE Sep 2 MBILL 202600000106,0.0,38045.45,215666.18,CR
421201_8509005322622_20260907_1115779_SOFW.txt,NSE-CAPITAL,02/09/2026,2026 2026166 BILL SETTNO=2026166NSECMMBILL POSTED 202600000473,51240.9,0.0,164425.28,CR
421201_8509005322622_20260907_1115779_SOFW.txt,NSE-CAPITAL,02/09/2026,"02/09/2026 03-09-26 2026166 BILL SETTNO=2026166NSECMMBILL POSTED 202600000473 51,240.90 0.00 164,425.28 CR 1319910 PAYBNK Being Payout towards NSE M 2026165 202611496872",177078.93,0.0,12653.65,DR
421201_8509005322622_20260907_1115779_SOFW.txt,NSE-CAPITAL,02/09/2026,Being GST on NSDL - CDSL Charges - DBNOTE 202628841117,10.8,0.0,12664.45,DR
421201_8509005322622_20260907_1115779_SOFW.txt,NSE-CAPITAL,02/09/2026,Being GST on NSDL - CDSL Charges - DBNOTE 202628841861,10.8,0.0,12675.25,DR
421201_8509005322622_20260907_1115779_SOFW.txt,NSE-CAPITAL,02/09/2026,Being MTF pledge Charges DBNOTE 202628846293,250.0,0.0,12925.25,DR
421201_8509005322622_20260907_1115779_SOFW.txt,NSE-CAPITAL,02/09/2026,Demat Charges DBNOTE 202628943794,120.0,0.0,13045.25,DR
421201_8509005322622_20260907_1115779_SOFW.txt,NSE-CAPITAL,02/09/2026,Being GST on NSDL - CDSL Charges - DBNOTE 202628962899,22.5,0.0,13067.75,DR
421201_8509005322622_20260907_1115779_SOFW.txt,NSE-CAPITAL,02/09/2026,Being GST on NSDL - CDSL Charges - DBNOTE 202628974179,22.5,0.0,13090.25,DR
421201_8509005322622_20260907_1115779_SOFW.txt,NSE-CAPITAL,02/09/2026,DCM012602093819 DBNOTE NSE Margin Payin 8503169324 202629053297,15398.5,0.0,28488.75,DR
421201_8509005322622_20260907_1115779_SOFW.txt,NSE-CAPITAL,02/09/2026,"02/09/2026 02-09-26 DBNOTE NSE Margin Payin 8503169324 202629053297 15,398.50 0.00 28,488.75 DR DBNOTE Being Margin Trf 8503169324 202629083004",0.0,25716.6,2772.15,DR
421201_8509005322622_20260907_1115779_SOFW.txt,NSE-CAPITAL,02/09/2026,"02/09/2026 02-09-26 DBNOTE Being Margin Trf 8503169324 202629083004 0.00 25,716.60 2,772.15 DR DBNOTE Being Margin Trf 8503169324 202629323984",25716.6,0.0,28488.75,DR
421201_8509005322622_20260907_1115779_SOFW.txt,NSE-CAPITAL,02/09/2026,Being payout of EQ settlement 2026165 JE 202635252038,141.6,0.0,28630.35,DR
421201_8509005322622_20260907_1115779_SOFW.txt,NSE-CAPITAL,02/09/2026,Being payout of EQ settlement 2026165 JE 202635263682,0.0,104.98,28525.37,DR
421201_8509005322622_20260907_1115779_SOFW.txt,NSE-CAPITAL,02/09/2026,Being payout of EQ settlement 2026165 JE 202635275838,104.98,0.0,28630.35,DR
421201_8509005322622_20260907_1115779_SOFW.txt,NSE-CAPITAL,02/09/2026,adjusted aga JE Interest on NSE MTF381912862 202635285312,104.98,0.0,28735.33,DR
421201_8509005322622_20260907_1115779_SOFW.txt,NSE-CAPITAL,02/09/2026,Being payout of EQ settlement 2026165 JE 202635316281,0.0,295.0,28440.33,DR
421201_8509005322622_20260907_1115779_SOFW.txt,NSE-CAPITAL,02/09/2026,Being payout of EQ settlement 2026165 JE 202635363332,295.0,0.0,28735.33,DR
421201_8509005322622_20260907_1115779_SOFW.txt,NSE-CAPITAL,02/09/2026,Being payout of EQ settlement 2026165 JE 202635429307,0.0,141.6,28593.73,DR
421201_8509005322622_20260907_1115779_SOFW.txt,NSE-CAPITAL,02/09/2026,adjusted aga 1320079 REPBNK Upstreamed Amount Collected 202644409227,0.0,28483.34,110.39,DR
421201_8509005322622_20260907_1115779_SOFW.txt,NSE-CAPITAL,02/09/2026,"02/09/2026 02-09-26 1320079 REPBNK Upstreamed Amount Collected 202644409227 0.00 28,483.34 110.39 DR 1320174 REPBNK Being Payin towards NSE M 2026166 202644640831",0.0,110.61,0.22,CR
421201_8509005322622_20260907_1115779_SOFW.txt,NSE-CAPITAL,03/09/2026,MTF BILL FOR 2026167-M BILL DATE Sep 3 MBILL 202600000107,0.0,115485.35,115485.57,CR
421201_8509005322622_20260907_1115779_SOFW.txt,NSE-CAPITAL,03/09/2026,POSITION CLOSE FOR BILL DATE Sep 3 2026 MBILL 202600000107,74211.09,0.0,41274.48,CR
421201_8509005322622_20260907_1115779_SOFW.txt,NSE-CAPITAL,03/09/2026,"03/09/2026 03-09-26 MBILL 202600000107 74,211.09 0.00 41,274.48 CR 2026167 BILL SETTNO=2026167NSECMZBILL POSTED 202600000478",0.0,25591.86,66866.34,CR
421201_8509005322622_20260907_1115779_SOFW.txt,NSE-CAPITAL,03/09/2026,"03/09/2026 04-09-26 2026167 BILL SETTNO=2026167NSECMZBILL POSTED 202600000478 0.00 25,591.86 66,866.34 CR 2026167 BILL SETTNO=2026167NSECMMBILL POSTED 202600000479",183258.46,0.0,116392.12,DR
421201_8509005322622_20260907_1115779_SOFW.txt,NSE-CAPITAL,03/09/2026,Upstreamed Amount Released from Upstream 1320573 PAYBNK 202611635218,28203.12,0.0,144595.24,DR
421201_8509005322622_20260907_1115779_SOFW.txt,NSE-CAPITAL,03/09/2026,Being GST on NSDL - CDSL Charges - DBNOTE 202629260710,15.75,0.0,144610.99,DR
421201_8509005322622_20260907_1115779_SOFW.txt,NSE-CAPITAL,03/09/2026,Being GST on NSDL - CDSL Charges - DBNOTE 202629282143,15.75,0.0,144626.74,DR
421201_8509005322622_20260907_1115779_SOFW.txt,NSE-CAPITAL,03/09/2026,Being MTF pledge Charges DBNOTE 202629283278,175.0,0.0,144801.74,DR
421201_8509005322622_20260907_1115779_SOFW.txt,NSE-CAPITAL,03/09/2026,recoverable01260309382156 DBNOTE NSE Margin Payin 8503169324 202629391900,32080.6,0.0,176882.34,DR
421201_8509005322622_20260907_1115779_SOFW.txt,NSE-CAPITAL,03/09/2026,"03/09/2026 03-09-26 DBNOTE NSE Margin Payin 8503169324 202629391900 32,080.60 0.00 176,882.34 DR DBNOTE Being Margin Trf 8503169324 202629395872",0.0,62.09,176820.25,DR
421201_8509005322622_20260907_1115779_SOFW.txt,NSE-CAPITAL,03/09/2026,"03/09/2026 03-09-26 DBNOTE Being Margin Trf 8503169324 202629395872 0.00 62.09 176,820.25 DR JE Interest on NSE MTF382056150 202635652751",98.21,0.0,176918.46,DR
421201_8509005322622_20260907_1115779_SOFW.txt,NSE-CAPITAL,03/09/2026,Being GST and MTF pledge Charges recovered 1320182 REPBNK 202644737575,0.0,206.5,176711.96,DR
421201_8509005322622_20260907_1115779_SOFW.txt,NSE-CAPITAL,03/09/2026,Interest recovered on NSE MTF INN 382056150 1320182 REPBNK 202644749451,0.0,98.21,176613.75,DR
421201_8509005322622_20260907_1115779_SOFW.txt,NSE-CAPITAL,03/09/2026,"03/09/2026 03-09-26 1320182 REPBNK 202644749451 0.00 98.21 176,613.75 DR 1320517 REPBNK Upstreamed Amount Collected 202644893165",0.0,183005.09,6391.34,CR
421201_8509005322622_20260907_1115779_SOFW.txt,NSE-CAPITAL,04/09/2026,MTF BILL FOR 2026168-M BILL DATE Sep 4 MBILL 202600000108,0.0,91315.5,97706.84,CR
421201_8509005322622_20260907_1115779_SOFW.txt,NSE-CAPITAL,04/09/2026,2026 1320639 PAYBNK Upstreamed Amount Released 202611655648,6276.87,0.0,91429.97,CR
421201_8509005322622_20260907_1115779_SOFW.txt,NSE-CAPITAL,04/09/2026,Upstreamed Amount Released from Upstream 1320998 PAYBNK 202611729533,18089.65,0.0,73340.32,CR
421201_8509005322622_20260907_1115779_SOFW.txt,NSE-CAPITAL,04/09/2026,Being GST on NSDL - CDSL Charges - DBNOTE 202629403195,3.6,0.0,73336.72,CR
421201_8509005322622_20260907_1115779_SOFW.txt,NSE-CAPITAL,04/09/2026,Demat Charges DBNOTE 202629410430,40.0,0.0,73296.72,CR
421201_8509005322622_20260907_1115779_SOFW.txt,NSE-CAPITAL,04/09/2026,Being GST on NSDL - CDSL Charges - DBNOTE 202629477190,3.6,0.0,73293.12,CR
421201_8509005322622_20260907_1115779_SOFW.txt,NSE-CAPITAL,04/09/2026,DCR012604093823 DBNOTE NSE Margin Payin 8503169324 202629584585,46224.68,0.0,27068.44,CR
421201_8509005322622_20260907_1115779_SOFW.txt,NSE-CAPITAL,04/09/2026,Being EQ Upstream payout adjusted against JE 202635757648,67.03,0.0,27001.41,CR
421201_8509005322622_20260907_1115779_SOFW.txt,NSE-CAPITAL,04/09/2026,INN 0409 JE Interest on NSE MTF382326033 202635765006,67.03,0.0,26934.38,CR
421201_8509005322622_20260907_1115779_SOFW.txt,NSE-CAPITAL,04/09/2026,Being payout of EQ settlement 2026167 JE 202635796115,25591.86,0.0,1342.52,CR
421201_8509005322622_20260907_1115779_SOFW.txt,NSE-CAPITAL,04/09/2026,Being payout of EQ settlement 2026167 JE 202635821700,0.0,25591.86,26934.38,CR
421201_8509005322622_20260907_1115779_SOFW.txt,NSE-CAPITAL,04/09/2026,Being EQ Upstream payout adjusted against JE 202635829097,47.2,0.0,26887.18,CR
421201_8509005322622_20260907_1115779_SOFW.txt,NSE-CAPITAL,04/09/2026,Being EQ Upstream payout adjusted against JE 202635878208,0.0,47.2,26934.38,CR
421201_8509005322622_20260907_1115779_SOFW.txt,NSE-CAPITAL,04/09/2026,Being EQ Upstream payout adjusted against JE 202635915425,0.0,67.03,27001.41,CR
421201_8509005322622_20260907_1115779_SOFW.txt,NSE-CAPITAL,04/09/2026,INN 0409 1320926 REPBNK Upstreamed Amount Collected 202645166566,0.0,116720.88,143722.29,CR
421201_8509005322622_20260907_1115779_SOFW.txt,NSE-CAPITAL,05/09/2026,Being MTF pledge Charges DBNOTE 202629612385,50.0,0.0,143672.29,CR
421201_8509005322622_20260907_1115779_SOFW.txt,NSE-CAPITAL,05/09/2026,Being GST on NSDL - CDSL Charges - DBNOTE 202629745694,4.5,0.0,143667.79,CR
421201_8509005322622_20260907_1115779_SOFW.txt,NSE-CAPITAL,05/09/2026,Being MTF pledge Charges DBNOTE 202629775596,50.0,0.0,143617.79,CR
421201_8509005322622_20260907_1115779_SOFW.txt,NSE-CAPITAL,05/09/2026,Being GST on NSDL - CDSL Charges - DBNOTE 202629775615,4.5,0.0,143613.29,CR
421201_8509005322622_20260907_1115779_SOFW.txt,NSE-CAPITAL,05/09/2026,Being GST on NSDL - CDSL Charges - DBNOTE 202629776126,4.5,0.0,143608.79,CR
421201_8509005322622_20260907_1115779_SOFW.txt,NSE-CAPITAL,05/09/2026,Being GST on NSDL - CDSL Charges - DBNOTE 202629828865,4.5,0.0,143604.29,CR
421201_8509005322622_20260907_1115779_SOFW.txt,NSE-CAPITAL,05/09/2026,Being EQ Upstream payout adjusted against JE 202635995986,35714.67,0.0,107889.62,CR
421201_8509005322622_20260907_1115779_SOFW.txt,NSE-CAPITAL,05/09/2026,Being EQ Upstream payout adjusted against JE 202636002815,16691.88,0.0,91197.74,CR
421201_8509005322622_20260907_1115779_SOFW.txt,NSE-CAPITAL,05/09/2026,Being EQ Upstream payout adjusted against JE 202636008719,0.0,16691.88,107889.62,CR
421201_8509005322622_20260907_1115779_SOFW.txt,NSE-CAPITAL,05/09/2026,Being EQ Upstream payout adjusted against JE 202636036825,0.0,35714.67,143604.29,CR
421201_8509005322622_20260907_1115779_SOFW.txt,NSE-CAPITAL,05/09/2026,EQ settl JE Interest on NSE MTF382484061 202636188994,73.35,0.0,143530.94,CR
421201_8509005322622_20260907_1115779_SOFW.txt,NSE-CAPITAL,05/09/2026,Being GST and MTF pledge Charges recovered 1321064 REPBNK 202645281316,0.0,59.0,143589.94,CR
421201_8509005322622_20260907_1115779_SOFW.txt,NSE-CAPITAL,05/09/2026,Being GST and MTF pledge Charges recovered 1321064 REPBNK 202645281806,0.0,59.0,143648.94,CR
421201_8509005322622_20260907_1115779_SOFW.txt,NSE-CAPITAL,05/09/2026,Interest recovered on NSE MTF INN 382484061 1321064 REPBNK 202645292816,0.0,73.35,143722.29,CR
BACKFILL_20260715_SOF.txt,MTF-MTF-TRADE,27/04/2026,MTF BILL FOR 2026077-M BILL DATE Apr 27 2026077 MBILL 202600000017,108740.0,0.0,108740.0,DR
BACKFILL_20260715_SOF.txt,MTF-MTF-TRADE,27/04/2026,2026 DBNOTE NSE Margin Payin 8503169324 202601997850,0.0,38634.9,70105.1,DR
BACKFILL_20260715_SOF.txt,MTF-MTF-TRADE,27/04/2026,6.BEING THE T DAY MTM TRF TO MTM DBNOTE 202602078510,228.99,0.0,70334.09,DR
BACKFILL_20260715_SOF.txt,MTF-MTF-TRADE,27/04/2026,8.BEING THE T DAY MTM TRF FROM CASH CMTM 202602078510,0.0,228.99,70105.1,DR
BACKFILL_20260715_SOF.txt,MTF-MTF-TRADE,27/04/2026,COLL LEDGER CPAYIN 11.MTF PAYIN 202602090976,0.0,38405.91,31699.19,DR
BACKFILL_20260715_SOF.txt,MTF-MTF-TRADE,27/04/2026,"27/04/2026 27-04-26 CPAYIN 11.MTF PAYIN 202602090976 0.00 38,405.91 31,699.19 DR DBNOTE 10.MTF PAYIN 202602090976",38405.91,0.0,70105.1,DR
BACKFILL_20260715_SOF.txt,MTF-MTF-TRADE,28/04/2026,MTF BILL FOR 2026078-M BILL DATE Apr 28 2026078 MBILL 202600000018,122147.6,0.0,192252.7,DR
BACKFILL_20260715_SOF.txt,MTF-MTF-TRADE,28/04/2026,2026 DBNOTE NSE Margin Payin 8503169324 202602137173,0.0,44726.26,147526.44,DR
BACKFILL_20260715_SOF.txt,MTF-MTF-TRADE,28/04/2026,"28/04/2026 28-04-26 DBNOTE NSE Margin Payin 8503169324 202602137173 0.00 44,726.26 147,526.44 DR CMTM 9.MTF MTM REV 202602216922",228.99,0.0,147755.43,DR
BACKFILL_20260715_SOF.txt,MTF-MTF-TRADE,28/04/2026,"28/04/2026 28-04-26 CMTM 9.MTF MTM REV 202602216922 228.99 0.00 147,755.43 DR DBNOTE 7.MTF MTM REV 202602216922",0.0,228.99,147526.44,DR
BACKFILL_20260715_SOF.txt,MTF-MTF-TRADE,28/04/2026,"28/04/2026 28-04-26 DBNOTE 7.MTF MTM REV 202602216922 0.00 228.99 147,526.44 DR DBNOTE 10.MTF PAYIN 202602221938",44726.26,0.0,192252.7,DR
BACKFILL_20260715_SOF.txt,MTF-MTF-TRADE,28/04/2026,"28/04/2026 28-04-26 DBNOTE 10.MTF PAYIN 202602221938 44,726.26 0.00 192,252.70 DR CPAYIN 11.MTF PAYIN 202602221938",0.0,44726.26,147526.44,DR
BACKFILL_20260715_SOF.txt,MTF-MTF-TRADE,28/04/2026,23.MTF CASH EXCESS REV AFTER PAYIN CPAYIN 202602257456,0.15,0.0,147526.59,DR
BACKFILL_20260715_SOF.txt,MTF-MTF-TRADE,28/04/2026,24.MTF CASH EXCESS REV AFTER PAYIN DBNOTE 202602257456,0.0,0.15,147526.44,DR
BACKFILL_20260715_SOF.txt,MTF-MTF-TRADE,29/04/2026,MTF BILL FOR 2026079-M BILL DATE Apr 29 2026079 MBILL 202600000019,148365.75,0.0,295892.19,DR
BACKFILL_20260715_SOF.txt,MTF-MTF-TRADE,29/04/2026,2026 DBNOTE NSE Margin Payin 8503169324 202602283689,0.0,36580.9,259311.29,DR
BACKFILL_20260715_SOF.txt,MTF-MTF-TRADE,29/04/2026,"29/04/2026 29-04-26 DBNOTE NSE Margin Payin 8503169324 202602283689 0.00 36,580.90 259,311.29 DR DBNOTE Being Margin Trf 8503169324 202602349697",304.0,0.0,259615.29,DR
BACKFILL_20260715_SOF.txt,MTF-MTF-TRADE,29/04/2026,"29/04/2026 29-04-26 DBNOTE Being Margin Trf 8503169324 202602349697 304.00 0.00 259,615.29 DR DBNOTE 10.MTF PAYIN 202602360682",36580.9,0.0,296196.19,DR
BACKFILL_20260715_SOF.txt,MTF-MTF-TRADE,29/04/2026,"29/04/2026 29-04-26 DBNOTE 10.MTF PAYIN 202602360682 36,580.90 0.00 296,196.19 DR CPAYIN 11.MTF PAYIN 202602360682",0.0,36580.9,259615.29,DR
BACKFILL_20260715_SOF.txt,MTF-MTF-TRADE,29/04/2026,23.MTF CASH EXCESS REV AFTER PAYIN CPAYIN 202602395931,118.61,0.0,259733.9,DR
BACKFILL_20260715_SOF.txt,MTF-MTF-TRADE,29/04/2026,24.MTF CASH EXCESS REV AFTER PAYIN DBNOTE 202602395931,0.0,118.61,259615.29,DR
BACKFILL_20260715_SOF.txt,MTF-MTF-TRADE,30/04/2026,POSITION CLOSE FOR BILL DATE Apr 30 2026 MBILL 202600000020,0.0,47143.0,212472.29,DR
BACKFILL_20260715_SOF.txt,MTF-MTF-TRADE,30/04/2026,"30/04/2026 30-04-26 MBILL 202600000020 0.00 47,143.00 212,472.29 DR DBNOTE NSE Margin Payout 8503169324 202602427598",14874.92,0.0,227347.21,DR
BACKFILL_20260715_SOF.txt,MTF-MTF-TRADE,30/04/2026,"30/04/2026 30-04-26 DBNOTE NSE Margin Payout 8503169324 202602427598 14,874.92 0.00 227,347.21 DR DBNOTE Being Margin Trf 8503169324 202602484297",0.0,23494.78,203852.43,DR
BACKFILL_20260715_SOF.txt,MTF-MTF-TRADE,30/04/2026,"30/04/2026 30-04-26 DBNOTE Being Margin Trf 8503169324 202602484297 0.00 23,494.78 203,852.43 DR DBNOTE 17.MTF SELL PAYIN 202602518400",0.0,11775.23,192077.2,DR
BACKFILL_20260715_SOF.txt,MTF-MTF-TRADE,30/04/2026,"30/04/2026 30-04-26 DBNOTE 17.MTF SELL PAYIN 202602518400 0.00 11,775.23 192,077.20 DR CPAYIN 21.MTF SELL PAYIN 202602518400",11775.23,0.0,203852.43,DR
BACKFILL_20260715_SOF.txt,MTF-MTF-TRADE,30/04/2026,24.MTF CASH EXCESS REV AFTER PAYIN DBNOTE 202602531033,0.0,0.09,203852.34,DR
BACKFILL_20260715_SOF.txt,MTF-MTF-TRADE,30/04/2026,23.MTF CASH EXCESS REV AFTER PAYIN CPAYIN 202602531033,0.09,0.0,203852.43,DR
BACKFILL_20260715_SOF.txt,MTF-MTF-TRADE,04/05/2026,POSITION CLOSE FOR BILL DATE May 4 2026 MBILL 202600000021,0.0,63298.0,140554.43,DR
BACKFILL_20260715_SOF.txt,MTF-MTF-TRADE,04/05/2026,MTF BILL FOR 2026081-M BILL DATE May 4 2026081 MBILL 202600000021,169300.7,0.0,309855.13,DR
BACKFILL_20260715_SOF.txt,MTF-MTF-TRADE,04/05/2026,2026 DBNOTE NSE Margin Payout 8503169324 202602565013,13278.25,0.0,323133.38,DR
BACKFILL_20260715_SOF.txt,MTF-MTF-TRADE,04/05/2026,"04/05/2026 04-05-26 DBNOTE NSE Margin Payout 8503169324 202602565013 13,278.25 0.00 323,133.38 DR DBNOTE Being Margin Trf 8503169324 202602631159",281.0,0.0,323414.38,DR
BACKFILL_20260715_SOF.txt,MTF-MTF-TRADE,04/05/2026,"04/05/2026 04-05-26 DBNOTE Being Margin Trf 8503169324 202602631159 281.00 0.00 323,414.38 DR DBNOTE 17.MTF SELL PAYIN 202602662869",0.0,24231.38,299183.0,DR
BACKFILL_20260715_SOF.txt,MTF-MTF-TRADE,04/05/2026,"04/05/2026 04-05-26 DBNOTE 17.MTF SELL PAYIN 202602662869 0.00 24,231.38 299,183.00 DR CPAYIN 21.MTF SELL PAYIN 202602662869",24231.38,0.0,323414.38,DR
BACKFILL_20260715_SOF.txt,MTF-MTF-TRADE,05/05/2026,MTF BILL FOR 2026082-M BILL DATE May 5 2026082 MBILL 202600000022,56207.9,0.0,379622.28,DR
BACKFILL_20260715_SOF.txt,MTF-MTF-TRADE,05/05/2026,POSITION CLOSE FOR BILL DATE May 5 2026 MBILL 202600000022,0.0,56894.25,322728.03,DR
BACKFILL_20260715_SOF.txt,MTF-MTF-TRADE,05/05/2026,"05/05/2026 05-05-26 MBILL 202600000022 0.00 56,894.25 322,728.03 DR DBNOTE NSE Margin Payout 8503169324 202602703116",21333.44,0.0,344061.47,DR
BACKFILL_20260715_SOF.txt,MTF-MTF-TRADE,05/05/2026,"05/05/2026 05-05-26 DBNOTE NSE Margin Payout 8503169324 202602703116 21,333.44 0.00 344,061.47 DR DBNOTE Being Margin Trf 8503169324 202602768666",0.0,53442.15,290619.32,DR
BACKFILL_20260715_SOF.txt,MTF-MTF-TRADE,05/05/2026,"05/05/2026 05-05-26 DBNOTE Being Margin Trf 8503169324 202602768666 0.00 53,442.15 290,619.32 DR DBNOTE 17.MTF SELL PAYIN 202602797996",0.0,10736.66,279882.66,DR
BACKFILL_20260715_SOF.txt,MTF-MTF-TRADE,05/05/2026,"05/05/2026 05-05-26 DBNOTE 17.MTF SELL PAYIN 202602797996 0.00 10,736.66 279,882.66 DR CPAYIN 21.MTF SELL PAYIN 202602797996",10736.66,0.0,290619.32,DR
BACKFILL_20260715_SOF.txt,MTF-MTF-TRADE,06/05/2026,POSITION CLOSE FOR BILL DATE May 6 2026 MBILL 202600000023,0.0,28196.2,262423.12,DR
BACKFILL_20260715_SOF.txt,MTF-MTF-TRADE,06/05/2026,MTF BILL FOR 2026083-M BILL DATE May 6 2026083 MBILL 202600000023,11743.2,0.0,274166.32,DR
BACKFILL_20260715_SOF.txt,MTF-MTF-TRADE,06/05/2026,2026 DBNOTE NSE Margin Payout 8503169324 202602831571,5819.11,0.0,279985.43,DR
BACKFILL_20260715_SOF.txt,MTF-MTF-TRADE,06/05/2026,"06/05/2026 06-05-26 DBNOTE NSE Margin Payout 8503169324 202602831571 5,819.11 0.00 279,985.43 DR DBNOTE Being Margin Trf 8503169324 202602914080",0.0,20957.6,259027.83,DR
BACKFILL_20260715_SOF.txt,MTF-MTF-TRADE,07/05/2026,POSITION CLOSE FOR BILL DATE May 7 2026 MBILL 202600000024,0.0,40078.0,218949.83,DR
BACKFILL_20260715_SOF.txt,MTF-MTF-TRADE,07/05/2026,MTF BILL FOR 2026084-M BILL DATE May 7 2026084 MBILL 202600000024,87937.01,0.0,306886.84,DR
BACKFILL_20260715_SOF.txt,MTF-MTF-TRADE,07/05/2026,2026 DBNOTE NSE Margin Payin 8503169324 202602975725,0.0,17658.71,289228.13,DR
BACKFILL_20260715_SOF.txt,MTF-MTF-TRADE,07/05/2026,"07/05/2026 07-05-26 DBNOTE NSE Margin Payin 8503169324 202602975725 0.00 17,658.71 289,228.13 DR DBNOTE Being Margin Trf 8503169324 202603059064",0.0,566.5,288661.63,DR
BACKFILL_20260715_SOF.txt,MTF-MTF-TRADE,07/05/2026,"07/05/2026 07-05-26 DBNOTE Being Margin Trf 8503169324 202603059064 0.00 566.50 288,661.63 DR DBNOTE 10.MTF PAYIN 202603067328",17658.71,0.0,306320.34,DR
BACKFILL_20260715_SOF.txt,MTF-MTF-TRADE,07/05/2026,"07/05/2026 07-05-26 DBNOTE 10.MTF PAYIN 202603067328 17,658.71 0.00 306,320.34 DR CPAYIN 11.MTF PAYIN 202603067328",0.0,17658.71,288661.63,DR
BACKFILL_20260715_SOF.txt,MTF-MTF-TRADE,07/05/2026,"07/05/2026 07-05-26 CPAYIN 11.MTF PAYIN 202603067328 0.00 17,658.71 288,661.63 DR DBNOTE 17.MTF SELL PAYIN 202603086479",0.0,8931.75,279729.88,DR
BACKFILL_20260715_SOF.txt,MTF-MTF-TRADE,07/05/2026,"07/05/2026 07-05-26 DBNOTE 17.MTF SELL PAYIN 202603086479 0.00 8,931.75 279,729.88 DR CPAYIN 21.MTF SELL PAYIN 202603086479",8931.75,0.0,288661.63,DR
BACKFILL_20260715_SOF.txt,MTF-MTF-TRADE,08/05/2026,MTF BILL FOR 2026085-M BILL DATE May 8 2026085 MBILL 202600000025,129785.15,0.0,418446.78,DR
BACKFILL_20260715_SOF.txt,MTF-MTF-TRADE,08/05/2026,POSITION CLOSE FOR BILL DATE May 8 2026 MBILL 202600000025,0.0,18818.9,399627.88,DR
BACKFILL_20260715_SOF.txt,MTF-MTF-TRADE,08/05/2026,"08/05/2026 08-05-26 MBILL 202600000025 0.00 18,818.90 399,627.88 DR DBNOTE NSE Margin Payout 8503169324 202603132338",14101.51,0.0,413729.39,DR
BACKFILL_20260715_SOF.txt,MTF-MTF-TRADE,08/05/2026,"08/05/2026 08-05-26 DBNOTE NSE Margin Payout 8503169324 202603132338 14,101.51 0.00 413,729.39 DR DBNOTE Being Margin Trf 8503169324 202603196869",1206.8,0.0,414936.19,DR
BACKFILL_20260715_SOF.txt,MTF-MTF-TRADE,08/05/2026,24.MTF CASH EXCESS REV AFTER PAYIN DBNOTE 202603248638,0.0,0.01,414936.18,DR
BACKFILL_20260715_SOF.txt,MTF-MTF-TRADE,08/05/2026,23.MTF CASH EXCESS REV AFTER PAYIN CPAYIN 202603248638,0.01,0.0,414936.19,DR
BACKFILL_20260715_SOF.txt,MTF-MTF-TRADE,11/05/2026,POSITION CLOSE FOR BILL DATE May 11 2026 MBILL 202600000026,0.0,78965.0,335971.19,DR
BACKFILL_20260715_SOF.txt,MTF-MTF-TRADE,11/05/2026,MTF BILL FOR 2026086-M BILL DATE May 11 2026086 MBILL 202600000026,124268.5,0.0,460239.69,DR
BACKFILL_20260715_SOF.txt,MTF-MTF-TRADE,11/05/2026,DBNOTE NSE Margin Payout 8503169324 202603281632,35563.91,0.0,495803.6,DR
BACKFILL_20260715_SOF.txt,MTF-MTF-TRADE,11/05/2026,"11/05/2026 11-05-26 DBNOTE NSE Margin Payout 8503169324 202603281632 35,563.91 0.00 495,803.60 DR DBNOTE Being Margin Trf 8503169324 202603356499",0.0,66808.93,428994.67,DR
BACKFILL_20260715_SOF.txt,MTF-MTF-TRADE,11/05/2026,"11/05/2026 11-05-26 DBNOTE Being Margin Trf 8503169324 202603356499 0.00 66,808.93 428,994.67 DR DBNOTE 17.MTF SELL PAYIN 202603395813",0.0,4568.32,424426.35,DR
BACKFILL_20260715_SOF.txt,MTF-MTF-TRADE,11/05/2026,"11/05/2026 11-05-26 DBNOTE 17.MTF SELL PAYIN 202603395813 0.00 4,568.32 424,426.35 DR CPAYIN 21.MTF SELL PAYIN 202603395813",4568.32,0.0,428994.67,DR
BACKFILL_20260715_SOF.txt,MTF-MTF-TRADE,12/05/2026,POSITION CLOSE FOR BILL DATE May 12 2026 MBILL 202600000027,0.0,533536.31,104541.64,CR
BACKFILL_20260715_SOF.txt,MTF-MTF-TRADE,12/05/2026,"12/05/2026 12-05-26 MBILL 202600000027 0.00 533,536.31 104,541.64 CR DBNOTE NSE Margin Payout 8503169324 202603456248",201782.38,0.0,97240.74,DR
BACKFILL_20260715_SOF.txt,MTF-MTF-TRADE,12/05/2026,"12/05/2026 12-05-26 DBNOTE NSE Margin Payout 8503169324 202603456248 201,782.38 0.00 97,240.74 DR DBNOTE Being Margin Trf 8503169324 202603531275",0.0,42737.78,54502.96,DR
BACKFILL_20260715_SOF.txt,MTF-MTF-TRADE,12/05/2026,"12/05/2026 12-05-26 DBNOTE Being Margin Trf 8503169324 202603531275 0.00 42,737.78 54,502.96 DR DBNOTE 17.MTF SELL PAYIN 202603576587",0.0,69281.6,14778.64,CR
BACKFILL_20260715_SOF.txt,MTF-MTF-TRADE,12/05/2026,"12/05/2026 12-05-26 DBNOTE 17.MTF SELL PAYIN 202603576587 0.00 69,281.60 14,778.64 CR CPAYIN 21.MTF SELL PAYIN 202603576587",69281.6,0.0,54502.96,DR
BACKFILL_20260715_SOF.txt,MTF-MTF-TRADE,13/05/2026,MTF BILL FOR 2026088-M BILL DATE May 13 2026088 MBILL 202600000028,128971.5,0.0,183474.46,DR
BACKFILL_20260715_SOF.txt,MTF-MTF-TRADE,13/05/2026,2026 DBNOTE NSE Margin Payin 8503169324 202603626811,0.0,76077.8,107396.66,DR
BACKFILL_20260715_SOF.txt,MTF-MTF-TRADE,13/05/2026,"13/05/2026 13-05-26 DBNOTE NSE Margin Payin 8503169324 202603626811 0.00 76,077.80 107,396.66 DR CPAYIN 11.MTF PAYIN 202603715854",0.0,72704.4,34692.26,DR
BACKFILL_20260715_SOF.txt,MTF-MTF-TRADE,13/05/2026,"13/05/2026 13-05-26 CPAYIN 11.MTF PAYIN 202603715854 0.00 72,704.40 34,692.26 DR DBNOTE 10.MTF PAYIN 202603715854",72704.4,0.0,107396.66,DR
BACKFILL_20260715_SOF.txt,MTF-MTF-TRADE,13/05/2026,8.BEING THE T DAY MTM TRF FROM CASH CMTM 202603729404,0.0,3373.4,104023.26,DR
BACKFILL_20260715_SOF.txt,MTF-MTF-TRADE,13/05/2026,6.BEING THE T DAY MTM TRF TO MTM DBNOTE 202603729404,3373.4,0.0,107396.66,DR
BACKFILL_20260715_SOF.txt,MTF-MTF-TRADE,14/05/2026,MTF BILL FOR 2026089-M BILL DATE May 14 2026089 MBILL 202600000029,24737.5,0.0,132134.16,DR
BACKFILL_20260715_SOF.txt,MTF-MTF-TRADE,14/05/2026,POSITION CLOSE FOR BILL DATE May 14 2026 MBILL 202600000029,0.0,16919.2,115214.96,DR
BACKFILL_20260715_SOF.txt,MTF-MTF-TRADE,14/05/2026,"14/05/2026 14-05-26 MBILL 202600000029 0.00 16,919.20 115,214.96 DR DBNOTE NSE Margin Payin 8503169324 202603786051",0.0,16504.42,98710.54,DR
BACKFILL_20260715_SOF.txt,MTF-MTF-TRADE,14/05/2026,"14/05/2026 14-05-26 DBNOTE NSE Margin Payin 8503169324 202603786051 0.00 16,504.42 98,710.54 DR DBNOTE Being Margin Trf 8503169324 202603868873",0.0,1054.8,97655.74,DR
BACKFILL_20260715_SOF.txt,MTF-MTF-TRADE,14/05/2026,8.BEING THE T DAY MTM TRF FROM CASH CMTM 202603880799,0.0,1853.95,95801.79,DR
BACKFILL_20260715_SOF.txt,MTF-MTF-TRADE,14/05/2026,6.BEING THE T DAY MTM TRF TO MTM DBNOTE 202603880799,1853.95,0.0,97655.74,DR
BACKFILL_20260715_SOF.txt,MTF-MTF-TRADE,14/05/2026,LEDGER CMTM 9.MTF MTM REV 202603881375,3373.4,0.0,101029.14,DR
BACKFILL_20260715_SOF.txt,MTF-MTF-TRADE,14/05/2026,"14/05/2026 14-05-26 CMTM 9.MTF MTM REV 202603881375 3,373.40 0.00 101,029.14 DR DBNOTE 7.MTF MTM REV 202603881375",0.0,3373.4,97655.74,DR
BACKFILL_20260715_SOF.txt,MTF-MTF-TRADE,14/05/2026,"14/05/2026 14-05-26 DBNOTE 7.MTF MTM REV 202603881375 0.00 3,373.40 97,655.74 DR DBNOTE 10.MTF PAYIN 202603884304",16504.42,0.0,114160.16,DR
BACKFILL_20260715_SOF.txt,MTF-MTF-TRADE,14/05/2026,"14/05/2026 14-05-26 DBNOTE 10.MTF PAYIN 202603884304 16,504.42 0.00 114,160.16 DR CPAYIN 11.MTF PAYIN 202603884304",0.0,16504.42,97655.74,DR
BACKFILL_20260715_SOF.txt,MTF-MTF-TRADE,14/05/2026,24.MTF CASH EXCESS REV AFTER PAYIN DBNOTE 202603925797,0.0,18080.43,79575.31,DR
BACKFILL_20260715_SOF.txt,MTF-MTF-TRADE,14/05/2026,23.MTF CASH EXCESS REV AFTER PAYIN CPAYIN 202603925797,18080.43,0.0,97655.74,DR
BACKFILL_20260715_SOF.txt,MTF-MTF-TRADE,15/05/2026,MTF BILL FOR 2026090-M BILL DATE May 15 2026090 MBILL 202600000030,16228.0,0.0,113883.74,DR
BACKFILL_20260715_SOF.txt,MTF-MTF-TRADE,15/05/2026,2026 DBNOTE NSE Margin Payin 8503169324 202603953193,0.0,8519.7,105364.04,DR
BACKFILL_20260715_SOF.txt,MTF-MTF-TRADE,15/05/2026,"15/05/2026 15-05-26 DBNOTE NSE Margin Payin 8503169324 202603953193 0.00 8,519.70 105,364.04 DR DBNOTE 7.MTF MTM REV 202604032008",0.0,1853.95,103510.09,DR
BACKFILL_20260715_SOF.txt,MTF-MTF-TRADE,15/05/2026,"15/05/2026 15-05-26 DBNOTE 7.MTF MTM REV 202604032008 0.00 1,853.95 103,510.09 DR CMTM 9.MTF MTM REV 202604032008",1853.95,0.0,105364.04,DR
BACKFILL_20260715_SOF.txt,MTF-MTF-TRADE,15/05/2026,"15/05/2026 15-05-26 CMTM 9.MTF MTM REV 202604032008 1,853.95 0.00 105,364.04 DR DBNOTE 10.MTF PAYIN 202604043034",8519.7,0.0,113883.74,DR
BACKFILL_20260715_SOF.txt,MTF-MTF-TRADE,15/05/2026,"15/05/2026 15-05-26 DBNOTE 10.MTF PAYIN 202604043034 8,519.70 0.00 113,883.74 DR CPAYIN 11.MTF PAYIN 202604043034",0.0,8519.7,105364.04,DR
BACKFILL_20260715_SOF.txt,MTF-MTF-TRADE,15/05/2026,23.MTF CASH EXCESS REV AFTER PAYIN CPAYIN 202604068978,0.05,0.0,105364.09,DR
BACKFILL_20260715_SOF.txt,MTF-MTF-TRADE,15/05/2026,24.MTF CASH EXCESS REV AFTER PAYIN DBNOTE 202604068978,0.0,0.05,105364.04,DR
BACKFILL_20260715_SOF.txt,MTF-MTF-TRADE,18/05/2026,MTF BILL FOR 2026091-M BILL DATE May 18 2026091 MBILL 202600000031,11801.25,0.0,117165.29,DR
BACKFILL_20260715_SOF.txt,MTF-MTF-TRADE,18/05/2026,POSITION CLOSE FOR BILL DATE May 18 2026 MBILL 202600000031,0.0,134955.35,17790.06,CR
BACKFILL_20260715_SOF.txt,MTF-MTF-TRADE,18/05/2026,"18/05/2026 18-05-26 MBILL 202600000031 0.00 134,955.35 17,790.06 CR DBNOTE NSE Margin Payout 8503169324 202604091312",96708.37,0.0,78918.31,DR
BACKFILL_20260715_SOF.txt,MTF-MTF-TRADE,18/05/2026,"18/05/2026 18-05-26 DBNOTE NSE Margin Payout 8503169324 202604091312 96,708.37 0.00 78,918.31 DR DBNOTE Being Margin Trf 8503169324 202604181618",4134.6,0.0,83052.91,DR
BACKFILL_20260715_SOF.txt,MTF-MTF-TRADE,18/05/2026,DBNOTE 17.MTF SELL PAYIN 202604217289,0.0,41581.75,41471.16,DR
BACKFILL_20260715_SOF.txt,MTF-MTF-TRADE,18/05/2026,"18/05/2026 18-05-26 DBNOTE 17.MTF SELL PAYIN 202604217289 0.00 41,581.75 41,471.16 DR CPAYIN 21.MTF SELL PAYIN 202604217289",41581.75,0.0,83052.91,DR
BACKFILL_20260715_SOF.txt,MTF-MTF-TRADE,18/05/2026,23.MTF CASH EXCESS REV AFTER PAYIN CPAYIN 202604237607,277.73,0.0,83330.64,DR
BACKFILL_20260715_SOF.txt,MTF-MTF-TRADE,18/05/2026,24.MTF CASH EXCESS REV AFTER PAYIN DBNOTE 202604237607,0.0,277.73,83052.91,DR
BACKFILL_20260715_SOF.txt,MTF-MTF-TRADE,19/05/2026,MTF BILL FOR 2026092-M BILL DATE May 19 2026092 MBILL 202600000032,24017.4,0.0,107070.31,DR
BACKFILL_20260715_SOF.txt,MTF-MTF-TRADE,19/05/2026,2026 DBNOTE NSE Margin Payin 8503169324 202604263758,0.0,12609.13,94461.18,DR
BACKFILL_20260715_SOF.txt,MTF-MTF-TRADE,19/05/2026,"19/05/2026 19-05-26 DBNOTE NSE Margin Payin 8503169324 202604263758 0.00 12,609.13 94,461.18 DR DBNOTE Being Margin Trf 8503169324 202604321135",0.0,41179.11,53282.07,DR
BACKFILL_20260715_SOF.txt,MTF-MTF-TRADE,19/05/2026,"19/05/2026 19-05-26 DBNOTE Being Margin Trf 8503169324 202604321135 0.00 41,179.11 53,282.07 DR CPAYIN 11.MTF PAYIN 202604336257",0.0,12609.13,40672.94,DR
BACKFILL_20260715_SOF.txt,MTF-MTF-TRADE,19/05/2026,"19/05/2026 19-05-26 CPAYIN 11.MTF PAYIN 202604336257 0.00 12,609.13 40,672.94 DR DBNOTE 10.MTF PAYIN 202604336257",12609.13,0.0,53282.07,DR
BACKFILL_20260715_SOF.txt,MTF-MTF-TRADE,20/05/2026,MTF BILL FOR 2026093-M BILL DATE May 20 2026093 MBILL 202600000033,315858.05,0.0,369140.12,DR
BACKFILL_20260715_SOF.txt,MTF-MTF-TRADE,20/05/2026,POSITION CLOSE FOR BILL DATE May 20 2026 MBILL 202600000033,0.0,17876.0,351264.12,DR
BACKFILL_20260715_SOF.txt,MTF-MTF-TRADE,20/05/2026,"20/05/2026 20-05-26 MBILL 202600000033 0.00 17,876.00 351,264.12 DR DBNOTE NSE Margin Payin 8503169324 202604396785",0.0,146210.65,205053.47,DR
BACKFILL_20260715_SOF.txt,MTF-MTF-TRADE,20/05/2026,"20/05/2026 20-05-26 DBNOTE NSE Margin Payin 8503169324 202604396785 0.00 146,210.65 205,053.47 DR DBNOTE Being Margin Trf 8503169324 202604450138",364.3,0.0,205417.77,DR
BACKFILL_20260715_SOF.txt,MTF-MTF-TRADE,20/05/2026,"20/05/2026 20-05-26 DBNOTE Being Margin Trf 8503169324 202604450138 364.30 0.00 205,417.77 DR DBNOTE 10.MTF PAYIN 202604469720",146210.65,0.0,351628.42,DR
BACKFILL_20260715_SOF.txt,MTF-MTF-TRADE,20/05/2026,"20/05/2026 20-05-26 DBNOTE 10.MTF PAYIN 202604469720 146,210.65 0.00 351,628.42 DR CPAYIN 11.MTF PAYIN 202604469720",0.0,146210.65,205417.77,DR
BACKFILL_20260715_SOF.txt,MTF-MTF-TRADE,20/05/2026,"20/05/2026 20-05-26 CPAYIN 11.MTF PAYIN 202604469720 0.00 146,210.65 205,417.77 DR DBNOTE 17.MTF SELL PAYIN 202604478147",0.0,6529.83,198887.94,DR
BACKFILL_20260715_SOF.txt,MTF-MTF-TRADE,20/05/2026,"20/05/2026 20-05-26 DBNOTE 17.MTF SELL PAYIN 202604478147 0.00 6,529.83 198,887.94 DR CPAYIN 21.MTF SELL PAYIN 202604478147",6529.83,0.0,205417.77,DR
BACKFILL_20260715_SOF.txt,MTF-MTF-TRADE,20/05/2026,24.MTF CASH EXCESS REV AFTER PAYIN DBNOTE 202604493698,0.0,0.01,205417.76,DR
BACKFILL_20260715_SOF.txt,MTF-MTF-TRADE,20/05/2026,23.MTF CASH EXCESS REV AFTER PAYIN CPAYIN 202604493698,0.01,0.0,205417.77,DR
BACKFILL_20260715_SOF.txt,MTF-MTF-TRADE,21/05/2026,MTF BILL FOR 2026094-M BILL DATE May 21 2026094 MBILL 202600000034,321493.03,0.0,526910.8,DR
BACKFILL_20260715_SOF.txt,MTF-MTF-TRADE,21/05/2026,POSITION CLOSE FOR BILL DATE May 21 2026 MBILL 202600000034,0.0,66515.9,460394.9,DR
BACKFILL_20260715_SOF.txt,MTF-MTF-TRADE,21/05/2026,"21/05/2026 21-05-26 MBILL 202600000034 0.00 66,515.90 460,394.90 DR DBNOTE NSE Margin Payin 8503169324 202604518125",0.0,59849.17,400545.73,DR
BACKFILL_20260715_SOF.txt,MTF-MTF-TRADE,21/05/2026,"21/05/2026 21-05-26 DBNOTE NSE Margin Payin 8503169324 202604518125 0.00 59,849.17 400,545.73 DR DBNOTE Being Margin Trf 8503169324 202604576289",753.75,0.0,401299.48,DR
BACKFILL_20260715_SOF.txt,MTF-MTF-TRADE,21/05/2026,"21/05/2026 21-05-26 DBNOTE Being Margin Trf 8503169324 202604576289 753.75 0.00 401,299.48 DR CPAYIN 11.MTF PAYIN 202604590758",0.0,59849.17,341450.31,DR
BACKFILL_20260715_SOF.txt,MTF-MTF-TRADE,21/05/2026,"21/05/2026 21-05-26 CPAYIN 11.MTF PAYIN 202604590758 0.00 59,849.17 341,450.31 DR DBNOTE 10.MTF PAYIN 202604590758",59849.17,0.0,401299.48,DR
BACKFILL_20260715_SOF.txt,MTF-MTF-TRADE,21/05/2026,"21/05/2026 21-05-26 DBNOTE 10.MTF PAYIN 202604590758 59,849.17 0.00 401,299.48 DR CPAYIN 21.MTF SELL PAYIN 202604598065",34029.45,0.0,435328.93,DR
BACKFILL_20260715_SOF.txt,MTF-MTF-TRADE,21/05/2026,"21/05/2026 21-05-26 CPAYIN 21.MTF SELL PAYIN 202604598065 34,029.45 0.00 435,328.93 DR DBNOTE 17.MTF SELL PAYIN 202604598065",0.0,34029.45,401299.48,DR
BACKFILL_20260715_SOF.txt,MTF-MTF-TRADE,21/05/2026,24.MTF CASH EXCESS REV AFTER PAYIN DBNOTE 202604614397,0.0,0.05,401299.43,DR
BACKFILL_20260715_SOF.txt,MTF-MTF-TRADE,21/05/2026,23.MTF CASH EXCESS REV AFTER PAYIN CPAYIN 202604614397,0.05,0.0,401299.48,DR
BACKFILL_20260715_SOF.txt,MTF-MTF-TRADE,22/05/2026,MTF BILL FOR 2026095-M BILL DATE May 22 2026095 MBILL 202600000035,112215.0,0.0,513514.48,DR
BACKFILL_20260715_SOF.txt,MTF-MTF-TRADE,22/05/2026,POSITION CLOSE FOR BILL DATE May 22 2026 MBILL 202600000035,0.0,45514.05,468000.43,DR
BACKFILL_20260715_SOF.txt,MTF-MTF-TRADE,22/05/2026,"22/05/2026 22-05-26 MBILL 202600000035 0.00 45,514.05 468,000.43 DR DBNOTE NSE Margin Payin 8503169324 202604639336",0.0,11690.94,456309.49,DR
BACKFILL_20260715_SOF.txt,MTF-MTF-TRADE,22/05/2026,"22/05/2026 22-05-26 DBNOTE NSE Margin Payin 8503169324 202604639336 0.00 11,690.94 456,309.49 DR DBNOTE Being Margin Trf 8503169324 202604697734",0.0,44459.39,411850.1,DR
BACKFILL_20260715_SOF.txt,MTF-MTF-TRADE,22/05/2026,"22/05/2026 22-05-26 DBNOTE Being Margin Trf 8503169324 202604697734 0.00 44,459.39 411,850.10 DR CPAYIN 11.MTF PAYIN 202604710532",0.0,11690.94,400159.16,DR
BACKFILL_20260715_SOF.txt,MTF-MTF-TRADE,22/05/2026,"22/05/2026 22-05-26 CPAYIN 11.MTF PAYIN 202604710532 0.00 11,690.94 400,159.16 DR DBNOTE 10.MTF PAYIN 202604710532",11690.94,0.0,411850.1,DR
BACKFILL_20260715_SOF.txt,MTF-MTF-TRADE,22/05/2026,"22/05/2026 22-05-26 DBNOTE 10.MTF PAYIN 202604710532 11,690.94 0.00 411,850.10 DR DBNOTE 17.MTF SELL PAYIN 202604719256",0.0,19491.02,392359.08,DR
BACKFILL_20260715_SOF.txt,MTF-MTF-TRADE,22/05/2026,"22/05/2026 22-05-26 DBNOTE 17.MTF SELL PAYIN 202604719256 0.00 19,491.02 392,359.08 DR CPAYIN 21.MTF SELL PAYIN 202604719256",19491.02,0.0,411850.1,DR
BACKFILL_20260715_SOF.txt,MTF-MTF-TRADE,22/05/2026,23.MTF CASH EXCESS REV AFTER PAYIN CPAYIN 202604734003,0.1,0.0,411850.2,DR
BACKFILL_20260715_SOF.txt,MTF-MTF-TRADE,22/05/2026,24.MTF CASH EXCESS REV AFTER PAYIN DBNOTE 202604734003,0.0,0.1,411850.1,DR
BACKFILL_20260715_SOF.txt,MTF-MTF-TRADE,25/05/2026,MTF BILL FOR 2026096-M BILL DATE May 25 2026096 MBILL 202600000036,81767.0,0.0,493617.1,DR
BACKFILL_20260715_SOF.txt,MTF-MTF-TRADE,25/05/2026,POSITION CLOSE FOR BILL DATE May 25 2026 MBILL 202600000036,0.0,44583.19,449033.91,DR
BACKFILL_20260715_SOF.txt,MTF-MTF-TRADE,25/05/2026,"25/05/2026 25-05-26 MBILL 202600000036 0.00 44,583.19 449,033.91 DR DBNOTE NSE Margin Payin 8503169324 202604746864",0.0,13092.67,435941.24,DR
BACKFILL_20260715_SOF.txt,MTF-MTF-TRADE,25/05/2026,"25/05/2026 25-05-26 DBNOTE NSE Margin Payin 8503169324 202604746864 0.00 13,092.67 435,941.24 DR DBNOTE Being Margin Trf 8503169324 202604825168",0.0,5807.35,430133.89,DR
BACKFILL_20260715_SOF.txt,MTF-MTF-TRADE,25/05/2026,"25/05/2026 25-05-26 DBNOTE Being Margin Trf 8503169324 202604825168 0.00 5,807.35 430,133.89 DR DBNOTE 10.MTF PAYIN 202604844678",13092.67,0.0,443226.56,DR
BACKFILL_20260715_SOF.txt,MTF-MTF-TRADE,25/05/2026,"25/05/2026 25-05-26 DBNOTE 10.MTF PAYIN 202604844678 13,092.67 0.00 443,226.56 DR CPAYIN 11.MTF PAYIN 202604844678",0.0,13092.67,430133.89,DR
BACKFILL_20260715_SOF.txt,MTF-MTF-TRADE,25/05/2026,"25/05/2026 25-05-26 CPAYIN 11.MTF PAYIN 202604844678 0.00 13,092.67 430,133.89 DR CPAYIN 21.MTF SELL PAYIN 202604855099",17928.63,0.0,448062.52,DR
BACKFILL_20260715_SOF.txt,MTF-MTF-TRADE,25/05/2026,"25/05/2026 25-05-26 CPAYIN 21.MTF SELL PAYIN 202604855099 17,928.63 0.00 448,062.52 DR DBNOTE 17.MTF SELL PAYIN 202604855099",0.0,17928.63,430133.89,DR
BACKFILL_20260715_SOF.txt,MTF-MTF-TRADE,25/05/2026,23.MTF CASH EXCESS REV AFTER PAYIN CPAYIN 202604873566,0.06,0.0,430133.95,DR
BACKFILL_20260715_SOF.txt,MTF-MTF-TRADE,25/05/2026,24.MTF CASH EXCESS REV AFTER PAYIN DBNOTE 202604873566,0.0,0.06,430133.89,DR
BACKFILL_20260715_SOF.txt,MTF-MTF-TRADE,26/05/2026,POSITION CLOSE FOR BILL DATE May 26 2026 MBILL 202600000037,0.0,33059.4,397074.49,DR
BACKFILL_20260715_SOF.txt,MTF-MTF-TRADE,26/05/2026,POSITION CLOSE FOR BILL DATE May 26 2026 MBILL 202600000037,0.0,157687.72,239386.77,DR
BACKFILL_20260715_SOF.txt,MTF-MTF-TRADE,26/05/2026,MTF BILL FOR 2026097-M BILL DATE May 26 2026097 MBILL 202600000037,90639.95,0.0,330026.72,DR
BACKFILL_20260715_SOF.txt,MTF-MTF-TRADE,26/05/2026,2026 DBNOTE NSE Margin Payout 8503169324 202604895384,46984.79,0.0,377011.51,DR
BACKFILL_20260715_SOF.txt,MTF-MTF-TRADE,26/05/2026,"26/05/2026 26-05-26 DBNOTE NSE Margin Payout 8503169324 202604895384 46,984.79 0.00 377,011.51 DR DBNOTE Being Margin Trf 8503169324 202604959651",929.85,0.0,377941.36,DR
BACKFILL_20260715_SOF.txt,MTF-MTF-TRADE,26/05/2026,"26/05/2026 26-05-26 DBNOTE Being Margin Trf 8503169324 202604959651 929.85 0.00 377,941.36 DR CPAYIN 21.MTF SELL PAYIN 202604985945",37302.14,0.0,415243.5,DR
BACKFILL_20260715_SOF.txt,MTF-MTF-TRADE,26/05/2026,"26/05/2026 26-05-26 CPAYIN 21.MTF SELL PAYIN 202604985945 37,302.14 0.00 415,243.50 DR DBNOTE 17.MTF SELL PAYIN 202604985945",0.0,37302.14,377941.36,DR
BACKFILL_20260715_SOF.txt,MTF-MTF-TRADE,26/05/2026,24.MTF CASH EXCESS REV AFTER PAYIN DBNOTE 202605002235,0.0,0.06,377941.3,DR
BACKFILL_20260715_SOF.txt,MTF-MTF-TRADE,26/05/2026,23.MTF CASH EXCESS REV AFTER PAYIN CPAYIN 202605002235,0.06,0.0,377941.36,DR
BACKFILL_20260715_SOF.txt,MTF-MTF-TRADE,27/05/2026,POSITION CLOSE FOR BILL DATE May 27 2026 MBILL 202600000038,0.0,82211.21,295730.15,DR
BACKFILL_20260715_SOF.txt,MTF-MTF-TRADE,27/05/2026,MTF BILL FOR 2026098-M BILL DATE May 27 2026098 MBILL 202600000038,113869.5,0.0,409599.65,DR
BACKFILL_20260715_SOF.txt,MTF-MTF-TRADE,27/05/2026,2026 DBNOTE NSE Margin Payin 8503169324 202605025971,0.0,5701.01,403898.64,DR
BACKFILL_20260715_SOF.txt,MTF-MTF-TRADE,27/05/2026,"27/05/2026 27-05-26 DBNOTE NSE Margin Payin 8503169324 202605025971 0.00 5,701.01 403,898.64 DR DBNOTE Being Margin Trf 8503169324 202605096339",0.0,21775.71,382122.93,DR
BACKFILL_20260715_SOF.txt,MTF-MTF-TRADE,27/05/2026,"27/05/2026 27-05-26 DBNOTE Being Margin Trf 8503169324 202605096339 0.00 21,775.71 382,122.93 DR DBNOTE 10.MTF PAYIN 202605112562",5701.01,0.0,387823.94,DR
BACKFILL_20260715_SOF.txt,MTF-MTF-TRADE,27/05/2026,"27/05/2026 27-05-26 DBNOTE 10.MTF PAYIN 202605112562 5,701.01 0.00 387,823.94 DR CPAYIN 11.MTF PAYIN 202605112562",0.0,5701.01,382122.93,DR
BACKFILL_20260715_SOF.txt,MTF-MTF-TRADE,27/05/2026,"27/05/2026 27-05-26 CPAYIN 11.MTF PAYIN 202605112562 0.00 5,701.01 382,122.93 DR DBNOTE 17.MTF SELL PAYIN 202605123920",0.0,19155.07,362967.86,DR
BACKFILL_20260715_SOF.txt,MTF-MTF-TRADE,27/05/2026,"27/05/2026 27-05-26 DBNOTE 17.MTF SELL PAYIN 202605123920 0.00 19,155.07 362,967.86 DR CPAYIN 21.MTF SELL PAYIN 202605123920",19155.07,0.0,382122.93,DR
BACKFILL_20260715_SOF.txt,MTF-MTF-TRADE,29/05/2026,MTF BILL FOR 2026099-M BILL DATE May 29 2026099 MBILL 202600000039,306152.1,0.0,688275.03,DR
BACKFILL_20260715_SOF.txt,MTF-MTF-TRADE,29/05/2026,POSITION CLOSE FOR BILL DATE May 29 2026 MBILL 202600000039,0.0,15089.12,673185.91,DR
BACKFILL_20260715_SOF.txt,MTF-MTF-TRADE,29/05/2026,POSITION CLOSE FOR BILL DATE May 29 2026 MBILL 202600000039,0.0,115128.54,558057.37,DR
BACKFILL_20260715_SOF.txt,MTF-MTF-TRADE,29/05/2026,"29/05/2026 29-05-26 MBILL 202600000039 0.00 115,128.54 558,057.37 DR DBNOTE NSE Margin Payout 8503169324 202605169398",14511.51,0.0,572568.88,DR
BACKFILL_20260715_SOF.txt,MTF-MTF-TRADE,29/05/2026,"29/05/2026 29-05-26 DBNOTE NSE Margin Payout 8503169324 202605169398 14,511.51 0.00 572,568.88 DR DBNOTE Being Margin Trf 8503169324 202605253542",0.0,1102.48,571466.4,DR
BACKFILL_20260715_SOF.txt,MTF-MTF-TRADE,29/05/2026,"29/05/2026 29-05-26 DBNOTE Being Margin Trf 8503169324 202605253542 0.00 1,102.48 571,466.40 DR CPAYIN 21.MTF SELL PAYIN 202605291060",21650.16,0.0,593116.56,DR
BACKFILL_20260715_SOF.txt,MTF-MTF-TRADE,29/05/2026,"29/05/2026 29-05-26 CPAYIN 21.MTF SELL PAYIN 202605291060 21,650.16 0.00 593,116.56 DR DBNOTE 17.MTF SELL PAYIN 202605291060",0.0,21650.16,571466.4,DR
BACKFILL_20260715_SOF.txt,MTF-MTF-TRADE,29/05/2026,24.MTF CASH EXCESS REV AFTER PAYIN DBNOTE 202605307224,0.0,0.11,571466.29,DR
BACKFILL_20260715_SOF.txt,MTF-MTF-TRADE,29/05/2026,23.MTF CASH EXCESS REV AFTER PAYIN CPAYIN 202605307224,0.11,0.0,571466.4,DR
BACKFILL_20260715_SOF.txt,MTF-MTF-TRADE,01/06/2026,MTF BILL FOR 2026100-M BILL DATE Jun 1 2026100 MBILL 202600000040,31104.7,0.0,602571.1,DR
BACKFILL_20260715_SOF.txt,MTF-MTF-TRADE,01/06/2026,POSITION CLOSE FOR BILL DATE Jun 1 2026 MBILL 202600000040,0.0,30767.0,571804.1,DR
BACKFILL_20260715_SOF.txt,MTF-MTF-TRADE,01/06/2026,POSITION CLOSE FOR BILL DATE Jun 1 2026 MBILL 202600000040,0.0,153924.71,417879.39,DR
BACKFILL_20260715_SOF.txt,MTF-MTF-TRADE,01/06/2026,DBNOTE NSE Margin Payout 8503169324 202605345310,139076.59,0.0,556955.98,DR
BACKFILL_20260715_SOF.txt,MTF-MTF-TRADE,01/06/2026,"01/06/2026 01-06-26 DBNOTE NSE Margin Payout 8503169324 202605345310 139,076.59 0.00 556,955.98 DR DBNOTE Being Margin Trf 8503169324 202605428211",0.0,121712.51,435243.47,DR
BACKFILL_20260715_SOF.txt,MTF-MTF-TRADE,01/06/2026,"01/06/2026 01-06-26 DBNOTE Being Margin Trf 8503169324 202605428211 0.00 121,712.51 435,243.47 DR DBNOTE 17.MTF SELL PAYIN 202605459958",0.0,45271.68,389971.79,DR
BACKFILL_20260715_SOF.txt,MTF-MTF-TRADE,01/06/2026,"01/06/2026 01-06-26 DBNOTE 17.MTF SELL PAYIN 202605459958 0.00 45,271.68 389,971.79 DR CPAYIN 21.MTF SELL PAYIN 202605459958",45271.68,0.0,435243.47,DR
BACKFILL_20260715_SOF.txt,MTF-MTF-TRADE,02/06/2026,MTF BILL FOR 2026101-M BILL DATE Jun 2 2026101 MBILL 202600000041,211758.0,0.0,647001.47,DR
BACKFILL_20260715_SOF.txt,MTF-MTF-TRADE,02/06/2026,POSITION CLOSE FOR BILL DATE Jun 2 2026 MBILL 202600000041,0.0,100387.1,546614.37,DR
BACKFILL_20260715_SOF.txt,MTF-MTF-TRADE,02/06/2026,"02/06/2026 02-06-26 MBILL 202600000041 0.00 100,387.10 546,614.37 DR DBNOTE NSE Margin Payin 8503169324 202605499771",0.0,40682.99,505931.38,DR
BACKFILL_20260715_SOF.txt,MTF-MTF-TRADE,02/06/2026,"02/06/2026 02-06-26 DBNOTE NSE Margin Payin 8503169324 202605499771 0.00 40,682.99 505,931.38 DR DBNOTE Being Margin Trf 8503169324 202605584792",0.0,18334.53,487596.85,DR
BACKFILL_20260715_SOF.txt,MTF-MTF-TRADE,02/06/2026,"02/06/2026 02-06-26 DBNOTE Being Margin Trf 8503169324 202605584792 0.00 18,334.53 487,596.85 DR DBNOTE 10.MTF PAYIN 202605610849",40682.99,0.0,528279.84,DR
BACKFILL_20260715_SOF.txt,MTF-MTF-TRADE,02/06/2026,"02/06/2026 02-06-26 DBNOTE 10.MTF PAYIN 202605610849 40,682.99 0.00 528,279.84 DR CPAYIN 11.MTF PAYIN 202605610849",0.0,40682.99,487596.85,DR
BACKFILL_20260715_SOF.txt,MTF-MTF-TRADE,02/06/2026,"02/06/2026 02-06-26 CPAYIN 11.MTF PAYIN 202605610849 0.00 40,682.99 487,596.85 DR DBNOTE 17.MTF SELL PAYIN 202605621135",0.0,21273.23,466323.62,DR
BACKFILL_20260715_SOF.txt,MTF-MTF-TRADE,02/06/2026,"02/06/2026 02-06-26 DBNOTE 17.MTF SELL PAYIN 202605621135 0.00 21,273.23 466,323.62 DR CPAYIN 21.MTF SELL PAYIN 202605621135",21273.23,0.0,487596.85,DR
BACKFILL_20260715_SOF.txt,MTF-MTF-TRADE,03/06/2026,POSITION CLOSE FOR BILL DATE Jun 3 2026 MBILL 202600000042,0.0,299794.97,187801.88,DR
BACKFILL_20260715_SOF.txt,MTF-MTF-TRADE,03/06/2026,MTF BILL FOR 2026102-M BILL DATE Jun 3 2026102 MBILL 202600000042,108443.03,0.0,296244.91,DR
BACKFILL_20260715_SOF.txt,MTF-MTF-TRADE,03/06/2026,2026 DBNOTE NSE Margin Payout 8503169324 202605669443,131717.78,0.0,427962.69,DR
BACKFILL_20260715_SOF.txt,MTF-MTF-TRADE,03/06/2026,"03/06/2026 03-06-26 DBNOTE NSE Margin Payout 8503169324 202605669443 131,717.78 0.00 427,962.69 DR DBNOTE Being Margin Trf 8503169324 202605731551",72.09,0.0,428034.78,DR
BACKFILL_20260715_SOF.txt,MTF-MTF-TRADE,03/06/2026,"03/06/2026 03-06-26 DBNOTE Being Margin Trf 8503169324 202605731551 72.09 0.00 428,034.78 DR CPAYIN 21.MTF SELL PAYIN 202605763654",47640.48,0.0,475675.26,DR
BACKFILL_20260715_SOF.txt,MTF-MTF-TRADE,03/06/2026,"03/06/2026 03-06-26 CPAYIN 21.MTF SELL PAYIN 202605763654 47,640.48 0.00 475,675.26 DR DBNOTE 17.MTF SELL PAYIN 202605763654",0.0,47640.48,428034.78,DR
BACKFILL_20260715_SOF.txt,MTF-MTF-TRADE,03/06/2026,23.MTF CASH EXCESS REV AFTER PAYIN CPAYIN 202605775416,0.09,0.0,428034.87,DR
BACKFILL_20260715_SOF.txt,MTF-MTF-TRADE,03/06/2026,24.MTF CASH EXCESS REV AFTER PAYIN DBNOTE 202605775416,0.0,0.09,428034.78,DR
BACKFILL_20260715_SOF.txt,MTF-MTF-TRADE,04/06/2026,MTF BILL FOR 2026103-M BILL DATE Jun 4 2026103 MBILL 202600000043,255001.05,0.0,683035.83,DR
BACKFILL_20260715_SOF.txt,MTF-MTF-TRADE,04/06/2026,POSITION CLOSE FOR BILL DATE Jun 4 2026 MBILL 202600000043,0.0,22825.0,660210.83,DR
BACKFILL_20260715_SOF.txt,MTF-MTF-TRADE,04/06/2026,"04/06/2026 04-06-26 MBILL 202600000043 0.00 22,825.00 660,210.83 DR DBNOTE NSE Margin Payin 8503169324 202605801123",0.0,126199.71,534011.12,DR
BACKFILL_20260715_SOF.txt,MTF-MTF-TRADE,04/06/2026,"04/06/2026 04-06-26 DBNOTE NSE Margin Payin 8503169324 202605801123 0.00 126,199.71 534,011.12 DR DBNOTE Being Margin Trf 8503169324 202605871682",0.0,45793.89,488217.23,DR
BACKFILL_20260715_SOF.txt,MTF-MTF-TRADE,04/06/2026,"04/06/2026 04-06-26 DBNOTE Being Margin Trf 8503169324 202605871682 0.00 45,793.89 488,217.23 DR DBNOTE 10.MTF PAYIN 202605891868",126199.71,0.0,614416.94,DR
BACKFILL_20260715_SOF.txt,MTF-MTF-TRADE,04/06/2026,"04/06/2026 04-06-26 DBNOTE 10.MTF PAYIN 202605891868 126,199.71 0.00 614,416.94 DR CPAYIN 11.MTF PAYIN 202605891868",0.0,126199.71,488217.23,DR
BACKFILL_20260715_SOF.txt,MTF-MTF-TRADE,05/06/2026,POSITION CLOSE FOR BILL DATE Jun 5 2026 MBILL 202600000044,0.0,56550.5,431666.73,DR
BACKFILL_20260715_SOF.txt,MTF-MTF-TRADE,05/06/2026,MTF BILL FOR 2026104-M BILL DATE Jun 5 2026104 MBILL 202600000044,189123.1,0.0,620789.83,DR
BACKFILL_20260715_SOF.txt,MTF-MTF-TRADE,05/06/2026,2026 DBNOTE NSE Margin Payin 8503169324 202605933720,0.0,41346.52,579443.31,DR
BACKFILL_20260715_SOF.txt,MTF-MTF-TRADE,05/06/2026,"05/06/2026 05-06-26 DBNOTE NSE Margin Payin 8503169324 202605933720 0.00 41,346.52 579,443.31 DR DBNOTE Being Margin Trf 8503169324 202606010944",0.0,741.82,578701.49,DR
BACKFILL_20260715_SOF.txt,MTF-MTF-TRADE,05/06/2026,"05/06/2026 05-06-26 DBNOTE Being Margin Trf 8503169324 202606010944 0.00 741.82 578,701.49 DR CPAYIN 11.MTF PAYIN 202606019059",0.0,41346.52,537354.97,DR
BACKFILL_20260715_SOF.txt,MTF-MTF-TRADE,05/06/2026,"05/06/2026 05-06-26 CPAYIN 11.MTF PAYIN 202606019059 0.00 41,346.52 537,354.97 DR DBNOTE 10.MTF PAYIN 202606019059",41346.52,0.0,578701.49,DR
BACKFILL_20260715_SOF.txt,MTF-MTF-TRADE,05/06/2026,"05/06/2026 05-06-26 DBNOTE 10.MTF PAYIN 202606019059 41,346.52 0.00 578,701.49 DR CPAYIN 21.MTF SELL PAYIN 202606040659",31034.25,0.0,609735.74,DR
BACKFILL_20260715_SOF.txt,MTF-MTF-TRADE,05/06/2026,"05/06/2026 05-06-26 CPAYIN 21.MTF SELL PAYIN 202606040659 31,034.25 0.00 609,735.74 DR DBNOTE 17.MTF SELL PAYIN 202606040659",0.0,31034.25,578701.49,DR
BACKFILL_20260715_SOF.txt,MTF-MTF-TRADE,05/06/2026,24.MTF CASH EXCESS REV AFTER PAYIN DBNOTE 202606053104,0.0,0.18,578701.31,DR
BACKFILL_20260715_SOF.txt,MTF-MTF-TRADE,05/06/2026,23.MTF CASH EXCESS REV AFTER PAYIN CPAYIN 202606053104,0.18,0.0,578701.49,DR
BACKFILL_20260715_SOF.txt,MTF-MTF-TRADE,08/06/2026,POSITION CLOSE FOR BILL DATE Jun 8 2026 MBILL 202600000045,0.0,78933.2,499768.29,DR
BACKFILL_20260715_SOF.txt,MTF-MTF-TRADE,08/06/2026,MTF BILL FOR 2026105-M BILL DATE Jun 8 2026105 MBILL 202600000045,28892.5,0.0,528660.79,DR
BACKFILL_20260715_SOF.txt,MTF-MTF-TRADE,08/06/2026,2026 DBNOTE NSE Margin Payout 8503169324 202606091781,27878.42,0.0,556539.21,DR
BACKFILL_20260715_SOF.txt,MTF-MTF-TRADE,08/06/2026,DBNOTE Being Margin Trf 8503169324 202606159307,1149.6,0.0,557688.81,DR
BACKFILL_20260715_SOF.txt,MTF-MTF-TRADE,08/06/2026,"08/06/2026 08-06-26 DBNOTE Being Margin Trf 8503169324 202606159307 1,149.60 0.00 557,688.81 DR DBNOTE 17.MTF SELL PAYIN 202606200858",0.0,20330.83,537357.98,DR
BACKFILL_20260715_SOF.txt,MTF-MTF-TRADE,08/06/2026,"08/06/2026 08-06-26 DBNOTE 17.MTF SELL PAYIN 202606200858 0.00 20,330.83 537,357.98 DR CPAYIN 21.MTF SELL PAYIN 202606200858",20330.83,0.0,557688.81,DR
BACKFILL_20260715_SOF.txt,MTF-MTF-TRADE,08/06/2026,23.MTF CASH EXCESS REV AFTER PAYIN CPAYIN 202606216820,0.11,0.0,557688.92,DR
BACKFILL_20260715_SOF.txt,MTF-MTF-TRADE,08/06/2026,24.MTF CASH EXCESS REV AFTER PAYIN DBNOTE 202606216820,0.0,0.11,557688.81,DR
BACKFILL_20260715_SOF.txt,MTF-MTF-TRADE,09/06/2026,MTF BILL FOR 2026106-M BILL DATE Jun 9 2026106 MBILL 202600000046,39440.0,0.0,597128.81,DR
BACKFILL_20260715_SOF.txt,MTF-MTF-TRADE,09/06/2026,POSITION CLOSE FOR BILL DATE Jun 9 2026 MBILL 202600000046,0.0,50311.0,546817.81,DR
BACKFILL_20260715_SOF.txt,MTF-MTF-TRADE,09/06/2026,"09/06/2026 09-06-26 MBILL 202600000046 0.00 50,311.00 546,817.81 DR DBNOTE NSE Margin Payout 8503169324 202606248679",17083.53,0.0,563901.34,DR
BACKFILL_20260715_SOF.txt,MTF-MTF-TRADE,09/06/2026,"09/06/2026 09-06-26 DBNOTE NSE Margin Payout 8503169324 202606248679 17,083.53 0.00 563,901.34 DR DBNOTE Being Margin Trf 8503169324 202606310177",0.0,11895.81,552005.53,DR
BACKFILL_20260715_SOF.txt,MTF-MTF-TRADE,09/06/2026,"09/06/2026 09-06-26 DBNOTE Being Margin Trf 8503169324 202606310177 0.00 11,895.81 552,005.53 DR DBNOTE 17.MTF SELL PAYIN 202606340667",0.0,6464.23,545541.3,DR
BACKFILL_20260715_SOF.txt,MTF-MTF-TRADE,09/06/2026,"09/06/2026 09-06-26 DBNOTE 17.MTF SELL PAYIN 202606340667 0.00 6,464.23 545,541.30 DR CPAYIN 21.MTF SELL PAYIN 202606340667",6464.23,0.0,552005.53,DR
BACKFILL_20260715_SOF.txt,MTF-MTF-TRADE,10/06/2026,MTF BILL FOR 2026107-M BILL DATE Jun 10 2026107 MBILL 202600000047,32822.9,0.0,584828.43,DR
BACKFILL_20260715_SOF.txt,MTF-MTF-TRADE,10/06/2026,POSITION CLOSE FOR BILL DATE Jun 10 2026 MBILL 202600000047,0.0,343877.54,240950.89,DR
BACKFILL_20260715_SOF.txt,MTF-MTF-TRADE,10/06/2026,"10/06/2026 10-06-26 MBILL 202600000047 0.00 343,877.54 240,950.89 DR DBNOTE NSE Margin Payout 8503169324 202606397532",158115.6,0.0,399066.49,DR
BACKFILL_20260715_SOF.txt,MTF-MTF-TRADE,10/06/2026,"10/06/2026 10-06-26 DBNOTE NSE Margin Payout 8503169324 202606397532 158,115.60 0.00 399,066.49 DR DBNOTE Being Margin Trf 8503169324 202606456495",0.0,404.55,398661.94,DR
BACKFILL_20260715_SOF.txt,MTF-MTF-TRADE,10/06/2026,"10/06/2026 10-06-26 DBNOTE Being Margin Trf 8503169324 202606456495 0.00 404.55 398,661.94 DR DBNOTE 17.MTF SELL PAYIN 202606482496",0.0,51274.13,347387.81,DR
BACKFILL_20260715_SOF.txt,MTF-MTF-TRADE,10/06/2026,"10/06/2026 10-06-26 DBNOTE 17.MTF SELL PAYIN 202606482496 0.00 51,274.13 347,387.81 DR CPAYIN 21.MTF SELL PAYIN 202606482496",51274.13,0.0,398661.94,DR
BACKFILL_20260715_SOF.txt,MTF-MTF-TRADE,11/06/2026,MTF BILL FOR 2026108-M BILL DATE Jun 11 2026108 MBILL 202600000048,49443.0,0.0,448104.94,DR
BACKFILL_20260715_SOF.txt,MTF-MTF-TRADE,11/06/2026,POSITION CLOSE FOR BILL DATE Jun 11 2026 MBILL 202600000048,0.0,162142.86,285962.08,DR
BACKFILL_20260715_SOF.txt,MTF-MTF-TRADE,11/06/2026,"11/06/2026 11-06-26 MBILL 202600000048 0.00 162,142.86 285,962.08 DR DBNOTE NSE Margin Payout 8503169324 202606525786",4.33,0.0,285966.41,DR
BACKFILL_20260715_SOF.txt,MTF-MTF-TRADE,11/06/2026,"11/06/2026 11-06-26 DBNOTE NSE Margin Payout 8503169324 202606525786 4.33 0.00 285,966.41 DR DBNOTE NSE Margin Payout 8503169324 202606525787",33583.11,0.0,319549.52,DR
BACKFILL_20260715_SOF.txt,MTF-MTF-TRADE,11/06/2026,"11/06/2026 11-06-26 DBNOTE NSE Margin Payout 8503169324 202606525787 33,583.11 0.00 319,549.52 DR DBNOTE Being Margin Trf 8503169324 202606600419",0.0,31579.35,287970.17,DR
BACKFILL_20260715_SOF.txt,MTF-MTF-TRADE,11/06/2026,"11/06/2026 11-06-26 DBNOTE Being Margin Trf 8503169324 202606600419 0.00 31,579.35 287,970.17 DR CPAYIN 21.MTF SELL PAYIN 202606627271",21785.16,0.0,309755.33,DR
BACKFILL_20260715_SOF.txt,MTF-MTF-TRADE,11/06/2026,"11/06/2026 11-06-26 CPAYIN 21.MTF SELL PAYIN 202606627271 21,785.16 0.00 309,755.33 DR DBNOTE 17.MTF SELL PAYIN 202606627271",0.0,21785.16,287970.17,DR
BACKFILL_20260715_SOF.txt,MTF-MTF-TRADE,12/06/2026,MTF BILL FOR 2026109-M BILL DATE Jun 12 2026109 MBILL 202600000049,210720.2,0.0,498690.37,DR
BACKFILL_20260715_SOF.txt,MTF-MTF-TRADE,12/06/2026,2026 DBNOTE NSE Margin Payin 8503169324 202606661326,0.0,90445.48,408244.89,DR
BACKFILL_20260715_SOF.txt,MTF-MTF-TRADE,12/06/2026,"12/06/2026 12-06-26 DBNOTE NSE Margin Payin 8503169324 202606661326 0.00 90,445.48 408,244.89 DR CPAYIN 11.MTF PAYIN 202606754737",0.0,90445.48,317799.41,DR
BACKFILL_20260715_SOF.txt,MTF-MTF-TRADE,12/06/2026,"12/06/2026 12-06-26 CPAYIN 11.MTF PAYIN 202606754737 0.00 90,445.48 317,799.41 DR DBNOTE 10.MTF PAYIN 202606754737",90445.48,0.0,408244.89,DR
BACKFILL_20260715_SOF.txt,MTF-MTF-TRADE,12/06/2026,PAYIN ADJUSTMENT REVERSAL ON CPAYIN 202606888388,101738.27,0.0,509983.16,DR
BACKFILL_20260715_SOF.txt,MTF-MTF-TRADE,12/06/2026,PAYIN ADJUSTMENT REVERSAL ON DBNOTE 202606888388,0.0,101738.27,408244.89,DR
BACKFILL_20260715_SOF.txt,MTF-MTF-TRADE,12/06/2026,ONE TIME MAINT. MARGIN ALLOC FOR DATE: DBNOTE 202606894656,268320.9,0.0,676565.79,DR
BACKFILL_20260715_SOF.txt,MTF-MTF-TRADE,12/06/2026,ONE TIME MAINT. MARGIN ALLOC FOR DATE: CPAYIN 202606894656,0.0,268320.9,408244.89,DR
BACKFILL_20260715_SOF.txt,MTF-MTF-TRADE,15/06/2026,POSITION CLOSE FOR BILL DATE Jun 15 2026 MBILL 202600000050,0.0,19540.0,388704.89,DR
BACKFILL_20260715_SOF.txt,MTF-MTF-TRADE,15/06/2026,MTF BILL FOR 2026110-M BILL DATE Jun 15 2026110 MBILL 202600000050,53565.5,0.0,442270.39,DR
BACKFILL_20260715_SOF.txt,MTF-MTF-TRADE,15/06/2026,2026 DBNOTE NSE Margin Payout 8503169324 202606976241,8258.23,0.0,450528.62,DR
BACKFILL_20260715_SOF.txt,MTF-MTF-TRADE,15/06/2026,"15/06/2026 15-06-26 DBNOTE NSE Margin Payout 8503169324 202606976241 8,258.23 0.00 450,528.62 DR DBNOTE Being Margin Trf 8503169324 202607042445",0.0,11239.38,439289.24,DR
BACKFILL_20260715_SOF.txt,MTF-MTF-TRADE,15/06/2026,"15/06/2026 15-06-26 DBNOTE Being Margin Trf 8503169324 202607042445 0.00 11,239.38 439,289.24 DR DBNOTE 17.MTF SELL PAYIN 202607074432",0.0,17104.73,422184.51,DR
BACKFILL_20260715_SOF.txt,MTF-MTF-TRADE,15/06/2026,"15/06/2026 15-06-26 DBNOTE 17.MTF SELL PAYIN 202607074432 0.00 17,104.73 422,184.51 DR CPAYIN 21.MTF SELL PAYIN 202607074432",17104.73,0.0,439289.24,DR
BACKFILL_20260715_SOF.txt,MTF-MTF-TRADE,15/06/2026,24.MTF CASH EXCESS REV AFTER PAYIN DBNOTE 202607090353,0.0,0.14,439289.1,DR
BACKFILL_20260715_SOF.txt,MTF-MTF-TRADE,15/06/2026,23.MTF CASH EXCESS REV AFTER PAYIN CPAYIN 202607090353,0.14,0.0,439289.24,DR
BACKFILL_20260715_SOF.txt,MTF-MTF-TRADE,16/06/2026,MTF BILL FOR 2026111-M BILL DATE Jun 16 2026111 MBILL 202600000051,156164.45,0.0,595453.69,DR
BACKFILL_20260715_SOF.txt,MTF-MTF-TRADE,16/06/2026,POSITION CLOSE FOR BILL DATE Jun 16 2026 MBILL 202600000051,0.0,49269.88,546183.81,DR
BACKFILL_20260715_SOF.txt,MTF-MTF-TRADE,16/06/2026,"16/06/2026 16-06-26 MBILL 202600000051 0.00 49,269.88 546,183.81 DR DBNOTE NSE Margin Payin 8503169324 202607118519",0.0,46331.43,499852.38,DR
BACKFILL_20260715_SOF.txt,MTF-MTF-TRADE,16/06/2026,"16/06/2026 16-06-26 DBNOTE NSE Margin Payin 8503169324 202607118519 0.00 46,331.43 499,852.38 DR DBNOTE Being Margin Trf 8503169324 202607179780",0.0,21249.78,478602.6,DR
BACKFILL_20260715_SOF.txt,MTF-MTF-TRADE,16/06/2026,"16/06/2026 16-06-26 DBNOTE Being Margin Trf 8503169324 202607179780 0.00 21,249.78 478,602.60 DR CPAYIN 11.MTF PAYIN 202607188031",0.0,46331.43,432271.17,DR
BACKFILL_20260715_SOF.txt,MTF-MTF-TRADE,16/06/2026,"16/06/2026 16-06-26 CPAYIN 11.MTF PAYIN 202607188031 0.00 46,331.43 432,271.17 DR DBNOTE 10.MTF PAYIN 202607188031",46331.43,0.0,478602.6,DR
BACKFILL_20260715_SOF.txt,MTF-MTF-TRADE,16/06/2026,"16/06/2026 16-06-26 DBNOTE 10.MTF PAYIN 202607188031 46,331.43 0.00 478,602.60 DR CPAYIN 21.MTF SELL PAYIN 202607206512",24256.4,0.0,502859.0,DR
BACKFILL_20260715_SOF.txt,MTF-MTF-TRADE,16/06/2026,"16/06/2026 16-06-26 CPAYIN 21.MTF SELL PAYIN 202607206512 24,256.40 0.00 502,859.00 DR DBNOTE 17.MTF SELL PAYIN 202607206512",0.0,24256.4,478602.6,DR
BACKFILL_20260715_SOF.txt,MTF-MTF-TRADE,17/06/2026,MTF BILL FOR 2026112-M BILL DATE Jun 17 2026112 MBILL 202600000052,369249.7,0.0,847852.3,DR
BACKFILL_20260715_SOF.txt,MTF-MTF-TRADE,17/06/2026,POSITION CLOSE FOR BILL DATE Jun 17 2026 MBILL 202600000052,0.0,72523.45,775328.85,DR
BACKFILL_20260715_SOF.txt,MTF-MTF-TRADE,17/06/2026,"17/06/2026 17-06-26 MBILL 202600000052 0.00 72,523.45 775,328.85 DR DBNOTE NSE Margin Payin 8503169324 202607254838",0.0,148671.64,626657.21,DR
BACKFILL_20260715_SOF.txt,MTF-MTF-TRADE,17/06/2026,"17/06/2026 17-06-26 DBNOTE NSE Margin Payin 8503169324 202607254838 0.00 148,671.64 626,657.21 DR DBNOTE Being Margin Trf 8503169324 202607316706",199.1,0.0,626856.31,DR
BACKFILL_20260715_SOF.txt,MTF-MTF-TRADE,17/06/2026,"17/06/2026 17-06-26 DBNOTE Being Margin Trf 8503169324 202607316706 199.10 0.00 626,856.31 DR CPAYIN 11.MTF PAYIN 202607322451",0.0,148671.64,478184.67,DR
BACKFILL_20260715_SOF.txt,MTF-MTF-TRADE,17/06/2026,"17/06/2026 17-06-26 CPAYIN 11.MTF PAYIN 202607322451 0.00 148,671.64 478,184.67 DR DBNOTE 10.MTF PAYIN 202607322451",148671.64,0.0,626856.31,DR
BACKFILL_20260715_SOF.txt,MTF-MTF-TRADE,17/06/2026,"17/06/2026 17-06-26 DBNOTE 10.MTF PAYIN 202607322451 148,671.64 0.00 626,856.31 DR CPAYIN 21.MTF SELL PAYIN 202607343988",26266.87,0.0,653123.18,DR
BACKFILL_20260715_SOF.txt,MTF-MTF-TRADE,17/06/2026,"17/06/2026 17-06-26 CPAYIN 21.MTF SELL PAYIN 202607343988 26,266.87 0.00 653,123.18 DR DBNOTE 17.MTF SELL PAYIN 202607343988",0.0,26266.87,626856.31,DR
BACKFILL_20260715_SOF.txt,MTF-MTF-TRADE,17/06/2026,23.MTF CASH EXCESS REV AFTER PAYIN CPAYIN 202607358081,0.03,0.0,626856.34,DR
BACKFILL_20260715_SOF.txt,MTF-MTF-TRADE,17/06/2026,24.MTF CASH EXCESS REV AFTER PAYIN DBNOTE 202607358081,0.0,0.03,626856.31,DR
BACKFILL_20260715_SOF.txt,MTF-MTF-TRADE,18/06/2026,MTF BILL FOR 2026113-M BILL DATE Jun 18 2026113 MBILL 202600000053,254356.55,0.0,881212.86,DR
BACKFILL_20260715_SOF.txt,MTF-MTF-TRADE,18/06/2026,POSITION CLOSE FOR BILL DATE Jun 18 2026 MBILL 202600000053,0.0,256193.49,625019.37,DR
BACKFILL_20260715_SOF.txt,MTF-MTF-TRADE,18/06/2026,"18/06/2026 18-06-26 MBILL 202600000053 0.00 256,193.49 625,019.37 DR DBNOTE NSE Margin Payin 8503169324 202607388892",0.0,33478.42,591540.95,DR
BACKFILL_20260715_SOF.txt,MTF-MTF-TRADE,18/06/2026,"18/06/2026 18-06-26 DBNOTE NSE Margin Payin 8503169324 202607388892 0.00 33,478.42 591,540.95 DR DBNOTE Being Margin Trf 8503169324 202607449563",0.0,5239.34,586301.61,DR
BACKFILL_20260715_SOF.txt,MTF-MTF-TRADE,18/06/2026,"18/06/2026 18-06-26 DBNOTE Being Margin Trf 8503169324 202607449563 0.00 5,239.34 586,301.61 DR CPAYIN 11.MTF PAYIN 202607462523",0.0,33478.42,552823.19,DR
BACKFILL_20260715_SOF.txt,MTF-MTF-TRADE,18/06/2026,"18/06/2026 18-06-26 CPAYIN 11.MTF PAYIN 202607462523 0.00 33,478.42 552,823.19 DR DBNOTE 10.MTF PAYIN 202607462523",33478.42,0.0,586301.61,DR
BACKFILL_20260715_SOF.txt,MTF-MTF-TRADE,18/06/2026,"18/06/2026 18-06-26 DBNOTE 10.MTF PAYIN 202607462523 33,478.42 0.00 586,301.61 DR CPAYIN 21.MTF SELL PAYIN 202607484154",88310.36,0.0,674611.97,DR
BACKFILL_20260715_SOF.txt,MTF-MTF-TRADE,18/06/2026,"18/06/2026 18-06-26 CPAYIN 21.MTF SELL PAYIN 202607484154 88,310.36 0.00 674,611.97 DR DBNOTE 17.MTF SELL PAYIN 202607484154",0.0,88310.36,586301.61,DR
BACKFILL_20260715_SOF.txt,MTF-MTF-TRADE,18/06/2026,23.MTF CASH EXCESS REV AFTER PAYIN CPAYIN 202607502435,0.2,0.0,586301.81,DR
BACKFILL_20260715_SOF.txt,MTF-MTF-TRADE,18/06/2026,24.MTF CASH EXCESS REV AFTER PAYIN DBNOTE 202607502435,0.0,0.2,586301.61,DR
BACKFILL_20260715_SOF.txt,MTF-MTF-TRADE,19/06/2026,MTF BILL FOR 2026114-M BILL DATE Jun 19 2026114 MBILL 202600000054,232152.3,0.0,818453.91,DR
BACKFILL_20260715_SOF.txt,MTF-MTF-TRADE,19/06/2026,POSITION CLOSE FOR BILL DATE Jun 19 2026 MBILL 202600000054,0.0,68781.51,749672.4,DR
BACKFILL_20260715_SOF.txt,MTF-MTF-TRADE,19/06/2026,"19/06/2026 19-06-26 MBILL 202600000054 0.00 68,781.51 749,672.40 DR DBNOTE NSE Margin Payin 8503169324 202607524330",0.0,56845.62,692826.78,DR
BACKFILL_20260715_SOF.txt,MTF-MTF-TRADE,19/06/2026,"19/06/2026 19-06-26 DBNOTE NSE Margin Payin 8503169324 202607524330 0.00 56,845.62 692,826.78 DR DBNOTE Being Margin Trf 8503169324 202607605496",0.0,1321.51,691505.27,DR
BACKFILL_20260715_SOF.txt,MTF-MTF-TRADE,19/06/2026,"19/06/2026 19-06-26 DBNOTE Being Margin Trf 8503169324 202607605496 0.00 1,321.51 691,505.27 DR DBNOTE 10.MTF PAYIN 202607617982",56845.62,0.0,748350.89,DR
BACKFILL_20260715_SOF.txt,MTF-MTF-TRADE,19/06/2026,"19/06/2026 19-06-26 DBNOTE 10.MTF PAYIN 202607617982 56,845.62 0.00 748,350.89 DR CPAYIN 11.MTF PAYIN 202607617982",0.0,56845.62,691505.27,DR
BACKFILL_20260715_SOF.txt,MTF-MTF-TRADE,19/06/2026,"19/06/2026 19-06-26 CPAYIN 11.MTF PAYIN 202607617982 0.00 56,845.62 691,505.27 DR DBNOTE 17.MTF SELL PAYIN 202607637713",0.0,13031.0,678474.27,DR
BACKFILL_20260715_SOF.txt,MTF-MTF-TRADE,19/06/2026,"19/06/2026 19-06-26 DBNOTE 17.MTF SELL PAYIN 202607637713 0.00 13,031.00 678,474.27 DR CPAYIN 21.MTF SELL PAYIN 202607637713",13031.0,0.0,691505.27,DR
BACKFILL_20260715_SOF.txt,MTF-MTF-TRADE,19/06/2026,24.MTF CASH EXCESS REV AFTER PAYIN DBNOTE 202607651269,0.0,0.06,691505.21,DR
BACKFILL_20260715_SOF.txt,MTF-MTF-TRADE,19/06/2026,23.MTF CASH EXCESS REV AFTER PAYIN CPAYIN 202607651269,0.06,0.0,691505.27,DR
BACKFILL_20260715_SOF.txt,MTF-MTF-TRADE,22/06/2026,MTF BILL FOR 2026115-M BILL DATE Jun 22 2026115 MBILL 202600000055,90292.5,0.0,781797.77,DR
BACKFILL_20260715_SOF.txt,MTF-MTF-TRADE,22/06/2026,POSITION CLOSE FOR BILL DATE Jun 22 2026 MBILL 202600000055,0.0,111762.9,670034.87,DR
BACKFILL_20260715_SOF.txt,MTF-MTF-TRADE,22/06/2026,"22/06/2026 22-06-26 MBILL 202600000055 0.00 111,762.90 670,034.87 DR DBNOTE NSE Margin Payout 8503169324 202607681370",27487.32,0.0,697522.19,DR
BACKFILL_20260715_SOF.txt,MTF-MTF-TRADE,22/06/2026,"22/06/2026 22-06-26 DBNOTE NSE Margin Payout 8503169324 202607681370 27,487.32 0.00 697,522.19 DR DBNOTE Being Margin Trf 8503169324 202607760452",0.0,1606.08,695916.11,DR
BACKFILL_20260715_SOF.txt,MTF-MTF-TRADE,22/06/2026,"22/06/2026 22-06-26 DBNOTE Being Margin Trf 8503169324 202607760452 0.00 1,606.08 695,916.11 DR DBNOTE 17.MTF SELL PAYIN 202607790608",0.0,62743.76,633172.35,DR
BACKFILL_20260715_SOF.txt,MTF-MTF-TRADE,22/06/2026,"22/06/2026 22-06-26 DBNOTE 17.MTF SELL PAYIN 202607790608 0.00 62,743.76 633,172.35 DR CPAYIN 21.MTF SELL PAYIN 202607790608",62743.76,0.0,695916.11,DR
BACKFILL_20260715_SOF.txt,MTF-MTF-TRADE,22/06/2026,24.MTF CASH EXCESS REV AFTER PAYIN DBNOTE 202607805520,0.0,0.11,695916.0,DR
BACKFILL_20260715_SOF.txt,MTF-MTF-TRADE,22/06/2026,23.MTF CASH EXCESS REV AFTER PAYIN CPAYIN 202607805520,0.11,0.0,695916.11,DR
BACKFILL_20260715_SOF.txt,MTF-MTF-TRADE,23/06/2026,POSITION CLOSE FOR BILL DATE Jun 23 2026 MBILL 202600000056,0.0,349994.76,345921.35,DR
BACKFILL_20260715_SOF.txt,MTF-MTF-TRADE,23/06/2026,"23/06/2026 23-06-26 MBILL 202600000056 0.00 349,994.76 345,921.35 DR DBNOTE NSE Margin Payout 8503169324 202607849272",19055.14,0.0,364976.49,DR
BACKFILL_20260715_SOF.txt,MTF-MTF-TRADE,23/06/2026,"23/06/2026 23-06-26 DBNOTE NSE Margin Payout 8503169324 202607849272 19,055.14 0.00 364,976.49 DR DBNOTE NSE Margin Payout 8503169324 202607849273",140071.41,0.0,505047.9,DR
BACKFILL_20260715_SOF.txt,MTF-MTF-TRADE,23/06/2026,"23/06/2026 23-06-26 DBNOTE NSE Margin Payout 8503169324 202607849273 140,071.41 0.00 505,047.90 DR DBNOTE Being Margin Trf 8503169324 202607914670",5366.15,0.0,510414.05,DR
BACKFILL_20260715_SOF.txt,MTF-MTF-TRADE,23/06/2026,"23/06/2026 23-06-26 DBNOTE Being Margin Trf 8503169324 202607914670 5,366.15 0.00 510,414.05 DR DBNOTE 17.MTF SELL PAYIN 202607948135",0.0,97816.89,412597.16,DR
BACKFILL_20260715_SOF.txt,MTF-MTF-TRADE,23/06/2026,"23/06/2026 23-06-26 DBNOTE 17.MTF SELL PAYIN 202607948135 0.00 97,816.89 412,597.16 DR CPAYIN 21.MTF SELL PAYIN 202607948135",97816.89,0.0,510414.05,DR
BACKFILL_20260715_SOF.txt,MTF-MTF-TRADE,24/06/2026,POSITION CLOSE FOR BILL DATE Jun 24 2026 MBILL 202600000057,0.0,122764.98,387649.07,DR
BACKFILL_20260715_SOF.txt,MTF-MTF-TRADE,24/06/2026,MTF BILL FOR 2026117-M BILL DATE Jun 24 2026117 MBILL 202600000057,160468.25,0.0,548117.32,DR
BACKFILL_20260715_SOF.txt,MTF-MTF-TRADE,24/06/2026,2026 DBNOTE NSE Margin Payout 8503169324 202607995366,12756.56,0.0,560873.88,DR
BACKFILL_20260715_SOF.txt,MTF-MTF-TRADE,24/06/2026,"24/06/2026 24-06-26 DBNOTE NSE Margin Payout 8503169324 202607995366 12,756.56 0.00 560,873.88 DR DBNOTE Being Margin Trf 8503169324 202608064465",0.0,862.99,560010.89,DR
BACKFILL_20260715_SOF.txt,MTF-MTF-TRADE,24/06/2026,"24/06/2026 24-06-26 DBNOTE Being Margin Trf 8503169324 202608064465 0.00 862.99 560,010.89 DR CPAYIN 21.MTF SELL PAYIN 202608096763",25103.05,0.0,585113.94,DR
BACKFILL_20260715_SOF.txt,MTF-MTF-TRADE,24/06/2026,"24/06/2026 24-06-26 CPAYIN 21.MTF SELL PAYIN 202608096763 25,103.05 0.00 585,113.94 DR DBNOTE 17.MTF SELL PAYIN 202608096763",0.0,25103.05,560010.89,DR
BACKFILL_20260715_SOF.txt,MTF-MTF-TRADE,25/06/2026,MTF BILL FOR 2026118-M BILL DATE Jun 25 2026118 MBILL 202600000058,47218.7,0.0,607229.59,DR
BACKFILL_20260715_SOF.txt,MTF-MTF-TRADE,25/06/2026,POSITION CLOSE FOR BILL DATE Jun 25 2026 MBILL 202600000058,0.0,157373.4,449856.19,DR
BACKFILL_20260715_SOF.txt,MTF-MTF-TRADE,25/06/2026,"25/06/2026 25-06-26 MBILL 202600000058 0.00 157,373.40 449,856.19 DR DBNOTE NSE Margin Payout 8503169324 202608137821",3896.8,0.0,453752.99,DR
BACKFILL_20260715_SOF.txt,MTF-MTF-TRADE,25/06/2026,"25/06/2026 25-06-26 DBNOTE NSE Margin Payout 8503169324 202608137821 3,896.80 0.00 453,752.99 DR DBNOTE NSE Margin Payout 8503169324 202608137822",84658.58,0.0,538411.57,DR
BACKFILL_20260715_SOF.txt,MTF-MTF-TRADE,25/06/2026,"25/06/2026 25-06-26 DBNOTE NSE Margin Payout 8503169324 202608137822 84,658.58 0.00 538,411.57 DR DBNOTE Being Margin Trf 8503169324 202608218900",2446.13,0.0,540857.7,DR
BACKFILL_20260715_SOF.txt,MTF-MTF-TRADE,25/06/2026,"25/06/2026 25-06-26 DBNOTE Being Margin Trf 8503169324 202608218900 2,446.13 0.00 540,857.70 DR CPAYIN 21.MTF SELL PAYIN 202608258598",68253.79,0.0,609111.49,DR
BACKFILL_20260715_SOF.txt,MTF-MTF-TRADE,25/06/2026,"25/06/2026 25-06-26 CPAYIN 21.MTF SELL PAYIN 202608258598 68,253.79 0.00 609,111.49 DR DBNOTE 17.MTF SELL PAYIN 202608258598",0.0,68253.79,540857.7,DR
BACKFILL_20260715_SOF.txt,MTF-MTF-TRADE,29/06/2026,MTF BILL FOR 2026119-M BILL DATE Jun 29 2026119 MBILL 202600000059,257660.05,0.0,798517.75,DR
BACKFILL_20260715_SOF.txt,MTF-MTF-TRADE,29/06/2026,POSITION CLOSE FOR BILL DATE Jun 29 2026 MBILL 202600000059,0.0,43489.75,755028.0,DR
BACKFILL_20260715_SOF.txt,MTF-MTF-TRADE,29/06/2026,"29/06/2026 29-06-26 MBILL 202600000059 0.00 43,489.75 755,028.00 DR DBNOTE NSE Margin Payin 8503169324 202608308466",0.0,101313.63,653714.37,DR
BACKFILL_20260715_SOF.txt,MTF-MTF-TRADE,29/06/2026,"29/06/2026 29-06-26 DBNOTE NSE Margin Payin 8503169324 202608308466 0.00 101,313.63 653,714.37 DR DBNOTE Being Margin Trf 8503169324 202608389428",0.0,298.75,653415.62,DR
BACKFILL_20260715_SOF.txt,MTF-MTF-TRADE,29/06/2026,"29/06/2026 29-06-26 DBNOTE Being Margin Trf 8503169324 202608389428 0.00 298.75 653,415.62 DR CPAYIN 11.MTF PAYIN 202608403815",0.0,101313.63,552101.99,DR
BACKFILL_20260715_SOF.txt,MTF-MTF-TRADE,29/06/2026,"29/06/2026 29-06-26 CPAYIN 11.MTF PAYIN 202608403815 0.00 101,313.63 552,101.99 DR DBNOTE 10.MTF PAYIN 202608403815",101313.63,0.0,653415.62,DR
BACKFILL_20260715_SOF.txt,MTF-MTF-TRADE,29/06/2026,"29/06/2026 29-06-26 DBNOTE 10.MTF PAYIN 202608403815 101,313.63 0.00 653,415.62 DR DBNOTE 17.MTF SELL PAYIN 202608418205",0.0,11398.55,642017.07,DR
BACKFILL_20260715_SOF.txt,MTF-MTF-TRADE,29/06/2026,"29/06/2026 29-06-26 DBNOTE 17.MTF SELL PAYIN 202608418205 0.00 11,398.55 642,017.07 DR CPAYIN 21.MTF SELL PAYIN 202608418205",11398.55,0.0,653415.62,DR
BACKFILL_20260715_SOF.txt,MTF-MTF-TRADE,30/06/2026,MTF BILL FOR 2026120-M BILL DATE Jun 30 2026120 MBILL 202600000060,107171.2,0.0,760586.82,DR
BACKFILL_20260715_SOF.txt,MTF-MTF-TRADE,30/06/2026,POSITION CLOSE FOR BILL DATE Jun 30 2026 MBILL 202600000060,0.0,30060.0,730526.82,DR
BACKFILL_20260715_SOF.txt,MTF-MTF-TRADE,30/06/2026,"30/06/2026 30-06-26 MBILL 202600000060 0.00 30,060.00 730,526.82 DR DBNOTE NSE Margin Payin 8503169324 202608469755",0.0,39204.37,691322.45,DR
BACKFILL_20260715_SOF.txt,MTF-MTF-TRADE,30/06/2026,"30/06/2026 30-06-26 DBNOTE NSE Margin Payin 8503169324 202608469755 0.00 39,204.37 691,322.45 DR CPAYIN 11.MTF PAYIN 202608548650",0.0,39204.37,652118.08,DR
BACKFILL_20260715_SOF.txt,MTF-MTF-TRADE,30/06/2026,DBNOTE 10.MTF PAYIN 202608548650,39204.37,0.0,691322.45,DR
BACKFILL_20260715_SOF.txt,MTF-MTF-TRADE,30/06/2026,"30/06/2026 30-06-26 DBNOTE 10.MTF PAYIN 202608548650 39,204.37 0.00 691,322.45 DR DBNOTE 17.MTF SELL PAYIN 202608569949",0.0,9774.98,681547.47,DR
BACKFILL_20260715_SOF.txt,MTF-MTF-TRADE,30/06/2026,"30/06/2026 30-06-26 DBNOTE 17.MTF SELL PAYIN 202608569949 0.00 9,774.98 681,547.47 DR CPAYIN 21.MTF SELL PAYIN 202608569949",9774.98,0.0,691322.45,DR
BACKFILL_20260715_SOF.txt,MTF-MTF-TRADE,30/06/2026,23.MTF CASH EXCESS REV AFTER PAYIN CPAYIN 202608582421,0.09,0.0,691322.54,DR
BACKFILL_20260715_SOF.txt,MTF-MTF-TRADE,30/06/2026,24.MTF CASH EXCESS REV AFTER PAYIN DBNOTE 202608582421,0.0,0.09,691322.45,DR
BACKFILL_20260715_SOF.txt,NSE-CAPITAL,01/04/2026,2026061 BILL SETTNO=2026061NSECMMBILL POSTED 202600000002,0.0,90984.29,90984.29,CR
BACKFILL_20260715_SOF.txt,NSE-CAPITAL,02/04/2026,Being GST on NSDL - CDSL Charges - DBNOTE 202600034810,7.2,0.0,90977.09,CR
BACKFILL_20260715_SOF.txt,NSE-CAPITAL,02/04/2026,Being GST on NSDL - CDSL Charges - DBNOTE 202600092608,7.2,0.0,90969.89,CR
BACKFILL_20260715_SOF.txt,NSE-CAPITAL,02/04/2026,DCR012602043544 1267033 PAYBNK Being Payout towards NSE M 2026061 202600117297,90889.89,0.0,80.0,CR
BACKFILL_20260715_SOF.txt,NSE-CAPITAL,02/04/2026,Demat Charges DBNOTE 202600171364,80.0,0.0,0.0,CR
BACKFILL_20260715_SOF.txt,NSE-CAPITAL,02/04/2026,Being payout of EQ settlement 2026061 JE 202600268732,94.4,0.0,94.4,DR
BACKFILL_20260715_SOF.txt,NSE-CAPITAL,02/04/2026,Being payout of EQ settlement 2026061 JE 202600483357,0.0,94.4,0.0,CR
BACKFILL_20260715_SOF.txt,NSE-CAPITAL,07/04/2026,adjusted aga 2026064 BILL SETTNO=2026064NSECMMBILL POSTED 202600000014,8023.91,0.0,8023.91,DR
BACKFILL_20260715_SOF.txt,NSE-CAPITAL,07/04/2026,"07/04/2026 08-04-26 2026064 BILL SETTNO=2026064NSECMMBILL POSTED 202600000014 8,023.91 0.00 8,023.91 DR 1268587 REPBNK Upstreamed Amount Collected 202601670085",0.0,8008.0,15.91,DR
BACKFILL_20260715_SOF.txt,NSE-CAPITAL,07/04/2026,"07/04/2026 07-04-26 1268587 REPBNK Upstreamed Amount Collected 202601670085 0.00 8,008.00 15.91 DR 1268725 REPBNK Being Payin towards NSE M 2026064 202601882587",0.0,15.91,0.0,CR
BACKFILL_20260715_SOF.txt,NSE-CAPITAL,08/04/2026,07/04/2026 07-04-26 1268725 REPBNK Being Payin towards NSE M 2026064 202601882587 0.00 15.91 0.00 2026065 BILL SETTNO=2026065NSECMMBILL POSTED 202600000018,111203.63,0.0,111203.63,DR
BACKFILL_20260715_SOF.txt,NSE-CAPITAL,08/04/2026,Upstreamed Amount Released from Upstream 1269117 PAYBNK 202600422530,33389.41,0.0,144593.04,DR
BACKFILL_20260715_SOF.txt,NSE-CAPITAL,08/04/2026,balance 1269049 REPBNK Upstreamed Amount Collected 202602039158,0.0,144265.65,327.39,DR
BACKFILL_20260715_SOF.txt,NSE-CAPITAL,08/04/2026,"08/04/2026 08-04-26 1269049 REPBNK Upstreamed Amount Collected 202602039158 0.00 144,265.65 327.39 DR 1269176 REPBNK Being Payin towards NSE M 2026065 202602078493",0.0,327.39,0.0,CR
BACKFILL_20260715_SOF.txt,NSE-CAPITAL,09/04/2026,08/04/2026 08-04-26 1269176 REPBNK Being Payin towards NSE M 2026065 202602078493 0.00 327.39 0.00 2026066 BILL SETTNO=2026066NSECMMBILL POSTED 202600000023,92614.6,0.0,92614.6,DR
BACKFILL_20260715_SOF.txt,NSE-CAPITAL,09/04/2026,Upstreamed Amount Released from Upstream 1269592 PAYBNK 202600568860,29009.96,0.0,121624.56,DR
BACKFILL_20260715_SOF.txt,NSE-CAPITAL,09/04/2026,Being GST on NSDL - CDSL Charges - DBNOTE 202600915868,3.6,0.0,121628.16,DR
BACKFILL_20260715_SOF.txt,NSE-CAPITAL,09/04/2026,Being GST on NSDL - CDSL Charges - DBNOTE 202600952448,3.6,0.0,121631.76,DR
BACKFILL_20260715_SOF.txt,NSE-CAPITAL,09/04/2026,Demat Charges DBNOTE 202600985674,40.0,0.0,121671.76,DR
BACKFILL_20260715_SOF.txt,NSE-CAPITAL,09/04/2026,Demat Charges Recovered DCR 1269162 REPBNK 202602198558,0.0,47.2,121624.56,DR
BACKFILL_20260715_SOF.txt,NSE-CAPITAL,09/04/2026,01260904355529343 1269522 REPBNK Upstreamed Amount Collected 202602385118,0.0,121326.76,297.8,DR
BACKFILL_20260715_SOF.txt,NSE-CAPITAL,09/04/2026,"09/04/2026 09-04-26 1269522 REPBNK Upstreamed Amount Collected 202602385118 0.00 121,326.76 297.80 DR 1269661 REPBNK Being Payin towards NSE M 2026066 202602498906",0.0,297.8,0.0,CR
BACKFILL_20260715_SOF.txt,NSE-CAPITAL,10/04/2026,09/04/2026 09-04-26 1269661 REPBNK Being Payin towards NSE M 2026066 202602498906 0.00 297.80 0.00 2026067 BILL SETTNO=2026067NSECMMBILL POSTED 202600000027,155598.27,0.0,155598.27,DR
BACKFILL_20260715_SOF.txt,NSE-CAPITAL,10/04/2026,Being GST on NSDL - CDSL Charges - DBNOTE 202601186857,1.8,0.0,155600.07,DR
BACKFILL_20260715_SOF.txt,NSE-CAPITAL,10/04/2026,Demat Charges DBNOTE 202601193254,20.0,0.0,155620.07,DR
BACKFILL_20260715_SOF.txt,NSE-CAPITAL,10/04/2026,Being GST on NSDL - CDSL Charges - DBNOTE 202601203840,1.8,0.0,155621.87,DR
BACKFILL_20260715_SOF.txt,NSE-CAPITAL,10/04/2026,Demat Charges Recovered DCR 1269647 REPBNK 202602472917,0.0,23.6,155598.27,DR
BACKFILL_20260715_SOF.txt,NSE-CAPITAL,10/04/2026,01261004355724662 1270017 REPBNK Upstreamed Amount Collected 202602643597,0.0,155286.15,312.12,DR
BACKFILL_20260715_SOF.txt,NSE-CAPITAL,10/04/2026,"10/04/2026 10-04-26 1270017 REPBNK Upstreamed Amount Collected 202602643597 0.00 155,286.15 312.12 DR 1270334 REPBNK Being Payin towards NSE M 2026067 202603003638",0.0,312.12,0.0,CR
BACKFILL_20260715_SOF.txt,NSE-CAPITAL,13/04/2026,10/04/2026 10-04-26 1270334 REPBNK Being Payin towards NSE M 2026067 202603003638 0.00 312.12 0.00 2026068 BILL SETTNO=2026068NSECMMBILL POSTED 202600000033,84774.27,0.0,84774.27,DR
BACKFILL_20260715_SOF.txt,NSE-CAPITAL,13/04/2026,Upstreamed Amount Released from Upstream 1270694 PAYBNK 202600780957,13327.51,0.0,98101.78,DR
BACKFILL_20260715_SOF.txt,NSE-CAPITAL,13/04/2026,balance 1270637 REPBNK Upstreamed Amount Collected 202603131844,0.0,98214.76,112.98,CR
BACKFILL_20260715_SOF.txt,NSE-CAPITAL,14/04/2026,Being GST on NSDL - CDSL Charges - DBNOTE 202601656503,1.8,0.0,111.18,CR
BACKFILL_20260715_SOF.txt,NSE-CAPITAL,14/04/2026,Demat Charges DBNOTE 202601743312,20.0,0.0,91.18,CR
BACKFILL_20260715_SOF.txt,NSE-CAPITAL,14/04/2026,Being GST on NSDL - CDSL Charges - DBNOTE 202601749289,1.8,0.0,89.38,CR
BACKFILL_20260715_SOF.txt,NSE-CAPITAL,14/04/2026,Demat Charges Recovered DCR 1270764 REPBNK 202603273809,0.0,23.6,112.98,CR
BACKFILL_20260715_SOF.txt,NSE-CAPITAL,15/04/2026,01261404356326827 2026069 BILL SETTNO=2026069NSECMMBILL POSTED 202600000038,18622.0,0.0,18509.02,DR
BACKFILL_20260715_SOF.txt,NSE-CAPITAL,15/04/2026,"15/04/2026 16-04-26 2026069 BILL SETTNO=2026069NSECMMBILL POSTED 202600000038 18,622.00 0.00 18,509.02 DR 1271100 PAYBNK Upstreamed Amount Released 202600800145",112.98,0.0,18622.0,DR
BACKFILL_20260715_SOF.txt,NSE-CAPITAL,15/04/2026,Upstreamed Amount Released from Upstream 1271454 PAYBNK 202600880289,20277.06,0.0,38899.06,DR
BACKFILL_20260715_SOF.txt,NSE-CAPITAL,15/04/2026,balance 1271392 REPBNK Upstreamed Amount Collected 202603594239,0.0,38496.86,402.2,DR
BACKFILL_20260715_SOF.txt,NSE-CAPITAL,15/04/2026,"15/04/2026 15-04-26 1271392 REPBNK Upstreamed Amount Collected 202603594239 0.00 38,496.86 402.20 DR 1271536 REPBNK Being Payin towards NSE M 2026069 202603728659",0.0,402.2,0.0,CR
BACKFILL_20260715_SOF.txt,NSE-CAPITAL,16/04/2026,15/04/2026 15-04-26 1271536 REPBNK Being Payin towards NSE M 2026069 202603728659 0.00 402.20 0.00 2026070 BILL SETTNO=2026070NSECMMBILL POSTED 202600000042,163368.11,0.0,163368.11,DR
BACKFILL_20260715_SOF.txt,NSE-CAPITAL,16/04/2026,Being GST on NSDL - CDSL Charges - DBNOTE 202602066828,9.0,0.0,163377.11,DR
BACKFILL_20260715_SOF.txt,NSE-CAPITAL,16/04/2026,Demat Charges DBNOTE 202602067065,100.0,0.0,163477.11,DR
BACKFILL_20260715_SOF.txt,NSE-CAPITAL,16/04/2026,Being GST on NSDL - CDSL Charges - DBNOTE 202602081868,9.0,0.0,163486.11,DR
BACKFILL_20260715_SOF.txt,NSE-CAPITAL,16/04/2026,DCR012616043566 1271870 REPBNK Upstreamed Amount Collected 202603985435,0.0,164023.25,537.14,CR
BACKFILL_20260715_SOF.txt,NSE-CAPITAL,16/04/2026,Demat Charges Recovered DCR 1271917 REPBNK 202604079976,0.0,118.0,655.14,CR
BACKFILL_20260715_SOF.txt,NSE-CAPITAL,17/04/2026,01261604356649414 2026071 BILL SETTNO=2026071NSECMMBILL POSTED 202600000045,0.0,43793.74,44448.88,CR
BACKFILL_20260715_SOF.txt,NSE-CAPITAL,17/04/2026,"17/04/2026 20-04-26 2026071 BILL SETTNO=2026071NSECMMBILL POSTED 202600000045 0.00 43,793.74 44,448.88 CR 1272022 PAYBNK Upstreamed Amount Released 202601039407",655.14,0.0,43793.74,CR
BACKFILL_20260715_SOF.txt,NSE-CAPITAL,17/04/2026,Upstreamed Amount Released from Upstream 1272401 PAYBNK 202601155889,46382.63,0.0,2588.89,DR
BACKFILL_20260715_SOF.txt,NSE-CAPITAL,17/04/2026,balance 1272338 REPBNK Upstreamed Amount Collected 202604359980,0.0,46382.63,43793.74,CR
BACKFILL_20260715_SOF.txt,NSE-CAPITAL,18/04/2026,Being GST on NSDL - CDSL Charges - DBNOTE 202602515243,3.6,0.0,43790.14,CR
BACKFILL_20260715_SOF.txt,NSE-CAPITAL,18/04/2026,Demat Charges DBNOTE 202602570375,40.0,0.0,43750.14,CR
BACKFILL_20260715_SOF.txt,NSE-CAPITAL,18/04/2026,Being GST on NSDL - CDSL Charges - DBNOTE 202602599281,3.6,0.0,43746.54,CR
BACKFILL_20260715_SOF.txt,NSE-CAPITAL,20/04/2026,DCR012618043570 2026072 BILL SETTNO=2026072NSECMMBILL POSTED 202600000048,0.0,66013.78,109760.32,CR
BACKFILL_20260715_SOF.txt,NSE-CAPITAL,20/04/2026,"20/04/2026 21-04-26 2026072 BILL SETTNO=2026072NSECMMBILL POSTED 202600000048 0.00 66,013.78 109,760.32 CR 1272866 PAYBNK Being Payout towards NSE M 2026071 202601234359",43746.54,0.0,66013.78,CR
BACKFILL_20260715_SOF.txt,NSE-CAPITAL,20/04/2026,Upstreamed Amount Released from Upstream 1273081 PAYBNK 202601302049,20941.27,0.0,45072.51,CR
BACKFILL_20260715_SOF.txt,NSE-CAPITAL,20/04/2026,Being payout of EQ settlement 2026071 JE 202604157449,47.2,0.0,45025.31,CR
BACKFILL_20260715_SOF.txt,NSE-CAPITAL,20/04/2026,Being payout of EQ settlement 2026071 JE 202604157450,0.0,47.2,45072.51,CR
BACKFILL_20260715_SOF.txt,NSE-CAPITAL,20/04/2026,adjusted aga 1273019 REPBNK Upstreamed Amount Collected 202604828606,0.0,20941.27,66013.78,CR
BACKFILL_20260715_SOF.txt,NSE-CAPITAL,21/04/2026,"20/04/2026 20-04-26 1273019 REPBNK Upstreamed Amount Collected 202604828606 0.00 20,941.27 66,013.78 CR 2026073 BILL SETTNO=2026073NSECMMBILL POSTED 202600000053",30822.1,0.0,35191.68,CR
BACKFILL_20260715_SOF.txt,NSE-CAPITAL,21/04/2026,"21/04/2026 22-04-26 2026073 BILL SETTNO=2026073NSECMMBILL POSTED 202600000053 30,822.10 0.00 35,191.68 CR 1273360 PAYBNK Being Payout towards NSE M 2026072 202601391271",65942.98,0.0,30751.3,DR
BACKFILL_20260715_SOF.txt,NSE-CAPITAL,21/04/2026,Upstreamed Amount Released from Upstream 1273627 PAYBNK 202601437367,11932.49,0.0,42683.79,DR
BACKFILL_20260715_SOF.txt,NSE-CAPITAL,21/04/2026,Demat Charges DBNOTE 202602768323,60.0,0.0,42743.79,DR
BACKFILL_20260715_SOF.txt,NSE-CAPITAL,21/04/2026,Being GST on NSDL - CDSL Charges - DBNOTE 202602781789,5.4,0.0,42749.19,DR
BACKFILL_20260715_SOF.txt,NSE-CAPITAL,21/04/2026,Being GST on NSDL - CDSL Charges - DBNOTE 202602805364,5.4,0.0,42754.59,DR
BACKFILL_20260715_SOF.txt,NSE-CAPITAL,21/04/2026,Being payout of EQ settlement 2026072 JE 202604378937,70.8,0.0,42825.39,DR
BACKFILL_20260715_SOF.txt,NSE-CAPITAL,21/04/2026,Being payout of EQ settlement 2026072 JE 202604378938,0.0,70.8,42754.59,DR
BACKFILL_20260715_SOF.txt,NSE-CAPITAL,21/04/2026,adjusted aga 1273550 REPBNK Upstreamed Amount Collected 202605219341,0.0,42624.59,130.0,DR
BACKFILL_20260715_SOF.txt,NSE-CAPITAL,21/04/2026,1273691 REPBNK Being Payin towards NSE M 2026073 202605522035,0.0,130.0,0.0,CR
BACKFILL_20260715_SOF.txt,NSE-CAPITAL,22/04/2026,21/04/2026 21-04-26 1273691 REPBNK Being Payin towards NSE M 2026073 202605522035 0.00 130.00 0.00 2026074 BILL SETTNO=2026074NSECMMBILL POSTED 202600000058,24636.58,0.0,24636.58,DR
BACKFILL_20260715_SOF.txt,NSE-CAPITAL,22/04/2026,Upstreamed Amount Released from Upstream 1274079 PAYBNK 202601558831,20026.29,0.0,44662.87,DR
BACKFILL_20260715_SOF.txt,NSE-CAPITAL,22/04/2026,Demat Charges DBNOTE 202603188719,20.0,0.0,44682.87,DR
BACKFILL_20260715_SOF.txt,NSE-CAPITAL,22/04/2026,Being GST on NSDL - CDSL Charges - DBNOTE 202603193291,1.8,0.0,44684.67,DR
BACKFILL_20260715_SOF.txt,NSE-CAPITAL,22/04/2026,Being GST on NSDL - CDSL Charges - DBNOTE 202603238771,1.8,0.0,44686.47,DR
BACKFILL_20260715_SOF.txt,NSE-CAPITAL,22/04/2026,Demat Charges Recovered DCR 1273677 REPBNK 202605326729,0.0,23.6,44662.87,DR
BACKFILL_20260715_SOF.txt,NSE-CAPITAL,22/04/2026,01262204357687240 1274018 REPBNK Upstreamed Amount Collected 202605625781,0.0,44863.79,200.92,CR
BACKFILL_20260715_SOF.txt,NSE-CAPITAL,23/04/2026,"22/04/2026 22-04-26 1274018 REPBNK Upstreamed Amount Collected 202605625781 0.00 44,863.79 200.92 CR 2026075 BILL SETTNO=2026075NSECMMBILL POSTED 202600000062",0.0,5057.71,5258.63,CR
BACKFILL_20260715_SOF.txt,NSE-CAPITAL,23/04/2026,"23/04/2026 24-04-26 2026075 BILL SETTNO=2026075NSECMMBILL POSTED 202600000062 0.00 5,057.71 5,258.63 CR 1274175 PAYBNK Upstreamed Amount Released 202601578593",177.32,0.0,5081.31,CR
BACKFILL_20260715_SOF.txt,NSE-CAPITAL,23/04/2026,Upstreamed Amount Released from Upstream 1274562 PAYBNK 202601650095,33660.79,0.0,28579.48,DR
BACKFILL_20260715_SOF.txt,NSE-CAPITAL,23/04/2026,Being GST on NSDL - CDSL Charges - DBNOTE 202603329948,1.8,0.0,28581.28,DR
BACKFILL_20260715_SOF.txt,NSE-CAPITAL,23/04/2026,Being GST on NSDL - CDSL Charges - DBNOTE 202603426020,1.8,0.0,28583.08,DR
BACKFILL_20260715_SOF.txt,NSE-CAPITAL,23/04/2026,Demat Charges DBNOTE 202603431317,20.0,0.0,28603.08,DR
BACKFILL_20260715_SOF.txt,NSE-CAPITAL,23/04/2026,Being EQ Upstream payout adjusted against JE 202605030997,0.0,23.6,28579.48,DR
BACKFILL_20260715_SOF.txt,NSE-CAPITAL,23/04/2026,Being EQ Upstream payout adjusted against JE 202605057458,23.6,0.0,28603.08,DR
BACKFILL_20260715_SOF.txt,NSE-CAPITAL,23/04/2026,DCR 2304 1274494 REPBNK Upstreamed Amount Collected 202605886594,0.0,33660.79,5057.71,CR
BACKFILL_20260715_SOF.txt,NSE-CAPITAL,24/04/2026,"23/04/2026 23-04-26 1274494 REPBNK Upstreamed Amount Collected 202605886594 0.00 33,660.79 5,057.71 CR 2026076 BILL SETTNO=2026076NSECMMBILL POSTED 202600000067",42779.19,0.0,37721.48,DR
BACKFILL_20260715_SOF.txt,NSE-CAPITAL,24/04/2026,"24/04/2026 27-04-26 2026076 BILL SETTNO=2026076NSECMMBILL POSTED 202600000067 42,779.19 0.00 37,721.48 DR 1274791 PAYBNK Being Payout towards NSE M 2026075 202601723772",5010.51,0.0,42731.99,DR
BACKFILL_20260715_SOF.txt,NSE-CAPITAL,24/04/2026,Upstreamed Amount Released from Upstream 1275030 PAYBNK 202601770477,10611.48,0.0,53343.47,DR
BACKFILL_20260715_SOF.txt,NSE-CAPITAL,24/04/2026,Being GST on NSDL - CDSL Charges - DBNOTE 202603648296,3.6,0.0,53347.07,DR
BACKFILL_20260715_SOF.txt,NSE-CAPITAL,24/04/2026,Demat Charges DBNOTE 202603703532,40.0,0.0,53387.07,DR
BACKFILL_20260715_SOF.txt,NSE-CAPITAL,24/04/2026,Being GST on NSDL - CDSL Charges - DBNOTE 202603778815,3.6,0.0,53390.67,DR
BACKFILL_20260715_SOF.txt,NSE-CAPITAL,24/04/2026,Being payout of EQ settlement 2026075 JE 202605244893,0.0,47.2,53343.47,DR
BACKFILL_20260715_SOF.txt,NSE-CAPITAL,24/04/2026,Being payout of EQ settlement 2026075 JE 202605308453,47.2,0.0,53390.67,DR
BACKFILL_20260715_SOF.txt,NSE-CAPITAL,24/04/2026,adjusted aga 1274974 REPBNK Upstreamed Amount Collected 202606363562,0.0,53259.38,131.29,DR
BACKFILL_20260715_SOF.txt,NSE-CAPITAL,24/04/2026,"24/04/2026 24-04-26 1274974 REPBNK Upstreamed Amount Collected 202606363562 0.00 53,259.38 131.29 DR 1275276 REPBNK Being Payin towards NSE M 2026076 202606574463",0.0,131.29,0.0,CR
BACKFILL_20260715_SOF.txt,NSE-CAPITAL,25/04/2026,Demat Charges DBNOTE 202603872592,20.0,0.0,20.0,DR
BACKFILL_20260715_SOF.txt,NSE-CAPITAL,25/04/2026,Being GST on NSDL - CDSL Charges - DBNOTE 202603935335,1.8,0.0,21.8,DR
BACKFILL_20260715_SOF.txt,NSE-CAPITAL,25/04/2026,Being GST on NSDL - CDSL Charges - DBNOTE 202603983689,1.8,0.0,23.6,DR
BACKFILL_20260715_SOF.txt,NSE-CAPITAL,25/04/2026,Demat Charges Recovered DCR 1275103 REPBNK 202606447114,0.0,23.6,0.0,CR
BACKFILL_20260715_SOF.txt,NSE-CAPITAL,27/04/2026,MTF BILL FOR 2026077-M BILL DATE Apr 27 MBILL 202600000017,0.0,108740.0,108740.0,CR
BACKFILL_20260715_SOF.txt,NSE-CAPITAL,27/04/2026,2026 2026077 BILL SETTNO=2026077NSECMMBILL POSTED 202600000072,127500.67,0.0,18760.67,DR
BACKFILL_20260715_SOF.txt,NSE-CAPITAL,27/04/2026,Upstreamed Amount Released from Upstream 1275668 PAYBNK 202601881044,10583.96,0.0,29344.63,DR
BACKFILL_20260715_SOF.txt,NSE-CAPITAL,27/04/2026,balance DBNOTE NSE Margin Payin 8503169324 202604051909,38634.9,0.0,67979.53,DR
BACKFILL_20260715_SOF.txt,NSE-CAPITAL,27/04/2026,"27/04/2026 27-04-26 DBNOTE NSE Margin Payin 8503169324 202604051909 38,634.90 0.00 67,979.53 DR 1275593 REPBNK Upstreamed Amount Collected 202606890839",0.0,67665.76,313.77,DR
BACKFILL_20260715_SOF.txt,NSE-CAPITAL,27/04/2026,"27/04/2026 27-04-26 1275593 REPBNK Upstreamed Amount Collected 202606890839 0.00 67,665.76 313.77 DR 1275729 REPBNK Being Payin towards NSE M 2026077 202607045723",0.0,313.77,0.0,CR
BACKFILL_20260715_SOF.txt,NSE-CAPITAL,28/04/2026,MTF BILL FOR 2026078-M BILL DATE Apr 28 MBILL 202600000018,0.0,122147.6,122147.6,CR
BACKFILL_20260715_SOF.txt,NSE-CAPITAL,28/04/2026,2026 2026078 BILL SETTNO=2026078NSECMMBILL POSTED 202600000075,131504.34,0.0,9356.74,DR
BACKFILL_20260715_SOF.txt,NSE-CAPITAL,28/04/2026,Upstreamed Amount Released from Upstream 1276151 PAYBNK 202602025513,52296.51,0.0,61653.25,DR
BACKFILL_20260715_SOF.txt,NSE-CAPITAL,28/04/2026,balance DBNOTE NSE Margin Payin 8503169324 202604317102,44726.26,0.0,106379.51,DR
BACKFILL_20260715_SOF.txt,NSE-CAPITAL,28/04/2026,"28/04/2026 28-04-26 DBNOTE NSE Margin Payin 8503169324 202604317102 44,726.26 0.00 106,379.51 DR 1276067 REPBNK Upstreamed Amount Collected 202607185743",0.0,105913.07,466.44,DR
BACKFILL_20260715_SOF.txt,NSE-CAPITAL,28/04/2026,"28/04/2026 28-04-26 1276067 REPBNK Upstreamed Amount Collected 202607185743 0.00 105,913.07 466.44 DR 1276227 REPBNK Being Payin towards NSE M 2026078 202607387736",0.0,466.44,0.0,CR
BACKFILL_20260715_SOF.txt,NSE-CAPITAL,29/04/2026,MTF BILL FOR 2026079-M BILL DATE Apr 29 MBILL 202600000019,0.0,148365.75,148365.75,CR
BACKFILL_20260715_SOF.txt,NSE-CAPITAL,29/04/2026,2026 2026079 BILL SETTNO=2026079NSECMMBILL POSTED 202600000080,125726.69,0.0,22639.06,CR
BACKFILL_20260715_SOF.txt,NSE-CAPITAL,29/04/2026,Upstreamed Amount Released from Upstream 1276597 PAYBNK 202602136283,28667.42,0.0,6028.36,DR
BACKFILL_20260715_SOF.txt,NSE-CAPITAL,29/04/2026,Being GST on NSDL - CDSL Charges - DBNOTE 202604377279,5.4,0.0,6033.76,DR
BACKFILL_20260715_SOF.txt,NSE-CAPITAL,29/04/2026,Demat Charges DBNOTE 202604456936,60.0,0.0,6093.76,DR
BACKFILL_20260715_SOF.txt,NSE-CAPITAL,29/04/2026,Being GST on NSDL - CDSL Charges - DBNOTE 202604485812,5.4,0.0,6099.16,DR
BACKFILL_20260715_SOF.txt,NSE-CAPITAL,29/04/2026,Being GST on NSDL - CDSL Charges - DBNOTE 202604508035,11.25,0.0,6110.41,DR
BACKFILL_20260715_SOF.txt,NSE-CAPITAL,29/04/2026,Being GST on NSDL - CDSL Charges - DBNOTE 202604529512,11.25,0.0,6121.66,DR
BACKFILL_20260715_SOF.txt,NSE-CAPITAL,29/04/2026,Being MTF pledge Charges DBNOTE 202604561213,125.0,0.0,6246.66,DR
BACKFILL_20260715_SOF.txt,NSE-CAPITAL,29/04/2026,recoverable01262904358942 DBNOTE NSE Margin Payin 8503169324 202604605365,36580.9,0.0,42827.56,DR
BACKFILL_20260715_SOF.txt,NSE-CAPITAL,29/04/2026,"29/04/2026 29-04-26 DBNOTE NSE Margin Payin 8503169324 202604605365 36,580.90 0.00 42,827.56 DR DBNOTE Being Margin Trf 8503169324 202604613580",0.0,304.0,42523.56,DR
BACKFILL_20260715_SOF.txt,NSE-CAPITAL,29/04/2026,Demat Charges Recovered DCR 1276206 REPBNK 202607340069,0.0,70.8,42452.76,DR
BACKFILL_20260715_SOF.txt,NSE-CAPITAL,29/04/2026,Being GST and MTF pledge Charges recovered 1276237 REPBNK 202607497942,0.0,147.5,42305.26,DR
BACKFILL_20260715_SOF.txt,NSE-CAPITAL,29/04/2026,DCM 012 1276544 REPBNK Upstreamed Amount Collected 202607559320,0.0,65248.32,22943.06,CR
BACKFILL_20260715_SOF.txt,NSE-CAPITAL,29/04/2026,"29/04/2026 29-04-26 1276544 REPBNK Upstreamed Amount Collected 202607559320 0.00 65,248.32 22,943.06 CR 1276660 REPBNK NSEMRGNPIPO 202607680640",0.0,23274.78,46217.84,CR
BACKFILL_20260715_SOF.txt,NSE-CAPITAL,30/04/2026,POSITION CLOSE FOR BILL DATE Apr 30 2026 MBILL 202600000020,47143.0,0.0,925.16,DR
BACKFILL_20260715_SOF.txt,NSE-CAPITAL,30/04/2026,"30/04/2026 30-04-26 MBILL 202600000020 47,143.00 0.00 925.16 DR 2026080 BILL SETTNO=2026080NSECMMBILL POSTED 202600000086",0.0,72499.39,71574.23,CR
BACKFILL_20260715_SOF.txt,NSE-CAPITAL,30/04/2026,"30/04/2026 04-05-26 2026080 BILL SETTNO=2026080NSECMMBILL POSTED 202600000086 0.00 72,499.39 71,574.23 CR 1276832 PAYBNK Being Payout towards NSE M 2026079 202602187925",22877.33,0.0,48696.9,CR
BACKFILL_20260715_SOF.txt,NSE-CAPITAL,30/04/2026,Upstreamed Amount Released from I-Sec 1277059 PAYBNK 202602249441,14874.92,0.0,33821.98,CR
BACKFILL_20260715_SOF.txt,NSE-CAPITAL,30/04/2026,Upstreamed Amount Released from Upstream 1277059 PAYBNK 202602255375,16382.11,0.0,17439.87,CR
BACKFILL_20260715_SOF.txt,NSE-CAPITAL,30/04/2026,Being GST on NSDL - CDSL Charges - DBNOTE 202604652689,3.6,0.0,17436.27,CR
BACKFILL_20260715_SOF.txt,NSE-CAPITAL,30/04/2026,Being GST on NSDL - CDSL Charges - DBNOTE 202604669603,3.6,0.0,17432.67,CR
BACKFILL_20260715_SOF.txt,NSE-CAPITAL,30/04/2026,Demat Charges DBNOTE 202604756809,40.0,0.0,17392.67,CR
BACKFILL_20260715_SOF.txt,NSE-CAPITAL,30/04/2026,Recoverable01263004359121943 DBNOTE NSE Margin Payout 8503169324 202604832454,0.0,14874.92,32267.59,CR
BACKFILL_20260715_SOF.txt,NSE-CAPITAL,30/04/2026,"30/04/2026 30-04-26 DBNOTE NSE Margin Payout 8503169324 202604832454 0.00 14,874.92 32,267.59 CR DBNOTE Being Margin Trf 8503169324 202604858438",23494.78,0.0,8772.81,CR
BACKFILL_20260715_SOF.txt,NSE-CAPITAL,30/04/2026,"30/04/2026 30-04-26 DBNOTE Being Margin Trf 8503169324 202604858438 23,494.78 0.00 8,772.81 CR JE Interest on NSE MTF359055389 202606540363",18.53,0.0,8754.28,CR
BACKFILL_20260715_SOF.txt,NSE-CAPITAL,30/04/2026,Being payout of EQ settlement 2026079 JE 202606743570,0.0,47.2,8801.48,CR
BACKFILL_20260715_SOF.txt,NSE-CAPITAL,30/04/2026,Being payout of EQ settlement 2026079 JE 202606744945,47.2,0.0,8754.28,CR
BACKFILL_20260715_SOF.txt,NSE-CAPITAL,30/04/2026,Being payout of EQ settlement 2026079 JE 202606761543,0.0,18.53,8772.81,CR
BACKFILL_20260715_SOF.txt,NSE-CAPITAL,30/04/2026,Being payout of EQ settlement 2026079 JE 202606778324,18.53,0.0,8754.28,CR
BACKFILL_20260715_SOF.txt,NSE-CAPITAL,30/04/2026,adjusted aga 1276991 REPBNK Upstreamed Amount Collected 202607868943,0.0,16382.11,25136.39,CR
BACKFILL_20260715_SOF.txt,NSE-CAPITAL,01/05/2026,Demat Charges DBNOTE 202604886242,20.0,0.0,25116.39,CR
BACKFILL_20260715_SOF.txt,NSE-CAPITAL,01/05/2026,Being GST on NSDL - CDSL Charges - DBNOTE 202604931368,15.75,0.0,25100.64,CR
BACKFILL_20260715_SOF.txt,NSE-CAPITAL,01/05/2026,Being GST on NSDL - CDSL Charges - DBNOTE 202604945228,15.75,0.0,25084.89,CR
BACKFILL_20260715_SOF.txt,NSE-CAPITAL,01/05/2026,Being GST on NSDL - CDSL Charges - DBNOTE 202604964575,1.8,0.0,25083.09,CR
BACKFILL_20260715_SOF.txt,NSE-CAPITAL,01/05/2026,Being MTF pledge Charges DBNOTE 202604983215,175.0,0.0,24908.09,CR
BACKFILL_20260715_SOF.txt,NSE-CAPITAL,01/05/2026,Being GST on NSDL - CDSL Charges - DBNOTE 202604995662,1.8,0.0,24906.29,CR
BACKFILL_20260715_SOF.txt,NSE-CAPITAL,01/05/2026,DCR012601053593 JE Interest on NSE MTF359244922 202606850184,39.0,0.0,24867.29,CR
BACKFILL_20260715_SOF.txt,NSE-CAPITAL,02/05/2026,"01/05/2026 01-05-26 JE Interest on NSE MTF359244922 202606850184 39.00 0.00 24,867.29 CR JE Interest on NSE MTF359451423 202607021740",61.99,0.0,24805.3,CR
BACKFILL_20260715_SOF.txt,NSE-CAPITAL,04/05/2026,MTF BILL FOR 2026081-M BILL DATE May 4 MBILL 202600000021,0.0,169300.7,194106.0,CR
BACKFILL_20260715_SOF.txt,NSE-CAPITAL,04/05/2026,POSITION CLOSE FOR BILL DATE May 4 2026 MBILL 202600000021,63298.0,0.0,130808.0,CR
BACKFILL_20260715_SOF.txt,NSE-CAPITAL,04/05/2026,"04/05/2026 04-05-26 MBILL 202600000021 63,298.00 0.00 130,808.00 CR 2026081 BILL SETTNO=2026081NSECMMBILL POSTED 202600000089",53692.23,0.0,77115.77,CR
BACKFILL_20260715_SOF.txt,NSE-CAPITAL,04/05/2026,"04/05/2026 05-05-26 2026081 BILL SETTNO=2026081NSECMMBILL POSTED 202600000089 53,692.23 0.00 77,115.77 CR 1277801 PAYBNK Being Payout towards NSE M 2026080 202602293111",24681.32,0.0,52434.45,CR
BACKFILL_20260715_SOF.txt,NSE-CAPITAL,04/05/2026,Upstreamed Amount Released from I-Sec 1278027 PAYBNK 202602325634,13278.25,0.0,39156.2,CR
BACKFILL_20260715_SOF.txt,NSE-CAPITAL,04/05/2026,Upstreamed Amount Released from Upstream 1278027 PAYBNK 202602353522,72923.44,0.0,33767.24,DR
BACKFILL_20260715_SOF.txt,NSE-CAPITAL,04/05/2026,balance DBNOTE NSE Margin Payout 8503169324 202605069437,0.0,13278.25,20488.99,DR
BACKFILL_20260715_SOF.txt,NSE-CAPITAL,04/05/2026,"04/05/2026 04-05-26 DBNOTE NSE Margin Payout 8503169324 202605069437 0.00 13,278.25 20,488.99 DR DBNOTE Being Margin Trf 8503169324 202605097675",0.0,281.0,20207.99,DR
BACKFILL_20260715_SOF.txt,NSE-CAPITAL,04/05/2026,Being payout of EQ settlement 2026080 JE 202607067505,0.0,61.99,20146.0,DR
BACKFILL_20260715_SOF.txt,NSE-CAPITAL,04/05/2026,Being payout of EQ settlement 2026080 JE 202607096307,0.0,23.6,20122.4,DR
BACKFILL_20260715_SOF.txt,NSE-CAPITAL,04/05/2026,Being payout of EQ settlement 2026080 JE 202607155705,206.5,0.0,20328.9,DR
BACKFILL_20260715_SOF.txt,NSE-CAPITAL,04/05/2026,Being payout of EQ settlement 2026080 JE 202607158407,0.0,39.0,20289.9,DR
BACKFILL_20260715_SOF.txt,NSE-CAPITAL,04/05/2026,Being payout of EQ settlement 2026080 JE 202607167588,61.99,0.0,20351.89,DR
BACKFILL_20260715_SOF.txt,NSE-CAPITAL,04/05/2026,Being payout of EQ settlement 2026080 JE 202607207308,0.0,61.99,20289.9,DR
BACKFILL_20260715_SOF.txt,NSE-CAPITAL,04/05/2026,Being payout of EQ settlement 2026080 JE 202607217513,61.99,0.0,20351.89,DR
BACKFILL_20260715_SOF.txt,NSE-CAPITAL,04/05/2026,Being payout of EQ settlement 2026080 JE 202607232422,0.0,61.99,20289.9,DR
BACKFILL_20260715_SOF.txt,NSE-CAPITAL,04/05/2026,Being payout of EQ settlement 2026080 JE 202607237730,0.0,206.5,20083.4,DR
BACKFILL_20260715_SOF.txt,NSE-CAPITAL,04/05/2026,Being payout of EQ settlement 2026080 JE 202607241256,23.6,0.0,20107.0,DR
BACKFILL_20260715_SOF.txt,NSE-CAPITAL,04/05/2026,Being payout of EQ settlement 2026080 JE 202607271139,39.0,0.0,20146.0,DR
BACKFILL_20260715_SOF.txt,NSE-CAPITAL,04/05/2026,adjusted aga JE Interest on NSE MTF359562120 202607311461,61.99,0.0,20207.99,DR
BACKFILL_20260715_SOF.txt,NSE-CAPITAL,04/05/2026,"04/05/2026 04-05-26 JE Interest on NSE MTF359562120 202607311461 61.99 0.00 20,207.99 DR JE Interest on NSE MTF359671015 202607389800",61.99,0.0,20269.98,DR
BACKFILL_20260715_SOF.txt,NSE-CAPITAL,04/05/2026,Being payout of EQ settlement 2026080 JE 202607392709,61.99,0.0,20331.97,DR
BACKFILL_20260715_SOF.txt,NSE-CAPITAL,04/05/2026,adjusted aga 1277961 REPBNK Upstreamed Amount Collected 202608547313,0.0,72923.44,52591.47,CR
BACKFILL_20260715_SOF.txt,NSE-CAPITAL,04/05/2026,"04/05/2026 04-05-26 1277961 REPBNK Upstreamed Amount Collected 202608547313 0.00 72,923.44 52,591.47 CR 1278078 REPBNK NSEMRGNPIPO 202608806446",0.0,53161.15,105752.62,CR
BACKFILL_20260715_SOF.txt,NSE-CAPITAL,05/05/2026,POSITION CLOSE FOR BILL DATE May 5 2026 MBILL 202600000022,56894.25,0.0,48858.37,CR
BACKFILL_20260715_SOF.txt,NSE-CAPITAL,05/05/2026,MTF BILL FOR 2026082-M BILL DATE May 5 MBILL 202600000022,0.0,56207.9,105066.27,CR
BACKFILL_20260715_SOF.txt,NSE-CAPITAL,05/05/2026,2026 2026082 BILL SETTNO=2026082NSECMMBILL POSTED 202600000094,0.0,43305.21,148371.48,CR
BACKFILL_20260715_SOF.txt,NSE-CAPITAL,05/05/2026,"05/05/2026 06-05-26 2026082 BILL SETTNO=2026082NSECMMBILL POSTED 202600000094 0.00 43,305.21 148,371.48 CR 1278253 PAYBNK Being Payout towards NSE M 2026081 202602428532",52157.78,0.0,96213.7,CR
BACKFILL_20260715_SOF.txt,NSE-CAPITAL,05/05/2026,Upstreamed Amount Released from Upstream 1278465 PAYBNK 202602449203,44469.72,0.0,51743.98,CR
BACKFILL_20260715_SOF.txt,NSE-CAPITAL,05/05/2026,Upstreamed Amount Released from I-Sec 1278465 PAYBNK 202602462445,21333.44,0.0,30410.54,CR
BACKFILL_20260715_SOF.txt,NSE-CAPITAL,05/05/2026,Being GST on NSDL - CDSL Charges - DBNOTE 202605138629,24.75,0.0,30385.79,CR
BACKFILL_20260715_SOF.txt,NSE-CAPITAL,05/05/2026,Being GST on NSDL - CDSL Charges - DBNOTE 202605162066,24.75,0.0,30361.04,CR
BACKFILL_20260715_SOF.txt,NSE-CAPITAL,05/05/2026,Being GST on NSDL - CDSL Charges - DBNOTE 202605166040,3.6,0.0,30357.44,CR
BACKFILL_20260715_SOF.txt,NSE-CAPITAL,05/05/2026,Being MTF pledge Charges DBNOTE 202605184358,275.0,0.0,30082.44,CR
BACKFILL_20260715_SOF.txt,NSE-CAPITAL,05/05/2026,Demat Charges DBNOTE 202605226096,40.0,0.0,30042.44,CR
BACKFILL_20260715_SOF.txt,NSE-CAPITAL,05/05/2026,Being GST on NSDL - CDSL Charges - DBNOTE 202605306584,3.6,0.0,30038.84,CR
BACKFILL_20260715_SOF.txt,NSE-CAPITAL,05/05/2026,DCR012605053598 DBNOTE NSE Margin Payout 8503169324 202605345524,0.0,21333.44,51372.28,CR
BACKFILL_20260715_SOF.txt,NSE-CAPITAL,05/05/2026,"05/05/2026 05-05-26 DBNOTE NSE Margin Payout 8503169324 202605345524 0.00 21,333.44 51,372.28 CR DBNOTE Being Margin Trf 8503169324 202605355739",53442.15,0.0,2069.87,DR
BACKFILL_20260715_SOF.txt,NSE-CAPITAL,05/05/2026,Being payout of EQ settlement 2026081 JE 202607565432,61.99,0.0,2131.86,DR
BACKFILL_20260715_SOF.txt,NSE-CAPITAL,05/05/2026,adjusted aga JE Interest on NSE MTF359792500 202607569618,61.99,0.0,2193.85,DR
BACKFILL_20260715_SOF.txt,NSE-CAPITAL,05/05/2026,Being payout of EQ settlement 2026081 JE 202607623561,0.0,47.2,2146.65,DR
BACKFILL_20260715_SOF.txt,NSE-CAPITAL,05/05/2026,Being payout of EQ settlement 2026081 JE 202607627834,324.5,0.0,2471.15,DR
BACKFILL_20260715_SOF.txt,NSE-CAPITAL,05/05/2026,Being payout of EQ settlement 2026081 JE 202607636325,47.2,0.0,2518.35,DR
BACKFILL_20260715_SOF.txt,NSE-CAPITAL,05/05/2026,Being payout of EQ settlement 2026081 JE 202607649457,0.0,61.99,2456.36,DR
BACKFILL_20260715_SOF.txt,NSE-CAPITAL,05/05/2026,Being payout of EQ settlement 2026081 JE 202607677027,0.0,324.5,2131.86,DR
BACKFILL_20260715_SOF.txt,NSE-CAPITAL,05/05/2026,adjusted aga 1278407 REPBNK Upstreamed Amount Collected 202608998639,0.0,44469.72,42337.86,CR
BACKFILL_20260715_SOF.txt,NSE-CAPITAL,05/05/2026,"05/05/2026 05-05-26 1278407 REPBNK Upstreamed Amount Collected 202608998639 0.00 44,469.72 42,337.86 CR 1278520 REPBNK NSEMRGNPIPO 202609150091",0.0,21524.1,63861.96,CR
BACKFILL_20260715_SOF.txt,NSE-CAPITAL,06/05/2026,MTF BILL FOR 2026083-M BILL DATE May 6 MBILL 202600000023,0.0,11743.2,75605.16,CR
BACKFILL_20260715_SOF.txt,NSE-CAPITAL,06/05/2026,POSITION CLOSE FOR BILL DATE May 6 2026 MBILL 202600000023,28196.2,0.0,47408.96,CR
BACKFILL_20260715_SOF.txt,NSE-CAPITAL,06/05/2026,"06/05/2026 06-05-26 MBILL 202600000023 28,196.20 0.00 47,408.96 CR 2026083 BILL SETTNO=2026083NSECMMBILL POSTED 202600000098",6510.12,0.0,40898.84,CR
BACKFILL_20260715_SOF.txt,NSE-CAPITAL,06/05/2026,"06/05/2026 07-05-26 2026083 BILL SETTNO=2026083NSECMMBILL POSTED 202600000098 6,510.12 0.00 40,898.84 CR 1278710 PAYBNK Being Payout towards NSE M 2026082 202602519854",42237.75,0.0,1338.91,DR
BACKFILL_20260715_SOF.txt,NSE-CAPITAL,06/05/2026,Upstreamed Amount Released from Upstream 1278924 PAYBNK 202602578358,13865.72,0.0,15204.63,DR
BACKFILL_20260715_SOF.txt,NSE-CAPITAL,06/05/2026,Demat Charges DBNOTE 202605412829,40.0,0.0,15244.63,DR
BACKFILL_20260715_SOF.txt,NSE-CAPITAL,06/05/2026,Being GST on NSDL - CDSL Charges - DBNOTE 202605426597,3.6,0.0,15248.23,DR
BACKFILL_20260715_SOF.txt,NSE-CAPITAL,06/05/2026,Being GST on NSDL - CDSL Charges - DBNOTE 202605477815,3.6,0.0,15251.83,DR
BACKFILL_20260715_SOF.txt,NSE-CAPITAL,06/05/2026,DCR012606053600 DBNOTE NSE Margin Payout 8503169324 202605511942,0.0,5819.11,9432.72,DR
BACKFILL_20260715_SOF.txt,NSE-CAPITAL,06/05/2026,"06/05/2026 06-05-26 DBNOTE NSE Margin Payout 8503169324 202605511942 0.00 5,819.11 9,432.72 DR DBNOTE Being Margin Trf 8503169324 202605536393",20957.6,0.0,30390.32,DR
BACKFILL_20260715_SOF.txt,NSE-CAPITAL,06/05/2026,"06/05/2026 06-05-26 DBNOTE Being Margin Trf 8503169324 202605536393 20,957.60 0.00 30,390.32 DR JE Interest on NSE MTF359996560 202607825620",52.91,0.0,30443.23,DR
BACKFILL_20260715_SOF.txt,NSE-CAPITAL,06/05/2026,Being payout of EQ settlement 2026082 JE 202607934251,47.2,0.0,30490.43,DR
BACKFILL_20260715_SOF.txt,NSE-CAPITAL,06/05/2026,Being payout of EQ settlement 2026082 JE 202607936573,0.0,52.91,30437.52,DR
BACKFILL_20260715_SOF.txt,NSE-CAPITAL,06/05/2026,Being payout of EQ settlement 2026082 JE 202607962017,0.0,47.2,30390.32,DR
BACKFILL_20260715_SOF.txt,NSE-CAPITAL,06/05/2026,Being payout of EQ settlement 2026082 JE 202607966280,52.91,0.0,30443.23,DR
BACKFILL_20260715_SOF.txt,NSE-CAPITAL,06/05/2026,adjusted aga 1278867 REPBNK Upstreamed Amount Collected 202609394739,0.0,31938.64,1495.41,CR
BACKFILL_20260715_SOF.txt,NSE-CAPITAL,07/05/2026,MTF BILL FOR 2026084-M BILL DATE May 7 MBILL 202600000024,0.0,87937.01,89432.42,CR
BACKFILL_20260715_SOF.txt,NSE-CAPITAL,07/05/2026,POSITION CLOSE FOR BILL DATE May 7 2026 MBILL 202600000024,40078.0,0.0,49354.42,CR
BACKFILL_20260715_SOF.txt,NSE-CAPITAL,07/05/2026,"07/05/2026 07-05-26 MBILL 202600000024 40,078.00 0.00 49,354.42 CR 2026084 BILL SETTNO=2026084NSECMMBILL POSTED 202600000102",45928.77,0.0,3425.65,CR
BACKFILL_20260715_SOF.txt,NSE-CAPITAL,07/05/2026,"07/05/2026 08-05-26 2026084 BILL SETTNO=2026084NSECMMBILL POSTED 202600000102 45,928.77 0.00 3,425.65 CR 1279015 PAYBNK Upstreamed Amount Released 202602614897",1400.46,0.0,2025.19,CR
BACKFILL_20260715_SOF.txt,NSE-CAPITAL,07/05/2026,Upstreamed Amount Released from Upstream 1279368 PAYBNK 202602712542,26676.38,0.0,24651.19,DR
BACKFILL_20260715_SOF.txt,NSE-CAPITAL,07/05/2026,Being GST on NSDL - CDSL Charges - DBNOTE 202605570766,1.8,0.0,24652.99,DR
BACKFILL_20260715_SOF.txt,NSE-CAPITAL,07/05/2026,Demat Charges DBNOTE 202605606962,20.0,0.0,24672.99,DR
BACKFILL_20260715_SOF.txt,NSE-CAPITAL,07/05/2026,Being GST on NSDL - CDSL Charges - DBNOTE 202605692184,1.8,0.0,24674.79,DR
BACKFILL_20260715_SOF.txt,NSE-CAPITAL,07/05/2026,Being GST on NSDL - CDSL Charges - DBNOTE 202605743086,33.75,0.0,24708.54,DR
BACKFILL_20260715_SOF.txt,NSE-CAPITAL,07/05/2026,Being MTF pledge Charges DBNOTE 202605763426,375.0,0.0,25083.54,DR
BACKFILL_20260715_SOF.txt,NSE-CAPITAL,07/05/2026,Being GST on NSDL - CDSL Charges - DBNOTE 202605776652,33.75,0.0,25117.29,DR
BACKFILL_20260715_SOF.txt,NSE-CAPITAL,07/05/2026,DBNOTE NSE Margin Payin 8503169324 202605873485,17658.71,0.0,42776.0,DR
BACKFILL_20260715_SOF.txt,NSE-CAPITAL,07/05/2026,"07/05/2026 07-05-26 DBNOTE NSE Margin Payin 8503169324 202605873485 17,658.71 0.00 42,776.00 DR DBNOTE Being Margin Trf 8503169324 202605900840",566.5,0.0,43342.5,DR
BACKFILL_20260715_SOF.txt,NSE-CAPITAL,07/05/2026,Being EQ Upstream payout adjusted against JE 202608012814,0.0,23.6,43318.9,DR
BACKFILL_20260715_SOF.txt,NSE-CAPITAL,07/05/2026,Being EQ Upstream payout adjusted against JE 202608041745,71.35,0.0,43390.25,DR
BACKFILL_20260715_SOF.txt,NSE-CAPITAL,07/05/2026,Being EQ Upstream payout adjusted against JE 202608069134,0.0,71.35,43318.9,DR
BACKFILL_20260715_SOF.txt,NSE-CAPITAL,07/05/2026,Being EQ Upstream payout adjusted against JE 202608166304,23.6,0.0,43342.5,DR
BACKFILL_20260715_SOF.txt,NSE-CAPITAL,07/05/2026,DCR 0705 JE Interest on NSE MTF360223623 202608252597,71.35,0.0,43413.85,DR
BACKFILL_20260715_SOF.txt,NSE-CAPITAL,07/05/2026,Being GST and MTF pledge Charges recovered 1279016 REPBNK 202609616479,0.0,442.5,42971.35,DR
BACKFILL_20260715_SOF.txt,NSE-CAPITAL,07/05/2026,DCM 012 1279298 REPBNK Upstreamed Amount Collected 202609658907,0.0,44949.01,1977.66,CR
BACKFILL_20260715_SOF.txt,NSE-CAPITAL,08/05/2026,MTF BILL FOR 2026085-M BILL DATE May 8 MBILL 202600000025,0.0,129785.15,131762.81,CR
BACKFILL_20260715_SOF.txt,NSE-CAPITAL,08/05/2026,POSITION CLOSE FOR BILL DATE May 8 2026 MBILL 202600000025,18818.9,0.0,112943.91,CR
BACKFILL_20260715_SOF.txt,NSE-CAPITAL,08/05/2026,"08/05/2026 08-05-26 MBILL 202600000025 18,818.90 0.00 112,943.91 CR 2026085 BILL SETTNO=2026085NSECMMBILL POSTED 202600000106",40490.17,0.0,72453.74,CR
BACKFILL_20260715_SOF.txt,NSE-CAPITAL,08/05/2026,"08/05/2026 11-05-26 2026085 BILL SETTNO=2026085NSECMMBILL POSTED 202600000106 40,490.17 0.00 72,453.74 CR 1279462 PAYBNK Upstreamed Amount Released 202602738977",613.92,0.0,71839.82,CR
BACKFILL_20260715_SOF.txt,NSE-CAPITAL,08/05/2026,"08/05/2026 08-05-26 1279462 PAYBNK Upstreamed Amount Released 202602738977 613.92 0.00 71,839.82 CR 1279620 PAYBNK Being Payout towards NSE M 2026084 202602800407",1239.58,0.0,70600.24,CR
BACKFILL_20260715_SOF.txt,NSE-CAPITAL,08/05/2026,Upstreamed Amount Released from Upstream 1279864 PAYBNK 202602834197,67491.86,0.0,3108.38,CR
BACKFILL_20260715_SOF.txt,NSE-CAPITAL,08/05/2026,Upstreamed Amount Released from I-Sec 1279864 PAYBNK 202602843944,14101.51,0.0,10993.13,DR
BACKFILL_20260715_SOF.txt,NSE-CAPITAL,08/05/2026,Demat Charges DBNOTE 202605957594,20.0,0.0,11013.13,DR
BACKFILL_20260715_SOF.txt,NSE-CAPITAL,08/05/2026,Being MTF pledge Charges DBNOTE 202606013917,25.0,0.0,11038.13,DR
BACKFILL_20260715_SOF.txt,NSE-CAPITAL,08/05/2026,Being GST on NSDL - CDSL Charges - DBNOTE 202606027403,2.25,0.0,11040.38,DR
BACKFILL_20260715_SOF.txt,NSE-CAPITAL,08/05/2026,Being GST on NSDL - CDSL Charges - DBNOTE 202606059282,2.25,0.0,11042.63,DR
BACKFILL_20260715_SOF.txt,NSE-CAPITAL,08/05/2026,Being GST on NSDL - CDSL Charges - DBNOTE 202606066952,1.8,0.0,11044.43,DR
BACKFILL_20260715_SOF.txt,NSE-CAPITAL,08/05/2026,Being GST on NSDL - CDSL Charges - DBNOTE 202606114280,1.8,0.0,11046.23,DR
BACKFILL_20260715_SOF.txt,NSE-CAPITAL,08/05/2026,DCR012608053605 DBNOTE NSE Margin Payout 8503169324 202606164835,0.0,14101.51,3055.28,CR
BACKFILL_20260715_SOF.txt,NSE-CAPITAL,08/05/2026,"08/05/2026 08-05-26 DBNOTE NSE Margin Payout 8503169324 202606164835 0.00 14,101.51 3,055.28 CR DBNOTE Being Margin Trf 8503169324 202606173851",0.0,1206.8,4262.08,CR
BACKFILL_20260715_SOF.txt,NSE-CAPITAL,08/05/2026,Being payout of EQ settlement 2026084 JE 202608335516,0.0,29.5,4291.58,CR
BACKFILL_20260715_SOF.txt,NSE-CAPITAL,08/05/2026,Being payout of EQ settlement 2026084 JE 202608339973,0.0,71.06,4362.64,CR
BACKFILL_20260715_SOF.txt,NSE-CAPITAL,08/05/2026,Being payout of EQ settlement 2026084 JE 202608395724,71.06,0.0,4291.58,CR
BACKFILL_20260715_SOF.txt,NSE-CAPITAL,08/05/2026,Being payout of EQ settlement 2026084 JE 202608403789,0.0,23.6,4315.18,CR
BACKFILL_20260715_SOF.txt,NSE-CAPITAL,08/05/2026,Being payout of EQ settlement 2026084 JE 202608427013,23.6,0.0,4291.58,CR
BACKFILL_20260715_SOF.txt,NSE-CAPITAL,08/05/2026,adjusted aga JE Interest on NSE MTF360367713 202608466762,71.06,0.0,4220.52,CR
BACKFILL_20260715_SOF.txt,NSE-CAPITAL,08/05/2026,Being payout of EQ settlement 2026084 JE 202608548099,29.5,0.0,4191.02,CR
BACKFILL_20260715_SOF.txt,NSE-CAPITAL,08/05/2026,adjusted aga 1279801 REPBNK Upstreamed Amount Collected 202610024235,0.0,67491.86,71682.88,CR
BACKFILL_20260715_SOF.txt,NSE-CAPITAL,08/05/2026,"08/05/2026 08-05-26 1279801 REPBNK Upstreamed Amount Collected 202610024235 0.00 67,491.86 71,682.88 CR 1280092 REPBNK NSEMRGNPIPO 202610352539",0.0,66194.93,137877.81,CR
BACKFILL_20260715_SOF.txt,NSE-CAPITAL,09/05/2026,Being GST on NSDL - CDSL Charges - DBNOTE 202606311345,3.6,0.0,137874.21,CR
BACKFILL_20260715_SOF.txt,NSE-CAPITAL,09/05/2026,Being GST on NSDL - CDSL Charges - DBNOTE 202606320787,15.75,0.0,137858.46,CR
BACKFILL_20260715_SOF.txt,NSE-CAPITAL,09/05/2026,Being MTF pledge Charges DBNOTE 202606354644,175.0,0.0,137683.46,CR
BACKFILL_20260715_SOF.txt,NSE-CAPITAL,09/05/2026,Being GST on NSDL - CDSL Charges - DBNOTE 202606382562,15.75,0.0,137667.71,CR
BACKFILL_20260715_SOF.txt,NSE-CAPITAL,09/05/2026,Demat Charges DBNOTE 202606384364,40.0,0.0,137627.71,CR
BACKFILL_20260715_SOF.txt,NSE-CAPITAL,09/05/2026,Being GST on NSDL - CDSL Charges - DBNOTE 202606400317,3.6,0.0,137624.11,CR
BACKFILL_20260715_SOF.txt,NSE-CAPITAL,09/05/2026,JE Interest on NSE MTF360583935 202608629575,68.4,0.0,137555.71,CR
BACKFILL_20260715_SOF.txt,NSE-CAPITAL,11/05/2026,POSITION CLOSE FOR BILL DATE May 11 2026 MBILL 202600000026,78965.0,0.0,58590.71,CR
BACKFILL_20260715_SOF.txt,NSE-CAPITAL,11/05/2026,MTF BILL FOR 2026086-M BILL DATE May 11 MBILL 202600000026,0.0,124268.5,182859.21,CR
BACKFILL_20260715_SOF.txt,NSE-CAPITAL,11/05/2026,2026 2026086 BILL SETTNO=2026086NSECMMBILL POSTED 202600000110,0.0,163392.58,346251.79,CR
BACKFILL_20260715_SOF.txt,NSE-CAPITAL,11/05/2026,"11/05/2026 12-05-26 2026086 BILL SETTNO=2026086NSECMMBILL POSTED 202600000110 0.00 163,392.58 346,251.79 CR 1280261 PAYBNK Being Payout towards NSE M 2026085 202602884265",71208.72,0.0,275043.07,CR
BACKFILL_20260715_SOF.txt,NSE-CAPITAL,11/05/2026,Upstreamed Amount Released from Upstream 1280520 PAYBNK 202602943743,59414.15,0.0,215628.92,CR
BACKFILL_20260715_SOF.txt,NSE-CAPITAL,11/05/2026,Upstreamed Amount Released from I-Sec 1280520 PAYBNK 202602947484,35563.91,0.0,180065.01,CR
BACKFILL_20260715_SOF.txt,NSE-CAPITAL,11/05/2026,margin balan DBNOTE NSE Margin Payout 8503169324 202606462180,0.0,35563.91,215628.92,CR
BACKFILL_20260715_SOF.txt,NSE-CAPITAL,11/05/2026,"11/05/2026 11-05-26 DBNOTE NSE Margin Payout 8503169324 202606462180 0.00 35,563.91 215,628.92 CR DBNOTE Being Margin Trf 8503169324 202606492863",66808.93,0.0,148819.99,CR
BACKFILL_20260715_SOF.txt,NSE-CAPITAL,11/05/2026,"11/05/2026 11-05-26 DBNOTE Being Margin Trf 8503169324 202606492863 66,808.93 0.00 148,819.99 CR JE Interest on NSE MTF360867223 202608736715",76.03,0.0,148743.96,CR
BACKFILL_20260715_SOF.txt,NSE-CAPITAL,11/05/2026,Being payout of EQ settlement 2026085 JE 202608772403,206.5,0.0,148537.46,CR
BACKFILL_20260715_SOF.txt,NSE-CAPITAL,11/05/2026,Being payout of EQ settlement 2026085 JE 202608785303,68.4,0.0,148469.06,CR
BACKFILL_20260715_SOF.txt,NSE-CAPITAL,11/05/2026,Being payout of EQ settlement 2026085 JE 202608858095,0.0,76.03,148545.09,CR
BACKFILL_20260715_SOF.txt,NSE-CAPITAL,11/05/2026,Being payout of EQ settlement 2026085 JE 202608878534,0.0,206.5,148751.59,CR
BACKFILL_20260715_SOF.txt,NSE-CAPITAL,11/05/2026,adjusted aga JE Interest on NSE MTF360929083 202608888052,76.03,0.0,148675.56,CR
BACKFILL_20260715_SOF.txt,NSE-CAPITAL,11/05/2026,Being payout of EQ settlement 2026085 JE 202608949958,0.0,76.03,148751.59,CR
BACKFILL_20260715_SOF.txt,NSE-CAPITAL,11/05/2026,Being payout of EQ settlement 2026085 JE 202609016074,0.0,47.2,148798.79,CR
BACKFILL_20260715_SOF.txt,NSE-CAPITAL,11/05/2026,Being payout of EQ settlement 2026085 JE 202609030168,76.03,0.0,148722.76,CR
BACKFILL_20260715_SOF.txt,NSE-CAPITAL,11/05/2026,Being payout of EQ settlement 2026085 JE 202609035695,0.0,68.4,148791.16,CR
BACKFILL_20260715_SOF.txt,NSE-CAPITAL,11/05/2026,Being payout of EQ settlement 2026085 JE 202609064800,76.03,0.0,148715.13,CR
BACKFILL_20260715_SOF.txt,NSE-CAPITAL,11/05/2026,Being payout of EQ settlement 2026085 JE 202609114211,47.2,0.0,148667.93,CR
BACKFILL_20260715_SOF.txt,NSE-CAPITAL,11/05/2026,adjusted aga 1280446 REPBNK Upstreamed Amount Collected 202610691657,0.0,59414.15,208082.08,CR
BACKFILL_20260715_SOF.txt,NSE-CAPITAL,11/05/2026,"11/05/2026 11-05-26 1280446 REPBNK Upstreamed Amount Collected 202610691657 0.00 59,414.15 208,082.08 CR 1280578 REPBNK NSEMRGNPIPO 202610741097",0.0,42060.98,250143.06,CR
BACKFILL_20260715_SOF.txt,NSE-CAPITAL,12/05/2026,POSITION CLOSE FOR BILL DATE May 12 2026 MBILL 202600000027,533536.31,0.0,283393.25,DR
BACKFILL_20260715_SOF.txt,NSE-CAPITAL,12/05/2026,"12/05/2026 12-05-26 MBILL 202600000027 533,536.31 0.00 283,393.25 DR 2026087 BILL SETTNO=2026087NSECMMBILL POSTED 202600000114",0.0,998808.78,715415.53,CR
BACKFILL_20260715_SOF.txt,NSE-CAPITAL,12/05/2026,"12/05/2026 13-05-26 2026087 BILL SETTNO=2026087NSECMMBILL POSTED 202600000114 0.00 998,808.78 715,415.53 CR 1280754 PAYBNK Being Payout towards NSE M 2026086 202603015980",207327.53,0.0,508088.0,CR
BACKFILL_20260715_SOF.txt,NSE-CAPITAL,12/05/2026,Upstreamed Amount Released from I-Sec 1280977 PAYBNK 202603082725,201782.38,0.0,306305.62,CR
BACKFILL_20260715_SOF.txt,NSE-CAPITAL,12/05/2026,Upstreamed Amount Released from Upstream 1280977 PAYBNK 202603092934,52917.08,0.0,253388.54,CR
BACKFILL_20260715_SOF.txt,NSE-CAPITAL,12/05/2026,Being GST on NSDL - CDSL Charges - DBNOTE 202606534233,18.0,0.0,253370.54,CR
BACKFILL_20260715_SOF.txt,NSE-CAPITAL,12/05/2026,Demat Charges DBNOTE 202606574633,200.0,0.0,253170.54,CR
BACKFILL_20260715_SOF.txt,NSE-CAPITAL,12/05/2026,Being GST on NSDL - CDSL Charges - DBNOTE 202606590703,18.0,0.0,253152.54,CR
BACKFILL_20260715_SOF.txt,NSE-CAPITAL,12/05/2026,Being GST on NSDL - CDSL Charges - DBNOTE 202606672270,33.75,0.0,253118.79,CR
BACKFILL_20260715_SOF.txt,NSE-CAPITAL,12/05/2026,Being MTF pledge Charges DBNOTE 202606679143,375.0,0.0,252743.79,CR
BACKFILL_20260715_SOF.txt,NSE-CAPITAL,12/05/2026,Being GST on NSDL - CDSL Charges - DBNOTE 202606724053,33.75,0.0,252710.04,CR
BACKFILL_20260715_SOF.txt,NSE-CAPITAL,12/05/2026,DCM012612053611 DBNOTE NSE Margin Payout 8503169324 202606775903,0.0,201782.38,454492.42,CR
BACKFILL_20260715_SOF.txt,NSE-CAPITAL,12/05/2026,"12/05/2026 12-05-26 DBNOTE NSE Margin Payout 8503169324 202606775903 0.00 201,782.38 454,492.42 CR DBNOTE Being Margin Trf 8503169324 202606798113",42737.78,0.0,411754.64,CR
BACKFILL_20260715_SOF.txt,NSE-CAPITAL,12/05/2026,"12/05/2026 12-05-26 DBNOTE Being Margin Trf 8503169324 202606798113 42,737.78 0.00 411,754.64 CR JE Interest on NSE MTF361038380 202609238416",76.03,0.0,411678.61,CR
BACKFILL_20260715_SOF.txt,NSE-CAPITAL,12/05/2026,Being payout of EQ settlement 2026086 JE 202609387631,76.03,0.0,411602.58,CR
BACKFILL_20260715_SOF.txt,NSE-CAPITAL,12/05/2026,Being payout of EQ settlement 2026086 JE 202609396482,0.0,236.0,411838.58,CR
BACKFILL_20260715_SOF.txt,NSE-CAPITAL,12/05/2026,Being payout of EQ settlement 2026086 JE 202609403479,442.5,0.0,411396.08,CR
BACKFILL_20260715_SOF.txt,NSE-CAPITAL,12/05/2026,Being payout of EQ settlement 2026086 JE 202609417094,0.0,76.03,411472.11,CR
BACKFILL_20260715_SOF.txt,NSE-CAPITAL,12/05/2026,Being payout of EQ settlement 2026086 JE 202609419381,236.0,0.0,411236.11,CR
BACKFILL_20260715_SOF.txt,NSE-CAPITAL,12/05/2026,Being payout of EQ settlement 2026086 JE 202609424601,0.0,442.5,411678.61,CR
BACKFILL_20260715_SOF.txt,NSE-CAPITAL,12/05/2026,adjusted aga 1280913 REPBNK Upstreamed Amount Collected 202611063168,0.0,52917.08,464595.69,CR
BACKFILL_20260715_SOF.txt,NSE-CAPITAL,13/05/2026,MTF BILL FOR 2026088-M BILL DATE May 13 MBILL 202600000028,0.0,128971.5,593567.19,CR
BACKFILL_20260715_SOF.txt,NSE-CAPITAL,13/05/2026,2026 2026088 BILL SETTNO=2026088NSECMMBILL POSTED 202600000119,226337.75,0.0,367229.44,CR
BACKFILL_20260715_SOF.txt,NSE-CAPITAL,13/05/2026,"13/05/2026 14-05-26 2026088 BILL SETTNO=2026088NSECMMBILL POSTED 202600000119 226,337.75 0.00 367,229.44 CR 1281205 PAYBNK Being Payout towards NSE M 2026087 202603150529",464238.26,0.0,97008.82,DR
BACKFILL_20260715_SOF.txt,NSE-CAPITAL,13/05/2026,Upstreamed Amount Released from Upstream 1281428 PAYBNK 202603206722,22558.14,0.0,119566.96,DR
BACKFILL_20260715_SOF.txt,NSE-CAPITAL,13/05/2026,Being MTF pledge Charges DBNOTE 202606844334,225.0,0.0,119791.96,DR
BACKFILL_20260715_SOF.txt,NSE-CAPITAL,13/05/2026,Being GST on NSDL - CDSL Charges - DBNOTE 202606973510,20.25,0.0,119812.21,DR
BACKFILL_20260715_SOF.txt,NSE-CAPITAL,13/05/2026,Being GST on NSDL - CDSL Charges - DBNOTE 202606978726,20.25,0.0,119832.46,DR
BACKFILL_20260715_SOF.txt,NSE-CAPITAL,13/05/2026,DCM012613053613 DBNOTE NSE Margin Payin 8503169324 202607050504,76077.8,0.0,195910.26,DR
BACKFILL_20260715_SOF.txt,NSE-CAPITAL,13/05/2026,Being payout of EQ settlement 2026087 JE 202609568534,265.5,0.0,196175.76,DR
BACKFILL_20260715_SOF.txt,NSE-CAPITAL,13/05/2026,Being payout of EQ settlement 2026087 JE 202609590865,0.0,91.89,196083.87,DR
BACKFILL_20260715_SOF.txt,NSE-CAPITAL,13/05/2026,Being payout of EQ settlement 2026087 JE 202609604799,0.0,265.5,195818.37,DR
BACKFILL_20260715_SOF.txt,NSE-CAPITAL,13/05/2026,adjusted aga JE Interest on NSE MTF361313482 202609671698,91.89,0.0,195910.26,DR
BACKFILL_20260715_SOF.txt,NSE-CAPITAL,13/05/2026,Being payout of EQ settlement 2026087 JE 202609674469,91.89,0.0,196002.15,DR
BACKFILL_20260715_SOF.txt,NSE-CAPITAL,13/05/2026,adjusted aga 1281372 REPBNK Upstreamed Amount Collected 202611523708,0.0,195451.25,550.9,DR
BACKFILL_20260715_SOF.txt,NSE-CAPITAL,13/05/2026,"13/05/2026 13-05-26 1281372 REPBNK Upstreamed Amount Collected 202611523708 0.00 195,451.25 550.90 DR 1281504 REPBNK Being Payin towards NSE M 2026088 202611590892",0.0,550.94,0.04,CR
BACKFILL_20260715_SOF.txt,NSE-CAPITAL,14/05/2026,MTF BILL FOR 2026089-M BILL DATE May 14 MBILL 202600000029,0.0,24737.5,24737.54,CR
BACKFILL_20260715_SOF.txt,NSE-CAPITAL,14/05/2026,POSITION CLOSE FOR BILL DATE May 14 2026 MBILL 202600000029,16919.2,0.0,7818.34,CR
BACKFILL_20260715_SOF.txt,NSE-CAPITAL,14/05/2026,"14/05/2026 14-05-26 MBILL 202600000029 16,919.20 0.00 7,818.34 CR 2026089 BILL SETTNO=2026089NSECMMBILL POSTED 202600000123",142150.55,0.0,134332.21,DR
BACKFILL_20260715_SOF.txt,NSE-CAPITAL,14/05/2026,Upstreamed Amount Released from Upstream 1281894 PAYBNK 202603304342,56322.66,0.0,190654.87,DR
BACKFILL_20260715_SOF.txt,NSE-CAPITAL,14/05/2026,Being GST on NSDL - CDSL Charges - DBNOTE 202607094320,49.5,0.0,190704.37,DR
BACKFILL_20260715_SOF.txt,NSE-CAPITAL,14/05/2026,Demat Charges DBNOTE 202607165215,320.0,0.0,191024.37,DR
BACKFILL_20260715_SOF.txt,NSE-CAPITAL,14/05/2026,Being GST on NSDL - CDSL Charges - DBNOTE 202607177720,28.8,0.0,191053.17,DR
BACKFILL_20260715_SOF.txt,NSE-CAPITAL,14/05/2026,Being GST on NSDL - CDSL Charges - DBNOTE 202607201136,49.5,0.0,191102.67,DR
BACKFILL_20260715_SOF.txt,NSE-CAPITAL,14/05/2026,Being MTF pledge Charges DBNOTE 202607263859,550.0,0.0,191652.67,DR
BACKFILL_20260715_SOF.txt,NSE-CAPITAL,14/05/2026,Being GST on NSDL - CDSL Charges - DBNOTE 202607265802,28.8,0.0,191681.47,DR
BACKFILL_20260715_SOF.txt,NSE-CAPITAL,14/05/2026,DCR012613053614 DBNOTE NSE Margin Payin 8503169324 202607314841,16504.42,0.0,208185.89,DR
BACKFILL_20260715_SOF.txt,NSE-CAPITAL,14/05/2026,"14/05/2026 14-05-26 DBNOTE NSE Margin Payin 8503169324 202607314841 16,504.42 0.00 208,185.89 DR DBNOTE Being Margin Trf 8503169324 202607348264",1054.8,0.0,209240.69,DR
BACKFILL_20260715_SOF.txt,NSE-CAPITAL,14/05/2026,"14/05/2026 14-05-26 DBNOTE Being Margin Trf 8503169324 202607348264 1,054.80 0.00 209,240.69 DR JE Interest on NSE MTF361443588 202609749175",101.26,0.0,209341.95,DR
BACKFILL_20260715_SOF.txt,NSE-CAPITAL,14/05/2026,Interest recovered on NSE MTF INN 361443588 1281487 REPBNK 202611695824,0.0,101.26,209240.69,DR
BACKFILL_20260715_SOF.txt,NSE-CAPITAL,14/05/2026,Being GST and MTF pledge Charges recovered 1281487 REPBNK 202611706937,0.0,649.0,208591.69,DR
BACKFILL_20260715_SOF.txt,NSE-CAPITAL,14/05/2026,Demat Charges Recovered DCR 1281487 REPBNK 202611723467,0.0,377.6,208214.09,DR
BACKFILL_20260715_SOF.txt,NSE-CAPITAL,14/05/2026,01261305361420036 1281834 REPBNK Upstreamed Amount Collected 202611907661,0.0,207685.8,528.29,DR
BACKFILL_20260715_SOF.txt,NSE-CAPITAL,14/05/2026,"14/05/2026 14-05-26 1281834 REPBNK Upstreamed Amount Collected 202611907661 0.00 207,685.80 528.29 DR 1281961 REPBNK Being Payin towards NSE M 2026089 202612106848",0.0,528.33,0.04,CR
BACKFILL_20260715_SOF.txt,NSE-CAPITAL,15/05/2026,MTF BILL FOR 2026090-M BILL DATE May 15 MBILL 202600000030,0.0,16228.0,16228.04,CR
BACKFILL_20260715_SOF.txt,NSE-CAPITAL,15/05/2026,2026090 BILL SETTNO=2026090NSECMMBILL POSTED 202600000128,105842.98,0.0,89614.94,DR
BACKFILL_20260715_SOF.txt,NSE-CAPITAL,15/05/2026,Upstreamed Amount Released from Upstream 1282394 PAYBNK 202603438331,39899.98,0.0,129514.92,DR
BACKFILL_20260715_SOF.txt,NSE-CAPITAL,15/05/2026,Demat Charges DBNOTE 202607378389,20.0,0.0,129534.92,DR
BACKFILL_20260715_SOF.txt,NSE-CAPITAL,15/05/2026,Being GST on NSDL - CDSL Charges - DBNOTE 202607403086,1.8,0.0,129536.72,DR
BACKFILL_20260715_SOF.txt,NSE-CAPITAL,15/05/2026,Being GST on NSDL - CDSL Charges - DBNOTE 202607419825,1.8,0.0,129538.52,DR
BACKFILL_20260715_SOF.txt,NSE-CAPITAL,15/05/2026,DCR012614053616 DBNOTE NSE Margin Payin 8503169324 202607593317,8519.7,0.0,138058.22,DR
BACKFILL_20260715_SOF.txt,NSE-CAPITAL,15/05/2026,"15/05/2026 15-05-26 DBNOTE NSE Margin Payin 8503169324 202607593317 8,519.70 0.00 138,058.22 DR JE Interest on NSE MTF361635560 202610162029",14.41,0.0,138072.63,DR
BACKFILL_20260715_SOF.txt,NSE-CAPITAL,15/05/2026,Demat Charges Recovered DCR 1281944 REPBNK 202611949213,0.0,23.6,138049.03,DR
BACKFILL_20260715_SOF.txt,NSE-CAPITAL,15/05/2026,Interest recovered on NSE MTF INN 361635560 1281944 REPBNK 202612145433,0.0,14.41,138034.62,DR
BACKFILL_20260715_SOF.txt,NSE-CAPITAL,15/05/2026,"15/05/2026 15-05-26 1281944 REPBNK 202612145433 0.00 14.41 138,034.62 DR 1282322 REPBNK Upstreamed Amount Collected 202612172794",0.0,137667.4,367.22,DR
BACKFILL_20260715_SOF.txt,NSE-CAPITAL,15/05/2026,"15/05/2026 15-05-26 1282322 REPBNK Upstreamed Amount Collected 202612172794 0.00 137,667.40 367.22 DR 1282707 REPBNK Being Payin towards NSE M 2026090 202612674230",0.0,367.26,0.04,CR
BACKFILL_20260715_SOF.txt,NSE-CAPITAL,16/05/2026,Being GST on NSDL - CDSL Charges - DBNOTE 202607621552,1.8,0.0,1.76,DR
BACKFILL_20260715_SOF.txt,NSE-CAPITAL,16/05/2026,Being MTF pledge Charges DBNOTE 202607626264,175.0,0.0,176.76,DR
BACKFILL_20260715_SOF.txt,NSE-CAPITAL,16/05/2026,Demat Charges DBNOTE 202607663375,20.0,0.0,196.76,DR
BACKFILL_20260715_SOF.txt,NSE-CAPITAL,16/05/2026,Being GST on NSDL - CDSL Charges - DBNOTE 202607671503,15.75,0.0,212.51,DR
BACKFILL_20260715_SOF.txt,NSE-CAPITAL,16/05/2026,Being GST on NSDL - CDSL Charges - DBNOTE 202607703331,1.8,0.0,214.31,DR
BACKFILL_20260715_SOF.txt,NSE-CAPITAL,16/05/2026,Being GST on NSDL - CDSL Charges - DBNOTE 202607741840,15.75,0.0,230.06,DR
BACKFILL_20260715_SOF.txt,NSE-CAPITAL,16/05/2026,DCM012616053619 JE Interest on NSE MTF361931398 202610261315,28.32,0.0,258.38,DR
BACKFILL_20260715_SOF.txt,NSE-CAPITAL,16/05/2026,Interest recovered on NSE MTF INN 361931398 1282484 REPBNK 202612330909,0.0,28.32,230.06,DR
BACKFILL_20260715_SOF.txt,NSE-CAPITAL,16/05/2026,Being GST and MTF pledge Charges recovered 1282484 REPBNK 202612349257,0.0,206.5,23.56,DR
BACKFILL_20260715_SOF.txt,NSE-CAPITAL,16/05/2026,Demat Charges Recovered DCR 1282484 REPBNK 202612354918,0.0,23.6,0.04,CR
BACKFILL_20260715_SOF.txt,NSE-CAPITAL,18/05/2026,POSITION CLOSE FOR BILL DATE May 18 2026 MBILL 202600000031,134955.35,0.0,134955.31,DR
BACKFILL_20260715_SOF.txt,NSE-CAPITAL,18/05/2026,MTF BILL FOR 2026091-M BILL DATE May 18 MBILL 202600000031,0.0,11801.25,123154.06,DR
BACKFILL_20260715_SOF.txt,NSE-CAPITAL,18/05/2026,2026 2026091 BILL SETTNO=2026091NSECMMBILL POSTED 202600000133,0.0,185568.18,62414.12,CR
BACKFILL_20260715_SOF.txt,NSE-CAPITAL,18/05/2026,Upstreamed Amount Released from I-Sec 1283127 PAYBNK 202603523262,96708.37,0.0,34294.25,DR
BACKFILL_20260715_SOF.txt,NSE-CAPITAL,18/05/2026,Upstreamed Amount Released from Upstream 1283127 PAYBNK 202603525556,110003.43,0.0,144297.68,DR
BACKFILL_20260715_SOF.txt,NSE-CAPITAL,18/05/2026,balance DBNOTE NSE Margin Payout 8503169324 202607847325,0.0,96708.37,47589.31,DR
BACKFILL_20260715_SOF.txt,NSE-CAPITAL,18/05/2026,"18/05/2026 18-05-26 DBNOTE NSE Margin Payout 8503169324 202607847325 0.00 96,708.37 47,589.31 DR DBNOTE Being Margin Trf 8503169324 202607877631",0.0,4134.6,43454.71,DR
BACKFILL_20260715_SOF.txt,NSE-CAPITAL,18/05/2026,"18/05/2026 18-05-26 DBNOTE Being Margin Trf 8503169324 202607877631 0.00 4,134.60 43,454.71 DR JE Interest on NSE MTF362236943 202610553576",25.82,0.0,43480.53,DR
BACKFILL_20260715_SOF.txt,NSE-CAPITAL,18/05/2026,"18/05/2026 18-05-26 JE Interest on NSE MTF362236943 202610553576 25.82 0.00 43,480.53 DR JE Interest on NSE MTF362133878 202610728267",25.82,0.0,43506.35,DR
BACKFILL_20260715_SOF.txt,NSE-CAPITAL,18/05/2026,Interest recovered on NSE MTF INN 362236943 1282693 REPBNK 202612431505,0.0,25.82,43480.53,DR
BACKFILL_20260715_SOF.txt,NSE-CAPITAL,18/05/2026,Interest recovered on NSE MTF INN 362133878 1282693 REPBNK 202612607975,0.0,25.82,43454.71,DR
BACKFILL_20260715_SOF.txt,NSE-CAPITAL,18/05/2026,"18/05/2026 18-05-26 1282693 REPBNK 202612607975 0.00 25.82 43,454.71 DR 1283055 REPBNK Upstreamed Amount Collected 202612824516",0.0,110003.43,66548.72,CR
BACKFILL_20260715_SOF.txt,NSE-CAPITAL,19/05/2026,MTF BILL FOR 2026092-M BILL DATE May 19 MBILL 202600000032,0.0,24017.4,90566.12,CR
BACKFILL_20260715_SOF.txt,NSE-CAPITAL,19/05/2026,2026 2026092 BILL SETTNO=2026092NSECMMBILL POSTED 202600000138,279084.23,0.0,188518.11,DR
BACKFILL_20260715_SOF.txt,NSE-CAPITAL,19/05/2026,"19/05/2026 20-05-26 2026092 BILL SETTNO=2026092NSECMMBILL POSTED 202600000138 279,084.23 0.00 188,518.11 DR 1283373 PAYBNK Being Payout towards NSE M 2026091 202603579402",66410.76,0.0,254928.87,DR
BACKFILL_20260715_SOF.txt,NSE-CAPITAL,19/05/2026,Demat Charges DBNOTE 202607926893,20.0,0.0,254948.87,DR
BACKFILL_20260715_SOF.txt,NSE-CAPITAL,19/05/2026,Being GST on NSDL - CDSL Charges - DBNOTE 202607946522,6.75,0.0,254955.62,DR
BACKFILL_20260715_SOF.txt,NSE-CAPITAL,19/05/2026,Being GST on NSDL - CDSL Charges - DBNOTE 202607953767,6.75,0.0,254962.37,DR
BACKFILL_20260715_SOF.txt,NSE-CAPITAL,19/05/2026,Being GST on NSDL - CDSL Charges - DBNOTE 202607980797,1.8,0.0,254964.17,DR
BACKFILL_20260715_SOF.txt,NSE-CAPITAL,19/05/2026,Being GST on NSDL - CDSL Charges - DBNOTE 202608031163,1.8,0.0,254965.97,DR
BACKFILL_20260715_SOF.txt,NSE-CAPITAL,19/05/2026,Being MTF pledge Charges DBNOTE 202608058566,75.0,0.0,255040.97,DR
BACKFILL_20260715_SOF.txt,NSE-CAPITAL,19/05/2026,recoverable01261905362424 DBNOTE NSE Margin Payin 8503169324 202608120902,12609.13,0.0,267650.1,DR
BACKFILL_20260715_SOF.txt,NSE-CAPITAL,19/05/2026,"19/05/2026 19-05-26 DBNOTE NSE Margin Payin 8503169324 202608120902 12,609.13 0.00 267,650.10 DR DBNOTE Being Margin Trf 8503169324 202608135670",41179.11,0.0,308829.21,DR
BACKFILL_20260715_SOF.txt,NSE-CAPITAL,19/05/2026,Being payout of EQ settlement 2026091 JE 202610793821,0.0,23.6,308805.61,DR
BACKFILL_20260715_SOF.txt,NSE-CAPITAL,19/05/2026,Being payout of EQ settlement 2026091 JE 202610844937,88.5,0.0,308894.11,DR
BACKFILL_20260715_SOF.txt,NSE-CAPITAL,19/05/2026,adjusted aga JE Interest on NSE MTF362365493 202610846128,25.82,0.0,308919.93,DR
BACKFILL_20260715_SOF.txt,NSE-CAPITAL,19/05/2026,Being payout of EQ settlement 2026091 JE 202610849397,23.6,0.0,308943.53,DR
BACKFILL_20260715_SOF.txt,NSE-CAPITAL,19/05/2026,Being payout of EQ settlement 2026091 JE 202610888359,0.0,88.5,308855.03,DR
BACKFILL_20260715_SOF.txt,NSE-CAPITAL,19/05/2026,Being payout of EQ settlement 2026091 JE 202610902029,25.82,0.0,308880.85,DR
BACKFILL_20260715_SOF.txt,NSE-CAPITAL,19/05/2026,Being payout of EQ settlement 2026091 JE 202610940554,0.0,25.82,308855.03,DR
BACKFILL_20260715_SOF.txt,NSE-CAPITAL,19/05/2026,adjusted aga 1283187 REPBNK NSEMRGNPIPO 202613091870,0.0,41179.11,267675.92,DR
BACKFILL_20260715_SOF.txt,NSE-CAPITAL,19/05/2026,"19/05/2026 19-05-26 1283187 REPBNK NSEMRGNPIPO 202613091870 0.00 41,179.11 267,675.92 DR 1283532 REPBNK Upstreamed Amount Collected 202613219027",0.0,267114.3,561.62,DR
BACKFILL_20260715_SOF.txt,NSE-CAPITAL,19/05/2026,"19/05/2026 19-05-26 1283532 REPBNK Upstreamed Amount Collected 202613219027 0.00 267,114.30 561.62 DR 1283644 REPBNK Being Payin towards NSE M 2026092 202613270498",0.0,561.66,0.04,CR
BACKFILL_20260715_SOF.txt,NSE-CAPITAL,20/05/2026,POSITION CLOSE FOR BILL DATE May 20 2026 MBILL 202600000033,17876.0,0.0,17875.96,DR
BACKFILL_20260715_SOF.txt,NSE-CAPITAL,20/05/2026,MTF BILL FOR 2026093-M BILL DATE May 20 MBILL 202600000033,0.0,315858.05,297982.09,CR
BACKFILL_20260715_SOF.txt,NSE-CAPITAL,20/05/2026,2026 2026093 BILL SETTNO=2026093NSECMMBILL POSTED 202600000141,434528.42,0.0,136546.33,DR
BACKFILL_20260715_SOF.txt,NSE-CAPITAL,20/05/2026,Upstreamed Amount Released from Upstream 1284064 PAYBNK 202603727468,32845.85,0.0,169392.18,DR
BACKFILL_20260715_SOF.txt,NSE-CAPITAL,20/05/2026,Being GST on NSDL - CDSL Charges - DBNOTE 202608147081,20.25,0.0,169412.43,DR
BACKFILL_20260715_SOF.txt,NSE-CAPITAL,20/05/2026,Being GST on NSDL - CDSL Charges - DBNOTE 202608155990,20.25,0.0,169432.68,DR
BACKFILL_20260715_SOF.txt,NSE-CAPITAL,20/05/2026,Being MTF pledge Charges DBNOTE 202608187267,225.0,0.0,169657.68,DR
BACKFILL_20260715_SOF.txt,NSE-CAPITAL,20/05/2026,recoverable01262005362584 DBNOTE NSE Margin Payin 8503169324 202608386141,146210.65,0.0,315868.33,DR
BACKFILL_20260715_SOF.txt,NSE-CAPITAL,20/05/2026,"20/05/2026 20-05-26 DBNOTE NSE Margin Payin 8503169324 202608386141 146,210.65 0.00 315,868.33 DR DBNOTE Being Margin Trf 8503169324 202608394464",0.0,364.3,315504.03,DR
BACKFILL_20260715_SOF.txt,NSE-CAPITAL,20/05/2026,"20/05/2026 20-05-26 DBNOTE Being Margin Trf 8503169324 202608394464 0.00 364.30 315,504.03 DR JE Interest on NSE MTF362539933 202611047746",27.58,0.0,315531.61,DR
BACKFILL_20260715_SOF.txt,NSE-CAPITAL,20/05/2026,Interest recovered on NSE MTF INN 362539933 1283655 REPBNK 202613411599,0.0,27.58,315504.03,DR
BACKFILL_20260715_SOF.txt,NSE-CAPITAL,20/05/2026,Being GST and MTF pledge Charges recovered 1283655 REPBNK 202613467063,0.0,265.5,315238.53,DR
BACKFILL_20260715_SOF.txt,NSE-CAPITAL,20/05/2026,DCM 012 1284014 REPBNK Upstreamed Amount Collected 202613508920,0.0,316242.25,1003.72,CR
BACKFILL_20260715_SOF.txt,NSE-CAPITAL,21/05/2026,MTF BILL FOR 2026094-M BILL DATE May 21 MBILL 202600000034,0.0,321493.03,322496.75,CR
BACKFILL_20260715_SOF.txt,NSE-CAPITAL,21/05/2026,POSITION CLOSE FOR BILL DATE May 21 2026 MBILL 202600000034,66515.9,0.0,255980.85,CR
BACKFILL_20260715_SOF.txt,NSE-CAPITAL,21/05/2026,"21/05/2026 21-05-26 MBILL 202600000034 66,515.90 0.00 255,980.85 CR 2026094 BILL SETTNO=2026094NSECMMBILL POSTED 202600000145",209693.01,0.0,46287.84,CR
BACKFILL_20260715_SOF.txt,NSE-CAPITAL,21/05/2026,"21/05/2026 22-05-26 2026094 BILL SETTNO=2026094NSECMMBILL POSTED 202600000145 209,693.01 0.00 46,287.84 CR 1284172 PAYBNK Upstreamed Amount Released 202603741123",1003.68,0.0,45284.16,CR
BACKFILL_20260715_SOF.txt,NSE-CAPITAL,21/05/2026,Upstreamed Amount Released from Upstream 1284565 PAYBNK 202603818896,140762.73,0.0,95478.57,DR
BACKFILL_20260715_SOF.txt,NSE-CAPITAL,21/05/2026,Being GST on NSDL - CDSL Charges - DBNOTE 202608420386,10.8,0.0,95489.37,DR
BACKFILL_20260715_SOF.txt,NSE-CAPITAL,21/05/2026,Being GST on NSDL - CDSL Charges - DBNOTE 202608492963,10.8,0.0,95500.17,DR
BACKFILL_20260715_SOF.txt,NSE-CAPITAL,21/05/2026,Demat Charges DBNOTE 202608507496,120.0,0.0,95620.17,DR
BACKFILL_20260715_SOF.txt,NSE-CAPITAL,21/05/2026,Recoverable01262005362668189 DBNOTE NSE Margin Payin 8503169324 202608609016,59849.17,0.0,155469.34,DR
BACKFILL_20260715_SOF.txt,NSE-CAPITAL,21/05/2026,"21/05/2026 21-05-26 DBNOTE NSE Margin Payin 8503169324 202608609016 59,849.17 0.00 155,469.34 DR DBNOTE Being Margin Trf 8503169324 202608624865",0.0,753.75,154715.59,DR
BACKFILL_20260715_SOF.txt,NSE-CAPITAL,21/05/2026,"21/05/2026 21-05-26 DBNOTE Being Margin Trf 8503169324 202608624865 0.00 753.75 154,715.59 DR JE Interest on NSE MTF362769582 202611274808",11.07,0.0,154726.66,DR
BACKFILL_20260715_SOF.txt,NSE-CAPITAL,21/05/2026,Interest recovered on NSE MTF INN 362769582 1284137 REPBNK 202613766140,0.0,11.07,154715.59,DR
BACKFILL_20260715_SOF.txt,NSE-CAPITAL,21/05/2026,Demat Charges Recovered DCR 1284137 REPBNK 202613793638,0.0,141.6,154573.99,DR
BACKFILL_20260715_SOF.txt,NSE-CAPITAL,21/05/2026,01262005362668189 1284506 REPBNK Upstreamed Amount Collected 202613875962,0.0,200611.9,46037.91,CR
BACKFILL_20260715_SOF.txt,NSE-CAPITAL,22/05/2026,POSITION CLOSE FOR BILL DATE May 22 2026 MBILL 202600000035,45514.05,0.0,523.86,CR
BACKFILL_20260715_SOF.txt,NSE-CAPITAL,22/05/2026,MTF BILL FOR 2026095-M BILL DATE May 22 MBILL 202600000035,0.0,112215.0,112738.86,CR
BACKFILL_20260715_SOF.txt,NSE-CAPITAL,22/05/2026,2026 2026095 BILL SETTNO=2026095NSECMMBILL POSTED 202600000148,61182.21,0.0,51556.65,CR
BACKFILL_20260715_SOF.txt,NSE-CAPITAL,22/05/2026,"22/05/2026 25-05-26 2026095 BILL SETTNO=2026095NSECMMBILL POSTED 202600000148 61,182.21 0.00 51,556.65 CR 1284792 PAYBNK Being Payout towards NSE M 2026094 202603880278",45941.16,0.0,5615.49,CR
BACKFILL_20260715_SOF.txt,NSE-CAPITAL,22/05/2026,Upstreamed Amount Released from Upstream 1285018 PAYBNK 202603911182,58720.11,0.0,53104.62,DR
BACKFILL_20260715_SOF.txt,NSE-CAPITAL,22/05/2026,Being GST on NSDL - CDSL Charges - DBNOTE 202608684722,1.8,0.0,53106.42,DR
BACKFILL_20260715_SOF.txt,NSE-CAPITAL,22/05/2026,Demat Charges DBNOTE 202608724104,20.0,0.0,53126.42,DR
BACKFILL_20260715_SOF.txt,NSE-CAPITAL,22/05/2026,Being GST on NSDL - CDSL Charges - DBNOTE 202608786277,1.8,0.0,53128.22,DR
BACKFILL_20260715_SOF.txt,NSE-CAPITAL,22/05/2026,Being MTF pledge Charges DBNOTE 202608827343,50.0,0.0,53178.22,DR
BACKFILL_20260715_SOF.txt,NSE-CAPITAL,22/05/2026,Being GST on NSDL - CDSL Charges - DBNOTE 202608837044,4.5,0.0,53182.72,DR
BACKFILL_20260715_SOF.txt,NSE-CAPITAL,22/05/2026,Being GST on NSDL - CDSL Charges - DBNOTE 202608853048,4.5,0.0,53187.22,DR
BACKFILL_20260715_SOF.txt,NSE-CAPITAL,22/05/2026,DCM012622053630 DBNOTE NSE Margin Payin 8503169324 202608869542,11690.94,0.0,64878.16,DR
BACKFILL_20260715_SOF.txt,NSE-CAPITAL,22/05/2026,"22/05/2026 22-05-26 DBNOTE NSE Margin Payin 8503169324 202608869542 11,690.94 0.00 64,878.16 DR DBNOTE Being Margin Trf 8503169324 202608889359",44459.39,0.0,109337.55,DR
BACKFILL_20260715_SOF.txt,NSE-CAPITAL,22/05/2026,"22/05/2026 22-05-26 DBNOTE Being Margin Trf 8503169324 202608889359 44,459.39 0.00 109,337.55 DR JE Interest on NSE MTF362997156 202611538749",14.09,0.0,109351.64,DR
BACKFILL_20260715_SOF.txt,NSE-CAPITAL,22/05/2026,Being payout of EQ settlement 2026094 JE 202611569133,0.0,14.09,109337.55,DR
BACKFILL_20260715_SOF.txt,NSE-CAPITAL,22/05/2026,Being payout of EQ settlement 2026094 JE 202611571168,0.0,23.6,109313.95,DR
BACKFILL_20260715_SOF.txt,NSE-CAPITAL,22/05/2026,Being payout of EQ settlement 2026094 JE 202611581568,14.09,0.0,109328.04,DR
BACKFILL_20260715_SOF.txt,NSE-CAPITAL,22/05/2026,Being payout of EQ settlement 2026094 JE 202611697559,23.6,0.0,109351.64,DR
BACKFILL_20260715_SOF.txt,NSE-CAPITAL,22/05/2026,Being payout of EQ settlement 2026094 JE 202611713546,59.0,0.0,109410.64,DR
BACKFILL_20260715_SOF.txt,NSE-CAPITAL,22/05/2026,Being payout of EQ settlement 2026094 JE 202611717288,0.0,59.0,109351.64,DR
BACKFILL_20260715_SOF.txt,NSE-CAPITAL,22/05/2026,adjusted aga 1284623 REPBNK NSEMRGNPIPO 202614135744,0.0,43705.64,65646.0,DR
BACKFILL_20260715_SOF.txt,NSE-CAPITAL,22/05/2026,"22/05/2026 22-05-26 1284623 REPBNK NSEMRGNPIPO 202614135744 0.00 43,705.64 65,646.00 DR 1284965 REPBNK Upstreamed Amount Collected 202614233866",0.0,70411.05,4765.05,CR
BACKFILL_20260715_SOF.txt,NSE-CAPITAL,23/05/2026,Being GST on NSDL - CDSL Charges - DBNOTE 202608916827,5.4,0.0,4759.65,CR
BACKFILL_20260715_SOF.txt,NSE-CAPITAL,23/05/2026,Being GST on NSDL - CDSL Charges - DBNOTE 202608961235,38.25,0.0,4721.4,CR
BACKFILL_20260715_SOF.txt,NSE-CAPITAL,23/05/2026,Being GST on NSDL - CDSL Charges - DBNOTE 202608964350,3.6,0.0,4717.8,CR
BACKFILL_20260715_SOF.txt,NSE-CAPITAL,23/05/2026,Being GST on NSDL - CDSL Charges - DBNOTE 202609022128,3.6,0.0,4714.2,CR
BACKFILL_20260715_SOF.txt,NSE-CAPITAL,23/05/2026,Being MTF pledge Charges DBNOTE 202609025414,425.0,0.0,4289.2,CR
BACKFILL_20260715_SOF.txt,NSE-CAPITAL,23/05/2026,Being GST on NSDL - CDSL Charges - DBNOTE 202609031723,38.25,0.0,4250.95,CR
BACKFILL_20260715_SOF.txt,NSE-CAPITAL,23/05/2026,Being GST on NSDL - CDSL Charges - DBNOTE 202609033569,5.4,0.0,4245.55,CR
BACKFILL_20260715_SOF.txt,NSE-CAPITAL,23/05/2026,Demat Charges DBNOTE 202609098264,40.0,0.0,4205.55,CR
BACKFILL_20260715_SOF.txt,NSE-CAPITAL,23/05/2026,Demat Charges DBNOTE 202609100109,60.0,0.0,4145.55,CR
BACKFILL_20260715_SOF.txt,NSE-CAPITAL,23/05/2026,Recoverable01262205363088844 JE Interest on NSE MTF363208155 202611753824,54.31,0.0,4091.24,CR
BACKFILL_20260715_SOF.txt,NSE-CAPITAL,25/05/2026,MTF BILL FOR 2026096-M BILL DATE May 25 MBILL 202600000036,0.0,81767.0,85858.24,CR
BACKFILL_20260715_SOF.txt,NSE-CAPITAL,25/05/2026,POSITION CLOSE FOR BILL DATE May 25 2026 MBILL 202600000036,44583.19,0.0,41275.05,CR
BACKFILL_20260715_SOF.txt,NSE-CAPITAL,25/05/2026,"25/05/2026 25-05-26 MBILL 202600000036 44,583.19 0.00 41,275.05 CR 2026096 BILL SETTNO=2026096NSECMMBILL POSTED 202600000153",73051.94,0.0,31776.89,DR
BACKFILL_20260715_SOF.txt,NSE-CAPITAL,25/05/2026,"25/05/2026 26-05-26 2026096 BILL SETTNO=2026096NSECMMBILL POSTED 202600000153 73,051.94 0.00 31,776.89 DR 1285439 PAYBNK Being Payout towards NSE M 2026095 202603973255",3902.5,0.0,35679.39,DR
BACKFILL_20260715_SOF.txt,NSE-CAPITAL,25/05/2026,Upstreamed Amount Released from Upstream 1285654 PAYBNK 202604006775,18260.8,0.0,53940.19,DR
BACKFILL_20260715_SOF.txt,NSE-CAPITAL,25/05/2026,balance DBNOTE NSE Margin Payin 8503169324 202609132833,13092.67,0.0,67032.86,DR
BACKFILL_20260715_SOF.txt,NSE-CAPITAL,25/05/2026,"25/05/2026 25-05-26 DBNOTE NSE Margin Payin 8503169324 202609132833 13,092.67 0.00 67,032.86 DR DBNOTE Being Margin Trf 8503169324 202609163645",5807.35,0.0,72840.21,DR
BACKFILL_20260715_SOF.txt,NSE-CAPITAL,25/05/2026,Being payout of EQ settlement 2026095 JE 202611953858,0.0,94.34,72745.87,DR
BACKFILL_20260715_SOF.txt,NSE-CAPITAL,25/05/2026,Being payout of EQ settlement 2026095 JE 202611957368,0.0,94.34,72651.53,DR
BACKFILL_20260715_SOF.txt,NSE-CAPITAL,25/05/2026,Being payout of EQ settlement 2026095 JE 202611976337,0.0,501.5,72150.03,DR
BACKFILL_20260715_SOF.txt,NSE-CAPITAL,25/05/2026,Being payout of EQ settlement 2026095 JE 202611977658,54.31,0.0,72204.34,DR
BACKFILL_20260715_SOF.txt,NSE-CAPITAL,25/05/2026,Being payout of EQ settlement 2026095 JE 202611995520,94.34,0.0,72298.68,DR
BACKFILL_20260715_SOF.txt,NSE-CAPITAL,25/05/2026,adjusted aga JE Interest on NSE MTF363318871 202612009020,94.34,0.0,72393.02,DR
BACKFILL_20260715_SOF.txt,NSE-CAPITAL,25/05/2026,Being payout of EQ settlement 2026095 JE 202612054565,0.0,54.31,72338.71,DR
BACKFILL_20260715_SOF.txt,NSE-CAPITAL,25/05/2026,Being payout of EQ settlement 2026095 JE 202612057606,501.5,0.0,72840.21,DR
BACKFILL_20260715_SOF.txt,NSE-CAPITAL,25/05/2026,Being payout of EQ settlement 2026095 JE 202612102333,47.2,0.0,72887.41,DR
BACKFILL_20260715_SOF.txt,NSE-CAPITAL,25/05/2026,adjusted aga JE Interest on NSE MTF363462485 202612121331,94.34,0.0,72981.75,DR
BACKFILL_20260715_SOF.txt,NSE-CAPITAL,25/05/2026,Being payout of EQ settlement 2026095 JE 202612137850,94.34,0.0,73076.09,DR
BACKFILL_20260715_SOF.txt,NSE-CAPITAL,25/05/2026,Being payout of EQ settlement 2026095 JE 202612143052,0.0,70.8,73005.29,DR
BACKFILL_20260715_SOF.txt,NSE-CAPITAL,25/05/2026,Being payout of EQ settlement 2026095 JE 202612222221,70.8,0.0,73076.09,DR
BACKFILL_20260715_SOF.txt,NSE-CAPITAL,25/05/2026,Being payout of EQ settlement 2026095 JE 202612259701,0.0,47.2,73028.89,DR
BACKFILL_20260715_SOF.txt,NSE-CAPITAL,25/05/2026,adjusted aga 1285251 REPBNK NSEMRGNPIPO 202614527731,0.0,5194.15,67834.74,DR
BACKFILL_20260715_SOF.txt,NSE-CAPITAL,25/05/2026,"25/05/2026 25-05-26 1285251 REPBNK NSEMRGNPIPO 202614527731 0.00 5,194.15 67,834.74 DR 1285596 REPBNK Upstreamed Amount Collected 202614686429",0.0,67046.64,788.1,DR
BACKFILL_20260715_SOF.txt,NSE-CAPITAL,26/05/2026,MTF BILL FOR 2026097-M BILL DATE May 26 MBILL 202600000037,0.0,90639.95,89851.85,CR
BACKFILL_20260715_SOF.txt,NSE-CAPITAL,26/05/2026,POSITION CLOSE FOR BILL DATE May 26 2026 MBILL 202600000037,33059.4,0.0,56792.45,CR
BACKFILL_20260715_SOF.txt,NSE-CAPITAL,26/05/2026,POSITION CLOSE FOR BILL DATE May 26 2026 MBILL 202600000037,157687.72,0.0,100895.27,DR
BACKFILL_20260715_SOF.txt,NSE-CAPITAL,26/05/2026,"26/05/2026 26-05-26 MBILL 202600000037 157,687.72 0.00 100,895.27 DR 2026097 BILL SETTNO=2026097NSECMMBILL POSTED 202600000158",0.0,108343.7,7448.43,CR
BACKFILL_20260715_SOF.txt,NSE-CAPITAL,26/05/2026,Upstreamed Amount Released from Upstream 1286101 PAYBNK 202604126356,52935.95,0.0,45487.52,DR
BACKFILL_20260715_SOF.txt,NSE-CAPITAL,26/05/2026,Upstreamed Amount Released from I-Sec 1286101 PAYBNK 202604127654,46984.79,0.0,92472.31,DR
BACKFILL_20260715_SOF.txt,NSE-CAPITAL,26/05/2026,margin balan DBNOTE NSE Margin Payout 8503169324 202609389954,0.0,46984.79,45487.52,DR
BACKFILL_20260715_SOF.txt,NSE-CAPITAL,26/05/2026,"26/05/2026 26-05-26 DBNOTE NSE Margin Payout 8503169324 202609389954 0.00 46,984.79 45,487.52 DR DBNOTE Being Margin Trf 8503169324 202609399860",0.0,929.85,44557.67,DR
BACKFILL_20260715_SOF.txt,NSE-CAPITAL,26/05/2026,"26/05/2026 26-05-26 DBNOTE Being Margin Trf 8503169324 202609399860 0.00 929.85 44,557.67 DR JE Interest on NSE MTF363624162 202612521671",94.34,0.0,44652.01,DR
BACKFILL_20260715_SOF.txt,NSE-CAPITAL,26/05/2026,Being EQ Upstream payout adjusted against JE 202612650113,0.0,13223.76,31428.25,DR
BACKFILL_20260715_SOF.txt,NSE-CAPITAL,26/05/2026,Being EQ Upstream payout adjusted against JE 202612651574,13223.76,0.0,44652.01,DR
BACKFILL_20260715_SOF.txt,NSE-CAPITAL,26/05/2026,Interest recovered on NSE MTF INN 363624162 1285708 REPBNK 202614893887,0.0,94.34,44557.67,DR
BACKFILL_20260715_SOF.txt,NSE-CAPITAL,26/05/2026,"26/05/2026 26-05-26 1285708 REPBNK 202614893887 0.00 94.34 44,557.67 DR 1285725 REPBNK Being Payin towards NSE M 2026096 202615004420",0.0,328.3,44229.37,DR
BACKFILL_20260715_SOF.txt,NSE-CAPITAL,26/05/2026,"26/05/2026 26-05-26 1285725 REPBNK Being Payin towards NSE M 2026096 202615004420 0.00 328.30 44,229.37 DR 1286036 REPBNK MTF repayment 202615065280",0.0,19835.64,24393.73,DR
BACKFILL_20260715_SOF.txt,NSE-CAPITAL,26/05/2026,"26/05/2026 26-05-26 1286036 REPBNK MTF repayment 202615065280 0.00 19,835.64 24,393.73 DR 1286055 REPBNK Upstreamed Amount Collected 202615089749",0.0,66159.71,41765.98,CR
BACKFILL_20260715_SOF.txt,NSE-CAPITAL,27/05/2026,POSITION CLOSE FOR BILL DATE May 27 2026 MBILL 202600000038,82211.21,0.0,40445.23,DR
BACKFILL_20260715_SOF.txt,NSE-CAPITAL,27/05/2026,MTF BILL FOR 2026098-M BILL DATE May 27 MBILL 202600000038,0.0,113869.5,73424.27,CR
BACKFILL_20260715_SOF.txt,NSE-CAPITAL,27/05/2026,2026 2026098 BILL SETTNO=2026098NSECMMBILL POSTED 202600000163,74369.43,0.0,945.16,DR
BACKFILL_20260715_SOF.txt,NSE-CAPITAL,27/05/2026,"27/05/2026 29-05-26 2026098 BILL SETTNO=2026098NSECMMBILL POSTED 202600000163 74,369.43 0.00 945.16 DR 1286358 PAYBNK Being Payout towards NSE M 2026097 202604196983",40862.17,0.0,41807.33,DR
BACKFILL_20260715_SOF.txt,NSE-CAPITAL,27/05/2026,Upstreamed Amount Released from Upstream 1286575 PAYBNK 202604259524,80245.72,0.0,122053.05,DR
BACKFILL_20260715_SOF.txt,NSE-CAPITAL,27/05/2026,Being GST on NSDL - CDSL Charges - DBNOTE 202609406823,13.5,0.0,122066.55,DR
BACKFILL_20260715_SOF.txt,NSE-CAPITAL,27/05/2026,Being GST on NSDL - CDSL Charges - DBNOTE 202609433240,47.25,0.0,122113.8,DR
BACKFILL_20260715_SOF.txt,NSE-CAPITAL,27/05/2026,Being MTF pledge Charges DBNOTE 202609441340,525.0,0.0,122638.8,DR
BACKFILL_20260715_SOF.txt,NSE-CAPITAL,27/05/2026,Being GST on NSDL - CDSL Charges - DBNOTE 202609495355,47.25,0.0,122686.05,DR
BACKFILL_20260715_SOF.txt,NSE-CAPITAL,27/05/2026,Being MTF pledge Charges DBNOTE 202609506588,150.0,0.0,122836.05,DR
BACKFILL_20260715_SOF.txt,NSE-CAPITAL,27/05/2026,Being GST on NSDL - CDSL Charges - DBNOTE 202609663052,13.5,0.0,122849.55,DR
BACKFILL_20260715_SOF.txt,NSE-CAPITAL,27/05/2026,DCM012627053639 DBNOTE NSE Margin Payin 8503169324 202609735046,5701.01,0.0,128550.56,DR
BACKFILL_20260715_SOF.txt,NSE-CAPITAL,27/05/2026,"27/05/2026 27-05-26 DBNOTE NSE Margin Payin 8503169324 202609735046 5,701.01 0.00 128,550.56 DR DBNOTE Being Margin Trf 8503169324 202609752137",21775.71,0.0,150326.27,DR
BACKFILL_20260715_SOF.txt,NSE-CAPITAL,27/05/2026,Being payout of EQ settlement 2026097 JE 202612699113,0.0,619.5,149706.77,DR
BACKFILL_20260715_SOF.txt,NSE-CAPITAL,27/05/2026,Being payout of EQ settlement 2026097 JE 202612738703,619.5,0.0,150326.27,DR
BACKFILL_20260715_SOF.txt,NSE-CAPITAL,27/05/2026,Being payout of EQ settlement 2026097 JE 202612789623,0.0,107.2,150219.07,DR
BACKFILL_20260715_SOF.txt,NSE-CAPITAL,27/05/2026,Being payout of EQ settlement 2026097 JE 202612803194,0.0,177.0,150042.07,DR
BACKFILL_20260715_SOF.txt,NSE-CAPITAL,27/05/2026,adjusted aga JE Interest on NSE MTF363834426 202612824404,107.2,0.0,150149.27,DR
BACKFILL_20260715_SOF.txt,NSE-CAPITAL,27/05/2026,Being payout of EQ settlement 2026097 JE 202612898950,177.0,0.0,150326.27,DR
BACKFILL_20260715_SOF.txt,NSE-CAPITAL,27/05/2026,Being payout of EQ settlement 2026097 JE 202612913108,107.2,0.0,150433.47,DR
BACKFILL_20260715_SOF.txt,NSE-CAPITAL,27/05/2026,adjusted aga 1286171 REPBNK NSEMRGNPIPO 202615376947,0.0,19807.51,130625.96,DR
BACKFILL_20260715_SOF.txt,NSE-CAPITAL,27/05/2026,"27/05/2026 27-05-26 1286171 REPBNK NSEMRGNPIPO 202615376947 0.00 19,807.51 130,625.96 DR 1286520 REPBNK Upstreamed Amount Collected 202615412889",0.0,130622.56,3.4,DR
BACKFILL_20260715_SOF.txt,NSE-CAPITAL,27/05/2026,"27/05/2026 27-05-26 1286520 REPBNK Upstreamed Amount Collected 202615412889 0.00 130,622.56 3.40 DR 1286621 REPBNK Being Payin towards NSE M 2026098 202615626339",0.0,3.52,0.12,CR
BACKFILL_20260715_SOF.txt,NSE-CAPITAL,28/05/2026,Being GST on NSDL - CDSL Charges - DBNOTE 202609765235,1.8,0.0,1.68,DR
BACKFILL_20260715_SOF.txt,NSE-CAPITAL,28/05/2026,Being GST on NSDL - CDSL Charges - DBNOTE 202609778614,1.8,0.0,3.48,DR
BACKFILL_20260715_SOF.txt,NSE-CAPITAL,28/05/2026,Being MTF pledge Charges DBNOTE 202609790051,250.0,0.0,253.48,DR
BACKFILL_20260715_SOF.txt,NSE-CAPITAL,28/05/2026,Being GST on NSDL - CDSL Charges - DBNOTE 202609830431,22.5,0.0,275.98,DR
BACKFILL_20260715_SOF.txt,NSE-CAPITAL,28/05/2026,Being GST on NSDL - CDSL Charges - DBNOTE 202609859010,22.5,0.0,298.48,DR
BACKFILL_20260715_SOF.txt,NSE-CAPITAL,28/05/2026,Being GST on NSDL - CDSL Charges - DBNOTE 202609892002,1.8,0.0,300.28,DR
BACKFILL_20260715_SOF.txt,NSE-CAPITAL,28/05/2026,Being GST on NSDL - CDSL Charges - DBNOTE 202609896977,1.8,0.0,302.08,DR
BACKFILL_20260715_SOF.txt,NSE-CAPITAL,28/05/2026,Demat Charges DBNOTE 202609902186,20.0,0.0,322.08,DR
BACKFILL_20260715_SOF.txt,NSE-CAPITAL,28/05/2026,Demat Charges DBNOTE 202609902989,20.0,0.0,342.08,DR
BACKFILL_20260715_SOF.txt,NSE-CAPITAL,28/05/2026,Recoverable01262805364169808 JE Interest on NSE MTF364041154 202612972464,107.56,0.0,449.64,DR
BACKFILL_20260715_SOF.txt,NSE-CAPITAL,28/05/2026,Demat Charges Recovered DCR 1286632 REPBNK 202615664824,0.0,23.6,426.04,DR
BACKFILL_20260715_SOF.txt,NSE-CAPITAL,28/05/2026,Being GST and MTF pledge Charges recovered 1286632 REPBNK 202615673692,0.0,295.0,131.04,DR
BACKFILL_20260715_SOF.txt,NSE-CAPITAL,28/05/2026,Demat Charges Recovered DCR 1286632 REPBNK 202615680417,0.0,23.6,107.44,DR
BACKFILL_20260715_SOF.txt,NSE-CAPITAL,28/05/2026,Interest recovered on NSE MTF INN 364041154 1286632 REPBNK 202615730606,0.0,107.56,0.12,CR
BACKFILL_20260715_SOF.txt,NSE-CAPITAL,29/05/2026,MTF BILL FOR 2026099-M BILL DATE May 29 MBILL 202600000039,0.0,306152.1,306152.22,CR
BACKFILL_20260715_SOF.txt,NSE-CAPITAL,29/05/2026,POSITION CLOSE FOR BILL DATE May 29 2026 MBILL 202600000039,15089.12,0.0,291063.1,CR
BACKFILL_20260715_SOF.txt,NSE-CAPITAL,29/05/2026,POSITION CLOSE FOR BILL DATE May 29 2026 MBILL 202600000039,115128.54,0.0,175934.56,CR
BACKFILL_20260715_SOF.txt,NSE-CAPITAL,29/05/2026,"29/05/2026 29-05-26 MBILL 202600000039 115,128.54 0.00 175,934.56 CR 2026099 BILL SETTNO=2026099NSECMMBILL POSTED 202600000169",66945.92,0.0,108988.64,CR
BACKFILL_20260715_SOF.txt,NSE-CAPITAL,29/05/2026,Upstreamed Amount Released from Upstream 1287310 PAYBNK 202604355400,197957.5,0.0,88968.86,DR
BACKFILL_20260715_SOF.txt,NSE-CAPITAL,29/05/2026,Upstreamed Amount Released from I-Sec 1287310 PAYBNK 202604373066,14511.51,0.0,103480.37,DR
BACKFILL_20260715_SOF.txt,NSE-CAPITAL,29/05/2026,margin balan DBNOTE NSE Margin Payout 8503169324 202610018095,0.0,14511.51,88968.86,DR
BACKFILL_20260715_SOF.txt,NSE-CAPITAL,29/05/2026,DBNOTE Being Margin Trf 8503169324 202610050198,1102.48,0.0,90071.34,DR
BACKFILL_20260715_SOF.txt,NSE-CAPITAL,29/05/2026,"29/05/2026 29-05-26 DBNOTE Being Margin Trf 8503169324 202610050198 1,102.48 0.00 90,071.34 DR JE Interest on NSE MTF364306964 202613043646",94.51,0.0,90165.85,DR
BACKFILL_20260715_SOF.txt,NSE-CAPITAL,29/05/2026,Being EQ Upstream payout adjusted against JE 202613340932,6340.24,0.0,96506.09,DR
BACKFILL_20260715_SOF.txt,NSE-CAPITAL,29/05/2026,Being EQ Upstream payout adjusted against JE 202613343440,0.0,6340.24,90165.85,DR
BACKFILL_20260715_SOF.txt,NSE-CAPITAL,29/05/2026,Interest recovered on NSE MTF INN 364306964 1286917 REPBNK 202615760414,0.0,94.51,90071.34,DR
BACKFILL_20260715_SOF.txt,NSE-CAPITAL,29/05/2026,"29/05/2026 29-05-26 1286917 REPBNK 202615760414 0.00 94.51 90,071.34 DR 1287237 REPBNK MTF repayment 202615852206",0.0,9510.36,80560.98,DR
BACKFILL_20260715_SOF.txt,NSE-CAPITAL,29/05/2026,"29/05/2026 29-05-26 1287237 REPBNK MTF repayment 202615852206 0.00 9,510.36 80,560.98 DR 1287259 REPBNK Upstreamed Amount Collected 202615892309",0.0,204297.74,123736.76,CR
BACKFILL_20260715_SOF.txt,NSE-CAPITAL,30/05/2026,Being MTF pledge Charges DBNOTE 202610086225,425.0,0.0,123311.76,CR
BACKFILL_20260715_SOF.txt,NSE-CAPITAL,30/05/2026,Being GST on NSDL - CDSL Charges - DBNOTE 202610204459,38.25,0.0,123273.51,CR
BACKFILL_20260715_SOF.txt,NSE-CAPITAL,30/05/2026,Being GST on NSDL - CDSL Charges - DBNOTE 202610320226,38.25,0.0,123235.26,CR
BACKFILL_20260715_SOF.txt,NSE-CAPITAL,30/05/2026,DCM012630053645 JE Interest on NSE MTF364412372 202613372936,94.51,0.0,123140.75,CR
BACKFILL_20260715_SOF.txt,NSE-CAPITAL,01/06/2026,MTF BILL FOR 2026100-M BILL DATE Jun 1 MBILL 202600000040,0.0,31104.7,154245.45,CR
BACKFILL_20260715_SOF.txt,NSE-CAPITAL,01/06/2026,POSITION CLOSE FOR BILL DATE Jun 1 2026 MBILL 202600000040,153924.71,0.0,320.74,CR
BACKFILL_20260715_SOF.txt,NSE-CAPITAL,01/06/2026,POSITION CLOSE FOR BILL DATE Jun 1 2026 MBILL 202600000040,30767.0,0.0,30446.26,DR
BACKFILL_20260715_SOF.txt,NSE-CAPITAL,01/06/2026,"01/06/2026 01-06-26 MBILL 202600000040 30,767.00 0.00 30,446.26 DR 2026100 BILL SETTNO=2026100NSECMMBILL POSTED 202600000174",0.0,275601.8,245155.54,CR
BACKFILL_20260715_SOF.txt,NSE-CAPITAL,01/06/2026,"01/06/2026 02-06-26 2026100 BILL SETTNO=2026100NSECMMBILL POSTED 202600000174 0.00 275,601.80 245,155.54 CR 1287741 PAYBNK Being Payout towards NSE M 2026099 202604436378",122945.23,0.0,122210.31,CR
BACKFILL_20260715_SOF.txt,NSE-CAPITAL,01/06/2026,Upstreamed Amount Released from I-Sec 1287971 PAYBNK 202604491686,139076.59,0.0,16866.28,DR
BACKFILL_20260715_SOF.txt,NSE-CAPITAL,01/06/2026,Upstreamed Amount Released from Upstream 1287971 PAYBNK 202604494915,47327.61,0.0,64193.89,DR
BACKFILL_20260715_SOF.txt,NSE-CAPITAL,01/06/2026,balance DBNOTE NSE Margin Payout 8503169324 202610392011,0.0,139076.59,74882.7,CR
BACKFILL_20260715_SOF.txt,NSE-CAPITAL,01/06/2026,"01/06/2026 01-06-26 DBNOTE NSE Margin Payout 8503169324 202610392011 0.00 139,076.59 74,882.70 CR DBNOTE Being Margin Trf 8503169324 202610413751",121712.51,0.0,46829.81,DR
BACKFILL_20260715_SOF.txt,NSE-CAPITAL,01/06/2026,"01/06/2026 01-06-26 DBNOTE Being Margin Trf 8503169324 202610413751 121,712.51 0.00 46,829.81 DR JE Interest on NSE MTF364662107 202613514300",97.7,0.0,46927.51,DR
BACKFILL_20260715_SOF.txt,NSE-CAPITAL,01/06/2026,Being payout of EQ settlement 2026099 JE 202613719039,94.51,0.0,47022.02,DR
BACKFILL_20260715_SOF.txt,NSE-CAPITAL,01/06/2026,Being payout of EQ settlement 2026099 JE 202613783828,0.0,501.5,46520.52,DR
BACKFILL_20260715_SOF.txt,NSE-CAPITAL,01/06/2026,Being payout of EQ settlement 2026099 JE 202613789246,0.0,94.51,46426.01,DR
BACKFILL_20260715_SOF.txt,NSE-CAPITAL,01/06/2026,adjusted aga JE Interest on NSE MTF364772623 202613812437,97.7,0.0,46523.71,DR
BACKFILL_20260715_SOF.txt,NSE-CAPITAL,01/06/2026,Being payout of EQ settlement 2026099 JE 202613813881,501.5,0.0,47025.21,DR
BACKFILL_20260715_SOF.txt,NSE-CAPITAL,01/06/2026,Being payout of EQ settlement 2026099 JE 202613862406,0.0,97.7,46927.51,DR
BACKFILL_20260715_SOF.txt,NSE-CAPITAL,01/06/2026,Being payout of EQ settlement 2026099 JE 202613897766,0.0,97.7,46829.81,DR
BACKFILL_20260715_SOF.txt,NSE-CAPITAL,01/06/2026,Being payout of EQ settlement 2026099 JE 202613898108,97.7,0.0,46927.51,DR
BACKFILL_20260715_SOF.txt,NSE-CAPITAL,01/06/2026,Being payout of EQ settlement 2026099 JE 202613900462,97.7,0.0,47025.21,DR
BACKFILL_20260715_SOF.txt,NSE-CAPITAL,01/06/2026,Being EQ Upstream payout adjusted against JE 202613915561,12205.2,0.0,59230.41,DR
BACKFILL_20260715_SOF.txt,NSE-CAPITAL,01/06/2026,Being EQ Upstream payout adjusted against JE 202613917451,0.0,12205.2,47025.21,DR
BACKFILL_20260715_SOF.txt,NSE-CAPITAL,01/06/2026,CTD 2026 1287567 REPBNK NSEMRGNPIPO 202616323157,0.0,118543.66,71518.45,CR
BACKFILL_20260715_SOF.txt,NSE-CAPITAL,01/06/2026,"01/06/2026 01-06-26 1287567 REPBNK NSEMRGNPIPO 202616323157 0.00 118,543.66 71,518.45 CR 1287887 REPBNK MTF repayment 202616431819",0.0,18307.8,89826.25,CR
BACKFILL_20260715_SOF.txt,NSE-CAPITAL,01/06/2026,"01/06/2026 01-06-26 1287887 REPBNK MTF repayment 202616431819 0.00 18,307.80 89,826.25 CR 1287902 REPBNK Upstreamed Amount Collected 202616452281",0.0,59532.81,149359.06,CR
BACKFILL_20260715_SOF.txt,NSE-CAPITAL,02/06/2026,MTF BILL FOR 2026101-M BILL DATE Jun 2 MBILL 202600000041,0.0,211758.0,361117.06,CR
BACKFILL_20260715_SOF.txt,NSE-CAPITAL,02/06/2026,POSITION CLOSE FOR BILL DATE Jun 2 2026 MBILL 202600000041,100387.1,0.0,260729.96,CR
BACKFILL_20260715_SOF.txt,NSE-CAPITAL,02/06/2026,"02/06/2026 02-06-26 MBILL 202600000041 100,387.10 0.00 260,729.96 CR 2026101 BILL SETTNO=2026101NSECMMBILL POSTED 202600000178",155421.02,0.0,105308.94,CR
BACKFILL_20260715_SOF.txt,NSE-CAPITAL,02/06/2026,"02/06/2026 03-06-26 2026101 BILL SETTNO=2026101NSECMMBILL POSTED 202600000178 155,421.02 0.00 105,308.94 CR 1288196 PAYBNK Being Payout towards NSE M 2026100 202604523148",149366.24,0.0,44057.3,DR
BACKFILL_20260715_SOF.txt,NSE-CAPITAL,02/06/2026,Upstreamed Amount Released from Upstream 1288429 PAYBNK 202604588856,122995.47,0.0,167052.77,DR
BACKFILL_20260715_SOF.txt,NSE-CAPITAL,02/06/2026,Being GST on NSDL - CDSL Charges - DBNOTE 202610438830,7.2,0.0,167059.97,DR
BACKFILL_20260715_SOF.txt,NSE-CAPITAL,02/06/2026,Being GST on NSDL - CDSL Charges - DBNOTE 202610454780,22.5,0.0,167082.47,DR
BACKFILL_20260715_SOF.txt,NSE-CAPITAL,02/06/2026,Demat Charges DBNOTE 202610457001,120.0,0.0,167202.47,DR
BACKFILL_20260715_SOF.txt,NSE-CAPITAL,02/06/2026,Being GST on NSDL - CDSL Charges - DBNOTE 202610493998,22.5,0.0,167224.97,DR
BACKFILL_20260715_SOF.txt,NSE-CAPITAL,02/06/2026,Being GST on NSDL - CDSL Charges - DBNOTE 202610494790,7.2,0.0,167232.17,DR
BACKFILL_20260715_SOF.txt,NSE-CAPITAL,02/06/2026,Being GST on NSDL - CDSL Charges - DBNOTE 202610539319,10.8,0.0,167242.97,DR
BACKFILL_20260715_SOF.txt,NSE-CAPITAL,02/06/2026,Demat Charges DBNOTE 202610579992,80.0,0.0,167322.97,DR
BACKFILL_20260715_SOF.txt,NSE-CAPITAL,02/06/2026,Being MTF pledge Charges DBNOTE 202610582529,250.0,0.0,167572.97,DR
BACKFILL_20260715_SOF.txt,NSE-CAPITAL,02/06/2026,Being GST on NSDL - CDSL Charges - DBNOTE 202610592011,10.8,0.0,167583.77,DR
BACKFILL_20260715_SOF.txt,NSE-CAPITAL,02/06/2026,DCR012602063649 DBNOTE NSE Margin Payin 8503169324 202610663486,40682.99,0.0,208266.76,DR
BACKFILL_20260715_SOF.txt,NSE-CAPITAL,02/06/2026,"02/06/2026 02-06-26 DBNOTE NSE Margin Payin 8503169324 202610663486 40,682.99 0.00 208,266.76 DR DBNOTE Being Margin Trf 8503169324 202610693900",18334.53,0.0,226601.29,DR
BACKFILL_20260715_SOF.txt,NSE-CAPITAL,02/06/2026,Being payout of EQ settlement 2026100 JE 202613957308,0.0,295.0,226306.29,DR
BACKFILL_20260715_SOF.txt,NSE-CAPITAL,02/06/2026,Being payout of EQ settlement 2026100 JE 202613966519,0.0,141.6,226164.69,DR
BACKFILL_20260715_SOF.txt,NSE-CAPITAL,02/06/2026,Being payout of EQ settlement 2026100 JE 202613986005,0.0,97.7,226066.99,DR
BACKFILL_20260715_SOF.txt,NSE-CAPITAL,02/06/2026,Being payout of EQ settlement 2026100 JE 202613997814,97.7,0.0,226164.69,DR
BACKFILL_20260715_SOF.txt,NSE-CAPITAL,02/06/2026,Being payout of EQ settlement 2026100 JE 202614026288,141.6,0.0,226306.29,DR
BACKFILL_20260715_SOF.txt,NSE-CAPITAL,02/06/2026,adjusted aga JE Interest on NSE MTF364845312 202614047314,97.7,0.0,226403.99,DR
BACKFILL_20260715_SOF.txt,NSE-CAPITAL,02/06/2026,Being payout of EQ settlement 2026100 JE 202614057825,0.0,94.4,226309.59,DR
BACKFILL_20260715_SOF.txt,NSE-CAPITAL,02/06/2026,Being payout of EQ settlement 2026100 JE 202614068665,94.4,0.0,226403.99,DR
BACKFILL_20260715_SOF.txt,NSE-CAPITAL,02/06/2026,Being payout of EQ settlement 2026100 JE 202614141740,295.0,0.0,226698.99,DR
BACKFILL_20260715_SOF.txt,NSE-CAPITAL,02/06/2026,adjusted aga 1288031 REPBNK NSEMRGNPIPO 202616928957,0.0,20056.63,206642.36,DR
BACKFILL_20260715_SOF.txt,NSE-CAPITAL,02/06/2026,"02/06/2026 02-06-26 1288031 REPBNK NSEMRGNPIPO 202616928957 0.00 20,056.63 206,642.36 DR 1288382 REPBNK Upstreamed Amount Collected 202617030322",0.0,205702.12,940.24,DR
BACKFILL_20260715_SOF.txt,NSE-CAPITAL,02/06/2026,"02/06/2026 02-06-26 1288382 REPBNK Upstreamed Amount Collected 202617030322 0.00 205,702.12 940.24 DR 1288482 REPBNK Being Payin towards NSE M 2026101 202617194404",0.0,940.36,0.12,CR
BACKFILL_20260715_SOF.txt,NSE-CAPITAL,03/06/2026,MTF BILL FOR 2026102-M BILL DATE Jun 3 MBILL 202600000042,0.0,108443.03,108443.15,CR
BACKFILL_20260715_SOF.txt,NSE-CAPITAL,03/06/2026,POSITION CLOSE FOR BILL DATE Jun 3 2026 MBILL 202600000042,299794.97,0.0,191351.82,DR
BACKFILL_20260715_SOF.txt,NSE-CAPITAL,03/06/2026,"03/06/2026 03-06-26 MBILL 202600000042 299,794.97 0.00 191,351.82 DR 2026102 BILL SETTNO=2026102NSECMMBILL POSTED 202600000183",0.0,272095.98,80744.16,CR
BACKFILL_20260715_SOF.txt,NSE-CAPITAL,03/06/2026,Upstreamed Amount Released from I-Sec 1288877 PAYBNK 202604705148,131717.78,0.0,50973.62,DR
BACKFILL_20260715_SOF.txt,NSE-CAPITAL,03/06/2026,Upstreamed Amount Released from Upstream 1288877 PAYBNK 202604706303,112687.14,0.0,163660.76,DR
BACKFILL_20260715_SOF.txt,NSE-CAPITAL,03/06/2026,Demat Charges DBNOTE 202610726880,40.0,0.0,163700.76,DR
BACKFILL_20260715_SOF.txt,NSE-CAPITAL,03/06/2026,Being GST on NSDL - CDSL Charges - DBNOTE 202610729331,3.6,0.0,163704.36,DR
BACKFILL_20260715_SOF.txt,NSE-CAPITAL,03/06/2026,Being GST on NSDL - CDSL Charges - DBNOTE 202610815548,3.6,0.0,163707.96,DR
BACKFILL_20260715_SOF.txt,NSE-CAPITAL,03/06/2026,Being GST on NSDL - CDSL Charges - DBNOTE 202610870143,60.75,0.0,163768.71,DR
BACKFILL_20260715_SOF.txt,NSE-CAPITAL,03/06/2026,Being GST on NSDL - CDSL Charges - DBNOTE 202610871126,60.75,0.0,163829.46,DR
BACKFILL_20260715_SOF.txt,NSE-CAPITAL,03/06/2026,Being MTF pledge Charges DBNOTE 202610874136,675.0,0.0,164504.46,DR
BACKFILL_20260715_SOF.txt,NSE-CAPITAL,03/06/2026,recoverable01260306365191 DBNOTE NSE Margin Payout 8503169324 202610996503,0.0,131717.78,32786.68,DR
BACKFILL_20260715_SOF.txt,NSE-CAPITAL,03/06/2026,"03/06/2026 03-06-26 DBNOTE NSE Margin Payout 8503169324 202610996503 0.00 131,717.78 32,786.68 DR DBNOTE Being Margin Trf 8503169324 202611006275",0.0,72.09,32714.59,DR
BACKFILL_20260715_SOF.txt,NSE-CAPITAL,03/06/2026,"03/06/2026 03-06-26 DBNOTE Being Margin Trf 8503169324 202611006275 0.00 72.09 32,714.59 DR JE Interest on NSE MTF365114206 202614369388",119.33,0.0,32833.92,DR
BACKFILL_20260715_SOF.txt,NSE-CAPITAL,03/06/2026,Demat Charges Recovered DCR 1288495 REPBNK 202617255609,0.0,47.2,32786.72,DR
BACKFILL_20260715_SOF.txt,NSE-CAPITAL,03/06/2026,Interest recovered on NSE MTF INN 365114206 1288495 REPBNK 202617288671,0.0,119.33,32667.39,DR
BACKFILL_20260715_SOF.txt,NSE-CAPITAL,03/06/2026,Being GST and MTF pledge Charges recovered 1288529 REPBNK 202617335630,0.0,796.5,31870.89,DR
BACKFILL_20260715_SOF.txt,NSE-CAPITAL,03/06/2026,DCM 012 1288819 REPBNK Upstreamed Amount Collected 202617448464,0.0,112687.14,80816.25,CR
BACKFILL_20260715_SOF.txt,NSE-CAPITAL,04/06/2026,POSITION CLOSE FOR BILL DATE Jun 4 2026 MBILL 202600000043,22825.0,0.0,57991.25,CR
BACKFILL_20260715_SOF.txt,NSE-CAPITAL,04/06/2026,MTF BILL FOR 2026103-M BILL DATE Jun 4 MBILL 202600000043,0.0,255001.05,312992.3,CR
BACKFILL_20260715_SOF.txt,NSE-CAPITAL,04/06/2026,2026 2026103 BILL SETTNO=2026103NSECMMBILL POSTED 202600000190,366033.61,0.0,53041.31,DR
BACKFILL_20260715_SOF.txt,NSE-CAPITAL,04/06/2026,"04/06/2026 05-06-26 2026103 BILL SETTNO=2026103NSECMMBILL POSTED 202600000190 366,033.61 0.00 53,041.31 DR 1289109 PAYBNK Being Payout towards NSE M 2026102 202604746753",80492.6,0.0,133533.91,DR
BACKFILL_20260715_SOF.txt,NSE-CAPITAL,04/06/2026,Upstreamed Amount Released from Upstream 1289340 PAYBNK 202604790555,21827.11,0.0,155361.02,DR
BACKFILL_20260715_SOF.txt,NSE-CAPITAL,04/06/2026,Being GST on NSDL - CDSL Charges - DBNOTE 202611014263,7.2,0.0,155368.22,DR
BACKFILL_20260715_SOF.txt,NSE-CAPITAL,04/06/2026,Demat Charges DBNOTE 202611036431,80.0,0.0,155448.22,DR
BACKFILL_20260715_SOF.txt,NSE-CAPITAL,04/06/2026,Being GST on NSDL - CDSL Charges - DBNOTE 202611044006,7.2,0.0,155455.42,DR
BACKFILL_20260715_SOF.txt,NSE-CAPITAL,04/06/2026,Being GST on NSDL - CDSL Charges - DBNOTE 202611091677,6.75,0.0,155462.17,DR
BACKFILL_20260715_SOF.txt,NSE-CAPITAL,04/06/2026,Being MTF pledge Charges DBNOTE 202611106672,75.0,0.0,155537.17,DR
BACKFILL_20260715_SOF.txt,NSE-CAPITAL,04/06/2026,Being GST on NSDL - CDSL Charges - DBNOTE 202611177120,6.75,0.0,155543.92,DR
BACKFILL_20260715_SOF.txt,NSE-CAPITAL,04/06/2026,DCM012604063653 DBNOTE NSE Margin Payin 8503169324 202611225422,126199.71,0.0,281743.63,DR
BACKFILL_20260715_SOF.txt,NSE-CAPITAL,04/06/2026,"04/06/2026 04-06-26 DBNOTE NSE Margin Payin 8503169324 202611225422 126,199.71 0.00 281,743.63 DR DBNOTE Being Margin Trf 8503169324 202611255247",45793.89,0.0,327537.52,DR
BACKFILL_20260715_SOF.txt,NSE-CAPITAL,04/06/2026,Being payout of EQ settlement 2026102 JE 202614476907,0.0,109.42,327428.1,DR
BACKFILL_20260715_SOF.txt,NSE-CAPITAL,04/06/2026,Being payout of EQ settlement 2026102 JE 202614500399,109.42,0.0,327537.52,DR
BACKFILL_20260715_SOF.txt,NSE-CAPITAL,04/06/2026,Being payout of EQ settlement 2026102 JE 202614517228,0.0,94.4,327443.12,DR
BACKFILL_20260715_SOF.txt,NSE-CAPITAL,04/06/2026,Being payout of EQ settlement 2026102 JE 202614560257,0.0,88.5,327354.62,DR
BACKFILL_20260715_SOF.txt,NSE-CAPITAL,04/06/2026,adjusted aga JE Interest on NSE MTF365269161 202614578946,109.42,0.0,327464.04,DR
BACKFILL_20260715_SOF.txt,NSE-CAPITAL,04/06/2026,Being payout of EQ settlement 2026102 JE 202614602259,88.5,0.0,327552.54,DR
BACKFILL_20260715_SOF.txt,NSE-CAPITAL,04/06/2026,Being payout of EQ settlement 2026102 JE 202614606131,94.4,0.0,327646.94,DR
BACKFILL_20260715_SOF.txt,NSE-CAPITAL,04/06/2026,adjusted aga 1288940 REPBNK NSEMRGNPIPO 202617639300,0.0,45547.68,282099.26,DR
BACKFILL_20260715_SOF.txt,NSE-CAPITAL,04/06/2026,"04/06/2026 04-06-26 1288940 REPBNK NSEMRGNPIPO 202617639300 0.00 45,547.68 282,099.26 DR 1289291 REPBNK Upstreamed Amount Collected 202617790985",0.0,281261.3,837.96,DR
BACKFILL_20260715_SOF.txt,NSE-CAPITAL,04/06/2026,"04/06/2026 04-06-26 1289291 REPBNK Upstreamed Amount Collected 202617790985 0.00 281,261.30 837.96 DR 1289384 REPBNK Being Payin towards NSE M 2026103 202617914483",0.0,838.08,0.12,CR
BACKFILL_20260715_SOF.txt,NSE-CAPITAL,05/06/2026,MTF BILL FOR 2026104-M BILL DATE Jun 5 MBILL 202600000044,0.0,189123.1,189123.22,CR
BACKFILL_20260715_SOF.txt,NSE-CAPITAL,05/06/2026,POSITION CLOSE FOR BILL DATE Jun 5 2026 MBILL 202600000044,56550.5,0.0,132572.72,CR
BACKFILL_20260715_SOF.txt,NSE-CAPITAL,05/06/2026,"05/06/2026 05-06-26 MBILL 202600000044 56,550.50 0.00 132,572.72 CR 2026104 BILL SETTNO=2026104NSECMMBILL POSTED 202600000194",142718.17,0.0,10145.45,DR
BACKFILL_20260715_SOF.txt,NSE-CAPITAL,05/06/2026,Upstreamed Amount Released from Upstream 1289788 PAYBNK 202604905423,101289.55,0.0,111435.0,DR
BACKFILL_20260715_SOF.txt,NSE-CAPITAL,05/06/2026,Being GST on NSDL - CDSL Charges - DBNOTE 202611337952,60.75,0.0,111495.75,DR
BACKFILL_20260715_SOF.txt,NSE-CAPITAL,05/06/2026,Being GST on NSDL - CDSL Charges - DBNOTE 202611357913,60.75,0.0,111556.5,DR
BACKFILL_20260715_SOF.txt,NSE-CAPITAL,05/06/2026,Being MTF pledge Charges DBNOTE 202611443062,675.0,0.0,112231.5,DR
BACKFILL_20260715_SOF.txt,NSE-CAPITAL,05/06/2026,recoverable01260506365535 DBNOTE NSE Margin Payin 8503169324 202611514807,41346.52,0.0,153578.02,DR
BACKFILL_20260715_SOF.txt,NSE-CAPITAL,05/06/2026,"05/06/2026 05-06-26 DBNOTE NSE Margin Payin 8503169324 202611514807 41,346.52 0.00 153,578.02 DR DBNOTE Being Margin Trf 8503169324 202611536234",741.82,0.0,154319.84,DR
BACKFILL_20260715_SOF.txt,NSE-CAPITAL,05/06/2026,"05/06/2026 05-06-26 DBNOTE Being Margin Trf 8503169324 202611536234 741.82 0.00 154,319.84 DR JE Interest on NSE MTF365523628 202614709695",127.95,0.0,154447.79,DR
BACKFILL_20260715_SOF.txt,NSE-CAPITAL,05/06/2026,Interest recovered on NSE MTF INN 365523628 1289397 REPBNK 202618013387,0.0,127.95,154319.84,DR
BACKFILL_20260715_SOF.txt,NSE-CAPITAL,05/06/2026,Being GST and MTF pledge Charges recovered 1289397 REPBNK 202618029322,0.0,796.5,153523.34,DR
BACKFILL_20260715_SOF.txt,NSE-CAPITAL,05/06/2026,DCM 012 1289736 REPBNK Upstreamed Amount Collected 202618116841,0.0,152808.53,714.81,DR
BACKFILL_20260715_SOF.txt,NSE-CAPITAL,06/06/2026,Being GST on NSDL - CDSL Charges - DBNOTE 202611552580,51.75,0.0,766.56,DR
BACKFILL_20260715_SOF.txt,NSE-CAPITAL,06/06/2026,Being MTF pledge Charges DBNOTE 202611569364,575.0,0.0,1341.56,DR
BACKFILL_20260715_SOF.txt,NSE-CAPITAL,06/06/2026,Being GST on NSDL - CDSL Charges - DBNOTE 202611570210,51.75,0.0,1393.31,DR
BACKFILL_20260715_SOF.txt,NSE-CAPITAL,06/06/2026,Demat Charges DBNOTE 202611674395,40.0,0.0,1433.31,DR
BACKFILL_20260715_SOF.txt,NSE-CAPITAL,06/06/2026,Being GST on NSDL - CDSL Charges - DBNOTE 202611678086,3.6,0.0,1436.91,DR
BACKFILL_20260715_SOF.txt,NSE-CAPITAL,06/06/2026,Being GST on NSDL - CDSL Charges - DBNOTE 202611800701,3.6,0.0,1440.51,DR
BACKFILL_20260715_SOF.txt,NSE-CAPITAL,06/06/2026,DCR012606063658 JE Interest on NSE MTF365787960 202614966863,101.12,0.0,1541.63,DR
BACKFILL_20260715_SOF.txt,NSE-CAPITAL,06/06/2026,Demat Charges Recovered DCR 1289885 REPBNK 202618282282,0.0,47.2,1494.43,DR
BACKFILL_20260715_SOF.txt,NSE-CAPITAL,06/06/2026,Interest recovered on NSE MTF INN 365787960 1289885 REPBNK 202618286797,0.0,101.12,1393.31,DR
BACKFILL_20260715_SOF.txt,NSE-CAPITAL,06/06/2026,Being GST and MTF pledge Charges recovered 1289885 REPBNK 202618299449,0.0,678.5,714.81,DR
BACKFILL_20260715_SOF.txt,NSE-CAPITAL,08/06/2026,MTF BILL FOR 2026105-M BILL DATE Jun 8 MBILL 202600000045,0.0,28892.5,28177.69,CR
BACKFILL_20260715_SOF.txt,NSE-CAPITAL,08/06/2026,POSITION CLOSE FOR BILL DATE Jun 8 2026 MBILL 202600000045,78933.2,0.0,50755.51,DR
BACKFILL_20260715_SOF.txt,NSE-CAPITAL,08/06/2026,"08/06/2026 08-06-26 MBILL 202600000045 78,933.20 0.00 50,755.51 DR 2026105 BILL SETTNO=2026105NSECMMBILL POSTED 202600000199",0.0,105267.11,54511.6,CR
BACKFILL_20260715_SOF.txt,NSE-CAPITAL,08/06/2026,Upstreamed Amount Released from I-Sec 1290449 PAYBNK 202604990523,27878.42,0.0,26633.18,CR
BACKFILL_20260715_SOF.txt,NSE-CAPITAL,08/06/2026,Upstreamed Amount Released from Upstream 1290449 PAYBNK 202605009145,36844.03,0.0,10210.85,DR
BACKFILL_20260715_SOF.txt,NSE-CAPITAL,08/06/2026,balance DBNOTE NSE Margin Payout 8503169324 202611860148,0.0,27878.42,17667.57,CR
BACKFILL_20260715_SOF.txt,NSE-CAPITAL,08/06/2026,"08/06/2026 08-06-26 DBNOTE NSE Margin Payout 8503169324 202611860148 0.00 27,878.42 17,667.57 CR DBNOTE Being Margin Trf 8503169324 202611894439",0.0,1149.6,18817.17,CR
BACKFILL_20260715_SOF.txt,NSE-CAPITAL,08/06/2026,"08/06/2026 08-06-26 DBNOTE Being Margin Trf 8503169324 202611894439 0.00 1,149.60 18,817.17 CR JE Interest on NSE MTF365978033 202615357060",128.85,0.0,18688.32,CR
BACKFILL_20260715_SOF.txt,NSE-CAPITAL,08/06/2026,"08/06/2026 08-06-26 JE Interest on NSE MTF365978033 202615357060 128.85 0.00 18,688.32 CR JE Interest on NSE MTF366088583 202615417665",128.85,0.0,18559.47,CR
BACKFILL_20260715_SOF.txt,NSE-CAPITAL,08/06/2026,Interest recovered on NSE MTF INN 365978033 1290087 REPBNK 202618460624,0.0,128.85,18688.32,CR
BACKFILL_20260715_SOF.txt,NSE-CAPITAL,08/06/2026,Interest recovered on NSE MTF INN 366088583 1290087 REPBNK 202618581854,0.0,128.85,18817.17,CR
BACKFILL_20260715_SOF.txt,NSE-CAPITAL,08/06/2026,"08/06/2026 08-06-26 1290087 REPBNK 202618581854 0.00 128.85 18,817.17 CR 1290100 REPBNK Being Payin towards NSE M 2026104 202618621915",0.0,714.93,19532.1,CR
BACKFILL_20260715_SOF.txt,NSE-CAPITAL,08/06/2026,"08/06/2026 08-06-26 1290100 REPBNK Being Payin towards NSE M 2026104 202618621915 0.00 714.93 19,532.10 CR 1290407 REPBNK Upstreamed Amount Collected 202618772744",0.0,36844.03,56376.13,CR
BACKFILL_20260715_SOF.txt,NSE-CAPITAL,09/06/2026,POSITION CLOSE FOR BILL DATE Jun 9 2026 MBILL 202600000046,50311.0,0.0,6065.13,CR
BACKFILL_20260715_SOF.txt,NSE-CAPITAL,09/06/2026,MTF BILL FOR 2026106-M BILL DATE Jun 9 MBILL 202600000046,0.0,39440.0,45505.13,CR
BACKFILL_20260715_SOF.txt,NSE-CAPITAL,09/06/2026,2026 2026106 BILL SETTNO=2026106NSECMMBILL POSTED 202600000202,21165.28,0.0,24339.85,CR
BACKFILL_20260715_SOF.txt,NSE-CAPITAL,09/06/2026,"09/06/2026 10-06-26 2026106 BILL SETTNO=2026106NSECMMBILL POSTED 202600000202 21,165.28 0.00 24,339.85 CR 1290693 PAYBNK Being Payout towards NSE M 2026105 202605067048",56129.13,0.0,31789.28,DR
BACKFILL_20260715_SOF.txt,NSE-CAPITAL,09/06/2026,Upstreamed Amount Released from Upstream 1290890 PAYBNK 202605106796,49657.75,0.0,81447.03,DR
BACKFILL_20260715_SOF.txt,NSE-CAPITAL,09/06/2026,Being GST on NSDL - CDSL Charges - DBNOTE 202611953356,9.0,0.0,81456.03,DR
BACKFILL_20260715_SOF.txt,NSE-CAPITAL,09/06/2026,Being MTF pledge Charges DBNOTE 202612044031,100.0,0.0,81556.03,DR
BACKFILL_20260715_SOF.txt,NSE-CAPITAL,09/06/2026,Being GST on NSDL - CDSL Charges - DBNOTE 202612046986,9.0,0.0,81565.03,DR
BACKFILL_20260715_SOF.txt,NSE-CAPITAL,09/06/2026,DCM012609063662 DBNOTE NSE Margin Payout 8503169324 202612123877,0.0,17083.53,64481.5,DR
BACKFILL_20260715_SOF.txt,NSE-CAPITAL,09/06/2026,"09/06/2026 09-06-26 DBNOTE NSE Margin Payout 8503169324 202612123877 0.00 17,083.53 64,481.50 DR DBNOTE Being Margin Trf 8503169324 202612135144",11895.81,0.0,76377.31,DR
BACKFILL_20260715_SOF.txt,NSE-CAPITAL,09/06/2026,Being payout of EQ settlement 2026105 JE 202615472521,0.0,118.0,76259.31,DR
BACKFILL_20260715_SOF.txt,NSE-CAPITAL,09/06/2026,adjusted aga JE Interest on NSE MTF366219075 202615523771,128.85,0.0,76388.16,DR
BACKFILL_20260715_SOF.txt,NSE-CAPITAL,09/06/2026,Being payout of EQ settlement 2026105 JE 202615557199,128.85,0.0,76517.01,DR
BACKFILL_20260715_SOF.txt,NSE-CAPITAL,09/06/2026,Being payout of EQ settlement 2026105 JE 202615614633,0.0,128.85,76388.16,DR
BACKFILL_20260715_SOF.txt,NSE-CAPITAL,09/06/2026,Being payout of EQ settlement 2026105 JE 202615653632,118.0,0.0,76506.16,DR
BACKFILL_20260715_SOF.txt,NSE-CAPITAL,09/06/2026,adjusted aga 1290520 REPBNK NSEMRGNPIPO 202619112272,0.0,12322.26,64183.9,DR
BACKFILL_20260715_SOF.txt,NSE-CAPITAL,09/06/2026,1290833 REPBNK Upstreamed Amount Collected 202619256716,0.0,63865.51,318.39,DR
BACKFILL_20260715_SOF.txt,NSE-CAPITAL,09/06/2026,"09/06/2026 09-06-26 1290833 REPBNK Upstreamed Amount Collected 202619256716 0.00 63,865.51 318.39 DR 1290954 REPBNK Being Payin towards NSE M 2026106 202619354718",0.0,318.54,0.15,CR
BACKFILL_20260715_SOF.txt,NSE-CAPITAL,10/06/2026,POSITION CLOSE FOR BILL DATE Jun 10 2026 MBILL 202600000047,343877.54,0.0,343877.39,DR
BACKFILL_20260715_SOF.txt,NSE-CAPITAL,10/06/2026,MTF BILL FOR 2026107-M BILL DATE Jun 10 MBILL 202600000047,0.0,32822.9,311054.49,DR
BACKFILL_20260715_SOF.txt,NSE-CAPITAL,10/06/2026,2026 2026107 BILL SETTNO=2026107NSECMMBILL POSTED 202600000207,0.0,349465.54,38411.05,CR
BACKFILL_20260715_SOF.txt,NSE-CAPITAL,10/06/2026,Upstreamed Amount Released from Upstream 1291355 PAYBNK 202605219220,100550.53,0.0,62139.48,DR
BACKFILL_20260715_SOF.txt,NSE-CAPITAL,10/06/2026,Upstreamed Amount Released from I-Sec 1291355 PAYBNK 202605219919,158115.6,0.0,220255.08,DR
BACKFILL_20260715_SOF.txt,NSE-CAPITAL,10/06/2026,Being GST on NSDL - CDSL Charges - DBNOTE 202612183009,29.25,0.0,220284.33,DR
BACKFILL_20260715_SOF.txt,NSE-CAPITAL,10/06/2026,Being GST on NSDL - CDSL Charges - DBNOTE 202612192653,1.8,0.0,220286.13,DR
BACKFILL_20260715_SOF.txt,NSE-CAPITAL,10/06/2026,Being GST on NSDL - CDSL Charges - DBNOTE 202612197342,3.6,0.0,220289.73,DR
BACKFILL_20260715_SOF.txt,NSE-CAPITAL,10/06/2026,Being MTF pledge Charges DBNOTE 202612214043,325.0,0.0,220614.73,DR
BACKFILL_20260715_SOF.txt,NSE-CAPITAL,10/06/2026,Being GST on NSDL - CDSL Charges - DBNOTE 202612215578,3.6,0.0,220618.33,DR
BACKFILL_20260715_SOF.txt,NSE-CAPITAL,10/06/2026,Demat Charges DBNOTE 202612221110,20.0,0.0,220638.33,DR
BACKFILL_20260715_SOF.txt,NSE-CAPITAL,10/06/2026,Being GST on NSDL - CDSL Charges - DBNOTE 202612299328,1.8,0.0,220640.13,DR
BACKFILL_20260715_SOF.txt,NSE-CAPITAL,10/06/2026,Demat Charges DBNOTE 202612299953,40.0,0.0,220680.13,DR
BACKFILL_20260715_SOF.txt,NSE-CAPITAL,10/06/2026,Being GST on NSDL - CDSL Charges - DBNOTE 202612300171,29.25,0.0,220709.38,DR
BACKFILL_20260715_SOF.txt,NSE-CAPITAL,10/06/2026,DCM012610063664 DBNOTE NSE Margin Payout 8503169324 202612407356,0.0,158115.6,62593.78,DR
BACKFILL_20260715_SOF.txt,NSE-CAPITAL,10/06/2026,"10/06/2026 10-06-26 DBNOTE NSE Margin Payout 8503169324 202612407356 0.00 158,115.60 62,593.78 DR DBNOTE Being Margin Trf 8503169324 202612420987",404.55,0.0,62998.33,DR
BACKFILL_20260715_SOF.txt,NSE-CAPITAL,10/06/2026,"10/06/2026 10-06-26 DBNOTE Being Margin Trf 8503169324 202612420987 404.55 0.00 62,998.33 DR JE Interest on NSE MTF366429433 202615706910",151.9,0.0,63150.23,DR
BACKFILL_20260715_SOF.txt,NSE-CAPITAL,10/06/2026,Interest recovered on NSE MTF INN 366429433 1290972 REPBNK 202619428974,0.0,151.9,62998.33,DR
BACKFILL_20260715_SOF.txt,NSE-CAPITAL,10/06/2026,Demat Charges Recovered DCR 1290972 REPBNK 202619438973,0.0,47.2,62951.13,DR
BACKFILL_20260715_SOF.txt,NSE-CAPITAL,10/06/2026,Demat Charges Recovered DCR 1290972 REPBNK 202619446256,0.0,23.6,62927.53,DR
BACKFILL_20260715_SOF.txt,NSE-CAPITAL,10/06/2026,Being GST and MTF pledge Charges recovered 1290972 REPBNK 202619448478,0.0,383.5,62544.03,DR
BACKFILL_20260715_SOF.txt,NSE-CAPITAL,10/06/2026,DCM 012 1291299 REPBNK Upstreamed Amount Collected 202619575954,0.0,100550.53,38006.5,CR
BACKFILL_20260715_SOF.txt,NSE-CAPITAL,11/06/2026,POSITION CLOSE FOR BILL DATE Jun 11 2026 MBILL 202600000048,162142.86,0.0,124136.36,DR
BACKFILL_20260715_SOF.txt,NSE-CAPITAL,11/06/2026,MTF BILL FOR 2026108-M BILL DATE Jun 11 MBILL 202600000048,0.0,49443.0,74693.36,DR
BACKFILL_20260715_SOF.txt,NSE-CAPITAL,11/06/2026,2026 2026108 BILL SETTNO=2026108NSECMMBILL POSTED 202600000213,0.0,111489.78,36796.42,CR
BACKFILL_20260715_SOF.txt,NSE-CAPITAL,11/06/2026,"11/06/2026 12-06-26 2026108 BILL SETTNO=2026108NSECMMBILL POSTED 202600000213 0.00 111,489.78 36,796.42 CR 1291616 PAYBNK Being Payout towards NSE M 2026107 202605269841",37791.31,0.0,994.89,DR
BACKFILL_20260715_SOF.txt,NSE-CAPITAL,11/06/2026,Upstreamed Amount Released from Upstream 1291833 PAYBNK 202605287079,60683.51,0.0,61678.4,DR
BACKFILL_20260715_SOF.txt,NSE-CAPITAL,11/06/2026,Upstreamed Amount Released from I-Sec 1291833 PAYBNK 202605302982,33583.11,0.0,95261.51,DR
BACKFILL_20260715_SOF.txt,NSE-CAPITAL,11/06/2026,Being GST on NSDL - CDSL Charges - DBNOTE 202612480357,5.4,0.0,95266.91,DR
BACKFILL_20260715_SOF.txt,NSE-CAPITAL,11/06/2026,Being GST on NSDL - CDSL Charges - DBNOTE 202612503519,5.4,0.0,95272.31,DR
BACKFILL_20260715_SOF.txt,NSE-CAPITAL,11/06/2026,Demat Charges DBNOTE 202612518922,60.0,0.0,95332.31,DR
BACKFILL_20260715_SOF.txt,NSE-CAPITAL,11/06/2026,Recoverable01261106366673057 DBNOTE NSE Margin Payout 8503169324 202612579824,0.0,4.33,95327.98,DR
BACKFILL_20260715_SOF.txt,NSE-CAPITAL,11/06/2026,"11/06/2026 11-06-26 DBNOTE NSE Margin Payout 8503169324 202612579824 0.00 4.33 95,327.98 DR DBNOTE NSE Margin Payout 8503169324 202612579825",0.0,33583.11,61744.87,DR
BACKFILL_20260715_SOF.txt,NSE-CAPITAL,11/06/2026,"11/06/2026 11-06-26 DBNOTE NSE Margin Payout 8503169324 202612579825 0.00 33,583.11 61,744.87 DR DBNOTE Being Margin Trf 8503169324 202612612232",31579.35,0.0,93324.22,DR
BACKFILL_20260715_SOF.txt,NSE-CAPITAL,11/06/2026,Being payout of EQ settlement 2026107 JE 202615957475,144.19,0.0,93468.41,DR
BACKFILL_20260715_SOF.txt,NSE-CAPITAL,11/06/2026,Being payout of EQ settlement 2026107 JE 202615957476,0.0,144.19,93324.22,DR
BACKFILL_20260715_SOF.txt,NSE-CAPITAL,11/06/2026,Being payout of EQ settlement 2026107 JE 202615957477,70.8,0.0,93395.02,DR
BACKFILL_20260715_SOF.txt,NSE-CAPITAL,11/06/2026,Being payout of EQ settlement 2026107 JE 202615957478,0.0,70.8,93324.22,DR
BACKFILL_20260715_SOF.txt,NSE-CAPITAL,11/06/2026,adjusted aga JE Interest on NSE MTF366638771 202615972930,144.19,0.0,93468.41,DR
BACKFILL_20260715_SOF.txt,NSE-CAPITAL,11/06/2026,"11/06/2026 11-06-26 JE Interest on NSE MTF366638771 202615972930 144.19 0.00 93,468.41 DR 1291438 REPBNK NSEMRGNPIPO 202619856114",0.0,32292.35,61176.06,DR
BACKFILL_20260715_SOF.txt,NSE-CAPITAL,11/06/2026,"11/06/2026 11-06-26 1291438 REPBNK NSEMRGNPIPO 202619856114 0.00 32,292.35 61,176.06 DR 1291769 REPBNK Upstreamed Amount Collected 202620018305",0.0,60683.51,492.55,DR
BACKFILL_20260715_SOF.txt,NSE-CAPITAL,11/06/2026,"11/06/2026 11-06-26 1291769 REPBNK Upstreamed Amount Collected 202620018305 0.00 60,683.51 492.55 DR 1291889 REPBNK Being Payin towards NSE M 2026108 202620146540",0.0,492.75,0.2,CR
BACKFILL_20260715_SOF.txt,NSE-CAPITAL,12/06/2026,MTF BILL FOR 2026109-M BILL DATE Jun 12 MBILL 202600000049,0.0,210720.2,210720.4,CR
BACKFILL_20260715_SOF.txt,NSE-CAPITAL,12/06/2026,2026 2026109 BILL SETTNO=2026109NSECMMBILL POSTED 202600000217,199947.03,0.0,10773.37,CR
BACKFILL_20260715_SOF.txt,NSE-CAPITAL,12/06/2026,Upstreamed Amount Released from Upstream 1292271 PAYBNK 202605401692,12002.96,0.0,1229.59,DR
BACKFILL_20260715_SOF.txt,NSE-CAPITAL,12/06/2026,Being GST on NSDL - CDSL Charges - DBNOTE 202612628176,1.8,0.0,1231.39,DR
BACKFILL_20260715_SOF.txt,NSE-CAPITAL,12/06/2026,Being GST on NSDL - CDSL Charges - DBNOTE 202612634894,42.75,0.0,1274.14,DR
BACKFILL_20260715_SOF.txt,NSE-CAPITAL,12/06/2026,Being GST on NSDL - CDSL Charges - DBNOTE 202612670950,18.0,0.0,1292.14,DR
BACKFILL_20260715_SOF.txt,NSE-CAPITAL,12/06/2026,Being MTF pledge Charges DBNOTE 202612702679,475.0,0.0,1767.14,DR
BACKFILL_20260715_SOF.txt,NSE-CAPITAL,12/06/2026,Being MTF pledge Charges DBNOTE 202612754997,200.0,0.0,1967.14,DR
BACKFILL_20260715_SOF.txt,NSE-CAPITAL,12/06/2026,Being GST on NSDL - CDSL Charges - DBNOTE 202612769470,42.75,0.0,2009.89,DR
BACKFILL_20260715_SOF.txt,NSE-CAPITAL,12/06/2026,Demat Charges DBNOTE 202612774120,20.0,0.0,2029.89,DR
BACKFILL_20260715_SOF.txt,NSE-CAPITAL,12/06/2026,Being GST on NSDL - CDSL Charges - DBNOTE 202612787102,1.8,0.0,2031.69,DR
BACKFILL_20260715_SOF.txt,NSE-CAPITAL,12/06/2026,Being GST on NSDL - CDSL Charges - DBNOTE 202612824851,18.0,0.0,2049.69,DR
BACKFILL_20260715_SOF.txt,NSE-CAPITAL,12/06/2026,DCM012611063667 DBNOTE NSE Margin Payin 8503169324 202612913009,90445.48,0.0,92495.17,DR
BACKFILL_20260715_SOF.txt,NSE-CAPITAL,12/06/2026,"12/06/2026 12-06-26 DBNOTE NSE Margin Payin 8503169324 202612913009 90,445.48 0.00 92,495.17 DR JE Interest on NSE MTF366774246 202616315927",145.58,0.0,92640.75,DR
BACKFILL_20260715_SOF.txt,NSE-CAPITAL,12/06/2026,Interest recovered on NSE MTF INN 366774246 1291901 REPBNK 202620222201,0.0,145.58,92495.17,DR
BACKFILL_20260715_SOF.txt,NSE-CAPITAL,12/06/2026,Demat Charges Recovered DCR 1291901 REPBNK 202620224216,0.0,23.6,92471.57,DR
BACKFILL_20260715_SOF.txt,NSE-CAPITAL,12/06/2026,Being GST and MTF pledge Charges recovered 1291901 REPBNK 202620270902,0.0,236.0,92235.57,DR
BACKFILL_20260715_SOF.txt,NSE-CAPITAL,12/06/2026,Being GST and MTF pledge Charges recovered 1291901 REPBNK 202620316837,0.0,560.5,91675.07,DR
BACKFILL_20260715_SOF.txt,NSE-CAPITAL,12/06/2026,DCM 012 1292222 REPBNK Upstreamed Amount Collected 202620442018,0.0,102448.44,10773.37,CR
BACKFILL_20260715_SOF.txt,NSE-CAPITAL,13/06/2026,Being MTF pledge Charges DBNOTE 202612942968,225.0,0.0,10548.37,CR
BACKFILL_20260715_SOF.txt,NSE-CAPITAL,13/06/2026,Demat Charges DBNOTE 202612993348,20.0,0.0,10528.37,CR
BACKFILL_20260715_SOF.txt,NSE-CAPITAL,13/06/2026,Being GST on NSDL - CDSL Charges - DBNOTE 202613068930,1.8,0.0,10526.57,CR
BACKFILL_20260715_SOF.txt,NSE-CAPITAL,13/06/2026,Being GST on NSDL - CDSL Charges - DBNOTE 202613093831,1.8,0.0,10524.77,CR
BACKFILL_20260715_SOF.txt,NSE-CAPITAL,13/06/2026,Being GST on NSDL - CDSL Charges - DBNOTE 202613096234,20.25,0.0,10504.52,CR
BACKFILL_20260715_SOF.txt,NSE-CAPITAL,13/06/2026,Being GST on NSDL - CDSL Charges - DBNOTE 202613124715,20.25,0.0,10484.27,CR
BACKFILL_20260715_SOF.txt,NSE-CAPITAL,15/06/2026,POSITION CLOSE FOR BILL DATE Jun 15 2026 MBILL 202600000050,19540.0,0.0,9055.73,DR
BACKFILL_20260715_SOF.txt,NSE-CAPITAL,15/06/2026,MTF BILL FOR 2026110-M BILL DATE Jun 15 MBILL 202600000050,0.0,53565.5,44509.77,CR
BACKFILL_20260715_SOF.txt,NSE-CAPITAL,15/06/2026,2026 2026110 BILL SETTNO=2026110NSECMMBILL POSTED 202600000222,13638.87,0.0,30870.9,CR
BACKFILL_20260715_SOF.txt,NSE-CAPITAL,15/06/2026,"15/06/2026 16-06-26 2026110 BILL SETTNO=2026110NSECMMBILL POSTED 202600000222 13,638.87 0.00 30,870.90 CR 1292693 PAYBNK Being Payout towards NSE M 2026109 202605449011",10235.82,0.0,20635.08,CR
BACKFILL_20260715_SOF.txt,NSE-CAPITAL,15/06/2026,Upstreamed Amount Released from Upstream 1292906 PAYBNK 202605523503,32204.85,0.0,11569.77,DR
BACKFILL_20260715_SOF.txt,NSE-CAPITAL,15/06/2026,Upstreamed Amount Released from I-Sec 1292906 PAYBNK 202605523578,8258.23,0.0,19828.0,DR
BACKFILL_20260715_SOF.txt,NSE-CAPITAL,15/06/2026,margin balan DBNOTE NSE Margin Payout 8503169324 202613172040,0.0,8258.23,11569.77,DR
BACKFILL_20260715_SOF.txt,NSE-CAPITAL,15/06/2026,"15/06/2026 15-06-26 DBNOTE NSE Margin Payout 8503169324 202613172040 0.00 8,258.23 11,569.77 DR DBNOTE Being Margin Trf 8503169324 202613202774",11239.38,0.0,22809.15,DR
BACKFILL_20260715_SOF.txt,NSE-CAPITAL,15/06/2026,Being payout of EQ settlement 2026109 JE 202616563980,76.13,0.0,22885.28,DR
BACKFILL_20260715_SOF.txt,NSE-CAPITAL,15/06/2026,Being payout of EQ settlement 2026109 JE 202616563981,0.0,76.13,22809.15,DR
BACKFILL_20260715_SOF.txt,NSE-CAPITAL,15/06/2026,adjusted aga JE Interest on NSE MTF367471562 202616589120,76.13,0.0,22885.28,DR
BACKFILL_20260715_SOF.txt,NSE-CAPITAL,15/06/2026,Being payout of EQ settlement 2026109 JE 202616624420,23.6,0.0,22908.88,DR
BACKFILL_20260715_SOF.txt,NSE-CAPITAL,15/06/2026,Being payout of EQ settlement 2026109 JE 202616624421,0.0,23.6,22885.28,DR
BACKFILL_20260715_SOF.txt,NSE-CAPITAL,15/06/2026,Being payout of EQ settlement 2026109 JE 202616625776,95.99,0.0,22981.27,DR
BACKFILL_20260715_SOF.txt,NSE-CAPITAL,15/06/2026,Being payout of EQ settlement 2026109 JE 202616625777,0.0,95.99,22885.28,DR
BACKFILL_20260715_SOF.txt,NSE-CAPITAL,15/06/2026,Being payout of EQ settlement 2026109 JE 202616625778,265.5,0.0,23150.78,DR
BACKFILL_20260715_SOF.txt,NSE-CAPITAL,15/06/2026,Being payout of EQ settlement 2026109 JE 202616625779,0.0,265.5,22885.28,DR
BACKFILL_20260715_SOF.txt,NSE-CAPITAL,15/06/2026,Being payout of EQ settlement 2026109 JE 202616625780,76.13,0.0,22961.41,DR
BACKFILL_20260715_SOF.txt,NSE-CAPITAL,15/06/2026,Being payout of EQ settlement 2026109 JE 202616625781,0.0,76.13,22885.28,DR
BACKFILL_20260715_SOF.txt,NSE-CAPITAL,15/06/2026,adjusted aga JE Interest on NSE MTF367359728 202616761335,76.13,0.0,22961.41,DR
BACKFILL_20260715_SOF.txt,NSE-CAPITAL,15/06/2026,"15/06/2026 15-06-26 JE Interest on NSE MTF367359728 202616761335 76.13 0.00 22,961.41 DR JE Interest on NSE MTF367250625 202617021181",95.99,0.0,23057.4,DR
BACKFILL_20260715_SOF.txt,NSE-CAPITAL,15/06/2026,"15/06/2026 15-06-26 JE Interest on NSE MTF367250625 202617021181 95.99 0.00 23,057.40 DR 1292528 REPBNK NSEMRGNPIPO 202620687727",0.0,11239.38,11818.02,DR
BACKFILL_20260715_SOF.txt,NSE-CAPITAL,15/06/2026,"15/06/2026 15-06-26 1292528 REPBNK NSEMRGNPIPO 202620687727 0.00 11,239.38 11,818.02 DR 1292857 REPBNK Upstreamed Amount Collected 202620905097",0.0,32204.85,20386.83,CR
BACKFILL_20260715_SOF.txt,NSE-CAPITAL,16/06/2026,MTF BILL FOR 2026111-M BILL DATE Jun 16 MBILL 202600000051,0.0,156164.45,176551.28,CR
BACKFILL_20260715_SOF.txt,NSE-CAPITAL,16/06/2026,POSITION CLOSE FOR BILL DATE Jun 16 2026 MBILL 202600000051,49269.88,0.0,127281.4,CR
BACKFILL_20260715_SOF.txt,NSE-CAPITAL,16/06/2026,"16/06/2026 16-06-26 MBILL 202600000051 49,269.88 0.00 127,281.40 CR 2026111 BILL SETTNO=2026111NSECMMBILL POSTED 202600000227",107903.96,0.0,19377.44,CR
BACKFILL_20260715_SOF.txt,NSE-CAPITAL,16/06/2026,"16/06/2026 17-06-26 2026111 BILL SETTNO=2026111NSECMMBILL POSTED 202600000227 107,903.96 0.00 19,377.44 CR 1293148 PAYBNK Being Payout towards NSE M 2026110 202605596765",19932.9,0.0,555.46,DR
BACKFILL_20260715_SOF.txt,NSE-CAPITAL,16/06/2026,Upstreamed Amount Released from Upstream 1293368 PAYBNK 202605643478,57405.74,0.0,57961.2,DR
BACKFILL_20260715_SOF.txt,NSE-CAPITAL,16/06/2026,Being GST on NSDL - CDSL Charges - DBNOTE 202613266909,1.8,0.0,57963.0,DR
BACKFILL_20260715_SOF.txt,NSE-CAPITAL,16/06/2026,Demat Charges DBNOTE 202613318077,20.0,0.0,57983.0,DR
BACKFILL_20260715_SOF.txt,NSE-CAPITAL,16/06/2026,Being GST on NSDL - CDSL Charges - DBNOTE 202613320576,1.8,0.0,57984.8,DR
BACKFILL_20260715_SOF.txt,NSE-CAPITAL,16/06/2026,Being MTF pledge Charges DBNOTE 202613405419,300.0,0.0,58284.8,DR
BACKFILL_20260715_SOF.txt,NSE-CAPITAL,16/06/2026,Being GST on NSDL - CDSL Charges - DBNOTE 202613427552,27.0,0.0,58311.8,DR
BACKFILL_20260715_SOF.txt,NSE-CAPITAL,16/06/2026,Being GST on NSDL - CDSL Charges - DBNOTE 202613432759,27.0,0.0,58338.8,DR
BACKFILL_20260715_SOF.txt,NSE-CAPITAL,16/06/2026,DCM012616063676 DBNOTE NSE Margin Payin 8503169324 202613509315,46331.43,0.0,104670.23,DR
BACKFILL_20260715_SOF.txt,NSE-CAPITAL,16/06/2026,"16/06/2026 16-06-26 DBNOTE NSE Margin Payin 8503169324 202613509315 46,331.43 0.00 104,670.23 DR DBNOTE Being Margin Trf 8503169324 202613527943",21249.78,0.0,125920.01,DR
BACKFILL_20260715_SOF.txt,NSE-CAPITAL,16/06/2026,"16/06/2026 16-06-26 DBNOTE Being Margin Trf 8503169324 202613527943 21,249.78 0.00 125,920.01 DR JE Interest on NSE MTF367507472 202617157170",76.13,0.0,125996.14,DR
BACKFILL_20260715_SOF.txt,NSE-CAPITAL,16/06/2026,Being payout of EQ settlement 2026110 JE 202617290317,0.0,23.6,125972.54,DR
BACKFILL_20260715_SOF.txt,NSE-CAPITAL,16/06/2026,Being payout of EQ settlement 2026110 JE 202617307583,0.0,76.13,125896.41,DR
BACKFILL_20260715_SOF.txt,NSE-CAPITAL,16/06/2026,Being payout of EQ settlement 2026110 JE 202617307920,76.13,0.0,125972.54,DR
BACKFILL_20260715_SOF.txt,NSE-CAPITAL,16/06/2026,Being payout of EQ settlement 2026110 JE 202617320976,0.0,354.0,125618.54,DR
BACKFILL_20260715_SOF.txt,NSE-CAPITAL,16/06/2026,Being payout of EQ settlement 2026110 JE 202617342919,354.0,0.0,125972.54,DR
BACKFILL_20260715_SOF.txt,NSE-CAPITAL,16/06/2026,Being payout of EQ settlement 2026110 JE 202617343028,23.6,0.0,125996.14,DR
BACKFILL_20260715_SOF.txt,NSE-CAPITAL,16/06/2026,adjusted aga 1292965 REPBNK NSEMRGNPIPO 202621207337,0.0,20569.48,105426.66,DR
BACKFILL_20260715_SOF.txt,NSE-CAPITAL,16/06/2026,"16/06/2026 16-06-26 1292965 REPBNK NSEMRGNPIPO 202621207337 0.00 20,569.48 105,426.66 DR 1293296 REPBNK Upstreamed Amount Collected 202621332211",0.0,104981.26,445.4,DR
BACKFILL_20260715_SOF.txt,NSE-CAPITAL,16/06/2026,"16/06/2026 16-06-26 1293296 REPBNK Upstreamed Amount Collected 202621332211 0.00 104,981.26 445.40 DR 1293420 REPBNK Being Payin towards NSE M 2026111 202621510450",0.0,445.6,0.2,CR
BACKFILL_20260715_SOF.txt,NSE-CAPITAL,17/06/2026,POSITION CLOSE FOR BILL DATE Jun 17 2026 MBILL 202600000052,72523.45,0.0,72523.25,DR
BACKFILL_20260715_SOF.txt,NSE-CAPITAL,17/06/2026,MTF BILL FOR 2026112-M BILL DATE Jun 17 MBILL 202600000052,0.0,369249.7,296726.45,CR
BACKFILL_20260715_SOF.txt,NSE-CAPITAL,17/06/2026,2026112 BILL SETTNO=2026112NSECMMBILL POSTED 202600000234,280102.95,0.0,16623.5,CR
BACKFILL_20260715_SOF.txt,NSE-CAPITAL,17/06/2026,Upstreamed Amount Released from Upstream 1293825 PAYBNK 202605772260,35243.1,0.0,18619.6,DR
BACKFILL_20260715_SOF.txt,NSE-CAPITAL,17/06/2026,Being GST on NSDL - CDSL Charges - DBNOTE 202613611377,6.75,0.0,18626.35,DR
BACKFILL_20260715_SOF.txt,NSE-CAPITAL,17/06/2026,Being MTF pledge Charges DBNOTE 202613690450,75.0,0.0,18701.35,DR
BACKFILL_20260715_SOF.txt,NSE-CAPITAL,17/06/2026,Being GST on NSDL - CDSL Charges - DBNOTE 202613730568,6.75,0.0,18708.1,DR
BACKFILL_20260715_SOF.txt,NSE-CAPITAL,17/06/2026,DCM012617063678 DBNOTE NSE Margin Payin 8503169324 202613782196,148671.64,0.0,167379.74,DR
BACKFILL_20260715_SOF.txt,NSE-CAPITAL,17/06/2026,"17/06/2026 17-06-26 DBNOTE NSE Margin Payin 8503169324 202613782196 148,671.64 0.00 167,379.74 DR DBNOTE Being Margin Trf 8503169324 202613793995",0.0,199.1,167180.64,DR
BACKFILL_20260715_SOF.txt,NSE-CAPITAL,17/06/2026,"17/06/2026 17-06-26 DBNOTE Being Margin Trf 8503169324 202613793995 0.00 199.10 167,180.64 DR JE Interest on NSE MTF367830681 202617565929",104.96,0.0,167285.6,DR
BACKFILL_20260715_SOF.txt,NSE-CAPITAL,17/06/2026,Interest recovered on NSE MTF INN 367830681 1293432 REPBNK 202621562773,0.0,104.96,167180.64,DR
BACKFILL_20260715_SOF.txt,NSE-CAPITAL,17/06/2026,Being GST and MTF pledge Charges recovered 1293432 REPBNK 202621565292,0.0,88.5,167092.14,DR
BACKFILL_20260715_SOF.txt,NSE-CAPITAL,17/06/2026,DCM 012 1293766 REPBNK Upstreamed Amount Collected 202621668166,0.0,185138.39,18046.25,CR
BACKFILL_20260715_SOF.txt,NSE-CAPITAL,18/06/2026,MTF BILL FOR 2026113-M BILL DATE Jun 18 MBILL 202600000053,0.0,254356.55,272402.8,CR
BACKFILL_20260715_SOF.txt,NSE-CAPITAL,18/06/2026,POSITION CLOSE FOR BILL DATE Jun 18 2026 MBILL 202600000053,256193.49,0.0,16209.31,CR
BACKFILL_20260715_SOF.txt,NSE-CAPITAL,18/06/2026,"18/06/2026 18-06-26 MBILL 202600000053 256,193.49 0.00 16,209.31 CR 2026113 BILL SETTNO=2026113NSECMMBILL POSTED 202600000239",0.0,11415.09,27624.4,CR
BACKFILL_20260715_SOF.txt,NSE-CAPITAL,18/06/2026,"18/06/2026 19-06-26 2026113 BILL SETTNO=2026113NSECMMBILL POSTED 202600000239 0.00 11,415.09 27,624.40 CR 1293919 PAYBNK Upstreamed Amount Released 202605795621",1223.65,0.0,26400.75,CR
BACKFILL_20260715_SOF.txt,NSE-CAPITAL,18/06/2026,"18/06/2026 18-06-26 1293919 PAYBNK Upstreamed Amount Released 202605795621 1,223.65 0.00 26,400.75 CR 1294058 PAYBNK Being Payout towards NSE M 2026112 202605837815",16368.79,0.0,10031.96,CR
BACKFILL_20260715_SOF.txt,NSE-CAPITAL,18/06/2026,Upstreamed Amount Released from Upstream 1294276 PAYBNK 202605892461,123650.07,0.0,113618.11,DR
BACKFILL_20260715_SOF.txt,NSE-CAPITAL,18/06/2026,Being GST on NSDL - CDSL Charges - DBNOTE 202613843605,27.0,0.0,113645.11,DR
BACKFILL_20260715_SOF.txt,NSE-CAPITAL,18/06/2026,Being GST on NSDL - CDSL Charges - DBNOTE 202613846314,1.8,0.0,113646.91,DR
BACKFILL_20260715_SOF.txt,NSE-CAPITAL,18/06/2026,Being MTF pledge Charges DBNOTE 202613858602,300.0,0.0,113946.91,DR
BACKFILL_20260715_SOF.txt,NSE-CAPITAL,18/06/2026,Being GST on NSDL - CDSL Charges - DBNOTE 202613864358,1.8,0.0,113948.71,DR
BACKFILL_20260715_SOF.txt,NSE-CAPITAL,18/06/2026,Demat Charges DBNOTE 202613897542,20.0,0.0,113968.71,DR
BACKFILL_20260715_SOF.txt,NSE-CAPITAL,18/06/2026,Being GST on NSDL - CDSL Charges - DBNOTE 202613980042,27.0,0.0,113995.71,DR
BACKFILL_20260715_SOF.txt,NSE-CAPITAL,18/06/2026,DCM012618063680 DBNOTE NSE Margin Payin 8503169324 202614040622,33478.42,0.0,147474.13,DR
BACKFILL_20260715_SOF.txt,NSE-CAPITAL,18/06/2026,"18/06/2026 18-06-26 DBNOTE NSE Margin Payin 8503169324 202614040622 33,478.42 0.00 147,474.13 DR DBNOTE Being Margin Trf 8503169324 202614063351",5239.34,0.0,152713.47,DR
BACKFILL_20260715_SOF.txt,NSE-CAPITAL,18/06/2026,Being payout of EQ settlement 2026112 JE 202617736932,110.7,0.0,152824.17,DR
BACKFILL_20260715_SOF.txt,NSE-CAPITAL,18/06/2026,Being payout of EQ settlement 2026112 JE 202617736933,0.0,110.7,152713.47,DR
BACKFILL_20260715_SOF.txt,NSE-CAPITAL,18/06/2026,Being payout of EQ settlement 2026112 JE 202617736934,23.6,0.0,152737.07,DR
BACKFILL_20260715_SOF.txt,NSE-CAPITAL,18/06/2026,Being payout of EQ settlement 2026112 JE 202617736935,0.0,23.6,152713.47,DR
BACKFILL_20260715_SOF.txt,NSE-CAPITAL,18/06/2026,Being payout of EQ settlement 2026112 JE 202617736936,354.0,0.0,153067.47,DR
BACKFILL_20260715_SOF.txt,NSE-CAPITAL,18/06/2026,Being payout of EQ settlement 2026112 JE 202617736937,0.0,354.0,152713.47,DR
BACKFILL_20260715_SOF.txt,NSE-CAPITAL,18/06/2026,adjusted aga JE Interest on NSE MTF367947306 202617806574,110.7,0.0,152824.17,DR
BACKFILL_20260715_SOF.txt,NSE-CAPITAL,18/06/2026,"18/06/2026 18-06-26 JE Interest on NSE MTF367947306 202617806574 110.70 0.00 152,824.17 DR 1294207 REPBNK Upstreamed Amount Collected 202622064533",0.0,179866.7,27042.53,CR
BACKFILL_20260715_SOF.txt,NSE-CAPITAL,19/06/2026,MTF BILL FOR 2026114-M BILL DATE Jun 19 MBILL 202600000054,0.0,232152.3,259194.83,CR
BACKFILL_20260715_SOF.txt,NSE-CAPITAL,19/06/2026,POSITION CLOSE FOR BILL DATE Jun 19 2026 MBILL 202600000054,68781.51,0.0,190413.32,CR
BACKFILL_20260715_SOF.txt,NSE-CAPITAL,19/06/2026,"19/06/2026 19-06-26 MBILL 202600000054 68,781.51 0.00 190,413.32 CR 2026114 BILL SETTNO=2026114NSECMZBILL POSTED 202600000244",31062.77,0.0,159350.55,CR
BACKFILL_20260715_SOF.txt,NSE-CAPITAL,19/06/2026,"19/06/2026 22-06-26 2026114 BILL SETTNO=2026114NSECMZBILL POSTED 202600000244 31,062.77 0.00 159,350.55 CR 2026114 BILL SETTNO=2026114NSECMMBILL POSTED 202600000245",183713.42,0.0,24362.87,DR
BACKFILL_20260715_SOF.txt,NSE-CAPITAL,19/06/2026,"19/06/2026 22-06-26 2026114 BILL SETTNO=2026114NSECMMBILL POSTED 202600000245 183,713.42 0.00 24,362.87 DR 1294373 PAYBNK Upstreamed Amount Released 202605910835",22738.21,0.0,47101.08,DR
BACKFILL_20260715_SOF.txt,NSE-CAPITAL,19/06/2026,"19/06/2026 19-06-26 1294373 PAYBNK Upstreamed Amount Released 202605910835 22,738.21 0.00 47,101.08 DR 1294515 PAYBNK Being Payout towards NSE M 2026113 202605964428",3653.18,0.0,50754.26,DR
BACKFILL_20260715_SOF.txt,NSE-CAPITAL,19/06/2026,Upstreamed Amount Released from Upstream 1294744 PAYBNK 202606021037,56454.07,0.0,107208.33,DR
BACKFILL_20260715_SOF.txt,NSE-CAPITAL,19/06/2026,Demat Charges DBNOTE 202614146441,20.0,0.0,107228.33,DR
BACKFILL_20260715_SOF.txt,NSE-CAPITAL,19/06/2026,Being GST on NSDL - CDSL Charges - DBNOTE 202614159686,38.25,0.0,107266.58,DR
BACKFILL_20260715_SOF.txt,NSE-CAPITAL,19/06/2026,Being GST on NSDL - CDSL Charges - DBNOTE 202614201439,38.25,0.0,107304.83,DR
BACKFILL_20260715_SOF.txt,NSE-CAPITAL,19/06/2026,Being GST on NSDL - CDSL Charges - DBNOTE 202614205862,1.8,0.0,107306.63,DR
BACKFILL_20260715_SOF.txt,NSE-CAPITAL,19/06/2026,Being GST on NSDL - CDSL Charges - DBNOTE 202614209864,1.8,0.0,107308.43,DR
BACKFILL_20260715_SOF.txt,NSE-CAPITAL,19/06/2026,Being MTF pledge Charges DBNOTE 202614238691,425.0,0.0,107733.43,DR
BACKFILL_20260715_SOF.txt,NSE-CAPITAL,19/06/2026,recoverable01261906368276 DBNOTE NSE Margin Payin 8503169324 202614369839,56845.62,0.0,164579.05,DR
BACKFILL_20260715_SOF.txt,NSE-CAPITAL,19/06/2026,"19/06/2026 19-06-26 DBNOTE NSE Margin Payin 8503169324 202614369839 56,845.62 0.00 164,579.05 DR DBNOTE Being Margin Trf 8503169324 202614400108",1321.51,0.0,165900.56,DR
BACKFILL_20260715_SOF.txt,NSE-CAPITAL,19/06/2026,Being payout of EQ settlement 2026113 JE 202617948191,0.0,125.83,165774.73,DR
BACKFILL_20260715_SOF.txt,NSE-CAPITAL,19/06/2026,Being payout of EQ settlement 2026113 JE 202617987077,23.6,0.0,165798.33,DR
BACKFILL_20260715_SOF.txt,NSE-CAPITAL,19/06/2026,Being payout of EQ settlement 2026113 JE 202618035321,0.0,23.6,165774.73,DR
BACKFILL_20260715_SOF.txt,NSE-CAPITAL,19/06/2026,Being payout of EQ settlement 2026113 JE 202618047385,125.83,0.0,165900.56,DR
BACKFILL_20260715_SOF.txt,NSE-CAPITAL,19/06/2026,Being payout of EQ settlement 2026113 JE 202618085231,501.5,0.0,166402.06,DR
BACKFILL_20260715_SOF.txt,NSE-CAPITAL,19/06/2026,Being payout of EQ settlement 2026113 JE 202618131287,0.0,501.5,165900.56,DR
BACKFILL_20260715_SOF.txt,NSE-CAPITAL,19/06/2026,adjusted aga JE Interest on NSE MTF368157163 202618134665,125.83,0.0,166026.39,DR
BACKFILL_20260715_SOF.txt,NSE-CAPITAL,19/06/2026,"19/06/2026 19-06-26 JE Interest on NSE MTF368157163 202618134665 125.83 0.00 166,026.39 DR 1294687 REPBNK Upstreamed Amount Collected 202622438437",0.0,184804.76,18778.37,CR
BACKFILL_20260715_SOF.txt,NSE-CAPITAL,20/06/2026,Being GST on NSDL - CDSL Charges - DBNOTE 202614435450,13.5,0.0,18764.87,CR
BACKFILL_20260715_SOF.txt,NSE-CAPITAL,20/06/2026,Being MTF pledge Charges DBNOTE 202614524725,150.0,0.0,18614.87,CR
BACKFILL_20260715_SOF.txt,NSE-CAPITAL,20/06/2026,Being GST on NSDL - CDSL Charges - DBNOTE 202614557927,13.5,0.0,18601.37,CR
BACKFILL_20260715_SOF.txt,NSE-CAPITAL,20/06/2026,DCM012620063684 JE Interest on NSE MTF368465785 202618224711,165.5,0.0,18435.87,CR
BACKFILL_20260715_SOF.txt,NSE-CAPITAL,20/06/2026,Interest recovered on NSE MTF INN 368465785 1294826 REPBNK 202622683595,0.0,165.5,18601.37,CR
BACKFILL_20260715_SOF.txt,NSE-CAPITAL,20/06/2026,Being GST and MTF pledge Charges recovered 1294826 REPBNK 202622701833,0.0,177.0,18778.37,CR
BACKFILL_20260715_SOF.txt,NSE-CAPITAL,22/06/2026,MTF BILL FOR 2026115-M BILL DATE Jun 22 MBILL 202600000055,0.0,90292.5,109070.87,CR
BACKFILL_20260715_SOF.txt,NSE-CAPITAL,22/06/2026,POSITION CLOSE FOR BILL DATE Jun 22 2026 MBILL 202600000055,111762.9,0.0,2692.03,DR
BACKFILL_20260715_SOF.txt,NSE-CAPITAL,22/06/2026,"22/06/2026 22-06-26 MBILL 202600000055 111,762.90 0.00 2,692.03 DR 2026115 BILL SETTNO=2026115NSECMMBILL POSTED 202600000250",108743.97,0.0,111436.0,DR
BACKFILL_20260715_SOF.txt,NSE-CAPITAL,22/06/2026,"22/06/2026 23-06-26 2026115 BILL SETTNO=2026115NSECMMBILL POSTED 202600000250 108,743.97 0.00 111,436.00 DR 1295038 PAYBNK Upstreamed Amount Released 202606033803",19095.9,0.0,130531.9,DR
BACKFILL_20260715_SOF.txt,NSE-CAPITAL,22/06/2026,Upstreamed Amount Released from Upstream 1295387 PAYBNK 202606129400,76037.34,0.0,206569.24,DR
BACKFILL_20260715_SOF.txt,NSE-CAPITAL,22/06/2026,balance DBNOTE NSE Margin Payout 8503169324 202614677649,0.0,27487.32,179081.92,DR
BACKFILL_20260715_SOF.txt,NSE-CAPITAL,22/06/2026,"22/06/2026 22-06-26 DBNOTE NSE Margin Payout 8503169324 202614677649 0.00 27,487.32 179,081.92 DR DBNOTE Being Margin Trf 8503169324 202614689095",1606.08,0.0,180688.0,DR
BACKFILL_20260715_SOF.txt,NSE-CAPITAL,22/06/2026,"22/06/2026 22-06-26 DBNOTE Being Margin Trf 8503169324 202614689095 1,606.08 0.00 180,688.00 DR JE Interest on NSE MTF368767224 202618360569",158.14,0.0,180846.14,DR
BACKFILL_20260715_SOF.txt,NSE-CAPITAL,22/06/2026,Being EQ Upstream payout adjusted against JE 202618390898,158.14,0.0,181004.28,DR
BACKFILL_20260715_SOF.txt,NSE-CAPITAL,22/06/2026,Being EQ Upstream payout adjusted against JE 202618519454,0.0,158.14,180846.14,DR
BACKFILL_20260715_SOF.txt,NSE-CAPITAL,22/06/2026,Being EQ Upstream payout adjusted against JE 202618563625,158.14,0.0,181004.28,DR
BACKFILL_20260715_SOF.txt,NSE-CAPITAL,22/06/2026,INN 2206 JE Interest on NSE MTF368636934 202618644373,158.14,0.0,181162.42,DR
BACKFILL_20260715_SOF.txt,NSE-CAPITAL,22/06/2026,Being EQ Upstream payout adjusted against JE 202618681728,0.0,158.14,181004.28,DR
BACKFILL_20260715_SOF.txt,NSE-CAPITAL,22/06/2026,INN 2206 1295335 REPBNK Upstreamed Amount Collected 202622986061,0.0,205874.3,24870.02,CR
BACKFILL_20260715_SOF.txt,NSE-CAPITAL,23/06/2026,POSITION CLOSE FOR BILL DATE Jun 23 2026 MBILL 202600000056,349994.76,0.0,325124.74,DR
BACKFILL_20260715_SOF.txt,NSE-CAPITAL,23/06/2026,"23/06/2026 23-06-26 MBILL 202600000056 349,994.76 0.00 325,124.74 DR 2026116 BILL SETTNO=2026116NSECMZBILL POSTED 202600000253",0.0,11748.1,313376.64,DR
BACKFILL_20260715_SOF.txt,NSE-CAPITAL,23/06/2026,2026116 BILL SETTNO=2026116NSECMMBILL POSTED 202600000254,0.0,414022.63,100645.99,CR
BACKFILL_20260715_SOF.txt,NSE-CAPITAL,23/06/2026,"23/06/2026 24-06-26 2026116 BILL SETTNO=2026116NSECMMBILL POSTED 202600000254 0.00 414,022.63 100,645.99 CR 1295481 PAYBNK Upstreamed Amount Released 202606148906",25393.74,0.0,75252.25,CR
BACKFILL_20260715_SOF.txt,NSE-CAPITAL,23/06/2026,Upstreamed Amount Released from I-Sec 1295856 PAYBNK 202606227457,140071.41,0.0,64819.16,DR
BACKFILL_20260715_SOF.txt,NSE-CAPITAL,23/06/2026,Upstreamed Amount Released from Upstream 1295856 PAYBNK 202606232765,144952.48,0.0,209771.64,DR
BACKFILL_20260715_SOF.txt,NSE-CAPITAL,23/06/2026,Being GST on NSDL - CDSL Charges - DBNOTE 202614733818,31.5,0.0,209803.14,DR
BACKFILL_20260715_SOF.txt,NSE-CAPITAL,23/06/2026,Being GST on NSDL - CDSL Charges - DBNOTE 202614829066,31.5,0.0,209834.64,DR
BACKFILL_20260715_SOF.txt,NSE-CAPITAL,23/06/2026,Being MTF pledge Charges DBNOTE 202614833170,350.0,0.0,210184.64,DR
BACKFILL_20260715_SOF.txt,NSE-CAPITAL,23/06/2026,recoverable01262306368926 DBNOTE NSE Margin Payout 8503169324 202614982772,0.0,19055.14,191129.5,DR
BACKFILL_20260715_SOF.txt,NSE-CAPITAL,23/06/2026,"23/06/2026 23-06-26 DBNOTE NSE Margin Payout 8503169324 202614982772 0.00 19,055.14 191,129.50 DR DBNOTE NSE Margin Payout 8503169324 202614982773",0.0,140071.41,51058.09,DR
BACKFILL_20260715_SOF.txt,NSE-CAPITAL,23/06/2026,"23/06/2026 23-06-26 DBNOTE NSE Margin Payout 8503169324 202614982773 0.00 140,071.41 51,058.09 DR DBNOTE Being Margin Trf 8503169324 202614990480",0.0,5366.15,45691.94,DR
BACKFILL_20260715_SOF.txt,NSE-CAPITAL,23/06/2026,Being EQ Upstream payout adjusted against JE 202618795817,0.0,158.14,45533.8,DR
BACKFILL_20260715_SOF.txt,NSE-CAPITAL,23/06/2026,INN 2306 JE Interest on NSE MTF368902353 202618849968,158.14,0.0,45691.94,DR
BACKFILL_20260715_SOF.txt,NSE-CAPITAL,23/06/2026,Being EQ Upstream payout adjusted against JE 202618898220,413.0,0.0,46104.94,DR
BACKFILL_20260715_SOF.txt,NSE-CAPITAL,23/06/2026,Being EQ Upstream payout adjusted against JE 202618982761,0.0,413.0,45691.94,DR
BACKFILL_20260715_SOF.txt,NSE-CAPITAL,23/06/2026,Being EQ Upstream payout adjusted against JE 202618991177,158.14,0.0,45850.08,DR
BACKFILL_20260715_SOF.txt,NSE-CAPITAL,23/06/2026,INN 2306 1295798 REPBNK Upstreamed Amount Collected 202623463933,0.0,144952.48,99102.4,CR
BACKFILL_20260715_SOF.txt,NSE-CAPITAL,24/06/2026,MTF BILL FOR 2026117-M BILL DATE Jun 24 MBILL 202600000057,0.0,160468.25,259570.65,CR
BACKFILL_20260715_SOF.txt,NSE-CAPITAL,24/06/2026,POSITION CLOSE FOR BILL DATE Jun 24 2026 MBILL 202600000057,122764.98,0.0,136805.67,CR
BACKFILL_20260715_SOF.txt,NSE-CAPITAL,24/06/2026,"24/06/2026 24-06-26 MBILL 202600000057 122,764.98 0.00 136,805.67 CR 2026117 BILL SETTNO=2026117NSECMMBILL POSTED 202600000260",261605.09,0.0,124799.42,DR
BACKFILL_20260715_SOF.txt,NSE-CAPITAL,24/06/2026,"24/06/2026 25-06-26 2026117 BILL SETTNO=2026117NSECMMBILL POSTED 202600000260 261,605.09 0.00 124,799.42 DR 1295943 PAYBNK Upstreamed Amount Released 202606266859",18435.64,0.0,143235.06,DR
BACKFILL_20260715_SOF.txt,NSE-CAPITAL,24/06/2026,"24/06/2026 24-06-26 1295943 PAYBNK Upstreamed Amount Released 202606266859 18,435.64 0.00 143,235.06 DR 1296093 PAYBNK Being Payout towards NSE Z 2026116 202606301754",11748.1,0.0,154983.16,DR
BACKFILL_20260715_SOF.txt,NSE-CAPITAL,24/06/2026,"24/06/2026 24-06-26 1296093 PAYBNK Being Payout towards NSE Z 2026116 202606301754 11,748.10 0.00 154,983.16 DR 1296093 PAYBNK Being Payout towards NSE M 2026116 202606302064",67833.1,0.0,222816.26,DR
BACKFILL_20260715_SOF.txt,NSE-CAPITAL,24/06/2026,Upstreamed Amount Released from Upstream 1296288 PAYBNK 202606340370,70312.55,0.0,293128.81,DR
BACKFILL_20260715_SOF.txt,NSE-CAPITAL,24/06/2026,Being GST on NSDL - CDSL Charges - DBNOTE 202615025979,7.2,0.0,293136.01,DR
BACKFILL_20260715_SOF.txt,NSE-CAPITAL,24/06/2026,Being GST on NSDL - CDSL Charges - DBNOTE 202615036617,7.2,0.0,293143.21,DR
BACKFILL_20260715_SOF.txt,NSE-CAPITAL,24/06/2026,Demat Charges DBNOTE 202615040075,80.0,0.0,293223.21,DR
BACKFILL_20260715_SOF.txt,NSE-CAPITAL,24/06/2026,Being GST on NSDL - CDSL Charges - DBNOTE 202615149842,47.25,0.0,293270.46,DR
BACKFILL_20260715_SOF.txt,NSE-CAPITAL,24/06/2026,Being MTF pledge Charges DBNOTE 202615178769,525.0,0.0,293795.46,DR
BACKFILL_20260715_SOF.txt,NSE-CAPITAL,24/06/2026,Being GST on NSDL - CDSL Charges - DBNOTE 202615197735,47.25,0.0,293842.71,DR
BACKFILL_20260715_SOF.txt,NSE-CAPITAL,24/06/2026,DCM012624063691 DBNOTE NSE Margin Payout 8503169324 202615273326,0.0,12756.56,281086.15,DR
BACKFILL_20260715_SOF.txt,NSE-CAPITAL,24/06/2026,"24/06/2026 24-06-26 DBNOTE NSE Margin Payout 8503169324 202615273326 0.00 12,756.56 281,086.15 DR DBNOTE Being Margin Trf 8503169324 202615283278",862.99,0.0,281949.14,DR
BACKFILL_20260715_SOF.txt,NSE-CAPITAL,24/06/2026,Being payout of EQ settlement 2026116 JE 202619074991,186.45,0.0,282135.59,DR
BACKFILL_20260715_SOF.txt,NSE-CAPITAL,24/06/2026,Being payout of EQ settlement 2026116 JE 202619114987,0.0,94.4,282041.19,DR
BACKFILL_20260715_SOF.txt,NSE-CAPITAL,24/06/2026,Being payout of EQ settlement 2026116 JE 202619137340,94.4,0.0,282135.59,DR
BACKFILL_20260715_SOF.txt,NSE-CAPITAL,24/06/2026,adjusted aga JE Interest on NSE MTF369123612 202619140708,186.45,0.0,282322.04,DR
BACKFILL_20260715_SOF.txt,NSE-CAPITAL,24/06/2026,Being payout of EQ settlement 2026116 JE 202619212895,0.0,186.45,282135.59,DR
BACKFILL_20260715_SOF.txt,NSE-CAPITAL,24/06/2026,Being EQ Upstream payout adjusted against JE 202619288337,619.5,0.0,282755.09,DR
BACKFILL_20260715_SOF.txt,NSE-CAPITAL,24/06/2026,Being EQ Upstream payout adjusted against JE 202619291765,0.0,619.5,282135.59,DR
BACKFILL_20260715_SOF.txt,NSE-CAPITAL,24/06/2026,DCM 2406 1296252 REPBNK Upstreamed Amount Collected 202623853995,0.0,299603.46,17467.87,CR
BACKFILL_20260715_SOF.txt,NSE-CAPITAL,25/06/2026,MTF BILL FOR 2026118-M BILL DATE Jun 25 MBILL 202600000058,0.0,47218.7,64686.57,CR
BACKFILL_20260715_SOF.txt,NSE-CAPITAL,25/06/2026,POSITION CLOSE FOR BILL DATE Jun 25 2026 MBILL 202600000058,157373.4,0.0,92686.83,DR
BACKFILL_20260715_SOF.txt,NSE-CAPITAL,25/06/2026,"25/06/2026 25-06-26 MBILL 202600000058 157,373.40 0.00 92,686.83 DR 2026118 BILL SETTNO=2026118NSECMZBILL POSTED 202600000264",0.0,16812.45,75874.38,DR
BACKFILL_20260715_SOF.txt,NSE-CAPITAL,25/06/2026,"25/06/2026 29-06-26 2026118 BILL SETTNO=2026118NSECMZBILL POSTED 202600000264 0.00 16,812.45 75,874.38 DR 2026118 BILL SETTNO=2026118NSECMMBILL POSTED 202600000265",0.0,169331.1,93456.72,CR
BACKFILL_20260715_SOF.txt,NSE-CAPITAL,25/06/2026,"25/06/2026 29-06-26 2026118 BILL SETTNO=2026118NSECMMBILL POSTED 202600000265 0.00 169,331.10 93,456.72 CR 1296396 PAYBNK Upstreamed Amount Released 202606362047",17385.35,0.0,76071.37,CR
BACKFILL_20260715_SOF.txt,NSE-CAPITAL,25/06/2026,Upstreamed Amount Released from I-Sec 1296735 PAYBNK 202606453862,84658.58,0.0,8587.21,DR
BACKFILL_20260715_SOF.txt,NSE-CAPITAL,25/06/2026,Upstreamed Amount Released from Upstream 1296735 PAYBNK 202606455350,86106.96,0.0,94694.17,DR
BACKFILL_20260715_SOF.txt,NSE-CAPITAL,25/06/2026,Being GST on NSDL - CDSL Charges - DBNOTE 202615286708,31.5,0.0,94725.67,DR
BACKFILL_20260715_SOF.txt,NSE-CAPITAL,25/06/2026,Being GST on NSDL - CDSL Charges - DBNOTE 202615370574,1.8,0.0,94727.47,DR
BACKFILL_20260715_SOF.txt,NSE-CAPITAL,25/06/2026,Being GST on NSDL - CDSL Charges - DBNOTE 202615378138,1.8,0.0,94729.27,DR
BACKFILL_20260715_SOF.txt,NSE-CAPITAL,25/06/2026,Being GST on NSDL - CDSL Charges - DBNOTE 202615398643,31.5,0.0,94760.77,DR
BACKFILL_20260715_SOF.txt,NSE-CAPITAL,25/06/2026,Being MTF pledge Charges DBNOTE 202615436139,350.0,0.0,95110.77,DR
BACKFILL_20260715_SOF.txt,NSE-CAPITAL,25/06/2026,Demat Charges DBNOTE 202615447325,20.0,0.0,95130.77,DR
BACKFILL_20260715_SOF.txt,NSE-CAPITAL,25/06/2026,Recoverable01262506369378568 DBNOTE NSE Margin Payout 8503169324 202615508929,0.0,3896.8,91233.97,DR
BACKFILL_20260715_SOF.txt,NSE-CAPITAL,25/06/2026,"25/06/2026 25-06-26 DBNOTE NSE Margin Payout 8503169324 202615508929 0.00 3,896.80 91,233.97 DR DBNOTE NSE Margin Payout 8503169324 202615508930",0.0,84658.58,6575.39,DR
BACKFILL_20260715_SOF.txt,NSE-CAPITAL,25/06/2026,"25/06/2026 25-06-26 DBNOTE NSE Margin Payout 8503169324 202615508930 0.00 84,658.58 6,575.39 DR DBNOTE Being Margin Trf 8503169324 202615537583",0.0,2446.13,4129.26,DR
BACKFILL_20260715_SOF.txt,NSE-CAPITAL,25/06/2026,"25/06/2026 25-06-26 DBNOTE Being Margin Trf 8503169324 202615537583 0.00 2,446.13 4,129.26 DR JE Interest on NSE MTF369332099 202619341539",188.1,0.0,4317.36,DR
BACKFILL_20260715_SOF.txt,NSE-CAPITAL,25/06/2026,Being EQ Upstream payout adjusted against JE 202619370334,0.0,23.6,4293.76,DR
BACKFILL_20260715_SOF.txt,NSE-CAPITAL,25/06/2026,Being EQ Upstream payout adjusted against JE 202619376657,0.0,413.0,3880.76,DR
BACKFILL_20260715_SOF.txt,NSE-CAPITAL,25/06/2026,Being EQ Upstream payout adjusted against JE 202619433645,23.6,0.0,3904.36,DR
BACKFILL_20260715_SOF.txt,NSE-CAPITAL,25/06/2026,Being EQ Upstream payout adjusted against JE 202619519693,188.1,0.0,4092.46,DR
BACKFILL_20260715_SOF.txt,NSE-CAPITAL,25/06/2026,Being EQ Upstream payout adjusted against JE 202619526186,0.0,188.1,3904.36,DR
BACKFILL_20260715_SOF.txt,NSE-CAPITAL,25/06/2026,Being EQ Upstream payout adjusted against JE 202619533248,413.0,0.0,4317.36,DR
BACKFILL_20260715_SOF.txt,NSE-CAPITAL,25/06/2026,DCM 2506 1296695 REPBNK Upstreamed Amount Collected 202624268962,0.0,86106.96,81789.6,CR
BACKFILL_20260715_SOF.txt,NSE-CAPITAL,26/06/2026,Being GST on NSDL - CDSL Charges - DBNOTE 202615571647,11.25,0.0,81778.35,CR
BACKFILL_20260715_SOF.txt,NSE-CAPITAL,26/06/2026,Demat Charges DBNOTE 202615620988,100.0,0.0,81678.35,CR
BACKFILL_20260715_SOF.txt,NSE-CAPITAL,26/06/2026,Being GST on NSDL - CDSL Charges - DBNOTE 202615629557,9.0,0.0,81669.35,CR
BACKFILL_20260715_SOF.txt,NSE-CAPITAL,26/06/2026,Being MTF pledge Charges DBNOTE 202615654837,125.0,0.0,81544.35,CR
BACKFILL_20260715_SOF.txt,NSE-CAPITAL,26/06/2026,Being GST on NSDL - CDSL Charges - DBNOTE 202615663844,11.25,0.0,81533.1,CR
BACKFILL_20260715_SOF.txt,NSE-CAPITAL,26/06/2026,Being GST on NSDL - CDSL Charges - DBNOTE 202615740926,9.0,0.0,81524.1,CR
BACKFILL_20260715_SOF.txt,NSE-CAPITAL,26/06/2026,DCR012626063695 JE Interest on NSE MTF369533253 202619734665,137.32,0.0,81386.78,CR
BACKFILL_20260715_SOF.txt,NSE-CAPITAL,27/06/2026,Being GST on NSDL - CDSL Charges - DBNOTE 202615787282,13.5,0.0,81373.28,CR
BACKFILL_20260715_SOF.txt,NSE-CAPITAL,27/06/2026,Being MTF pledge Charges DBNOTE 202615791971,150.0,0.0,81223.28,CR
BACKFILL_20260715_SOF.txt,NSE-CAPITAL,27/06/2026,Being GST on NSDL - CDSL Charges - DBNOTE 202615809149,13.5,0.0,81209.78,CR
BACKFILL_20260715_SOF.txt,NSE-CAPITAL,27/06/2026,DCM012627063697 JE Interest on NSE MTF369733536 202619799115,150.71,0.0,81059.07,CR
BACKFILL_20260715_SOF.txt,NSE-CAPITAL,29/06/2026,POSITION CLOSE FOR BILL DATE Jun 29 2026 MBILL 202600000059,43489.75,0.0,37569.32,CR
BACKFILL_20260715_SOF.txt,NSE-CAPITAL,29/06/2026,MTF BILL FOR 2026119-M BILL DATE Jun 29 MBILL 202600000059,0.0,257660.05,295229.37,CR
BACKFILL_20260715_SOF.txt,NSE-CAPITAL,29/06/2026,2026 2026119 BILL SETTNO=2026119NSECMZBILL POSTED 202600000269,36342.32,0.0,258887.05,CR
BACKFILL_20260715_SOF.txt,NSE-CAPITAL,29/06/2026,"29/06/2026 30-06-26 2026119 BILL SETTNO=2026119NSECMZBILL POSTED 202600000269 36,342.32 0.00 258,887.05 CR 2026119 BILL SETTNO=2026119NSECMMBILL POSTED 202600000270",280374.43,0.0,21487.38,DR
BACKFILL_20260715_SOF.txt,NSE-CAPITAL,29/06/2026,1297311 PAYBNK Upstreamed Amount Released 202606465864,3896.8,0.0,25384.18,DR
BACKFILL_20260715_SOF.txt,NSE-CAPITAL,29/06/2026,"29/06/2026 29-06-26 1297311 PAYBNK Upstreamed Amount Released 202606465864 3,896.80 0.00 25,384.18 DR 1297458 PAYBNK Being Payout towards NSE Z 2026118 202606500980",16511.03,0.0,41895.21,DR
BACKFILL_20260715_SOF.txt,NSE-CAPITAL,29/06/2026,"29/06/2026 29-06-26 1297458 PAYBNK Being Payout towards NSE Z 2026118 202606500980 16,511.03 0.00 41,895.21 DR 1297458 PAYBNK Being Payout towards NSE M 2026118 202606517361",60349.6,0.0,102244.81,DR
BACKFILL_20260715_SOF.txt,NSE-CAPITAL,29/06/2026,Upstreamed Amount Released from Upstream 1297675 PAYBNK 202606544080,121430.54,0.0,223675.35,DR
BACKFILL_20260715_SOF.txt,NSE-CAPITAL,29/06/2026,balance DBNOTE NSE Margin Payin 8503169324 202615866197,101313.63,0.0,324988.98,DR
BACKFILL_20260715_SOF.txt,NSE-CAPITAL,29/06/2026,"29/06/2026 29-06-26 DBNOTE NSE Margin Payin 8503169324 202615866197 101,313.63 0.00 324,988.98 DR DBNOTE Being Margin Trf 8503169324 202615900545",298.75,0.0,325287.73,DR
BACKFILL_20260715_SOF.txt,NSE-CAPITAL,29/06/2026,"29/06/2026 29-06-26 DBNOTE Being Margin Trf 8503169324 202615900545 298.75 0.00 325,287.73 DR JE Interest on NSE MTF369866767 202619915549",150.71,0.0,325438.44,DR
BACKFILL_20260715_SOF.txt,NSE-CAPITAL,29/06/2026,Being payout of EQ settlement 2026118 JE 202619916741,150.71,0.0,325589.15,DR
BACKFILL_20260715_SOF.txt,NSE-CAPITAL,29/06/2026,Being payout of EQ settlement 2026118 JE 202619959210,0.0,118.0,325471.15,DR
BACKFILL_20260715_SOF.txt,NSE-CAPITAL,29/06/2026,Being payout of EQ settlement 2026118 JE 202620012446,0.0,150.71,325320.44,DR
BACKFILL_20260715_SOF.txt,NSE-CAPITAL,29/06/2026,Being payout of EQ settlement 2026118 JE 202620015862,177.0,0.0,325497.44,DR
BACKFILL_20260715_SOF.txt,NSE-CAPITAL,29/06/2026,Being payout of EQ settlement 2026118 JE 202620097142,0.0,137.32,325360.12,DR
BACKFILL_20260715_SOF.txt,NSE-CAPITAL,29/06/2026,Being payout of EQ settlement 2026118 JE 202620101111,137.32,0.0,325497.44,DR
BACKFILL_20260715_SOF.txt,NSE-CAPITAL,29/06/2026,Being payout of EQ settlement 2026118 JE 202620109199,0.0,150.71,325346.73,DR
BACKFILL_20260715_SOF.txt,NSE-CAPITAL,29/06/2026,Being payout of EQ settlement 2026118 JE 202620130203,147.5,0.0,325494.23,DR
BACKFILL_20260715_SOF.txt,NSE-CAPITAL,29/06/2026,Being payout of EQ settlement 2026118 JE 202620175445,0.0,150.71,325343.52,DR
BACKFILL_20260715_SOF.txt,NSE-CAPITAL,29/06/2026,Being payout of EQ settlement 2026118 JE 202620179780,0.0,147.5,325196.02,DR
BACKFILL_20260715_SOF.txt,NSE-CAPITAL,29/06/2026,adjusted aga JE Interest on NSE MTF369978193 202620184208,150.71,0.0,325346.73,DR
BACKFILL_20260715_SOF.txt,NSE-CAPITAL,29/06/2026,Being payout of EQ settlement 2026118 JE 202620203361,118.0,0.0,325464.73,DR
BACKFILL_20260715_SOF.txt,NSE-CAPITAL,29/06/2026,Being payout of EQ settlement 2026118 JE 202620216704,150.71,0.0,325615.44,DR
BACKFILL_20260715_SOF.txt,NSE-CAPITAL,29/06/2026,Being payout of EQ settlement 2026118 JE 202620233253,0.0,177.0,325438.44,DR
BACKFILL_20260715_SOF.txt,NSE-CAPITAL,29/06/2026,Being payout of EQ settlement 2026118 JE 202620272939,150.71,0.0,325589.15,DR
BACKFILL_20260715_SOF.txt,NSE-CAPITAL,29/06/2026,adjusted aga 1297616 REPBNK Upstreamed Amount Collected 202624851179,0.0,343253.89,17664.74,CR
BACKFILL_20260715_SOF.txt,NSE-CAPITAL,30/06/2026,MTF BILL FOR 2026120-M BILL DATE Jun 30 MBILL 202600000060,0.0,107171.2,124835.94,CR
BACKFILL_20260715_SOF.txt,NSE-CAPITAL,30/06/2026,POSITION CLOSE FOR BILL DATE Jun 30 2026 MBILL 202600000060,30060.0,0.0,94775.94,CR
BACKFILL_20260715_SOF.txt,NSE-CAPITAL,30/06/2026,"30/06/2026 30-06-26 MBILL 202600000060 30,060.00 0.00 94,775.94 CR 1297767 PAYBNK Upstreamed Amount Released 202606575243",17242.41,0.0,77533.53,CR
BACKFILL_20260715_SOF.txt,NSE-CAPITAL,30/06/2026,Upstreamed Amount Released from Upstream 1298130 PAYBNK 202606643316,68952.73,0.0,8580.8,CR
BACKFILL_20260715_SOF.txt,NSE-CAPITAL,30/06/2026,Being GST on NSDL - CDSL Charges - DBNOTE 202615911762,13.5,0.0,8567.3,CR
BACKFILL_20260715_SOF.txt,NSE-CAPITAL,30/06/2026,Being GST on NSDL - CDSL Charges - DBNOTE 202615957002,7.2,0.0,8560.1,CR
BACKFILL_20260715_SOF.txt,NSE-CAPITAL,30/06/2026,Being GST on NSDL - CDSL Charges - DBNOTE 202615972225,13.5,0.0,8546.6,CR
BACKFILL_20260715_SOF.txt,NSE-CAPITAL,30/06/2026,Being GST on NSDL - CDSL Charges - DBNOTE 202616017200,7.2,0.0,8539.4,CR
BACKFILL_20260715_SOF.txt,NSE-CAPITAL,30/06/2026,Being MTF pledge Charges DBNOTE 202616053189,150.0,0.0,8389.4,CR
BACKFILL_20260715_SOF.txt,NSE-CAPITAL,30/06/2026,Demat Charges DBNOTE 202616066080,80.0,0.0,8309.4,CR
BACKFILL_20260715_SOF.txt,NSE-CAPITAL,30/06/2026,Recoverable01263006370149254 DBNOTE NSE Margin Payin 8503169324 202616138828,39204.37,0.0,30894.97,DR
BACKFILL_20260715_SOF.txt,NSE-CAPITAL,30/06/2026,"30/06/2026 30-06-26 DBNOTE NSE Margin Payin 8503169324 202616138828 39,204.37 0.00 30,894.97 DR JE Interest on NSE MTF370107805 202620373037",150.71,0.0,31045.68,DR
BACKFILL_20260715_SOF.txt,NSE-CAPITAL,30/06/2026,Being EQ Upstream payout adjusted against JE 202620390502,150.71,0.0,31196.39,DR
BACKFILL_20260715_SOF.txt,NSE-CAPITAL,30/06/2026,Being EQ Upstream payout adjusted against JE 202620401666,94.4,0.0,31290.79,DR
BACKFILL_20260715_SOF.txt,NSE-CAPITAL,30/06/2026,Being EQ Upstream payout adjusted against JE 202620446555,177.0,0.0,31467.79,DR
BACKFILL_20260715_SOF.txt,NSE-CAPITAL,30/06/2026,Being EQ Upstream payout adjusted against JE 202620505896,0.0,94.4,31373.39,DR
BACKFILL_20260715_SOF.txt,NSE-CAPITAL,30/06/2026,Being EQ Upstream payout adjusted against JE 202620523759,0.0,150.71,31222.68,DR
BACKFILL_20260715_SOF.txt,NSE-CAPITAL,30/06/2026,Being EQ Upstream payout adjusted against JE 202620533843,0.0,177.0,31045.68,DR
BACKFILL_20260715_SOF.txt,NSE-CAPITAL,30/06/2026,DCM 3006 1298070 REPBNK Upstreamed Amount Collected 202625321076,0.0,146517.86,115472.18,CR
