sym,fund,entry,exit,conv,qty,entry_px,exit_px,cost,pnl,ret_pct,R,mfe_pct,mae_pct,hold,mtf_days,state,rd,fin,pnl_net,R_net
INDMFA,MTF,2026-04-27,2026-04-27,,20.0,1537.230725,1531.43244,30744.614499999996,-115.96569999999701,-0.37719028807466914,-0.05388432686781012,-0.9972949896639438,-0.9972949896639438,0,0,closed,0.0,0.0,-115.96569999999701,-0.05388432686781012
ASHMIN,CNC,2026-04-27,2026-04-27,,30.0,642.0963533333332,625.11651,19262.8906,-509.39529999999877,-2.644438524714454,-0.37777693210206453,-3.0986554011784517,-3.0986554011784517,0,0,closed,0.0,0.0,-509.39529999999877,-0.37777693210206453
NATMIN,CNC,2026-04-27,2026-04-27,,200.0,90.8836305,90.3264855,18176.7261,-111.42899999999827,-0.6130311882732165,-0.08757588403903123,-0.5101364211017034,-0.5101364211017034,0,0,closed,0.0,0.0,-111.42899999999827,-0.08757588403903123
NEYLIG,MTF,2026-04-27,2026-04-27,,40.0,314.0972075,314.63352249999997,12563.8883,21.4525999999978,0.17074809555572834,0.024392585079388428,-0.07870413811303933,-0.07870413811303933,0,0,closed,0.0,0.0,21.4525999999978,0.024392585079388428
SARENE,MTF,2026-04-27,2026-04-27,,20.0,611.49188,613.836035,12229.8376,46.88310000000001,0.38335014358652497,0.05476430622664781,0.1975692628984671,0.1975692628984671,0,0,closed,0.0,0.0,46.88310000000001,0.05476430622664781
JAYNE,CNC,2026-04-27,2026-04-27,,100.0,103.862492,104.59138300000001,10386.2492,72.88910000000044,0.7017846250020776,0.10025494642886705,0.18053485564355487,0.18053485564355487,0,0,closed,0.0,0.0,72.88910000000044,0.10025494642886705
JAYNE,CNC,2026-04-27,2026-04-28,,100.0,103.908693,109.54182,10390.8693,563.3127000000002,5.421227846644161,0.7744611209491671,5.679319823607054,0.13599150939180848,1,0,closed,0.0,0.0,563.3127000000002,0.7744611209491671
ADAPOR,MTF,2026-04-27,2026-04-29,,10.0,1652.2977749999998,1664.2202300000001,16522.97775,119.22455000000355,0.7215681810138763,0.10308116871626895,0.5327263119990766,-1.4402836679968112,2,2,closed,33045.9555,10.83327033315227,108.39127966685128,0.09371475746153503
DELLIM,CNC,2026-04-29,2026-04-29,,40.0,470.620415,465.32724500000006,18824.8166,-211.72679999999673,-1.124721714420296,-0.16067453063147105,-0.9180254112010733,-0.9180254112010733,0,0,closed,0.0,0.0,-211.72679999999673,-0.16067453063147105
CAREVE,MTF,2026-04-29,2026-04-30,,15.0,749.1050333333334,707.7781933333333,11236.5755,-619.9026000000009,-5.516828503488458,-0.7881183576412084,-1.1353592560295667,-5.607362314256692,1,1,closed,11236.5755,3.6836235529753605,-623.5862235529763,-0.7928015632685754
ADAPOR,MTF,2026-04-27,2026-04-30,,10.0,1652.2977749999998,1621.37351,16522.97775,-309.2426499999988,-1.871591517455129,-0.26737021677930456,0.5327263119990766,-1.4402836679968112,3,3,closed,49568.933249999995,16.249905499728406,-325.4925554997272,-0.28141983366140544
BHAFOR,MTF,2026-04-29,2026-04-30,,10.0,1947.7986250000001,1877.95336,19477.98625,-698.4526500000015,-3.5858565718003943,-0.5122652245429129,-2.053529789302533,-3.398638039391788,1,1,closed,19477.98625,6.38535903710434,-704.8380090371058,-0.5169484301702798
GUJMI,MTF,2026-04-28,2026-05-04,,20.0,720.447795,724.1479999999999,14408.9559,74.00409999999738,0.513597935295218,0.07337113361360145,2.7208362821069976,-0.8394494426900212,6,6,closed,86453.7354,28.341643409252192,45.66245659074519,0.045271899849399694
INDMFA,MTF,2026-04-27,2026-05-04,,20.0,1534.785545,1389.406375,30695.7109,-2907.5833999999986,-9.472279073360701,-1.353182724765814,7.760983636316432,-6.833889291027939,7,7,closed,214869.97629999998,70.43961975122558,-2978.023019751224,-1.3859651641573827
ZYDWEL,MTF,2026-04-29,2026-05-04,,20.0,500.75634,514.70218,10015.1268,278.9167999999995,2.7849552538865563,0.3978507505552208,1.7460907234843948,-0.06117546110350203,5,5,closed,50075.634,16.416014365993778,262.50078563400575,0.374434722418386
NATMIN,MTF,2026-04-28,2026-05-04,,200.0,91.604048,88.448341,18320.8096,-631.1414000000013,-3.4449427387750475,-0.4921346769678635,0.1374961071589409,-2.7444726023461374,6,6,closed,109924.8576,36.036049818988225,-667.1774498189895,-0.5202339107320653
ATHENE,MTF,2026-04-29,2026-05-05,,15.0,954.0668533333334,908.8004733333333,14311.0028,-678.9957000000004,-4.74457107925379,-0.6777958684648273,-1.642112738598589,-2.103296353208739,6,6,closed,85866.0168,28.148974915414218,-707.1446749154146,-0.7058951022290291
ZYDWEL,MTF,2026-05-04,2026-05-05,,40.0,514.54679,502.0835599999999,20581.8716,-498.5292000000027,-2.4221762223023635,-0.3460251746146231,-0.9808223660281667,-2.0885933425024317,1,1,closed,20581.8716,6.747239582920495,-505.27643958292316,-0.3507083802419901
DYNTEC,MTF,2026-05-05,2026-05-05,,1.0,11575.7369,12166.4442,11575.7369,590.7073,5.102977936549347,0.7289968480784764,5.582911097435184,5.582911097435184,0,0,closed,0.0,0.0,590.7073,0.7289968480784764
SCI,MTF,2026-04-28,2026-05-05,,75.0,298.47970933333335,319.9027733333333,22385.9782,1606.7297999999964,7.177393749092431,1.0253419641560628,7.327228613132486,1.547941291214161,7,7,closed,156701.8474,51.370688149373514,1555.3591118506229,0.992559524764494
ABB,MTF,2026-05-05,2026-05-05,,2.0,7295.0912,7337.2873,14590.1824,84.39220000000023,0.5784177173823402,0.08263110248319173,0.45110882232699545,0.45110882232699545,0,0,closed,0.0,0.0,84.39220000000023,0.08263110248319173
SYRTEC,MTF,2026-05-04,2026-05-06,,10.0,1005.2688,1046.9538,10052.688,416.84999999999945,4.146652119313754,0.5923788741876791,5.379775041262591,1.321159077054812,2,2,closed,20105.376,6.591032701647004,410.25896729835245,0.5830124629329452
LUPIN,CNC,2026-05-06,2026-05-06,,10.0,2376.75634,2441.93456,23767.5634,651.7822000000024,2.7423181292534293,0.39175973275048964,2.7829381955072563,2.7829381955072563,0,0,closed,0.0,0.0,651.7822000000024,0.39175973275048964
NATPHA,MTF,2026-05-04,2026-05-06,,10.0,1130.118952,1147.97559,11301.18952,178.56637999999975,1.580067121996187,0.22572387457088514,1.768048218697582,-1.3732140295971362,2,2,closed,22602.37904,7.409611209840633,171.15676879015913,0.21635746331615122
NATPHA,MTF,2026-05-04,2026-05-06,,15.0,1130.118952,1148.957108,16951.78428,282.5723400000004,1.666917979444693,0.23813113992067148,1.768048218697582,-1.3732140295971362,2,2,closed,33903.56856,11.114416814760947,271.45792318523945,0.22876472866593756
NATPHA,CNC,2026-05-06,2026-05-06,,10.0,1145.77132,1148.957108,11457.7132,31.857880000000023,0.2780474554032297,0.03972106505760431,0.37779615569359937,0.37779615569359937,0,0,closed,0.0,0.0,31.857880000000023,0.03972106505760431
SYRTEC,MTF,2026-05-06,2026-05-07,,10.0,1060.8476,1096.85117,10608.476,360.03569999999854,3.393849408718075,0.4848356298168673,3.068527468035942,-0.14117013603086592,1,1,closed,10608.476,3.477717215069114,356.55798278492944,0.4801524241895003
BAJCOR,MTF,2026-04-28,2026-05-07,,30.0,464.18302,507.85187,13925.4906,1310.0655000000006,9.407679324418194,1.3439541892026006,12.31561206181131,-2.9585356224361647,9,9,closed,125329.4154,41.0860396433124,1268.9794603566882,1.301805338556298
BANMAH,MTF,2026-04-29,2026-05-07,,200.0,80.902559,84.06598050000001,16180.5118,632.6843000000025,3.9101624708805627,0.5585946386972245,5.447838800747951,-3.1303818214204915,8,8,closed,129444.0944,42.434931792645,590.2493682073575,0.5211289936782888
NEYLIG,MTF,2026-04-27,2026-05-07,,30.0,315.583735,321.6288,9467.51205,181.35195000000067,1.9155185548456855,0.2736455078350972,4.156191699803546,-0.5493740037014194,10,10,closed,94675.12049999999,31.03681399680715,150.31513600319352,0.22681345156142763
DYNTEC,MTF,2026-05-05,2026-05-08,,1.0,12204.3261,12314.3995,12204.3261,110.07339999999931,0.9019211638404023,0.12884588054863044,2.6685119467595886,0.14481668102919176,3,3,closed,36612.9783,12.002627420645709,98.0707725793536,0.11479626366652956
ABB,MTF,2026-05-05,2026-05-08,,2.0,7351.7576,7086.29495,14703.5152,-530.925299999999,-3.610873269271009,-0.5158390384672862,-0.32315537715770226,-4.614646162980129,3,3,closed,44110.5456,14.460512876610283,-545.3858128766093,-0.529888655349387
NETTEC,MTF,2026-05-05,2026-05-08,,3.0,4153.2447,4366.7114,12459.734100000001,640.4000999999998,5.139757356459151,0.7342510509227362,6.475787472864281,0.5984549862906086,3,3,closed,37379.202300000004,12.253814339049365,628.1462856609505,0.7202014340406353
LUPIN,CNC,2026-05-08,2026-05-08,,8.0,2459.5692124999996,2390.1067125,19676.553699999997,-555.6999999999971,-2.824173422198406,-0.4034533460283437,-3.2554161148656724,-3.2554161148656724,0,0,closed,0.0,0.0,-555.6999999999971,-0.4034533460283437
DYNTEC,MTF,2026-05-08,2026-05-11,,1.0,12805.4256,12093.036,12805.4256,-712.3896000000004,-5.563185654680625,-0.7947408078115179,-2.1508508081137134,-11.584352182718549,3,3,closed,38416.2768,12.593792658457277,-724.9833926584577,-0.8087904246936188
JAYNE,CNC,2026-05-05,2026-05-11,,150.0,112.877628,111.81304866666667,16931.6442,-159.6868999999991,-0.9431269527858333,-0.13473242182654743,1.8182274347579463,-2.106376650650388,6,0,closed,0.0,0.0,-159.6868999999991,-0.13473242182654743
INOIND,MTF,2026-05-04,2026-05-11,,25.0,1484.39496,1449.892752,37109.874,-862.5552000000027,-2.3243280211622475,-0.3320468601660351,4.722802346351274,-1.7579526139054114,7,7,closed,259769.11800000002,85.15865366636264,-947.7138536663654,-0.3648292995576038
ONGC,CNC,2026-04-28,2026-05-11,,75.0,293.940632,279.32846133333334,22045.5474,-1095.9127999999992,-4.971129907166649,-0.710161415309521,2.537712445280449,-5.014833063296942,13,0,closed,0.0,0.0,-1095.9127999999992,-0.710161415309521
OILIND,CNC,2026-04-28,2026-05-11,,40.0,492.53958249999994,455.54928,19701.5833,-1479.612099999997,-7.510117727441723,-1.0728739610631028,0.946201618222231,-8.586027195083334,13,0,closed,0.0,0.0,-1479.612099999997,-1.0728739610631028
RISINS,MTF,2026-05-08,2026-05-11,,2.0,525.940885,518.5785999999999,1051.88177,-14.724570000000085,-1.3998312757145803,-0.19997589653065403,0.22989560889528082,-4.647078349879563,3,3,closed,3155.64531,1.034497511163631,-15.759067511163716,-0.21402551341275491
RISINS,MTF,2026-05-08,2026-05-11,,18.0,525.940885,498.06031666666667,9466.93593,-501.85022999999967,-5.3010840435676165,-0.7572977205096597,0.22989560889528082,-4.647078349879563,3,3,closed,28400.80779,9.310477600472678,-511.16070760047234,-0.7713473373917606
BLIGVS,MTF,2026-05-07,2026-05-11,,50.0,275.35330999999996,271.04900399999997,13767.6655,-215.21529999999984,-1.5631938472067008,-0.22331340674381459,-1.163345376164171,-2.071269816948995,4,4,closed,55070.662,18.05350639268567,-233.26880639268552,-0.24204622925328242
SMSPHA,CNC,2026-05-11,2026-05-11,,25.0,430.56444799999997,415.894012,10764.1112,-366.7608999999999,-3.4072566994662767,-0.48675095706661103,-2.604592193361943,-2.604592193361943,0,0,closed,0.0,0.0,-366.7608999999999,-0.48675095706661103
SARENE,MTF,2026-04-27,2026-05-11,,20.0,614.2344350000001,577.322165,12284.688700000002,-738.2454000000007,-6.009475844512046,-0.8584965492160063,-0.24981259801887257,-5.728176897148418,14,14,closed,171985.64180000004,56.3810887852855,-794.6264887852863,-0.9240614279991437
TOUFIN,CNC,2026-05-06,2026-05-11,,150.0,77.433282,80.71930266666666,11614.992300000002,492.90309999999874,4.243679954914814,0.6062399935592586,8.080140526653622,3.7280067762076596,5,0,closed,0.0,0.0,492.90309999999874,0.6062399935592586
NETTEC,MTF,2026-05-08,2026-05-12,,2.0,4445.2708,4008.5268285714287,8890.5416,-873.487942857143,-9.824912611141068,-1.403558944448724,-0.5189965029802068,-9.65679751163867,4,4,closed,35562.1664,11.658145646408817,-885.1460885035518,-1.4222917669581918
DEEDEV,MTF,2026-04-29,2026-05-12,,30.0,418.8415833333333,482.64333999999997,12565.2475,1914.0527000000002,15.232908862320471,2.1761298374743516,17.63397418156707,-0.43968493258885744,13,13,closed,163348.2175,53.549530399145354,1860.5031696008548,2.115248164318581
LAULAB,MTF,2026-05-04,2026-05-12,,30.0,1156.5225866666667,1269.1303599999999,34695.6776,3378.233199999995,9.736755220483118,1.3909650314975897,9.639017397371719,0.6551893945428988,8,8,closed,277565.4208,90.9927158457127,3287.2404841542825,1.353499386478654
CHEPET,MTF,2026-04-28,2026-05-12,,10.0,1078.11611,1036.97107,10781.1611,-411.4503999999988,-3.8163830053517978,-0.5451975721931138,5.693625151376325,-6.3458944139142766,14,14,closed,150936.2554,49.480586446408374,-460.9309864464072,-0.6107624509762513
SCI,MTF,2026-05-04,2026-05-12,,50.0,318.239468,335.775136,15911.973399999999,876.7833999999993,5.51021157438587,0.7871730820551229,7.042034145180254,-1.7563717143971647,8,8,closed,127295.78719999999,41.730664286860296,835.0527357131391,0.7497074370361873
SCI,MTF,2026-05-08,2026-05-12,,40.0,328.5828975,331.22898,13143.3159,105.84329999999909,0.8053013471280845,0.11504304958972567,3.6724682239433815,-0.9838909829444131,4,4,closed,52573.2636,17.234798275839662,88.60850172415942,0.09631022708025783
NEYLIG,MTF,2026-04-27,2026-05-12,,10.0,315.583735,311.91934249999997,3155.83735,-36.643925000000195,-1.1611474526721177,-0.16587820752458793,4.473064811150684,-2.3713943939474458,15,15,closed,47337.560249999995,15.518406998403576,-52.16233199840377,-0.23612629193509233
NEYLIG,MTF,2026-05-07,2026-05-12,,30.0,327.4490433333333,311.91934249999997,9823.4713,-465.8910249999997,-4.7426313038650525,-0.6775187576950081,0.6874219706836326,-5.909024236676885,5,5,closed,49117.356499999994,16.10186762535324,-481.9928926253529,-0.700934785831843
NEYLIG,MTF,2026-05-07,2026-05-12,,30.0,329.06008,311.8694266666667,9871.8024,-515.7195999999999,-5.224168587491174,-0.7463097982130249,0.1944690465035981,-6.369681791847858,5,5,closed,49359.012,16.181088193177136,-531.9006881931771,-0.7697258263498598
CHEPET,MTF,2026-04-29,2026-05-12,,10.0,1115.5912899999998,1023.6824899999999,11155.9129,-919.0879999999993,-8.238572748268759,-1.1769389640383945,2.14314240477802,-9.49194305738975,13,13,closed,145026.8677,47.543345005243054,-966.6313450052423,-1.237820637194165
RBLBAN,MTF,2026-04-29,2026-05-12,,30.0,342.433234,329.1372166666667,10272.99702,-398.88052000000016,-3.882805759832686,-0.554686537118955,0.9685876459058829,-5.017980818999601,13,13,closed,133548.96126,43.7806072831291,-442.66112728312925,-0.6155682102747255
SANMAN,MTF,2026-05-07,2026-05-12,,100.0,219.352739,228.483543,21935.2739,913.0803999999983,4.162612257146225,0.5946588938780331,9.918846283474036,-1.0908179268278917,5,5,closed,109676.3695,35.95458935821047,877.1258106417879,0.5712428657411982
DELLIM,MTF,2026-05-07,2026-05-12,,40.0,482.719775,466.129945,19308.791,-663.5932000000003,-3.4367413267873737,-0.49096304668390994,-0.20089812976897825,-3.7329680558456535,5,5,closed,96543.955,31.64946353409838,-695.2426635340986,-0.5143790748207447
JAYNE,CNC,2026-05-05,2026-05-12,,50.0,112.877628,103.58331,5643.8814,-464.7159000000002,-8.233977064082175,-1.1762824377260255,1.8182274347579463,-8.219191140338289,7,0,closed,0.0,0.0,-464.7159000000002,-1.1762824377260255
JAYNE,CNC,2026-05-07,2026-05-12,,100.0,116.072171,103.58331,11607.2171,-1248.8861,-10.759565270817584,-1.5370807529739405,-0.984017952072247,-10.745186285866925,5,0,closed,0.0,0.0,-1248.8861,-1.5370807529739405
JAYNE,MTF,2026-05-08,2026-05-12,,150.0,116.83476266666668,103.58331,17525.2144,-1987.717900000002,-11.34204612070253,-1.6202923029575045,-1.835723048272675,-11.327760988761437,4,4,closed,70100.8576,22.980771155689897,-2010.6986711556917,-1.6390251254669723
ATHENE,MTF,2026-05-11,2026-05-12,,5.0,975.20484,921.40074,4876.0242,-269.02049999999974,-5.517210107365744,-0.7881728724808208,-0.5901160211633005,-5.225039695250078,1,1,closed,4876.0242,1.5984796780832236,-270.61897967808295,-0.7928560781081877
ADAPOR,MTF,2026-04-28,2026-05-12,,20.0,1643.878505,1690.8253,32877.5701,938.9359000000013,2.8558555183492818,0.40797935976418215,7.507945059479937,-0.3819324226762122,14,14,closed,460285.98139999993,150.89297288034228,788.042927119659,0.3424144809810447
ATHENE,MTF,2026-05-11,2026-05-12,,5.0,975.20484,920.68126,4876.0242,-272.6179000000002,-5.590987427831062,-0.7987124896901519,-0.5901160211633005,-5.225039695250078,1,1,closed,4876.0242,1.5984796780832236,-274.2163796780834,-0.8033956953175188
ATHENE,MTF,2026-05-11,2026-05-12,,10.0,975.0128500000001,920.68126,9750.1285,-543.3159000000012,-5.572397327891643,-0.7960567611273769,-0.570541198508312,-5.206377536460172,1,1,closed,9750.1285,3.196329966112569,-546.5122299661138,-0.8007399667547439
AETIND,MTF,2026-05-11,2026-05-12,,20.0,1244.901375,1153.64586,24898.027499999997,-1825.1102999999966,-7.330340927609614,-1.0471915610870877,-3.5505925117963577,-7.1653366918323025,1,1,closed,24898.027499999997,8.16218077488361,-1833.2724807748803,-1.0518747667144546
TATGLO,MTF,2026-05-11,2026-05-12,,25.0,1243.398136,1255.456128,31084.953400000002,301.4498000000003,0.969761144953174,0.13853730642188186,2.2198733616245248,0.7722276334504619,1,1,closed,31084.953400000002,10.190406008252381,291.25939399174797,0.1338541007945149
BHAFOR,MTF,2026-04-29,2026-05-12,,8.0,1947.7986250000001,1920.4152625,15582.389000000001,-219.06690000000162,-1.405862092134924,-0.20083744173355997,2.315505023010278,-5.23661038111679,13,13,closed,202571.057,66.40773398588513,-285.4746339858867,-0.2617191148893304
BHAFOR,MTF,2026-04-29,2026-05-12,,2.0,1947.7986250000001,1920.41501,3895.5972500000003,-54.76723000000038,-1.4058750554873267,-0.20083929364104705,2.315505023010278,-5.23661038111679,13,13,closed,50642.76425,16.601933496471283,-71.36916349647166,-0.26172096679681756
BHAFOR,MTF,2026-05-08,2026-05-12,,8.0,2010.0398375,1920.41501,16080.3187,-716.9986200000003,-4.458858268772992,-0.6369797526818565,-1.0119121581837809,-4.827756927479299,4,4,closed,64321.2748,21.086082927194365,-738.0847029271947,-0.6557125751913243
VARTEX,MTF,2026-05-11,2026-05-12,,30.0,586.17788,611.2089233333334,17585.3364,750.931300000002,4.270212880317725,0.6100304114739612,4.703712122333936,3.321879017338558,1,1,closed,17585.3364,5.764902247133473,745.1663977528685,0.6053472058465942
CAREVE,MTF,2026-05-08,2026-05-12,,10.0,738.33435,723.949,7383.3435,-143.85350000000017,-1.9483517189739286,-0.278335959853419,1.817015556705437,-2.889524237901153,4,4,closed,29533.374,9.681760431835315,-153.53526043183547,-0.29706878236288686
LLOMET,MTF,2026-05-08,2026-05-12,,20.0,1744.5196899999999,1713.0021000000002,34890.3938,-630.351799999994,-1.8066628987145283,-0.25809469981636113,-0.04698657198874967,-2.334149063115465,4,4,closed,139561.5752,45.751688803858606,-676.1034888038527,-0.27682752232582897
NORARC,MTF,2026-05-11,2026-05-12,,100.0,314.484849,298.792109,31448.4849,-1569.2740000000015,-4.9899828401590245,-0.712854691451289,-1.1876085642523293,-5.830121564934288,1,1,closed,31448.4849,10.309580501909142,-1579.5835805019105,-0.717537897078656
BAASTY,MTF,2026-05-04,2026-05-12,,50.0,423.75160600000004,393.96448799999996,21187.5803,-1489.3559000000039,-7.029381736431716,-1.0041973909188162,-1.605092677808062,-7.693565177898121,8,8,closed,169500.6424,55.566445363099646,-1544.9223453631034,-1.041663035937752
GLEPHA,MTF,2026-04-28,2026-05-12,,4.0,2423.269175,2261.98065,9693.0767,-645.1540999999997,-6.655823738607158,-0.9508319626581659,-0.2215674203836615,-6.857231409300624,14,14,closed,135703.07379999998,44.48677792098077,-689.6408779209805,-1.0163968414413034
ADAPOR,MTF,2026-04-29,2026-05-12,,10.0,1672.49297,1694.93917,16724.9297,224.4620000000009,1.342080379566557,0.19172576850950904,5.668605590611242,-0.9084026224636443,13,13,closed,217424.08610000001,71.27691924840471,153.1850807515962,0.13084409535373856
RBLBAN,MTF,2026-04-29,2026-05-12,,70.0,342.433234,326.81732,23970.326380000002,-1093.1139800000024,-4.560279917223231,-0.6514685596033186,0.9685876459058829,-5.017980818999601,13,13,closed,311614.24294,102.15475032730122,-1195.2687303273035,-0.7123502327590892
RBLBAN,MTF,2026-05-08,2026-05-12,,30.0,347.89934,326.81732,10436.9802,-632.4606,-6.059804540014357,-0.8656863628591944,-1.2789159071126766,-6.5103141615617925,4,4,closed,41747.9208,13.685986833500113,-646.1465868335001,-0.8844191853686623
NATPHA,MTF,2026-05-07,2026-05-12,,20.0,1161.51275,1183.490405,23230.255,439.55309999999827,1.892157877733136,0.2703082682475924,3.8301129281619994,-0.5434938187290683,5,5,closed,116151.27500000001,38.07722132940931,401.47587867058894,0.2468922401107576
BLIGVS,CNC,2026-05-11,2026-05-12,,50.0,276.841574,272.99033,13842.078699999998,-192.56220000000042,-1.3911364338652477,-0.1987337762664633,-1.0986695228080046,-1.694678271118344,1,0,closed,0.0,0.0,-192.56220000000042,-0.1987337762664633
ARVFAS,CNC,2026-05-13,2026-05-13,,40.0,431.66468249999997,428.992145,17266.5873,-106.90149999999903,-0.6191235021873687,-0.08844621459819521,-0.48989008962991853,-0.48989008962991853,0,0,closed,0.0,0.0,-106.90149999999903,-0.08844621459819521
TOUFIN,CNC,2026-05-06,2026-05-13,,150.0,77.433282,75.05368266666667,11614.992300000002,-356.93989999999974,-3.0730963119105947,-0.4390137588443708,8.080140526653622,-3.852712842521644,7,0,closed,0.0,0.0,-356.93989999999974,-0.4390137588443708
TOUFIN,CNC,2026-05-06,2026-05-13,,150.0,81.64898333333333,75.05368266666667,12247.3475,-989.2950999999989,-8.077627420957878,-1.1539467744225536,2.4997453530243963,-8.816990781065037,7,0,closed,0.0,0.0,-989.2950999999989,-1.1539467744225536
DATPAT,MTF,2026-05-05,2026-05-14,,4.0,4238.339075,4133.183725,16953.3563,-420.6214,-2.4810509055366192,-0.35443584364808883,0.2774890067048341,-5.375668887463892,9,9,closed,152580.20669999998,50.01951378495777,-470.6409137849578,-0.39658469429439147
CAREVE,MTF,2026-05-13,2026-05-14,,25.0,755.117488,742.684448,18877.9372,-310.82600000000014,-1.6465040470629355,-0.23521486386613416,0.5936178238796108,-0.7836512985115673,1,1,closed,18877.9372,6.188648320968405,-317.01464832096855,-0.23989806949350112
ARVLIM,MTF,2026-05-13,2026-05-14,,40.0,447.7999175,434.3247275,17911.9967,-539.0075999999999,-3.009198857210593,-0.4298855510300853,-1.205877287817947,-1.965144957848275,1,1,closed,17911.9967,5.871989461997289,-544.8795894619972,-0.43456875665745226
UJJSMA,MTF,2026-05-04,2026-05-14,,200.0,60.6719195,55.403941,12134.3839,-1053.5956999999996,-8.682729248412846,-1.2403898926304069,3.3427004068991018,-6.909159186895353,10,10,closed,121343.839,39.77947047557774,-1093.3751704755773,-1.2872219489040766
NEYLIG,CNC,2026-05-13,2026-05-14,,25.0,326.6583344,385.33978,8166.45836,1467.0361400000004,17.964166047618235,2.5663094353740323,13.543712479053148,-0.29337515657155144,1,0,closed,0.0,0.0,1467.0361400000004,2.5663094353740323
RAIIND,MTF,2026-05-13,2026-05-18,,100.0,162.44634,153.185335,16244.634,-926.1004999999983,-5.700962545539645,-0.8144232207913775,-1.3027932793068686,-6.030508289691216,5,5,closed,81223.17,26.62693647716083,-952.7274364771591,-0.8378392489282124
ATHENE,CNC,2026-05-15,2026-05-18,,25.0,954.9190080000001,921.529532,23872.9752,-834.7369000000015,-3.4965767484230525,-0.49951096406043577,-1.8346066894921464,-4.6673076592481095,3,0,closed,0.0,0.0,-834.7369000000015,-0.49951096406043577
DELLIM,CNC,2026-05-14,2026-05-18,,40.0,471.046702,451.20766999999995,18841.86808,-793.5612800000013,-4.211691094697445,-0.6016701563853499,0.9984780659816561,-3.247385436529382,4,0,closed,0.0,0.0,-793.5612800000013,-0.6016701563853499
AZAENG,CNC,2026-05-14,2026-05-18,,10.0,2187.0941900000003,2029.11156,21870.9419,-1579.826300000002,-7.2234031219295725,-1.0319147317042239,-0.21005908300639753,-12.193996546623364,4,0,closed,0.0,0.0,-1579.826300000002,-1.0319147317042239
TDPSYS,MTF,2026-05-13,2026-05-18,,30.0,1181.4740433333332,1267.7534433333335,35444.2213,2588.3820000000105,7.302691115970461,1.0432415879957804,12.401961557552976,-0.4717872021637315,5,5,closed,177221.1065,58.097401827429955,2530.2845981725804,1.0198255598589456
UJJSMA,MTF,2026-05-14,2026-05-18,,200.0,56.710595999999995,54.398422499999995,11342.1192,-462.4347,-4.077145477363697,-0.5824493539091001,-0.40661889711051113,-4.515198535384812,4,4,closed,45368.4768,14.872893409837918,-477.3075934098379,-0.601182176418568
RAIIND,MTF,2026-05-15,2026-05-18,,100.0,162.606744,150.677415,16260.6744,-1192.9328999999996,-7.336306420353633,-1.0480437743362332,-3.454188837333816,-6.1232048284540985,3,3,closed,48782.023199999996,15.991937189520993,-1208.9248371895205,-1.0620933912183341
TATSTE,MTF,2026-05-13,2026-05-18,,100.0,218.33590700000002,208.49177899999998,21833.5907,-984.412800000004,-4.508707768347076,-0.6441011097638675,1.2797221668170211,-3.9507505286338507,5,5,closed,109167.9535,35.78791819115342,-1020.2007181911574,-0.6675171379007022
NATMIN,CNC,2026-05-14,2026-05-18,,150.0,93.33755280000001,88.78424733333333,14000.632920000002,-682.9958200000028,-4.878321029503874,-0.6969030042148395,-0.13665753619375165,-3.4257945532936818,4,0,closed,0.0,0.0,-682.9958200000028,-0.6969030042148395
MANALU,CNC,2026-04-27,2026-05-18,,110.0,164.87121636363636,135.24743181818184,18135.8338,-3258.616299999998,-17.967832832698317,-2.566833261814044,-0.46170361353884415,-16.777468483417614,21,0,closed,0.0,0.0,-3258.616299999998,-2.566833261814044
NEYLIG,CNC,2026-05-13,2026-05-18,,20.0,326.6583344,339.36622,6533.166688,254.15771199999995,3.890268290059584,0.5557526128656548,13.543712479053148,-0.29337515657155144,5,0,closed,0.0,0.0,254.15771199999995,0.5557526128656548
RISINS,MTF,2026-05-08,2026-05-18,,20.0,525.940885,461.93757999999997,10518.8177,-1280.0661000000002,-12.169296364932725,-1.738470909276104,0.22989560889528082,-11.425406678547144,10,10,closed,105188.177,34.48325037212103,-1314.5493503721214,-1.7853029655497736
RISINS,CNC,2026-05-11,2026-05-18,,20.0,541.9216799999999,461.93757999999997,10838.433599999998,-1599.681999999999,-14.759346774980465,-2.108478110711495,-7.458952371124905,-14.037393742948224,7,0,closed,0.0,0.0,-1599.681999999999,-2.108478110711495
FSNECO,MTF,2026-04-27,2026-05-18,,75.0,270.7841666666667,267.3009773333333,20308.812500000004,-261.2392000000028,-1.286334196054062,-0.1837620280077238,0.8183023995125271,-3.742525566179722,21,21,closed,426485.06250000006,139.8122071281565,-401.0514071281593,-0.28210934618242994
ASHMIN,CNC,2026-04-28,2026-05-18,,30.0,652.0969666666666,624.5490599999999,19562.909,-826.4372000000003,-4.224510782113233,-0.6035015403018906,4.877040526028109,-3.1892445034631622,20,0,closed,0.0,0.0,-826.4372000000003,-0.6035015403018906
ASHMIN,CNC,2026-05-06,2026-05-18,,15.0,663.23298,624.5490599999999,9948.4947,-580.2588000000009,-5.832629131319744,-0.8332327330456777,3.1161025798204456,-3.668843488452578,12,0,closed,0.0,0.0,-580.2588000000009,-0.8332327330456777
CAREVE,MTF,2026-05-14,2026-05-18,,25.0,757.7764,756.6432000000001,18944.41,-28.329999999996858,-0.1495427938901117,-0.021363256270015316,2.200332446352249,0.24065146394107728,4,4,closed,75777.64,24.84175890536114,-53.171758905358,-0.04009607877948316
TATSTE,CNC,2026-05-13,2026-05-18,,50.0,220.53857800000003,205.464474,11026.9289,-753.7052000000017,-6.835132490969464,-0.9764474987099232,0.2681716756149477,-4.910060678816941,5,0,closed,0.0,0.0,-753.7052000000017,-0.9764474987099232
KRNHEA,MTF,2026-05-14,2026-05-18,,10.0,1181.87539,1107.13284,11818.7539,-747.4254999999994,-6.324063486929865,-0.9034376409899807,0.14592147485192886,-7.4014054899645405,4,4,closed,47275.0156,15.497903336424658,-762.923403336424,-0.9221704634994485
ARVLIM,MTF,2026-05-14,2026-05-20,,40.0,438.18362750000006,487.589765,17527.345100000002,1976.2454999999977,11.275213038396782,1.6107447197709672,11.24331659333846,0.18630830746864113,6,6,closed,105164.0706,34.475347706151545,1941.7701522938462,1.5826454860067654
AZAENG,CNC,2026-05-20,2026-05-21,,10.0,1897.7130399999999,2053.0438999999997,18977.1304,1553.308599999998,8.185160597305053,1.169308656757864,6.654692112986704,5.790494014837999,1,0,closed,0.0,0.0,1553.308599999998,1.169308656757864
TATGLO,CNC,2026-05-15,2026-05-21,,20.0,1247.406465,1192.6736150000002,24948.1293,-1094.6569999999974,-4.38773178877182,-0.6268188269674033,-1.0747471154079702,-4.209250671151521,6,0,closed,0.0,0.0,-1094.6569999999974,-0.6268188269674033
TATGLO,MTF,2026-05-20,2026-05-21,,20.0,1214.84143,1192.573625,24296.8286,-445.35609999999906,-1.8329803750601337,-0.2618543392943055,-0.5055334670303391,-1.6414841894221377,1,1,closed,24296.8286,7.965093109868335,-453.3211931098674,-0.2665375449216725
BAJCOR,MTF,2026-05-14,2026-05-21,,25.0,518.7420079999999,547.8414280000001,12968.550199999998,727.4855000000031,5.609613170175365,0.8013733100250516,5.996813737899576,-0.05629156603794705,7,7,closed,90779.85139999999,29.759849764961146,697.7256502350419,0.768590870633483
BAJCOR,MTF,2026-05-20,2026-05-21,,35.0,531.8688257142857,547.3743342857142,18615.4089,542.6927999999992,2.915288097700608,0.4164697282429437,3.3807535648599396,2.779101457180455,1,1,closed,18615.4089,6.10258514013519,536.5902148598641,0.41178652261557674
MEESHO,CNC,2026-05-21,2026-05-21,,100.0,197.929674,193.45786499999997,19792.9674,-447.1809000000036,-2.259291853327683,-0.3227559790468114,-2.748286242314524,-2.748286242314524,0,0,closed,0.0,0.0,-447.1809000000036,-0.3227559790468114
AVATE,MTF,2026-05-19,2026-05-21,,18.0,1336.986738888889,1482.37125,24065.761300000002,2616.921199999996,10.87404286686744,1.5534346952667775,9.52988218993096,1.4744544981421415,2,2,closed,48131.522600000004,15.778687224584203,2601.142512775412,1.5440682840120434
ONTECH,CNC,2026-05-19,2026-05-21,,75.0,223.86988300000002,244.6288973333333,16790.241225,1556.9260749999962,9.272803494221371,1.3246862134601949,10.515088802722051,1.3445832729541252,2,0,closed,0.0,0.0,1556.9260749999962,1.3246862134601949
GODPOW,MTF,2026-05-20,2026-05-22,,70.0,306.31040285714283,288.5612642857143,21441.728199999998,-1242.439699999998,-5.794494214323631,-0.8277848877605185,-0.150305981399379,-4.867742890239601,2,2,closed,42883.456399999995,14.058243103339798,-1256.4979431033378,-0.8371512990152524
NEYLIG,CNC,2026-05-13,2026-05-22,,30.0,326.6583344,341.7621433333333,9799.750032,453.11426799999936,4.623732916864265,0.6605332738377506,13.543712479053148,-0.29337515657155144,9,0,closed,0.0,0.0,453.11426799999936,0.6605332738377506
NEYLIG,CNC,2026-05-13,2026-05-22,,25.0,326.6583344,341.79354399999994,8166.45836,378.3802399999985,4.633345611034234,0.6619065158620338,13.543712479053148,-0.29337515657155144,9,0,closed,0.0,0.0,378.3802399999985,0.6619065158620338
SCI,CNC,2026-05-18,2026-05-22,,75.0,343.63953733333335,316.00996399999997,25772.9653,-2072.2180000000035,-8.04027777121945,-1.1486111101742078,0.3085973968234068,-7.955876540135643,4,0,closed,0.0,0.0,-2072.2180000000035,-1.1486111101742078
BAJCOR,MTF,2026-05-21,2026-05-22,,25.0,561.45098,567.83398,14036.2745,159.57500000000095,1.1368757429188303,0.16241082041697535,1.8343578276415196,-2.636201650231329,1,1,closed,14036.2745,4.6014331807967155,154.97356681920425,0.1577276147896084
BAJCOR,CNC,2026-05-22,2026-05-22,,25.0,556.023628,567.7675839999999,13900.5907,293.5988999999978,2.1121325441227246,0.30173322058896157,2.828363977366788,2.828363977366788,0,0,closed,0.0,0.0,293.5988999999978,0.30173322058896157
ONTECH,CNC,2026-05-19,2026-05-25,,25.0,223.86988300000002,250.41854800000002,5596.747075,663.716625,11.858971222136216,1.6941387460194581,12.797664704188904,1.3445832729541252,6,0,closed,0.0,0.0,663.716625,1.6941387460194581
ONTECH,CNC,2026-05-20,2026-05-25,,25.0,239.120364,250.41854800000002,5978.0091,282.4546000000005,4.724894112322464,0.674984873188922,5.6037201415434446,-3.086464020270552,5,0,closed,0.0,0.0,282.4546000000005,0.674984873188922
THERMA,MTF,2026-05-20,2026-05-25,,4.0,4440.7225,4418.9522,17762.89,-87.08120000000054,-0.4902422972838383,-0.07003461389769067,3.023775973391718,-0.5769894425963207,5,5,closed,88814.45,29.115543242205106,-116.19674324220564,-0.09345064203452547
MANIN,MTF,2026-05-20,2026-05-25,,30.0,591.1377,555.8123466666667,17734.131,-1059.7605999999985,-5.975824809233665,-0.8536892584619522,0.23891218577329898,-5.250502547883507,5,5,closed,88670.655,29.068403733482,-1088.8290037334805,-0.877105286598787
VARTEX,CNC,2026-05-15,2026-05-25,,7.0,612.9246425,607.7164142857143,4290.4724975,-36.45759749999968,-0.8497338584792957,-0.12139055121132769,1.0972568295783525,-2.802080599981749,10,0,closed,0.0,0.0,-36.45759749999968,-0.12139055121132769
VARTEX,CNC,2026-05-15,2026-05-25,,7.0,612.9246425,607.2149857142857,4290.4724975,-39.96759750000001,-0.9315430298944549,-0.13307757569920856,1.0972568295783525,-2.802080599981749,10,0,closed,0.0,0.0,-39.96759750000001,-0.13307757569920856
MEESHO,MTF,2026-05-22,2026-05-26,,100.0,198.799489,193.678449,19879.9489,-512.1039999999994,-2.5759824764941874,-0.367997496642027,0.10589111725534117,-2.811621412165699,4,4,closed,79519.7956,26.068528796869334,-538.1725287968687,-0.38673031915149486
SYRTEC,MTF,2026-05-22,2026-05-26,,20.0,1034.428725,1056.92693,20688.5745,449.96410000000196,2.174940085891386,0.3107057265559113,2.211005403006383,0.42741224147655466,4,4,closed,82754.298,27.128877585768166,422.8352224142338,0.29197290404644344
ONTECH,CNC,2026-05-20,2026-05-26,,25.0,239.120364,263.7575432,5978.0091,615.9294799999998,10.303254305852416,1.4718934722646322,10.513381453367131,-3.086464020270552,6,0,closed,0.0,0.0,615.9294799999998,1.4718934722646322
ONTECH,CNC,2026-05-22,2026-05-26,,50.0,247.42723,263.7575432,12371.3615,816.5156599999989,6.600046890554445,0.9428638415077768,6.803119446473205,-6.340138876388024,4,0,closed,0.0,0.0,816.5156599999989,0.9428638415077768
ONTECH,CNC,2026-05-25,2026-05-26,,50.0,252.687008,263.7575432,12634.3504,553.5267599999997,4.381125601835456,0.6258750859764929,4.579971123802307,-0.06609283212534178,1,0,closed,0.0,0.0,553.5267599999997,0.6258750859764929
RAIIND,MTF,2026-05-21,2026-05-26,,100.0,157.76669199999998,177.49866300000002,15776.669199999998,1973.1971000000044,12.507057573343827,1.786722510477691,13.445999108607797,-2.8565547916793443,5,5,closed,78883.34599999999,25.85988509249145,1947.337214907513,1.7633064823408562
LLOMET,MTF,2026-05-22,2026-05-26,,20.0,1725.9611,1844.45642,34519.222,2369.9064,6.865468752453352,0.9807812503504775,7.401030069565295,0.6569615039411891,4,4,closed,138076.888,45.26497212236423,2324.6414278776356,0.9620484278410096
RASPER,MTF,2026-05-21,2026-05-26,,20.0,545.882668,541.738295,10917.65336,-82.88745999999946,-0.7592058225962872,-0.1084579746566128,0.9282822659612444,-2.52484074105096,5,5,closed,54588.2668,17.89536547861783,-100.7828254786173,-0.1318740027934476
UNICAB,MTF,2026-05-20,2026-05-26,,25.0,1001.0116680000001,1204.1521559999999,25025.2917,5078.512199999995,20.293518496729423,2.8990740709613463,17.785839834985808,-0.19596854489414284,6,6,closed,150151.7502,49.22340650469467,5029.2887934953,2.8709748371971444
DIAPOW,CNC,2026-05-13,2026-05-26,,50.0,177.296209,198.70429800000002,8864.81045,1070.404450000001,12.0747584625456,1.72496549464937,16.556355697374215,-1.5545786430210762,13,0,closed,0.0,0.0,1070.404450000001,1.72496549464937
DATPAT,CNC,2026-05-15,2026-05-26,,3.0,3825.0843666666665,4094.1566666666663,11475.2531,807.2168999999994,7.034414779051801,1.0049163970073993,7.231621758303519,-4.982487924383994,11,0,closed,0.0,0.0,807.2168999999994,1.0049163970073993
DIAPOW,CNC,2026-05-13,2026-05-26,,50.0,177.296209,196.75626100000002,8864.81045,973.0026000000009,10.976011337050085,1.5680016195785837,16.556355697374215,-1.5545786430210762,13,0,closed,0.0,0.0,973.0026000000009,1.5680016195785837
DIAPOW,MTF,2026-05-20,2026-05-26,,50.0,196.98583200000002,196.75626100000002,9849.2916,-11.478549999999643,-0.11654188408839472,-0.01664884058405587,4.906021870649058,-1.7695851344273428,6,6,closed,59095.7496,19.373028295613217,-30.85157829561286,-0.04474807434825763
VARTEX,CNC,2026-05-15,2026-05-26,,26.0,612.9246425,596.4891225806451,15936.040705,-427.32351790322673,-2.681491129532265,-0.3830701613617527,1.0972568295783525,-2.802080599981749,11,0,closed,0.0,0.0,-427.32351790322673,-0.3830701613617527
VARTEX,MTF,2026-05-21,2026-05-26,,5.0,619.817212,596.4891225806451,3099.08606,-116.64044709677455,-3.7637046806236363,-0.5376720972319475,-0.026977630947111475,-3.41507328131444,5,5,closed,15495.4303,5.079780046560275,-121.72022714333482,-0.5610881253687823
TDPSYS,MTF,2026-05-18,2026-05-27,,10.0,1346.402145,1356.09096,13464.02145,96.88814999999977,0.7196078107852388,0.10280111582646247,1.5446985937474178,-8.556295414992821,9,9,closed,121176.19305,39.72451204362657,57.1636379563732,0.06065226518015982
TDPSYS,MTF,2026-05-18,2026-05-27,,10.0,1346.402145,1353.60304,13464.02145,72.00894999999946,0.5348249797982874,0.07640356854261235,1.5446985937474178,-8.556295414992821,9,9,closed,121176.19305,39.72451204362657,32.28443795637289,0.034254717896309704
NETTEC,MTF,2026-05-20,2026-05-27,,4.0,3779.875580000001,3970.531575,15119.502320000003,762.6239799999967,5.043975415719881,0.720567916531411,7.728413642652199,0.8816274317685169,7,7,closed,105836.51624000003,34.695791790525796,727.9281882094708,0.6877854771398422
CAREVE,MTF,2026-05-18,2026-05-27,,20.0,760.383585,751.59663,15207.6717,-175.7391000000007,-1.1555950408897897,-0.16508500584139918,0.08764194981929485,-2.608365750031294,9,9,closed,136869.0453,44.86901182129124,-220.6081118212919,-0.20723385648770182
ADAENT,MTF,2026-05-25,2026-05-27,,10.0,2803.6347,2954.48417,28036.347,1508.494700000001,5.3804966103465635,0.7686423729066522,6.044485752726625,1.6430564224361843,2,2,closed,56072.694,18.381996925769794,1490.1127030742314,0.7592759616519182
MANIN,CNC,2026-05-27,2026-05-27,,30.0,564.4915566666666,530.1578533333334,16934.7467,-1030.011099999997,-6.082235053447816,-0.8688907219211164,-6.358209656599101,-6.358209656599101,0,0,closed,0.0,0.0,-1030.011099999997,-0.8688907219211164
RASPER,MTF,2026-05-21,2026-05-27,,30.0,545.882668,523.67237,16376.480039999999,-666.308939999999,-4.068694483628477,-0.5812420690897827,0.9282822659612444,-3.6514564701291996,6,6,closed,98258.88024,32.211657861512094,-698.5205978615111,-0.6093413028539845
RASPER,MTF,2026-05-21,2026-05-27,,20.0,554.92556,523.67237,11098.5112,-625.0638000000004,-5.631960798489799,-0.8045658283556861,-0.7164132068452567,-5.221521964135145,6,6,closed,66591.0672,21.830176245038803,-646.8939762450392,-0.8326650621198879
ONGC,CNC,2026-05-13,2026-05-27,,100.0,298.649152,274.138193,29864.915200000003,-2451.095900000001,-8.207275606126618,-1.1724679437323744,0.753676340591114,-8.236806244137608,14,0,closed,0.0,0.0,-2451.095900000001,-1.1724679437323744
WOCKHA,CNC,2026-05-14,2026-05-29,,5.0,1540.8987499999998,1903.86758,7704.49375,1814.8441500000013,23.555657372036954,3.3650939102909936,31.832153150880306,0.32456707489705305,15,0,closed,0.0,0.0,1814.8441500000013,3.3650939102909936
WOCKHA,CNC,2026-05-14,2026-05-29,,10.0,1540.8987499999998,1885.0611400000003,15408.9875,3441.623900000004,22.33517224931232,3.190738892758903,31.832153150880306,0.32456707489705305,15,0,closed,0.0,0.0,3441.623900000004,3.190738892758903
INDMFA,MTF,2026-05-27,2026-05-29,,15.0,1502.8195466666666,1402.48146,22542.2932,-1505.0712999999996,-6.67665568292759,-0.9538079547039413,-2.0241649594017197,-3.7675545804718658,2,2,closed,45084.5864,14.779827211519436,-1519.851127211519,-0.9631743659586752
AZAENG,CNC,2026-05-20,2026-05-29,,5.0,1897.7130399999999,1996.2725999999998,9488.5652,492.7977999999996,5.193596604047146,0.7419423720067355,11.544788668364747,5.790494014837999,9,0,closed,0.0,0.0,492.7977999999996,0.7419423720067355
KNOMAR,MTF,2026-05-20,2026-05-29,,5.0,2038.2958133333334,1950.8580399999998,10191.479066666667,-437.18886666666776,-4.289748954070705,-0.6128212791529573,6.039564319437418,-5.887065682438797,9,9,closed,91723.3116,30.069139033209726,-467.2580056998775,-0.65497012979926
ADAPOW,MTF,2026-05-20,2026-05-29,,50.0,220.342771,246.28018,11017.13855,1296.8704500000001,11.771390947969884,1.6816272782814112,12.964904122041743,-0.4641727048081856,9,9,closed,99154.24695,32.50518091055013,1264.36526908945,1.6394784276351086
BLIGVS,CNC,2026-05-14,2026-05-29,,40.0,287.972712,431.68981,11518.90848,5748.683920000001,49.90649877964828,7.129499825664038,47.68760451163858,-3.5846146422373604,15,0,closed,0.0,0.0,5748.683920000001,7.129499825664038
WOCKHA,CNC,2026-05-14,2026-05-29,,5.0,1540.8987499999998,2071.3042625,7704.49375,2652.0275625,34.42182768335687,4.917403954765268,31.832153150880306,0.32456707489705305,15,0,closed,0.0,0.0,2652.0275625,4.917403954765268
WOCKHA,CNC,2026-05-19,2026-05-29,,3.0,1620.15626,2071.3042625,4860.46878,1353.4440074999995,27.845956198076838,3.977993742582405,25.382967689795557,-2.7624656401969427,10,0,closed,0.0,0.0,1353.4440074999995,3.977993742582405
ASHMIN,CNC,2026-05-18,2026-05-29,,15.0,644.093415,740.38052,9661.401225000001,1444.306575,14.949245366838593,2.135606480976942,14.812538488691107,-1.5127332112221725,11,0,closed,0.0,0.0,1444.306575,2.135606480976942
ADAPOR,CNC,2026-05-14,2026-05-29,,8.0,1771.79505,1804.4326875,14174.3604,261.10109999999986,1.842066185928215,0.2631523122754599,2.9746640278738745,-0.5076800502405776,15,0,closed,0.0,0.0,261.10109999999986,0.2631523122754599
NATPHA,CNC,2026-05-14,2026-05-29,,10.0,1208.12822,1094.6882799999998,12081.282200000001,-1134.399400000002,-9.389726861938563,-1.3413895517055086,-0.3085947284635071,-15.91124326191139,15,0,closed,0.0,0.0,-1134.399400000002,-1.3413895517055086
NATPHA,MTF,2026-05-21,2026-05-29,,12.0,1192.9969083333333,1074.28505,14315.962899999999,-1424.5423,-9.950726402064092,-1.4215323431520128,-0.5864984464300282,-14.84470807059719,8,8,closed,114527.70319999999,37.54497488809571,-1462.0872748880959,-1.4589979881709485
ANURAS,CNC,2026-05-20,2026-05-29,,20.0,1381.87672,1336.6048844444445,27637.5344,-905.4367111111105,-3.2761124708400535,-0.46801606726286515,-0.5555285713185754,-6.3664666121591384,9,0,closed,0.0,0.0,-905.4367111111105,-0.46801606726286515
GUJMI,MTF,2026-05-27,2026-05-29,,20.0,703.06224,663.9604519230769,14061.2448,-782.0357615384614,-5.561639617699143,-0.7945199453855926,-0.563568881184684,-4.702604992695947,2,2,closed,28122.4896,9.219238108520218,-791.2549996469817,-0.8038863566403265
VARTEX,MTF,2026-05-21,2026-05-29,,20.0,619.817212,572.13183,12396.34424,-953.7076400000001,-7.693458825728772,-1.0990655465326813,-0.026977630947111475,-6.883837875738119,8,8,closed,99170.75392,32.51059229798577,-986.2182322979859,-1.136531191551617
VARTEX,MTF,2026-05-21,2026-05-29,,20.0,625.8702949999999,572.13183,12517.405899999998,-1074.769299999998,-8.58619835919836,-1.2265997655997651,-0.993863273220208,-7.784407630338164,8,8,closed,100139.24719999998,32.82808802051317,-1107.5973880205113,-1.2640654106187008
ARVLIM,CNC,2026-05-18,2026-05-29,,30.0,459.8442166666667,470.86386,13795.326500000001,330.5892999999992,2.3963861964412247,0.3423408852058901,6.960136101164416,2.7739357963002975,11,0,closed,0.0,0.0,330.5892999999992,0.3423408852058901
ARVLIM,CNC,2026-05-19,2026-05-29,,20.0,484.67383499999994,470.86386,9693.4767,-276.19949999999903,-2.849333717385416,-0.40704767391220215,1.4806173722994753,-2.3363825695273843,10,0,closed,0.0,0.0,-276.19949999999903,-0.40704767391220215
WOCKHA,CNC,2026-05-19,2026-06-01,,7.0,1620.15626,2298.709,11341.09382,4749.869179999999,41.881931808231876,5.983133115461696,32.88224433364224,-2.7624656401969427,13,0,closed,0.0,0.0,4749.869179999999,5.983133115461696
WOCKHA,MTF,2026-05-26,2026-06-01,,3.0,1689.19348,2298.709,5067.58044,1828.5465599999998,36.08322712682978,5.154746732404253,27.451356253162906,0.6515843288715573,6,6,closed,30405.48264,9.96765891817195,1818.5789010818278,5.126647498640051
NETTEC,CONV,2026-05-20,2026-06-01,2026-05-29,2.0,3779.875580000001,4794.34775,7559.751160000002,2028.9443399999982,26.83877150263234,3.8341102146617625,23.567559332204226,0.8816274317685169,12,9,closed,68037.76044000001,22.304437579623727,2006.6399024203745,3.7919613640154597
THERMA,MTF,2026-05-20,2026-06-01,,1.0,4440.7225,4938.779833333333,4440.7225,498.0573333333332,11.215682433057527,1.6022403475796472,12.43215490272136,-0.5769894425963207,12,12,closed,53288.67,17.469325945323064,480.5880073880101,1.5460418800512437
THERMA,MTF,2026-05-21,2026-06-01,,2.0,4594.33035,4938.779833333333,9188.6607,688.8989666666657,7.497272879677297,1.0710389828110418,8.67307354160982,-3.4527414860361594,11,11,closed,101075.2677,33.13493837361834,655.7640282930474,1.0195237209100052
CAREVE,MTF,2026-05-29,2026-06-01,,20.0,754.315865,706.680555,15086.3173,-952.7062000000001,-6.315034882635007,-0.9021478403764297,-3.521848900791713,-4.953609851491059,3,3,closed,45258.9519,14.83698847587674,-967.5431884758768,-0.9161974572585305
MTATEC,MTF,2026-05-29,2026-06-01,,4.0,8058.1949,7461.07055,32232.7796,-2388.4974,-7.410150255859415,-1.0585928936942015,-2.217554951419709,-12.269433939851716,3,3,closed,96698.3388,31.700074309763778,-2420.197474309764,-1.0726425105763024
DIAPOW,MTF,2026-05-26,2026-06-01,,100.0,199.63512699999998,186.152487,19963.5127,-1348.2639999999974,-6.753641106457165,-0.9648058723510242,3.5138470395543298,-8.337774644238827,6,6,closed,119781.0762,39.26715870783375,-1387.531158707831,-0.992905106115226
AZAENG,CNC,2026-05-20,2026-06-01,,5.0,1897.7130399999999,1990.0843,9488.5652,461.8563000000006,4.8675040985121765,0.6953577283588831,11.544788668364747,4.3519203514563065,12,0,closed,0.0,0.0,461.8563000000006,0.6953577283588831
AZAENG,CNC,2026-05-21,2026-06-01,,10.0,2027.98428,1990.0843,20279.8428,-378.99979999999914,-1.8688497920703817,-0.26697854172433944,4.379507320441367,-2.351314084150591,11,0,closed,0.0,0.0,-378.99979999999914,-0.26697854172433944
AZAENG,MTF,2026-05-26,2026-06-01,,5.0,2110.13876,1990.0843,10550.6938,-600.2722999999992,-5.689410681219842,-0.8127729544599768,0.31567781826822294,-6.1530910886637535,6,6,closed,63304.16279999999,20.75264880224999,-621.0249488022491,-0.8408721882241785
SAIL,CNC,2026-05-13,2026-06-01,,50.0,200.603046,202.621764,10030.1523,100.93590000000034,1.006324699576111,0.14376067136801435,2.720274745977691,-4.089193142161962,19,0,closed,0.0,0.0,100.93590000000034,0.14376067136801435
NEYLIG,CNC,2026-05-13,2026-06-01,,25.0,326.6583344,335.125556,8166.45836,211.6805400000004,2.5920727280852818,0.3702961040121828,13.543712479053148,-0.29337515657155144,19,0,closed,0.0,0.0,211.6805400000004,0.3702961040121828
NEYLIG,CNC,2026-05-14,2026-06-01,,25.0,369.455708,335.125556,9236.3927,-858.2538,-9.292088674402077,-1.327441239200296,0.39092426202276265,-8.960670327497011,18,0,closed,0.0,0.0,-858.2538,-1.327441239200296
TDPSYS,MTF,2026-05-21,2026-06-01,,20.0,1285.18116,1254.6578200000001,25703.6232,-610.4667999999992,-2.3750223664965597,-0.33928890949950874,6.381889382816652,-4.23918134623138,11,11,closed,282739.8552,92.68902166674917,-703.1558216667484,-0.3908041714005453
TDPSYS,MTF,2026-05-21,2026-06-01,,10.0,1291.7978699999999,1254.6578200000001,12917.9787,-371.40049999999746,-2.8750666696795046,-0.4107238099542146,5.83699135531166,-4.729677252061104,11,11,closed,142097.7657,46.583113917375826,-417.9836139173733,-0.46223907185525115
RRKAB,MTF,2026-05-20,2026-06-01,,10.0,1972.8640749999997,2030.8385999999998,19728.64075,579.7452500000009,2.9385970242273407,0.41979957488961894,4.229177572712417,-1.4022291424207523,12,12,closed,236743.68899999998,77.61035635978895,502.1348936402119,0.3636011073612154
RISINS,CNC,2026-05-19,2026-06-01,,50.0,539.0790539999999,491.332796,26953.952699999998,-2387.3128999999976,-8.85700485776989,-1.2652864082528412,2.6009072131376376,-8.807438101648057,13,0,closed,0.0,0.0,-2387.3128999999976,-1.2652864082528412
RISINS,CNC,2026-05-25,2026-06-01,,25.0,554.5147400000001,491.332796,13862.868500000002,-1579.5486000000026,-11.394096394984931,-1.6277280564264192,-0.25513118010173086,-11.345909398188414,7,0,closed,0.0,0.0,-1579.5486000000026,-1.6277280564264192
TDPSYS,MTF,2026-05-27,2026-06-02,,10.0,1329.57611,1200.55887,13295.7611,-1290.172399999999,-9.703637048653036,-1.3862338640932914,0.14469950125683972,-7.436664156066996,6,6,closed,79774.56659999999,26.15204894553162,-1316.3244489455305,-1.414333097857493
TDPSYS,MTF,2026-05-29,2026-06-02,,10.0,1354.12084,1200.75787,13541.2084,-1533.6297000000013,-11.325648750816075,-1.6179498215451533,-2.623166186556891,-9.114462783099919,4,4,closed,54164.8336,17.75655374646405,-1551.3862537464654,-1.6366826440546212
ASTDM,MTF,2026-05-20,2026-06-02,,40.0,752.9565775,714.5160575,30118.2631,-1537.6207999999997,-5.10527713664869,-0.7293253052355274,1.5795628666249506,-4.250786626536895,13,13,closed,391537.4203,128.35551750515918,-1665.976317505159,-0.7902069783912978
KNOMAR,CONV,2026-05-20,2026-06-02,2026-06-01,10.0,2038.2958133333334,1811.11848,20382.958133333334,-2271.773333333333,-11.145454543313715,-1.5922077919019597,6.039564319437418,-14.91421467604317,13,12,closed,244595.4976,80.18437075522593,-2351.957704088559,-1.6484062594303632
KNOMAR,CONV,2026-05-26,2026-06-02,2026-06-01,5.0,2089.19808,1811.11848,10445.9904,-1390.3980000000001,-13.310351118071107,-1.9014787311530146,2.7954228255848257,-16.98728729446277,7,6,closed,62675.9424,20.546702830374524,-1410.9447028303746,-1.9295779649172164
ADAPOW,MTF,2026-05-20,2026-06-02,,50.0,220.342771,227.73337800000002,11017.13855,369.53035000000085,3.3541408989542054,0.4791629855648871,12.964904122041743,-0.4641727048081856,13,13,closed,143222.80114999998,46.95192798190574,322.5784220180951,0.41828131240911665
ADAPOW,MTF,2026-05-25,2026-06-02,,100.0,224.182792,227.82344266666666,22418.2792,364.06506666666587,1.6239652625374745,0.23199503750535466,11.029931324969855,3.620798870236208,8,8,closed,179346.2336,58.79407033098126,305.27099633568463,0.19452939248641898
ADAPOW,MTF,2026-05-25,2026-06-02,,50.0,230.82490399999998,227.82344266666666,11541.2452,-150.0730666666655,-1.3003195414881707,-0.18575993449831013,7.834984738041961,0.6390540944403611,8,8,closed,92329.9616,30.268013701778674,-180.34108036844418,-0.2232255795172458
INOIND,MTF,2026-05-21,2026-06-02,,20.0,1481.582375,1424.341265,29631.6475,-1144.8221999999987,-3.863511807772413,-0.5519302582532016,2.9237405716303844,-2.8066191729636314,12,12,closed,355579.77,116.56772258892947,-1261.3899225889281,-0.6081287257816052
INOIND,MTF,2026-05-26,2026-06-02,,10.0,1508.73173,1423.00081,15087.317299999999,-857.3091999999997,-5.682317027958305,-0.8117595754226155,1.0716464483715882,-4.104886824379306,7,7,closed,105611.2211,34.621934547803136,-891.9311345478028,-0.8445420148141842
BLIGVS,CNC,2026-05-14,2026-06-03,,10.0,287.972712,435.08795250000003,2879.72712,1471.1524050000003,51.0865211770482,7.298074453864028,52.67071555029838,-3.5846146422373604,20,0,closed,0.0,0.0,1471.1524050000003,7.298074453864028
BLIGVS,CNC,2026-05-18,2026-06-03,,30.0,285.4737825,435.08795250000003,8564.213475,4488.4251,52.40907542884432,7.487010775549189,54.007137240352336,-0.9366122789226772,16,0,closed,0.0,0.0,4488.4251,7.487010775549189
AYEFIN,MTF,2026-06-02,2026-06-03,,100.0,164.8629655,151.716782,16486.29655,-1314.6183500000006,-7.974006448403969,-1.1391437783434237,-0.5355754079287234,-3.999057932753247,1,1,closed,16486.29655,5.4046101744180355,-1320.0229601744186,-1.1438269839707906
BHEL,CONV,2026-05-20,2026-06-03,2026-05-26,40.0,410.023805,404.3486575,16400.9522,-227.0058999999992,-1.3841019547633282,-0.19772885068047555,3.00621448064462,-1.2740248093644158,14,6,closed,98405.7132,32.25979328763094,-259.26569328763014,-0.2258280844446773
SANMAN,MTF,2026-05-08,2026-06-03,,40.0,238.7398025,225.339345,9549.5921,-536.0182999999995,-5.612996810617698,-0.8018566872310995,0.9927952838949095,-7.686109441260847,26,26,closed,248289.3946,81.3953203004379,-617.4136203004374,-0.9236200335426404
SELEXP,MTF,2026-05-13,2026-06-03,,25.0,756.8203440000001,855.402836,18920.5086,2464.5622999999973,13.025877644747874,1.8608396635354088,15.192463695188385,-8.089151472386957,21,21,closed,397330.6806,130.2546895518025,2334.3076104481947,1.7624923453607027
SELEXP,MTF,2026-05-18,2026-06-03,,15.0,788.3342733333334,855.8021533333334,11825.0141,1012.0182000000005,8.558283241285958,1.2226118916122783,10.587605980106174,-11.76331874310408,16,16,closed,189200.2256,62.02444928603129,949.9937507139692,1.147680601574407
PARMED,CNC,2026-05-21,2026-06-03,,100.0,259.691816,279.827513,25969.181600000004,2013.5696999999993,7.753689473217751,1.1076699247453918,11.108622691444392,-1.5140315396000137,13,0,closed,0.0,0.0,2013.5696999999993,1.1076699247453918
DELLIM,CNC,2026-05-14,2026-06-03,,10.0,471.046702,438.980458,4710.46702,-320.66243999999983,-6.807444753110703,-0.9724921075872426,0.9984780659816561,-7.174809176352115,20,0,closed,0.0,0.0,-320.66243999999983,-0.9724921075872426
DELLIM,CNC,2026-05-15,2026-06-03,,40.0,483.0205325,438.980458,19320.8213,-1761.6029800000001,-9.117640252694637,-1.3025200360992344,-1.5052222443566632,-9.475897900882712,19,0,closed,0.0,0.0,-1761.6029800000001,-1.3025200360992344
ADAPOR,CNC,2026-05-14,2026-06-03,,2.0,1771.79505,1781.07544,3543.5901,18.56078000000025,0.5237846217032827,0.07482637452904148,2.9746640278738745,-0.5076800502405776,20,0,closed,0.0,0.0,18.56078000000025,0.07482637452904148
ADAPOR,CNC,2026-05-14,2026-06-03,,5.0,1776.70022,1781.07544,8883.5011,21.876100000000633,0.24625538685418835,0.03517934097916905,2.6903683278656887,-0.7823615848935983,20,0,closed,0.0,0.0,21.876100000000633,0.03517934097916905
ADAPOR,MTF,2026-05-21,2026-06-03,,3.0,1792.4267285714286,1781.07544,5377.280185714286,-34.05386571428562,-0.6332916370018427,-0.09047023385740581,1.7893769891578204,-0.4980247409356209,13,13,closed,69904.64241428571,22.916447031356057,-56.97031274564168,-0.1513519070131763
KARBAN,MTF,2026-05-29,2026-06-03,,100.0,278.710017,257.219831,27871.0017,-2149.0185999999994,-7.710589748914554,-1.1015128212735068,-3.358335341065255,-5.277893187455829,5,5,closed,139355.0085,45.68397120062794,-2194.7025712006275,-1.1249288494103415
NETTEC,CONV,2026-05-20,2026-06-03,2026-05-29,2.0,3779.875580000001,4681.05133,7559.751160000002,1802.3514999999989,23.841413055188433,3.405916150741203,26.53326541504837,0.8816274317685169,14,9,closed,68037.76044000001,22.304437579623727,1780.0470624203751,3.3637673000949
NETTEC,MTF,2026-05-20,2026-06-03,,2.0,3779.875580000001,4681.05133,7559.751160000002,1802.3514999999989,23.841413055188433,3.405916150741203,26.53326541504837,0.8816274317685169,14,14,closed,105836.51624000003,34.695791790525796,1767.655708209473,3.3403512719580655
NETTEC,MTF,2026-05-27,2026-06-03,,4.0,3958.995475,4681.05133,15835.9819,2888.2234200000003,18.23836019918663,2.605480028455234,20.808423000281408,2.8543736842740364,7,7,closed,110851.8733,36.33994817899105,2851.883471821009,2.5726975890636656
NETTEC,MTF,2026-05-27,2026-06-03,,2.0,3974.88575,4681.05133,7949.7715,1412.3311600000006,17.765682447602437,2.537954635371776,20.325470989952365,2.443196008841264,7,7,closed,55648.400499999996,18.242903166289924,1394.0882568337106,2.5051721959802076
THERMA,MTF,2026-05-21,2026-06-03,,2.0,4594.33035,4756.721425000001,9188.6607,324.7821500000009,3.5345972672600867,0.50494246675144,8.67307354160982,-3.4527414860361594,13,13,closed,119452.58910000001,39.15947262336713,285.62267737663376,0.44406079359566947
THERMA,MTF,2026-05-27,2026-06-03,,2.0,4644.676925,4756.721425000001,9289.35385,224.08900000000176,2.4123206373498407,0.34461723390711974,7.495097734919431,-1.1642774271108047,7,7,closed,65025.47695,21.316937570212236,202.77206242978951,0.311834794515551
BHEL,CONV,2026-05-20,2026-06-03,2026-05-26,20.0,410.023805,397.35488,8200.4761,-253.37850000000003,-3.089802310380496,-0.4414003300543559,3.00621448064462,-1.2740248093644158,14,6,closed,49202.8566,16.12989664381547,-269.5083966438155,-0.4694995638185577
BHEL,MTF,2026-05-26,2026-06-03,,20.0,419.342515,397.35488,8386.8503,-439.75270000000023,-5.243359357445554,-0.7490513367779357,0.7171905763001529,-3.4679324131968836,8,8,closed,67094.8024,21.995312931672796,-461.74801293167303,-0.7865169817968714
ADAPOW,MTF,2026-06-02,2026-06-03,,50.0,235.63234160000002,231.08846000000003,11781.61708,-227.1940799999996,-1.9283777299609839,-0.2754825328515691,0.12632323643639864,-1.3208465267825598,1,1,closed,11781.61708,3.8623014785977086,-231.0563814785973,-0.28016573847893605
AVATE,CONV,2026-05-20,2026-06-03,2026-05-26,6.0,1420.7566166666666,1508.1841,8524.5397,524.5649000000003,6.153586216508566,0.8790837452155089,7.02044123273895,2.1849895308716727,14,6,closed,51147.23819999999,16.76731236337628,507.79758763662403,0.8509845114513072
AVATE,MTF,2026-05-22,2026-06-03,,4.0,1487.38906,1508.1841,5949.55624,83.18015999999989,1.398090154031384,0.19972716486162642,2.226111572986822,-2.392720301438822,12,12,closed,71394.67488,23.404916021343542,59.77524397865635,0.1435286973332229
SAIL,CNC,2026-05-13,2026-06-03,,50.0,200.603046,201.204309,10030.1523,30.06314999999944,0.299727751890666,0.042818250270094435,2.720274745977691,-4.089193142161962,21,0,closed,0.0,0.0,30.06314999999944,0.042818250270094435
SAIL,CNC,2026-05-19,2026-06-03,,50.0,197.0859276923077,201.204309,9854.296384615385,205.91906538461444,2.089637426636548,0.2985196323766484,4.553380554751074,-0.28207376285922514,15,0,closed,0.0,0.0,205.91906538461444,0.2985196323766484
SOUBAN,MTF,2026-05-29,2026-06-03,,500.0,41.9943886,42.0778258,20997.1943,41.718599999999384,0.198686545468596,0.02838379220979972,3.8233951095075547,-2.225032036780261,5,5,closed,104985.9715,34.41696247663711,7.301637523362274,0.004967764072964922
THERMA,MTF,2026-05-27,2026-06-03,,2.0,4644.676925,4757.118933333333,9289.35385,224.88401666666687,2.4208790008216408,0.34583985726023475,7.495097734919431,-1.1642774271108047,7,7,closed,65025.47695,21.316937570212236,203.56707909645462,0.31305741786866603
THERMA,MTF,2026-05-27,2026-06-03,,1.0,4559.630966666667,4757.118933333333,4559.630966666667,197.48796666666658,4.331226981095804,0.6187467115851164,9.500089733139161,0.6792004344152724,7,7,closed,31917.416766666665,10.463307806886894,187.0246588597797,0.5859642721935476
UNICAB,CNC,2026-05-27,2026-06-03,,10.0,1191.7450333333334,1156.54027,11917.450333333334,-352.04763333333403,-2.9540516090815983,-0.422007372725943,3.9819731015730886,-8.227014217890172,7,0,closed,0.0,0.0,-352.04763333333403,-0.422007372725943
SAIL,CNC,2026-05-19,2026-06-03,,15.0,197.0859276923077,201.294206,2956.2889153846154,63.12417461538445,2.135250525984933,0.3050357894264198,4.553380554751074,-0.28207376285922514,15,0,closed,0.0,0.0,63.12417461538445,0.3050357894264198
SAIL,MTF,2026-05-22,2026-06-03,,35.0,200.563012,201.294206,7019.705419999999,25.59179000000057,0.36457071157269816,0.05208153022466976,2.7407785439520715,-1.118357755815913,12,12,closed,84236.46504,27.614768097337972,-2.0229780973374005,-0.0041169373037337545
BHACOK,MTF,2026-05-26,2026-06-03,,200.0,38.3961748,38.038992,7679.23496,-71.43655999999936,-0.93025620875129,-0.13289374410732663,7.666975200873405,-1.0318079914564793,8,8,closed,61433.87968,20.13952437198525,-91.5760843719846,-0.1703593891262623
RASPER,MTF,2026-05-29,2026-06-03,,30.0,552.3888116666666,532.55542,16571.66435,-595.0017499999967,-3.590476716359492,-0.5129252451942133,0.572275952475465,-1.8354484110704172,5,5,closed,82858.32175,27.162979108564755,-622.1647291085615,-0.5363412733310482
BIOCON,CNC,2026-05-19,2026-06-03,,50.0,435.424974,411.73132400000003,21771.2487,-1184.6824999999994,-5.441500009138201,-0.7773571441625994,0.1665099714744267,-5.276448383045674,15,0,closed,0.0,0.0,-1184.6824999999994,-0.7773571441625994
WOCKHA,MTF,2026-05-26,2026-06-03,,2.0,1689.19348,2090.41271,3378.38696,802.4384600000003,23.752118081819738,3.3931597259742485,27.451356253162906,0.6515843288715573,8,8,closed,27027.09568,8.860141260597288,793.578318739403,3.355694080955313
WOCKHA,CNC,2026-05-29,2026-06-03,,8.0,1922.288425,2090.41271,15378.3074,1344.9942800000008,8.746048866210089,1.2494355523157257,11.996720783458926,2.2843385221965384,5,0,closed,0.0,0.0,1344.9942800000008,1.2494355523157257
GLAPH,CNC,2026-05-19,2026-06-04,,10.0,2232.6976299999997,2212.66872,22326.976299999995,-200.28909999999541,-0.8970722112514373,-0.1281531730359203,4.537218503698615,-0.5911069113285872,16,0,closed,0.0,0.0,-200.28909999999541,-0.1281531730359203
BAJCOR,MTF,2026-05-29,2026-06-04,,25.0,567.4902025,557.838708,14187.2550625,-241.2873625000003,-1.700733238650054,-0.2429618912357223,0.7330166197891286,-2.5886266291971882,6,6,closed,85123.530375,27.90556975314797,-269.1929322531483,-0.2710611249999241
BLIGVS,CNC,2026-05-18,2026-06-05,,10.0,285.4737825,449.00818,2854.737825,1635.3439749999995,57.28525963675839,8.183608519536913,59.804517250196156,-0.9366122789226772,18,0,closed,0.0,0.0,1635.3439749999995,8.183608519536913
BLIGVS,CNC,2026-05-29,2026-06-05,,30.0,433.21498,449.00818,12996.449400000001,473.7959999999987,3.645580307495355,0.5207971867850512,5.305684489488338,-7.101550366517806,7,0,closed,0.0,0.0,473.7959999999987,0.5207971867850512
HIMCHE,MTF,2026-06-02,2026-06-05,,30.0,609.2746133333333,625.4348166666666,18278.2384,484.8061000000007,2.652367746773665,0.37890967811052506,12.436984080479018,-1.1857729134334916,3,3,closed,54834.71519999999,17.97615727597932,466.8299427240214,0.3648600612284242
AVATE,MTF,2026-05-22,2026-06-05,,10.0,1487.38906,1654.41045,14873.890599999999,1670.213900000001,11.22916622769836,1.6041666039569085,10.105690840565963,-2.392720301438822,14,14,closed,208234.46839999998,68.26433839558531,1601.9495616044157,1.5386017251737711
ASHMIN,CNC,2026-05-18,2026-06-05,,5.0,644.093415,702.1886999999999,3220.4670750000005,290.4764249999994,9.01969864107366,1.2885283772962357,14.983321169336893,-1.5127332112221725,18,0,closed,0.0,0.0,290.4764249999994,1.2885283772962357
ASHMIN,CNC,2026-05-22,2026-06-05,,5.0,677.861945,702.1886999999999,3389.309725,121.63377499999967,3.588747705847384,0.5126782436924829,9.255285012348647,-3.512801563156054,14,0,closed,0.0,0.0,121.63377499999967,0.5126782436924829
SAIL,MTF,2026-05-22,2026-06-05,,40.0,200.563012,189.00719733333335,8022.520479999999,-462.2325866666654,-5.761687836372653,-0.8230982623389511,2.7407785439520715,-4.987465984007056,14,14,closed,112315.28671999999,36.81969079645063,-499.052277463116,-0.8886631411220886
SAIL,MTF,2026-05-25,2026-06-05,,35.0,199.36060700000002,189.00719733333335,6977.621245,-362.36933833333325,-5.193307656144253,-0.7419010937348938,3.3604397081314907,-4.414416234196161,11,11,closed,76753.83369500001,25.16177901176883,-387.5311173451021,-0.7934163556359304
BHEL,MTF,2026-05-26,2026-06-05,,20.0,419.342515,385.3307616666667,8386.8503,-680.2350666666655,-8.110733378258406,-1.1586761968940582,0.7171905763001529,-7.724595966616931,10,10,closed,83868.503,27.494141164590992,-707.7292078312565,-1.2055082531677277
BHEL,MTF,2026-06-02,2026-06-05,,40.0,411.4767675,385.3307616666667,16459.0707,-1045.840233333331,-6.3541876233226935,-0.9077410890460983,-0.17662418814446967,-5.960668848697514,3,3,closed,49377.212100000004,16.187054629928838,-1062.0272879632598,-0.9217907059281991
SUNIRO,MTF,2026-06-04,2026-06-05,,50.0,404.863408,371.85578999999996,20243.1704,-1650.380900000002,-8.152778776194081,-1.1646826823134395,0.4906820326918915,-8.0924596672861,1,1,closed,20243.1704,6.6362050673119795,-1657.0171050673139,-1.1693658879408064
LLOMET,CNC,2026-05-27,2026-06-05,,7.0,1870.15717,1772.236657142857,13091.10019,-685.4435900000008,-5.235950989998505,-0.7479929985712146,-0.6072842530128075,-5.061455342814847,9,0,closed,0.0,0.0,-685.4435900000008,-0.7479929985712146
DATPAT,MTF,2026-05-21,2026-06-05,,3.0,3949.4316,4201.1401,11848.2948,755.1254999999992,6.373284196135964,0.9104691708765662,6.663450001260962,-2.7733509804296896,15,15,closed,177724.422,58.262400926165824,696.8630990738334,0.8402210864660618
MISDHA,MTF,2026-06-04,2026-06-08,,50.0,447.048342,417.071354,22352.4171,-1498.8494000000003,-6.705536109560162,-0.9579337299371659,-0.8496490520481514,-5.860292845018533,4,4,closed,89409.6684,29.31067035343257,-1528.160070353433,-0.9766665524466337
RAYREA,MTF,2026-06-05,2026-06-08,,30.0,632.72135,586.1777166666667,18981.6405,-1396.309,-7.356102861604608,-1.0508718373720871,-4.839626480124304,-9.415100343934979,3,3,closed,56944.921500000004,18.667934377313887,-1414.976934377314,-1.064921454254188
NETTEC,MTF,2026-05-27,2026-06-08,,2.0,3974.88575,4334.0558,7949.7715,718.3401000000003,9.035984241811224,1.2908548916873186,24.134385497746692,2.443196008841264,12,12,closed,95397.258,31.273548285068443,687.0665517149318,1.234656424158915
NETTEC,MTF,2026-05-29,2026-06-08,,1.0,4584.6601,4334.0558,4584.6601,-250.60429999999997,-5.466147861212223,-0.7808782658874597,7.624118088928777,-6.983289775396873,10,10,closed,45846.601,15.029634185919342,-265.6339341859193,-0.8277103221611293
NETTEC,MTF,2026-05-29,2026-06-08,,1.0,4584.6601,4336.3174,4584.6601,-248.34270000000015,-5.416818141000245,-0.7738311630000355,7.624118088928777,-6.983289775396873,10,10,closed,45846.601,15.029634185919342,-263.3723341859195,-0.8206632192737051
NETTEC,CNC,2026-05-29,2026-06-08,,2.0,4651.102150000001,4336.3174,9302.204300000001,-629.5695000000014,-6.767960363975245,-0.9668514805678927,6.086683131652992,-8.312054595489816,10,0,closed,0.0,0.0,-629.5695000000014,-0.9668514805678927
NETTEC,MTF,2026-06-04,2026-06-08,,1.0,4800.845233333333,4336.3174,4800.845233333333,-464.52783333333355,-9.67595935207437,-1.3822799074391963,2.7777351733972777,-11.171891766253362,4,4,closed,19203.380933333334,6.2953367156020645,-470.8231700489356,-1.401012729948664
NETTEC,MTF,2026-06-04,2026-06-08,,2.0,4800.845233333333,4331.5691,9601.690466666667,-938.5522666666675,-9.77486485244401,-1.3964092646348587,2.7777351733972777,-11.171891766253362,4,4,closed,38406.76186666667,12.590673431204129,-951.1429400978716,-1.4151420871443265
NETTEC,CNC,2026-06-08,2026-06-08,,4.0,4522.67835,4331.5691,18090.7134,-764.4370000000017,-4.225576864204827,-0.6036538377435461,-5.708527779783412,-5.708527779783412,0,0,closed,0.0,0.0,-764.4370000000017,-0.6036538377435461
THERMA,MTF,2026-05-27,2026-06-08,,2.0,4559.630966666667,4746.43922,9119.261933333333,373.6165066666672,4.0970037860300845,0.5852862551471553,9.500089733139161,0.6792004344152724,12,12,closed,109431.14319999999,35.874198195040776,337.7423084716264,0.5290877876187517
THERMA,MTF,2026-05-29,2026-06-08,,3.0,4824.695966666667,4746.43922,14474.087900000002,-234.77024000000074,-1.6220036911617774,-0.23171481302311156,3.48424096553952,-2.6591513237943176,10,10,closed,144740.87900000002,47.44959093299883,-282.21983093299957,-0.2785468692967812
ASHMIN,CNC,2026-05-22,2026-06-08,,15.0,677.861945,676.013132,10167.929175,-27.73219499999925,-0.27274181913250484,-0.03896311701892864,9.255285012348647,-3.512801563156054,17,0,closed,0.0,0.0,-27.73219499999925,-0.03896311701892864
ASHMIN,CNC,2026-05-29,2026-06-08,,15.0,706.6063933333334,676.013132,10599.0959,-458.89891999999975,-4.329604376916707,-0.6185149109881016,4.810826364916654,-5.081526812112336,10,0,closed,0.0,0.0,-458.89891999999975,-0.6185149109881016
ASHMIN,CNC,2026-06-04,2026-06-08,,20.0,752.96333,676.013132,15059.2666,-1539.00396,-10.219647482700122,-1.4599496403857313,-1.6419564549046473,-10.925277064953477,4,0,closed,0.0,0.0,-1539.00396,-1.4599496403857313
NATMIN,CNC,2026-05-14,2026-06-09,,100.0,93.33755280000001,89.662652,9333.755280000001,-367.49008000000174,-3.937215718387699,-0.5624593883410997,2.8953482482990456,-5.879255064420352,26,0,closed,0.0,0.0,-367.49008000000174,-0.5624593883410997
BAJCOR,MTF,2026-05-29,2026-06-09,,15.0,567.4902025,579.567845,8512.353037500001,181.16463750000037,2.128255685612479,0.3040365265160685,2.592079552245674,-2.7207875011727722,11,11,closed,93635.88341250001,30.696126728462765,150.4685107715376,0.25252126461503194
BAJCOR,MTF,2026-06-01,2026-06-09,,25.0,573.7529480000001,579.567845,14343.8237,145.37242499999934,1.0134844657913478,0.14478349511305125,1.4722455073119756,-3.7826294532607996,8,8,closed,114750.5896,37.61804248708776,107.75438251291158,0.10731785009411557
LLOMET,CNC,2026-05-27,2026-06-09,,3.0,1870.15717,1712.6026000000002,5610.471509999999,-472.66370999999936,-8.424669997121137,-1.20352428530302,-0.6072842530128075,-8.499669041185442,13,0,closed,0.0,0.0,-472.66370999999936,-1.20352428530302
LLOMET,MTF,2026-06-03,2026-06-09,,7.0,1802.92204,1712.6026000000002,12620.45428,-632.2360799999983,-5.009614281491603,-0.715659183070229,-0.5614241645190643,-5.087410213255805,6,6,closed,75722.72568,24.823756651689845,-657.0598366516881,-0.7437584168344308
LLOMET,MTF,2026-06-03,2026-06-09,,3.0,1802.92204,1712.6026000000002,5408.76612,-270.9583199999993,-5.009614281491603,-0.715659183070229,-0.5614241645190643,-5.087410213255805,6,6,closed,32452.59672,10.63875285072422,-281.5970728507235,-0.7437584168344308
LLOMET,CNC,2026-06-05,2026-06-09,,7.0,1827.2736428571427,1712.6026000000002,12790.9155,-802.6972999999978,-6.275526564146228,-0.8965037948780331,-2.6637303639446275,-6.352285729664919,4,0,closed,0.0,0.0,-802.6972999999978,-0.8965037948780331
ARVLIM,MTF,2026-05-21,2026-06-09,,40.0,492.43958,499.7636525,19697.5832,292.9629,1.4873037825269941,0.21247196893242645,1.74852313861531,-3.876532426577073,19,19,closed,374254.0808,122.68961720873263,170.27328279126738,0.12349106201245422
CADHEA,CNC,2026-05-19,2026-06-09,,15.0,1009.5187360000001,1103.6916666666666,15142.781040000002,1412.5939599999974,9.32849756110583,1.3326425087294056,9.517531529994283,0.9292808211931902,21,0,closed,0.0,0.0,1412.5939599999974,1.3326425087294056
ADAPOW,MTF,2026-06-02,2026-06-10,,200.0,235.63234160000002,222.58448049999998,47126.46832,-2609.572220000007,-5.537381248856555,-0.7910544641223655,0.12632323643639864,-6.388062647848336,8,8,closed,377011.74656,123.59364731512667,-2733.1658673151337,-0.8285201091413011
WOCKHA,CNC,2026-06-03,2026-06-10,,5.0,1999.50038,1855.5350600000002,9997.5019,-719.826599999999,-7.2000646481497395,-1.028580664021392,3.7209105206571724,-8.327099192649312,7,0,closed,0.0,0.0,-719.826599999999,-1.028580664021392
SAILIF,CNC,2026-05-15,2026-06-10,,10.0,1010.93958,1216.32837,10109.3958,2053.8878999999997,20.316623670031795,2.9023748100045412,21.63931696096022,7.909515225430197,26,0,closed,0.0,0.0,2053.8878999999997,2.9023748100045412
DRECOR,CNC,2026-05-25,2026-06-10,,10.0,1096.7287000000001,1087.3704599999999,10967.287,-93.58240000000251,-0.853286687947552,-0.12189809827822178,12.379661442250933,-2.1681478746749416,16,0,closed,0.0,0.0,-93.58240000000251,-0.12189809827822178
DRECOR,MTF,2026-05-27,2026-06-10,,10.0,1185.5315,1087.26046,11855.315,-982.7104000000008,-8.289196870770631,-1.184170981538661,3.961809534373395,-8.62326306808382,14,14,closed,165974.41,54.410460363763775,-1037.1208603637647,-1.2497358603217983
DRECOR,MTF,2026-06-02,2026-06-10,,10.0,1210.4313,1087.00048,12104.313,-1234.3082000000004,-10.197259439672457,-1.4567513485246366,1.823209627840927,-10.502975261793047,8,8,closed,96834.504,31.74471258392619,-1266.0529125839266,-1.4942169935435723
AYEFIN,MTF,2026-06-02,2026-06-10,,100.0,164.8629655,143.572041,16486.29655,-2129.0924499999987,-12.914316102120571,-1.8449023003029392,-0.5355754079287234,-15.147710963624528,8,8,closed,131890.3724,43.236881395344284,-2172.329331395343,-1.882367945321875
BAJCOR,MTF,2026-06-04,2026-06-10,,30.0,564.6085466666666,562.69938,16938.2564,-57.27499999999736,-0.338139880796684,-0.04830569725666971,3.1156902312566404,-2.2242926963840226,6,6,closed,101629.53839999999,33.316641829911056,-90.59164182990841,-0.07640493102087147
BAJCOR,MTF,2026-06-05,2026-06-10,,10.0,556.80287,562.69938,5568.0287,58.96510000000035,1.0589941822677806,0.15128488318111155,4.56124265307758,-0.8536001260194714,5,5,closed,27840.1435,9.12667816941326,49.83842183058709,0.12786885504427675
DIAPOW,MTF,2026-05-26,2026-06-10,,50.0,206.29163,199.137876,10314.5815,-357.6876999999996,-3.467786841375964,-0.4953981201965663,0.17372008743157252,-11.295480092915057,15,15,closed,154718.7225,50.7205714309719,-408.4082714309715,-0.5656462046070707
ASTDM,CNC,2026-05-20,2026-06-10,,25.0,768.067496,807.5423542857143,19201.6874,986.8714571428569,5.139503818517821,0.7342148312168327,5.837052633197226,-6.134551487386464,21,0,closed,0.0,0.0,986.8714571428569,0.7342148312168327
ASTDM,MTF,2026-06-05,2026-06-10,,10.0,751.399275,807.5423542857143,7513.992749999999,561.4307928571429,7.471803760485973,1.0674005372122808,8.184826236357502,0.3461175817610407,5,5,closed,37569.963749999995,12.316350595778088,549.1144422613648,1.043984509075446
ADAPOR,MTF,2026-05-21,2026-06-10,,4.0,1792.4267285714286,1835.435295,7169.706914285714,172.03426571428554,2.399460225793959,0.34278003225628073,1.895378532747527,-0.4980247409356209,20,20,closed,143394.1382857143,47.008096474576526,125.02616923970902,0.24911591970894154
ADAPOR,MTF,2026-05-21,2026-06-10,,16.0,1800.4219600000001,1835.435295,28806.751360000002,560.2133599999979,1.94472938999255,0.2778184842846496,1.4428861998550646,-0.9398885581244576,20,20,closed,576135.0272,188.87111610543798,371.34224389455994,0.18415437173731042
ZENTEC,MTF,2026-06-04,2026-06-10,,6.0,1800.01694,1787.0833333333333,10800.10164,-77.60164000000032,-0.7185269415668216,-0.10264670593811759,0.8490508983765466,-2.606472136867788,6,6,closed,64800.609840000005,21.243220646164918,-98.84486064616523,-0.13074593970231935
BHACOK,MTF,2026-05-26,2026-06-10,,200.0,38.3961748,38.2985335,7679.23496,-19.528259999999875,-0.25429955069378174,-0.03632850724196894,8.656657120958844,-1.0578522525113487,15,15,closed,115188.5244,37.76160819747235,-57.289868197472224,-0.10657659165247335
ARVLIM,MTF,2026-05-21,2026-06-10,,10.0,492.43958,494.07764000000003,4924.3958,16.380600000000527,0.33264182379493246,0.047520260542131675,1.74852313861531,-3.876532426577073,20,20,closed,98487.916,32.28674137071911,-15.906141370718586,-0.04614385200520752
ARVLIM,MTF,2026-05-29,2026-06-10,,20.0,488.98649,494.07764000000003,9779.729800000001,101.82300000000055,1.0411637344009295,0.1487376763429899,2.4670436191396528,-3.197734563177801,12,12,closed,117356.75760000001,38.472407932130224,63.35059206787032,0.09253920881458638
AURPHA,MTF,2026-05-06,2026-06-10,,8.0,1470.8552750000001,1454.68505,11766.842200000001,-129.36180000000058,-1.0993756676706434,-0.15705366681009136,5.1565049457364065,-3.022409869659004,35,35,closed,411839.477,135.01102693807863,-264.37282693807924,-0.320965863767935
RAIIND,CNC,2026-05-25,2026-06-10,,50.0,180.62291399999998,200.317438,9031.1457,984.7262000000014,10.903668623129414,1.5576669461613453,12.925871631104368,-4.630040460979378,16,0,closed,0.0,0.0,984.7262000000014,1.5576669461613453
HIMCHE,MTF,2026-06-04,2026-06-10,,20.0,624.072548,693.6945,12481.45096,1392.4390399999993,11.156067066741082,1.593723866677298,11.044781928142111,2.8726551195775496,6,6,closed,74888.70576,24.550344576902233,1367.888695423097,1.5656246329130963
SUNIRO,CNC,2026-06-09,2026-06-10,,40.0,360.4244025,341.5124025,14416.9761,-756.4799999999991,-5.247147493016923,-0.7495924990024176,-0.922357775150906,-4.598579448293593,1,0,closed,0.0,0.0,-756.4799999999991,-0.7495924990024176
KWAWAL,MTF,2026-06-03,2026-06-10,,300.0,30.8045544,33.227944666666666,9241.366320000001,727.0170799999995,7.866986924072061,1.1238552748674373,15.632252093216437,-0.6965022029339907,7,7,closed,64689.56424000001,21.206817189647918,705.8102628103516,1.0910728354758685
SEINVE,MTF,2026-05-29,2026-06-10,,200.0,52.054597,59.488960999999996,10410.9194,1486.872799999999,14.281858718452845,2.0402655312075497,15.60938604519404,-0.9117292753222261,12,12,closed,124931.03280000002,40.95544010892085,1445.9173598910781,1.9840670636791462
RAIIND,MTF,2026-05-29,2026-06-10,,100.0,183.01259,198.129407,18301.259,1511.6816999999996,8.259987468621688,1.179998209803099,11.451348784255778,2.763421904471164,12,12,closed,219615.10799999998,71.9951896748282,1439.6865103251714,1.1237997422746955
AVATE,MTF,2026-05-22,2026-06-10,,1.0,1487.38906,1526.1502,1487.38906,38.76114000000007,2.6059852826939567,0.3722836118134231,10.226708269590201,-2.392720301438822,19,19,closed,28260.39214,9.264445925115151,29.496694074884918,0.2833027048934509
AVATE,MTF,2026-06-02,2026-06-10,,10.0,1483.58093,1526.1502,14835.8093,425.6926999999996,2.8693594760617502,0.4099084965802492,10.509643717245677,1.9088321659675112,8,8,closed,118686.4744,38.90832153616973,386.78437846382985,0.3724428515613135
AVATE,CNC,2026-06-04,2026-06-10,,4.0,1567.5956,1526.1502,6270.3824,-165.78160000000025,-2.643883409726344,-0.3776976299609055,4.586922800752946,-2.238817205151644,6,0,closed,0.0,0.0,-165.78160000000025,-0.3776976299609055
CADHEA,CNC,2026-05-19,2026-06-10,,10.0,1009.5187360000001,1102.991025,10095.187360000002,934.7228899999993,9.259094028344993,1.322727718335,9.517531529994283,0.9292808211931902,22,0,closed,0.0,0.0,934.7228899999993,1.322727718335
CADHEA,CNC,2026-05-19,2026-06-10,,10.0,1009.18926,1102.991025,10091.8926,938.0176500000005,9.2947644924402,1.327823498920029,9.553286367712621,0.9622318017930453,22,0,closed,0.0,0.0,938.0176500000005,1.327823498920029
SYRTEC,MTF,2026-05-29,2026-06-10,,25.0,1087.133992,1235.421564,27178.3498,3707.189299999999,13.640229547711535,1.9486042211016477,15.606724584875264,0.13025146949869892,12,12,closed,326140.1976,106.91671260976247,3600.272587390237,1.8924057535732441
RASPER,MTF,2026-05-29,2026-06-10,,30.0,552.3888116666666,530.55965,16571.66435,-654.8748499999965,-3.9517747654597923,-0.5645392522085417,0.572275952475465,-4.20696639320961,12,12,closed,198859.9722,65.19114986055541,-720.065999860552,-0.6207377197369452
RASPER,MTF,2026-06-01,2026-06-10,,30.0,560.7800733333333,530.55965,16823.4022,-906.6126999999994,-5.38899735750239,-0.7698567653574847,-0.9326425067576527,-5.640370412115581,9,9,closed,151410.61980000001,49.636094668333556,-956.248794668333,-0.8120056160037874
CADHEA,CNC,2026-05-19,2026-06-10,,5.0,1009.18926,1095.6457,5045.9463,432.2822000000002,8.56692034158193,1.2238457630831312,9.553286367712621,0.9622318017930453,22,0,closed,0.0,0.0,432.2822000000002,1.2238457630831312
CADHEA,MTF,2026-06-04,2026-06-10,,15.0,1100.0103,1095.6457,16500.154499999997,-65.46899999999823,-0.39677810289593385,-0.0566825861279907,0.5081497873247187,-1.4009232459005205,6,6,closed,99000.92699999998,32.454918890866196,-97.92391889086443,-0.08478181989219247
SAIL,MTF,2026-05-25,2026-06-10,,65.0,199.36060700000002,181.69082999999998,12958.439455000002,-1148.5355050000026,-8.86322391664871,-1.2661748452355297,3.3604397081314907,-8.848592139368849,16,16,closed,207335.03128000002,67.96948096685605,-1216.5049859668586,-1.341106135273401
SAIL,MTF,2026-06-02,2026-06-10,,35.0,206.31452700000003,181.69082999999998,7221.008445000001,-861.8293950000018,-11.935028210592291,-1.7050040300846128,-0.22515477060907063,-11.920889603668105,8,8,closed,57768.06756000001,18.937781735537477,-880.7671767355392,-1.7424696751035484
BHACOK,MTF,2026-05-26,2026-06-11,,100.0,38.3961748,36.881161999999996,3839.61748,-151.5012800000001,-3.945738886468453,-0.5636769837812077,8.656657120958844,-4.547783233865266,16,16,closed,61433.87968,20.13952437198525,-171.64080437198535,-0.638608273819079
BHACOK,MTF,2026-05-29,2026-06-11,,200.0,41.3030065,36.881161999999996,8260.6013,-884.3689000000012,-10.705865927701907,-1.5294094182431301,1.009595996359236,-11.265539471079434,13,13,closed,107387.8169,35.2043459891713,-919.5732459891725,-1.5902910913989006
BHACOK,MTF,2026-06-05,2026-06-11,,500.0,41.9342666,36.8611692,20967.1333,-2536.5487000000007,-12.097737271503872,-1.7282481816434108,-0.5109582624726383,-12.60130921187972,6,6,closed,125802.79980000001,41.24122659733154,-2577.7899265973324,-1.7563474154076126
SHIBIM,CNC,2026-06-10,2026-06-11,,15.0,721.24915,678.7331133333333,10818.73725,-637.7405499999998,-5.894778062014582,-0.8421111517163689,-0.9357584684848486,-7.334379527518331,1,0,closed,0.0,0.0,-637.7405499999998,-0.8421111517163689
ASIOIL,CNC,2026-06-03,2026-06-11,,40.0,353.66058599999997,359.22934,14146.423439999999,222.7501600000005,1.5746040753322754,0.22494343933318242,8.522129746174212,-0.2716123984480401,8,0,closed,0.0,0.0,222.7501600000005,0.22494343933318242
ARVLIM,MTF,2026-05-29,2026-06-11,,10.0,488.98649,486.96855666666664,4889.8649000000005,-20.179333333333602,-0.41267670469451456,-0.058953814956358874,2.4670436191396528,-3.197734563177801,13,13,closed,63568.243700000006,20.839220963237207,-41.01855429657081,-0.11983548811212937
ARVLIM,CNC,2026-06-09,2026-06-11,,20.0,502.55017749999996,486.96855666666664,10051.00355,-311.63241666666636,-3.1005104626260604,-0.44293006608943664,-0.4875488278978768,-1.8505967993613814,2,0,closed,0.0,0.0,-311.63241666666636,-0.44293006608943664
DATPAT,CNC,2026-06-04,2026-06-11,,3.0,4124.287133333333,4197.0269,12372.8614,218.21929999999975,1.7636930774961979,0.25195615392802895,10.528191966977008,0.41250441874343124,7,0,closed,0.0,0.0,218.21929999999975,0.25195615392802895
ZENTEC,MTF,2026-06-04,2026-06-11,,9.0,1800.01694,1733.56394,16200.15246,-598.0769999999998,-3.691798589406603,-0.5273997984866581,0.8490508983765466,-4.717563380264633,7,7,closed,113401.06722,37.175636130788604,-635.2526361307883,-0.5601822378782269
ZENTEC,MTF,2026-06-09,2026-06-11,,1.0,1816.6508166666665,1733.56394,1816.6508166666665,-83.08687666666651,-4.573629445152305,-0.653375635021758,-1.8798778693931428,-5.590001982494364,2,2,closed,3633.301633333333,1.1910849058603763,-84.27796157252689,-0.6627420462764919
UNICAB,CNC,2026-05-27,2026-06-11,,5.0,1191.7450333333334,1133.8829799999999,5958.725166666667,-289.31026666666753,-4.855237631785403,-0.6936053759693434,4.275660081766364,-8.227014217890172,15,0,closed,0.0,0.0,-289.31026666666753,-0.6936053759693434
UNICAB,MTF,2026-05-29,2026-06-11,,5.0,1183.37744,1133.8829799999999,5916.8872,-247.4723000000006,-4.182474528160696,-0.5974963611658135,5.012987234233579,-7.578092751202014,13,13,closed,76919.5336,25.216099482697338,-272.68839948269795,-0.6583780343215839
GLAPH,CNC,2026-05-19,2026-06-11,,5.0,2232.6976299999997,2342.38366,11163.488149999997,548.4301500000015,4.912713146920855,0.7018161638458361,4.537218503698615,-0.5911069113285872,23,0,closed,0.0,0.0,548.4301500000015,0.7018161638458361
GLAPH,CNC,2026-05-19,2026-06-11,,5.0,2232.6976299999997,2340.799033333333,11163.488149999997,540.5070166666678,4.84173951191651,0.6916770731309305,4.537218503698615,-0.5911069113285872,23,0,closed,0.0,0.0,540.5070166666678,0.6916770731309305
GLAPH,MTF,2026-06-03,2026-06-11,,1.0,2287.12435,2340.799033333333,2287.12435,53.67468333333318,2.3468196354663906,0.3352599479237708,0.8471620705712724,-2.956741289558662,8,8,closed,18296.9948,5.998201230788481,47.676482102544696,0.2977943029048351
IOLCHE,MTF,2026-06-08,2026-06-11,,100.0,134.169645,127.761442,13416.9645,-640.8203000000001,-4.776194347089458,-0.6823134781556375,-0.9910177521897712,-5.403342164317426,3,3,closed,40250.8935,13.195224766202374,-654.0155247662025,-0.6963630950377384
ANGBRO,CNC,2026-05-20,2026-06-11,,50.0,325.30368999999996,322.198368,16265.184499999998,-155.2660999999972,-0.9545916924581954,-0.13637024177974144,6.50048267205332,-0.47761216603474654,22,0,closed,0.0,0.0,-155.2660999999972,-0.13637024177974144
SOUWES,MTF,2026-05-21,2026-06-11,,100.0,260.444338,238.10543900000002,26044.433800000003,-2233.8898999999997,-8.57722581782523,-1.2253179739750322,3.3349398442288125,-7.792197809268564,21,21,closed,546933.1098000001,179.29801523260704,-2413.187915232607,-1.3236652921497383
THERMA,MTF,2026-06-02,2026-06-11,,3.0,5002.054933333334,4563.081766666666,15006.164800000002,-1316.9195000000027,-8.77585657329315,-1.2536937961847354,-0.6468328269992218,-8.611559430561499,9,9,closed,135055.48320000002,44.27448192503029,-1361.193981925033,-1.295842646831038
SOUWES,CNC,2026-05-27,2026-06-12,,50.0,269.08831200000003,239.61258999999998,13454.415600000002,-1473.7861000000023,-10.953921328251537,-1.5648459040359337,0.015492311683895643,-10.754206225055219,16,0,closed,0.0,0.0,-1473.7861000000023,-1.5648459040359337
GLAPH,MTF,2026-06-03,2026-06-12,,9.0,2287.12435,2274.55287,20584.11915,-113.14332000000059,-0.5496631610782399,-0.07852330872546232,0.8471620705712724,-2.956741289558662,9,9,closed,185257.07234999997,60.73178746173336,-173.87510746173393,-0.12067215937176495
GLAPH,MTF,2026-06-05,2026-06-12,,1.0,2288.5990666666667,2274.55287,2288.5990666666667,-14.046196666666674,-0.6137464998237974,-0.08767807140339906,0.782178652174581,-1.782709224210688,7,7,closed,16020.193466666668,5.251810213622053,-19.298006880288728,-0.12046051079496778
ZENTEC,MTF,2026-06-09,2026-06-12,,5.0,1816.6508166666665,1753.1456624999998,9083.254083333333,-317.52577083333335,-3.495727059049847,-0.49938957986426363,-1.257854093754518,-5.590001982494364,3,3,closed,27249.76225,8.933136793952823,-326.4589076272862,-0.5134391967463645
ZENTEC,MTF,2026-06-10,2026-06-12,,3.0,1808.42025,1753.1456624999998,5425.2607499999995,-165.82376250000016,-3.056512306804793,-0.43664461525782794,-0.8084542295962449,-5.160318792050688,2,2,closed,10850.521499999999,3.557065634406633,-169.38082813440678,-0.44601102651256186
WOCKHA,CNC,2026-06-03,2026-06-15,,5.0,1999.50038,1895.5618,9997.5019,-519.6929,-5.198227569229075,-0.7426039384612955,3.7209105206571724,-8.327099192649312,12,0,closed,0.0,0.0,-519.6929,-0.7426039384612955
WOCKHA,CNC,2026-06-05,2026-06-15,,5.0,1939.0963500000003,1895.5618,9695.48175,-217.67275000000154,-2.2450947318837566,-0.3207278188405373,-0.05653922250951071,-5.471432608286852,10,0,closed,0.0,0.0,-217.67275000000154,-0.3207278188405373
BLIGVS,CNC,2026-05-29,2026-06-16,,10.0,433.21498,432.524285,4332.1498,-6.906950000000052,-0.15943469914175834,-0.022776385591678987,5.305684489488338,-7.101550366517806,18,0,closed,0.0,0.0,-6.906950000000052,-0.022776385591678987
BLIGVS,CNC,2026-06-03,2026-06-16,,40.0,442.66628000000003,432.524285,17706.6512,-405.67980000000034,-2.291115329588689,-0.3273021899412419,3.0573189356098984,-5.210760575664364,13,0,closed,0.0,0.0,-405.67980000000034,-0.3273021899412419
BLIGVS,MTF,2026-06-10,2026-06-16,,10.0,427.5003583333334,432.524285,4275.003583333334,50.23926666666625,1.1751865393173189,0.1678837913310451,5.7075137344426485,-0.6667499284552458,6,6,closed,25650.021500000003,8.408702752161847,41.83056391450441,0.13978455756684335
BAJCOR,MTF,2026-06-05,2026-06-16,,30.0,556.80287,597.4843566666666,16704.0861,1220.4445999999984,7.30626382487336,1.0437519749819077,7.838883804603958,-0.8536001260194714,11,11,closed,183744.9471,60.23607591812751,1160.208524081871,0.9922367130808711
IOLCHE,MTF,2026-06-12,2026-06-16,,125.0,132.7886016,123.23632640000001,16598.5752,-1194.0343999999977,-7.193595749109827,-1.0276565355871181,1.093014296793382,-5.067152992746015,4,4,closed,66394.3008,21.765671419215824,-1215.8000714192135,-1.046389358096586
UNICAB,MTF,2026-05-29,2026-06-16,,5.0,1183.37744,1209.5456399999998,5916.8872,130.8409999999992,2.21131476023404,0.3159021086048643,5.012987234233579,-7.578092751202014,18,18,closed,106503.9696,34.91459928373478,95.92640071626442,0.231604407312259
UNICAB,MTF,2026-06-02,2026-06-16,,5.0,1143.29717,1209.5456399999998,5716.48585,331.24234999999885,5.794510100991479,0.8277871572844975,8.694400074479326,-0.7869493807983519,14,14,closed,80030.8019,26.23604912745393,305.0063008725449,0.76222227850136
ADAPOR,MTF,2026-05-21,2026-06-16,,4.0,1800.4219600000001,1819.7022111111114,7201.6878400000005,77.12100444444513,1.0708740250597204,0.15298200357996142,1.4428861998550646,-0.9398885581244576,26,26,closed,187243.88384000002,61.38311273426735,15.737891710177784,0.03121865726842045
ADAPOR,MTF,2026-06-02,2026-06-16,,5.0,1786.0895,1819.7022111111114,8930.4475,168.06355555555683,1.8819163939495454,0.2688451991356485,2.2569137772771253,0.0565761122272912,14,14,closed,125026.265,40.9866595471671,127.07689600838972,0.2032803203525111
CLEMAX,MTF,2026-06-16,2026-06-17,,20.0,1291.7503649999999,1328.8418680000002,25835.007299999997,741.8300600000066,2.871414168325037,0.4102020240464333,4.749341410095131,0.5457428301171907,1,1,closed,25835.007299999997,8.469345609929855,733.3607143900767,0.40551881841906634
CLEMAX,MTF,2026-06-17,2026-06-17,,5.0,1323.8665911111111,1328.8418680000002,6619.332955555556,24.87638444444542,0.37581406784450433,0.05368772397778682,2.208183897469107,2.208183897469107,0,0,closed,0.0,0.0,24.87638444444542,0.05368772397778682
ATHENE,MTF,2026-05-29,2026-06-17,,12.0,993.89744,992.1976583333334,11926.76928,-20.397379999998975,-0.17102183769248658,-0.024431691098926685,4.839791115670855,-5.6844335970922755,19,19,closed,226608.61632,74.28783230117651,-94.68521230117548,-0.11341259801889891
ATHENE,MTF,2026-05-29,2026-06-17,,8.0,993.89744,992.19782,7951.17952,-13.596959999999854,-0.17100557176200626,-0.02442936739457288,4.839791115670855,-5.6844335970922755,19,19,closed,151072.41087999998,49.52522153411767,-63.12218153411752,-0.11341027431454512
ATHENE,MTF,2026-06-03,2026-06-17,,7.0,1000.059975,992.19782,7000.419825,-55.03508500000021,-0.7861683495532401,-0.11230976422189122,4.193750979784983,-1.190926074208698,14,14,closed,98005.87755,32.12871740800381,-87.16380240800402,-0.17787464300502867
NETTEC,MTF,2026-06-12,2026-06-17,,3.0,4509.1313875000005,4866.592366666667,13527.3941625,1072.3829374999987,7.927490872357423,1.1324986960510606,8.923417348525842,1.7357802595189709,5,5,closed,67636.9708125,22.17304896290084,1050.2098885370979,1.1090826679142258
AZAENG,MTF,2026-06-04,2026-06-17,,10.0,2158.03627,2153.9967,21580.3627,-40.395699999999124,-0.18718730802425032,-0.02674104400346413,3.334685843811136,-2.425180277438077,13,13,closed,280544.71510000003,91.96940119390666,-132.3651011939058,-0.08762271715923461
NETTEC,MTF,2026-06-12,2026-06-17,,4.0,4509.1313875000005,4884.9851,18036.525550000002,1503.4148499999974,8.335390570829748,1.1907700815471058,8.923417348525842,1.7357802595189709,5,5,closed,90182.62775000001,29.56406528386779,1473.8507847161295,1.167354053410271
ASTDM,MTF,2026-06-05,2026-06-17,,10.0,751.399275,760.7795514285714,7513.992749999999,93.80276428571392,1.2483744316324152,0.17833920451891747,8.457650561347707,0.3461175817610407,12,12,closed,90167.913,29.559241429867416,64.2435228558465,0.12214073699051395
ASTDM,MTF,2026-06-05,2026-06-17,,25.0,753.737846,760.7795514285714,18843.44615,176.04263571428476,0.9342380067474343,0.13346257239248954,8.121146407182,0.03478052765841788,12,12,closed,226121.35379999998,74.12809576087967,101.91453995340508,0.07726410486408603
ASTDM,MTF,2026-06-05,2026-06-17,,25.0,753.737846,760.779436,18843.44615,176.03975000000105,0.9342226925938446,0.13346038465626345,8.121146407182,0.03478052765841788,12,12,closed,226121.35379999998,74.12809576087967,101.91165423912138,0.07726191712785993
SOUBAN,MTF,2026-06-02,2026-06-17,,250.0,42.23490266666666,48.4721432,10558.725666666665,1559.3101333333336,14.767976577476505,2.109710939639501,14.715547902134807,-0.3667645877846848,15,15,closed,158380.88499999998,51.92111763295515,1507.3890157003784,2.039462855228997
SUPLIF,MTF,2026-06-11,2026-06-17,,20.0,969.93119,907.75517,19398.6238,-1243.5203999999999,-6.410353707668682,-0.9157648153812404,0.7442600129190513,-5.730426093422148,6,6,closed,116391.7428,38.156052540200555,-1281.6764525402004,-0.9438640491454422
PARDEF,CNC,2026-06-04,2026-06-18,,25.0,894.5975,1308.5708399999999,22364.9375,10349.333499999997,46.27481521019228,6.610687887170326,46.46810437096012,-0.08914623615648987,14,0,closed,0.0,0.0,10349.333499999997,6.610687887170326
DATPAT,CNC,2026-06-05,2026-06-18,,3.0,4255.638233333333,4742.24538,12766.9147,1459.8214400000015,11.434410539298124,1.6334872198997321,12.840888644771798,-2.6867470180559683,13,0,closed,0.0,0.0,1459.8214400000015,1.6334872198997321
DATPAT,CNC,2026-06-11,2026-06-18,,2.0,4358.151466666667,4742.24538,8716.302933333334,768.1878266666663,8.813230018990303,1.2590328598557583,10.18662469005207,-3.514138226678132,7,0,closed,0.0,0.0,768.1878266666663,1.2590328598557583
NETTEC,MTF,2026-06-12,2026-06-18,,1.0,4509.1313875000005,5100.0181600000005,4509.1313875000005,590.8867725,13.104226107450057,1.8720323010642934,12.651408075653459,1.7357802595189709,6,6,closed,27054.788325,8.869219585160337,582.0175529148397,1.8439330673000915
NETTEC,MTF,2026-06-12,2026-06-18,,4.0,4543.22976,5100.0181600000005,18172.91904,2227.1536000000015,12.255343212050107,1.750763316007158,11.805923722422529,0.9722211363573985,6,6,closed,109037.51424,35.74515701980112,2191.4084429802006,1.7226640822429562
INOIND,MTF,2026-06-16,2026-06-18,,15.0,1866.7777199999998,1865.5167533333333,28001.6658,-18.91449999999736,-0.0675477671046143,-0.009649681014945373,2.5885395718136195,-2.912918844992418,2,2,closed,56003.3316,18.359258239029252,-37.27375823902661,-0.01901609226967929
ANGBRO,CNC,2026-05-20,2026-06-18,,50.0,325.30368999999996,352.17016666666666,16265.184499999998,1343.323833333335,8.258890843404432,1.1798415490577743,8.452504796364302,-0.47761216603474654,29,0,closed,0.0,0.0,1343.323833333335,1.1798415490577743
ANGBRO,MTF,2026-05-21,2026-06-18,,10.0,341.436202,352.17016666666666,3414.3620199999996,107.3396466666668,3.143768763766497,0.4491098233952138,3.328234655093798,-5.17994339686334,28,28,closed,95602.13655999998,31.34071247482676,75.99893419184004,0.31798006582893895
UNICAB,MTF,2026-06-02,2026-06-18,,5.0,1143.29717,1238.54172,5716.48585,476.22274999999945,8.33069061126075,1.1900986587515359,8.694400074479326,-0.7869493807983519,16,16,closed,91463.7736,29.984056145661633,446.23869385433784,1.1151673687136645
UNICAB,MTF,2026-06-09,2026-06-18,,5.0,1215.24244,1238.54172,6076.2122,116.49639999999977,1.9172536469348467,0.27389337813354875,2.0701679905122505,-6.660600167979657,9,9,closed,54685.9098,17.92737523591294,98.56902476408683,0.2317445274872461
SOUBAN,MTF,2026-06-02,2026-06-18,,50.0,42.23490266666666,48.1900296,2111.7451333333333,297.75634666666696,14.100013394924527,2.014287627846362,14.810256300815606,-0.3667645877846848,16,16,closed,33787.92213333333,11.076505095030434,286.67984157163653,1.9393563378084906
SOUBAN,MTF,2026-06-03,2026-06-18,,400.0,42.36814175000001,48.1900296,16947.2567,2328.7551399999984,13.741192342947151,1.9630274775638785,14.449201681119273,2.907510688735826,15,15,closed,254208.85050000003,83.33586234316606,2245.4192776568325,1.892779393153374
SOUBAN,MTF,2026-06-03,2026-06-18,,200.0,43.351822,48.1900296,8670.3644,967.6415200000008,11.160332776786186,1.5943332538265977,11.852276935442308,0.5724742088118129,15,15,closed,130055.466,42.63535431687227,925.0061656831285,1.5240851694160933
SOUBAN,MTF,2026-06-12,2026-06-18,,100.0,46.082295249999994,48.1900296,4608.229525,210.77343500000083,4.573848456474194,0.6534069223534571,5.224793463385513,1.253637100465399,6,6,closed,27649.37715,9.064140306345001,201.70929469365583,0.6253076885892553
WOCKHA,CNC,2026-06-05,2026-06-18,,5.0,1939.0963500000003,2052.2369200000003,9695.48175,565.7028500000001,5.83470594434361,0.8335294206205158,4.31663181667068,-5.471432608286852,13,0,closed,0.0,0.0,565.7028500000001,0.8335294206205158
WOCKHA,MTF,2026-06-12,2026-06-18,,10.0,1957.93495,2052.2369200000003,19579.3495,943.0197000000021,4.816399543815297,0.6880570776878991,3.312931821355969,-2.5708183001687646,6,6,closed,117476.09700000001,38.511530298605486,904.5081697013966,0.6599578439236974
HIMCHE,MTF,2026-06-04,2026-06-18,,5.0,624.072548,691.7423966666667,3120.36274,338.34924333333333,10.843266361183801,1.5490380515976865,12.342707950678843,2.8726551195775496,14,14,closed,43685.07836,14.321034336526303,324.02820899680705,1.483473172814549
HIMCHE,MTF,2026-06-04,2026-06-18,,25.0,645.7824266666667,691.7423966666667,16144.560666666666,1148.9992499999998,7.116943432052092,1.0167062045788713,8.565976875348857,-0.5857122322436625,14,14,closed,226023.84933333332,74.09613141819061,1074.9031185818092,0.9511413257957338
AZAENG,MTF,2026-06-16,2026-06-18,,7.0,2142.003485714286,2063.25147,14994.024400000002,-551.2641100000005,-3.6765587096150187,-0.5252226728021449,1.0175760418263735,-3.4688779084553367,2,2,closed,29988.048800000004,9.830813922574052,-561.0949239225746,-0.5345890840568788
AZAENG,CNC,2026-06-17,2026-06-18,,3.0,2206.78993,2063.25147,6620.36979,-430.6153799999993,-6.504400715658498,-0.9292001022369288,-1.9480753204270673,-6.302816960923874,1,0,closed,0.0,0.0,-430.6153799999993,-0.9292001022369288
AZAENG,CNC,2026-06-17,2026-06-18,,7.0,2206.78993,2055.3304285714285,15447.52951,-1060.2165100000002,-6.863340246825011,-0.9804771781178584,-1.9480753204270673,-6.302816960923874,1,0,closed,0.0,0.0,-1060.2165100000002,-0.9804771781178584
ZENTEC,MTF,2026-06-10,2026-06-18,,7.0,1808.42025,1926.2508733333334,12658.94175,824.8143633333345,6.515665998173459,0.9308094283104944,6.689802881824636,-5.160318792050688,8,8,closed,101271.534,33.19927925446191,791.6150840788727,0.8933437832915587
ZENTEC,CNC,2026-06-12,2026-06-18,,8.0,1793.7693625,1926.2508733333334,14350.1549,1059.8520866666677,7.3856491031094595,1.0550927290156367,7.561208276574072,-0.2603100820883886,6,0,closed,0.0,0.0,1059.8520866666677,1.0550927290156367
ZENTEC,MTF,2026-06-16,2026-06-18,,15.0,1845.8083933333332,1926.6232375,27687.1259,1212.2226625000008,4.378289992534046,0.6254699989334346,4.528726110932313,0.48171883380645486,2,2,closed,55374.2518,18.153030534869654,1194.069631965131,0.6161035876787007
ZENTEC,CNC,2026-06-18,2026-06-18,,1.0,1977.2376833333335,1926.6232375,1977.2376833333335,-50.61444583333355,-2.5598564229266096,-0.3656937747038007,-2.4194199684018813,-2.4194199684018813,0,0,closed,0.0,0.0,-50.61444583333355,-0.3656937747038007
ZENTEC,CNC,2026-06-18,2026-06-18,,5.0,1977.2376833333335,1926.3968133333333,9886.188416666668,-254.2043500000011,-2.5713079630512614,-0.3673297090073226,-2.4194199684018813,-2.4194199684018813,0,0,closed,0.0,0.0,-254.2043500000011,-0.3673297090073226
ZENTEC,CNC,2026-06-18,2026-06-18,,10.0,1948.12775,1926.3968133333333,19481.2775,-217.3093666666682,-1.1154780104470463,-0.15935400149243525,-0.9613204267533315,-0.9613204267533315,0,0,closed,0.0,0.0,-217.3093666666682,-0.15935400149243525
NETTEC,MTF,2026-06-12,2026-06-18,,1.0,4543.22976,5077.2049400000005,4543.22976,533.9751800000004,11.753206599879306,1.679029514268471,11.805923722422529,0.9722211363573985,6,6,closed,27259.37856,8.93628925495028,525.0388907450501,1.6509302805042692
NETTEC,MTF,2026-06-16,2026-06-18,,3.0,4743.030066666667,5077.2049400000005,14229.090200000002,1002.5246200000001,7.045598881648818,1.0065141259498296,7.096095293569782,2.980582693895628,2,2,closed,28458.180400000005,9.32928574157329,993.1953342584269,0.9971477146950957
NETTEC,MTF,2026-06-17,2026-06-18,,4.0,4945.7442249999995,5077.2049400000005,19782.976899999998,525.8428600000043,2.6580572916708123,0.3797224702386888,2.7064839771409943,-0.6923978160233157,1,1,closed,19782.976899999998,6.4853424120905405,519.3575175879138,0.37503926461132187
NETTEC,MTF,2026-06-17,2026-06-18,,2.0,4941.43044,5077.2049400000005,9882.86088,271.5490000000009,2.7476760352818097,0.3925251478974012,2.7961449964273966,-0.6057039629196903,1,1,closed,9882.86088,3.2398428781390556,268.30915712186186,0.38784194227003427
NETTEC,MTF,2026-06-17,2026-06-18,,3.0,4941.43044,5071.715846153847,14824.29132,390.8562184615421,2.6365929407648814,0.37665613439498397,2.7961449964273966,-0.6057039629196903,1,1,closed,14824.29132,4.859764317208583,385.9964541443335,0.371972928767617
NETTEC,CNC,2026-06-18,2026-06-18,,10.0,5128.56955,5071.715846153847,51285.6955,-568.5370384615271,-1.108568447631808,-0.15836692109025857,-0.9548383720368925,-0.9548383720368925,0,0,closed,0.0,0.0,-568.5370384615271,-0.15836692109025857
ARVFAS,CNC,2026-06-18,2026-06-18,,30.0,478.0718166666667,477.9728433333333,14342.1545,-2.969200000001706,-0.020702607826472708,-0.0029575154037817138,0.005895209119377576,0.005895209119377576,0,0,closed,0.0,0.0,-2.969200000001706,-0.0029575154037817138
LLOST,CNC,2026-06-18,2026-06-18,,200.0,84.3126725,83.6189485,16862.5345,-138.74480000000062,-0.8227992061335732,-0.11754274373336819,0.530557847042501,0.530557847042501,0,0,closed,0.0,0.0,-138.74480000000062,-0.11754274373336819
ANGBRO,MTF,2026-05-21,2026-06-19,,40.0,341.436202,354.57992,13657.448079999998,525.7487200000014,3.849538485670023,0.5499340693814316,3.5918270904384153,-5.17994339686334,29,29,closed,396065.99431999994,129.840094538568,395.9086254614334,0.41412110618778986
ANGBRO,MTF,2026-06-15,2026-06-19,,20.0,354.859828,354.57992,7097.19656,-5.598159999999552,-0.07887846916275754,-0.011268352737536113,-0.32684116614067893,-1.8626588524413012,4,4,closed,28388.78624,9.306536643130002,-14.904696643129554,-0.030001175247003957
ANGBRO,MTF,2026-06-15,2026-06-19,,30.0,354.859828,354.539456,10645.79484,-9.61116000000061,-0.09028128143037106,-0.012897325918624823,-0.32684116614067893,-1.8626588524413012,4,4,closed,42583.17936,13.959804964695003,-23.570964964695612,-0.03163014842809267
ANGBRO,MTF,2026-06-15,2026-06-19,,50.0,354.66521800000004,354.539456,17733.2609,-6.288100000003283,-0.03545935536313216,-0.005065622194733901,-0.27214904394714523,-1.8088094559078116,4,4,closed,70933.0436,23.25358202676502,-29.541682026768303,-0.02379844470420174
ANGBRO,MTF,2026-06-18,2026-06-19,,20.0,350.75261666666665,354.539456,7015.052333333333,75.73678666666638,1.079632525430907,0.15423321791870087,0.8403025931334129,0.5837114923875397,1,1,closed,7015.052333333333,2.2997052794618273,73.43708138720454,0.1495500122913339
ANGBRO,MTF,2026-06-18,2026-06-19,,40.0,350.75261666666665,354.138954,14030.104666666666,135.45349333333434,0.9654489153965606,0.13792127362807882,0.8403025931334129,0.5837114923875397,1,1,closed,14030.104666666666,4.599410558923655,130.85408277441067,0.13323806800071186
ANGBRO,MTF,2026-06-18,2026-06-19,,10.0,350.955806,354.138954,3509.55806,31.83148000000017,0.9069939706311647,0.1295705672330239,0.7819201030684786,0.5254775582769655,1,1,closed,3509.55806,1.1505187439314148,30.680961256068755,0.12488736160565694
BAJCOR,MTF,2026-06-11,2026-06-19,,30.0,582.5707633333333,623.090844,17477.1229,1215.6024200000002,6.955392068565236,0.9936274383664636,7.32601760213063,-2.8015074494898595,8,8,closed,139816.9832,45.83541777665982,1169.7670022233403,0.9561617933475279
BAJCOR,MTF,2026-06-15,2026-06-19,,20.0,606.5685233333334,623.090844,12131.370466666667,330.44641333333175,2.723900108741195,0.3891285869630292,3.079862529628885,-2.3358487604123845,4,4,closed,48525.48186666667,15.907836682406673,314.53857665092505,0.37039576445356137
SYRTEC,MTF,2026-06-03,2026-06-19,,10.0,1201.30401,1317.71821,12013.0401,1164.1419999999994,9.69065274326355,1.384378963323363,12.111504564111119,-0.49979105622065534,16,16,closed,192208.6416,63.010681437877544,1101.1313185621218,1.3094476732854916
SOUBAN,MTF,2026-06-12,2026-06-19,,300.0,46.082295249999994,48.010375333333336,13824.688574999998,578.4240250000025,4.1839931645621276,0.5977133092231622,5.224793463385513,1.253637100465399,7,7,closed,96772.820025,31.7244910722075,546.6995339277951,0.5649308698315936
ANGBRO,MTF,2026-06-18,2026-06-19,,50.0,350.955806,350.39207000000005,17547.7903,-28.186799999997447,-0.1606287715895327,-0.02294696736993346,0.7819201030684786,0.5254775582769655,1,1,closed,17547.7903,5.752593719657075,-33.939393719654525,-0.02763017299730042
UNICAB,MTF,2026-06-09,2026-06-19,,5.0,1215.24244,1258.4087466666667,6076.2122,215.8315333333337,3.5520736641379003,0.5074390948768419,4.793904334019139,-6.660600167979657,10,10,closed,60762.122,19.919305817681046,195.91222751565266,0.4606070386031723
UNICAB,MTF,2026-06-12,2026-06-19,,10.0,1195.50182,1258.4087466666667,11955.018199999999,629.0692666666678,5.26196828932195,0.7517097556174215,6.524304580314233,-1.5810783123692773,7,7,closed,83685.1274,27.434026169662072,601.6352404970057,0.7189273162258527
ADAPOR,MTF,2026-06-02,2026-06-19,,5.0,1786.0895,1829.9199700000001,8930.4475,219.15235000000052,2.453990687476759,0.35057009821096474,3.1359290785820004,0.0565761122272912,17,17,closed,151817.6075,49.76951516441719,169.38283483558334,0.2709556025457264
ADAPOR,CNC,2026-06-10,2026-06-19,,5.0,1834.2751400000002,1829.9199700000001,9171.3757,-21.77585000000022,-0.2374327550445865,-0.03391896500637025,0.4265914000229909,-2.571868253090992,9,0,closed,0.0,0.0,-21.77585000000022,-0.03391896500637025
KWAWAL,MTF,2026-06-03,2026-06-19,,200.0,30.8045544,35.883010250000005,6160.91088,1015.691170000001,16.486055224353468,2.3551507463362085,21.150916567064513,-0.6965022029339907,16,16,closed,98574.57408,32.31515000327302,983.3760199967279,2.280219456298337
KWAWAL,MTF,2026-06-04,2026-06-19,,200.0,31.653601333333334,35.883010250000005,6330.720266666667,845.8817833333342,13.36154098905904,1.9087915698655762,17.901276404525813,2.8319010441402614,15,15,closed,94960.804,31.130468017046372,814.7513153162878,1.8385434854550717
RASPER,MTF,2026-06-12,2026-06-22,,25.0,543.893208,754.890424,13597.330199999999,5274.930400000002,38.79386851986577,5.541981217123682,39.770085159805866,2.6672133033880385,10,10,closed,135973.302,44.5753653168647,5230.355034683137,5.495149160850013
CUMIND,MTF,2026-06-19,2026-06-22,,5.0,5894.74248,5711.8469,29473.7124,-914.4779000000017,-3.1026899074987346,-0.4432414153569614,-0.5045594459963554,-2.2179506644029012,3,3,closed,88421.1372,28.986605711925826,-943.4645057119275,-0.45729103223906226
BAJCOR,MTF,2026-06-15,2026-06-22,,10.0,606.5685233333334,623.585796,6065.685233333334,170.172726666666,2.8054988038531903,0.4007855434075979,3.079862529628885,-2.3358487604123845,7,7,closed,42459.79663333333,13.919357097105836,156.25336956956016,0.3680031040160292
BAJCOR,MTF,2026-06-18,2026-06-22,,15.0,614.8952519999999,623.585796,9223.428779999998,130.35816000000068,1.413337307733853,0.20190532967626368,1.6839856815157317,0.7813929257661778,4,4,closed,36893.71511999999,12.094659798512023,118.26350020148865,0.18317250716679584
SOUBAN,MTF,2026-06-12,2026-06-22,,400.0,46.082295249999994,47.641062000000005,18432.9181,623.5067000000043,3.3825718565960727,0.48322455094229677,5.224793463385513,1.253637100465399,10,10,closed,184329.18099999998,60.42760204230001,563.0790979577043,0.4363924946686272
ADAPOR,CNC,2026-06-10,2026-06-22,,10.0,1834.2751400000002,1815.61034,18342.7514,-186.6480000000024,-1.0175572678807754,-0.14536532398296767,0.4265914000229909,-2.571868253090992,12,0,closed,0.0,0.0,-186.6480000000024,-0.14536532398296767
ZYDWEL,MTF,2026-06-08,2026-06-22,,30.0,517.7943799999999,513.0500633333334,15533.831399999997,-142.32949999999732,-0.9162549556189781,-0.13089356508842584,3.6222138988839525,-4.064234918888065,14,14,closed,217473.63959999997,71.29316409450858,-213.62266409450592,-0.19645844387156325
ANGBRO,MTF,2026-06-18,2026-06-22,,40.0,350.955806,354.56863,14038.23224,144.51295999999957,1.029424200493212,0.14706060007045807,1.0953498800359007,0.5254775582769655,4,4,closed,56152.92896,18.408299902902638,126.10466009709693,0.12832777756099023
ANGBRO,MTF,2026-06-19,2026-06-22,,40.0,358.3930266666667,354.56863,14335.721066666667,-152.97586666666803,-1.067095725114009,-0.15244224644485802,-1.0025381074192818,-1.3094637220806171,3,3,closed,43007.1632,14.098797210073048,-167.07466387674108,-0.1664918633269589
CUMIND,MTF,2026-06-22,2026-06-22,,6.0,5751.690666666666,5756.7449375,34510.144,30.32562499999949,0.08787452466150203,0.012553503523071564,0.2140124364592655,0.2140124364592655,0,0,closed,0.0,0.0,30.32562499999949,0.012553503523071564
CUMIND,MTF,2026-06-22,2026-06-22,,10.0,5754.05437,5756.7449375,57540.543699999995,26.905674999998155,0.04675950776600324,0.006679929680856654,0.17284560347314848,0.17284560347314848,0,0,closed,0.0,0.0,26.905674999998155,0.006679929680856654
DATPAT,CNC,2026-06-11,2026-06-22,,1.0,4358.151466666667,4853.60208,4358.151466666667,495.4506133333325,11.368366086465498,1.6240522980665009,11.657431762506265,-3.514138226678132,11,0,closed,0.0,0.0,495.4506133333325,1.6240522980665009
DATPAT,MTF,2026-06-17,2026-06-22,,4.0,4552.984075,4853.60208,18211.9363,1202.4720199999974,6.602658828759456,0.9432369755370644,6.879354722979114,4.75766928747714,5,5,closed,91059.6815,29.85158489789302,1172.6204351021045,0.9198209474002296
NETTEC,MTF,2026-06-19,2026-06-22,,4.0,5078.20464,5110.605425,20312.81856,129.60313999999926,0.6380362213996849,0.09114803162852737,0.6477753917376594,-0.3407629512149901,3,3,closed,60938.45568,19.977112299453967,109.6260277005453,0.0770984147464265
UNICAB,CNC,2026-06-16,2026-06-22,,10.0,1263.59005,1348.7982299999999,12635.9005,852.0817999999986,6.743340532002429,0.9633343617146337,6.751394568198776,-5.68934916826861,6,0,closed,0.0,0.0,852.0817999999986,0.9633343617146337
WOCKHA,MTF,2026-06-17,2026-06-22,,10.0,1998.1252,2014.4541199999999,19981.252,163.28919999999925,0.8172120545799633,0.11674457922570851,1.234897593003681,-0.44667871662896763,5,5,closed,99906.26000000001,32.75170913288307,130.5374908671162,0.0933285510888737
WOCKHA,MTF,2026-06-17,2026-06-22,,10.0,2016.0007899999996,2014.4541199999999,20160.007899999997,-15.466699999997218,-0.07671971199970651,-0.01095995885710032,0.33726226863235453,-1.3294037449260943,5,5,closed,100800.03949999998,33.04471185576483,-48.51141185576205,-0.034375986993935126
GOOLUC,MTF,2026-06-22,2026-06-22,,20.0,1480.821935,1485.449395,29616.4387,92.54920000000311,0.31249266982260604,0.04464180997465684,0.1673438879739475,0.1673438879739475,0,0,closed,0.0,0.0,92.54920000000311,0.04464180997465684
BLIGVS,MTF,2026-06-10,2026-06-22,,25.0,427.5003583333334,474.613728,10687.508958333336,1177.8342416666646,11.020662029464546,1.5743802899235078,13.754290615311948,-0.6667499284552458,12,12,closed,128250.10750000003,42.04351376080925,1135.7907279058554,1.5181818223951042
BLIGVS,MTF,2026-06-10,2026-06-22,,25.0,427.5003583333334,474.61392750000005,10687.508958333336,1177.8392291666662,11.020708696092129,1.5743869565845885,13.754290615311948,-0.6667499284552458,12,12,closed,128250.10750000003,42.04351376080925,1135.795715405857,1.518188489056185
BLIGVS,MTF,2026-06-16,2026-06-22,,40.0,437.39710249999996,474.61392750000005,17495.8841,1488.6730000000034,8.508704055715622,1.2155291508165165,11.180434717214439,3.3157278402410117,6,6,closed,104975.3046,34.413465606609655,1454.2595343933938,1.1874299170523146
BLIGVS,MTF,2026-06-16,2026-06-22,,15.0,447.588415,474.61392750000005,6713.826225,405.3826875000007,6.038027704537452,0.8625753863624925,8.648924704630701,0.9632923586728515,6,6,closed,40282.95735,13.205736078395228,392.1769514216055,0.8344761525982908
BAJCOR,MTF,2026-06-18,2026-06-23,,35.0,614.8952519999999,607.41611,21521.333819999996,-261.7699699999969,-1.216327817733731,-0.17376111681910408,1.6839856815157317,-5.422915836728559,5,5,closed,107606.66909999998,35.2760910789934,-297.0460610789903,-0.19717714495593888
BAJCOR,MTF,2026-06-18,2026-06-23,,15.0,629.160708,607.41611,9437.41062,-326.16896999999994,-3.4561277784053823,-0.49373253977219794,-0.621575370215266,-7.567336515871559,5,5,closed,47187.053100000005,15.469067083174851,-341.6380370831748,-0.5171485679090327
SOUBAN,MTF,2026-06-17,2026-06-23,,500.0,47.978359600000005,45.80449533333333,23989.1798,-1086.9321333333382,-4.530926619397546,-0.6472752313425059,1.0663982767764368,-4.498610661128155,6,6,closed,143935.07880000002,47.185429970816685,-1134.1175633041548,-0.6753744651067076
SOUBAN,MTF,2026-06-17,2026-06-23,,100.0,48.2004448,45.80449533333333,4820.04448,-239.59494666666714,-4.970803644257393,-0.7101148063224841,0.6007313857817387,-4.938636582872357,6,6,closed,28920.266879999996,9.48076896181592,-249.07571562848307,-0.7382140400866859
SOUBAN,MTF,2026-06-17,2026-06-23,,400.0,48.2004448,45.784521000000005,19280.17792,-966.3695199999978,-5.012243787426618,-0.7160348267752306,0.6007313857817387,-4.938636582872357,6,6,closed,115681.06751999998,37.92307584726368,-1004.2925958472615,-0.7441340605394323
GOOLUC,MTF,2026-06-22,2026-06-23,,20.0,1506.7136699999999,1442.3071949999999,30134.2734,-1288.1295,-4.274632684523261,-0.6106618120747521,-1.553956167398407,-5.3303870270188565,1,1,closed,30134.2734,9.878749913444615,-1298.0082499134446,-0.6153450177021191
HIMCHE,MTF,2026-06-04,2026-06-23,,5.0,645.7824266666667,654.32872,3228.9121333333333,42.73146666666662,1.323401347021269,0.1890573352887531,8.565976875348857,-1.0115522499404395,19,19,closed,61349.330533333334,20.111807099223167,22.619659567443453,0.10007642836878085
HIMCHE,MTF,2026-06-05,2026-06-23,,15.0,658.137345,654.32872,9872.060175,-57.129375000000095,-0.5786975969278907,-0.08267108527541263,6.527916296863534,-2.8698181532306077,18,18,closed,177697.08315000002,58.25343858423423,-115.38281358423433,-0.16696878656801792
ASHMIN,CNC,2026-06-19,2026-06-23,,30.0,716.4396666666667,696.5575466666667,21493.19,-596.4635999999996,-2.775128308082697,-0.39644690115467107,-0.5289582421222683,-3.0972135825347413,4,0,closed,0.0,0.0,-596.4635999999996,-0.39644690115467107
DATPAT,MTF,2026-06-17,2026-06-23,,5.0,4581.73894,4811.109399999999,22908.6947,1146.852299999996,5.006187890748737,0.7151696986783898,6.20858289232864,4.100213095074334,6,6,closed,137452.16820000001,45.0601737325621,1101.7921262674338,0.687070464914188
DATPAT,CNC,2026-06-22,2026-06-23,,4.0,4870.73038,4795.3177000000005,19482.92152,-301.6507199999978,-1.5482827854659376,-0.22118325506656195,-0.09301233380937246,-0.8156965567862162,1,0,closed,0.0,0.0,-301.6507199999978,-0.22118325506656195
MOTSUM,CNC,2026-05-27,2026-06-23,,100.0,141.53441133333334,143.102856,14153.441133333334,156.84446666666645,1.1081719646063748,0.1583102806580532,4.652994706111913,-1.7836025243274656,27,0,closed,0.0,0.0,156.84446666666645,0.1583102806580532
DECGOL,CNC,2026-06-02,2026-06-23,,150.0,165.53396066666664,216.88517866666666,24830.094099999995,7702.682700000003,31.021560647247014,4.431651521035288,37.440075186827436,-7.517466879032075,21,0,closed,0.0,0.0,7702.682700000003,4.431651521035288
ANGBRO,MTF,2026-06-19,2026-06-23,,20.0,358.3930266666667,345.85439125,7167.8605333333335,-250.77270833333387,-3.4985712566133698,-0.49979589380191003,-1.0025381074192818,-4.546133840327327,4,4,closed,28671.442133333334,9.399198140048698,-260.1719064733826,-0.5185287163113779
ANGBRO,MTF,2026-06-19,2026-06-23,,60.0,354.77473625,345.85439125,21286.484174999998,-535.2206999999999,-2.5143687214847388,-0.3591955316406777,0.007121067939341863,-3.572615227333553,4,4,closed,85145.93669999999,27.912915093060967,-563.1336150930608,-0.37792835415014553
INOIND,MTF,2026-06-17,2026-06-23,,7.0,1886.1030066666667,1968.326057142857,13202.721046666667,575.5613533333324,4.359414633536063,0.6227735190765804,8.207239625099172,-3.907687247523284,6,6,closed,79216.32628000001,25.969044150968326,549.592309182364,0.5946742853123786
RRKAB,MTF,2026-05-20,2026-06-23,,2.0,1972.8640749999997,2362.7882916666667,3945.7281499999995,779.848433333334,19.76437310647805,2.823481872354008,20.03868031303677,-1.4022291424207523,34,34,closed,134154.7571,43.97920193721373,735.8692313961203,2.6642528810235313
RRKAB,MTF,2026-05-29,2026-06-23,,6.0,2066.45205,2362.7882916666667,12398.7123,1778.0174500000012,14.340339601234241,2.0486199430334633,14.602223651886813,-2.0640232131202807,25,25,closed,309967.8075,101.61500862706191,1676.4024413729394,1.9315398023492893
RRKAB,CNC,2026-06-01,2026-06-23,,4.0,2110.7169000000004,2362.7882916666667,8442.867600000001,1008.2855666666655,11.94245384905319,1.706064835579028,12.198845804475212,-4.117885255005083,22,0,closed,0.0,0.0,1008.2855666666655,1.706064835579028
UNICAB,CNC,2026-06-18,2026-06-23,,10.0,1243.76642,1268.58374,12437.6642,248.1732000000011,1.9953360696134625,0.2850480099447808,8.45283956130607,-0.6244275351958706,5,0,closed,0.0,0.0,248.1732000000011,0.2850480099447808
UNICAB,CNC,2026-06-19,2026-06-23,,10.0,1255.18778,1267.62174,12551.8778,124.3396000000007,0.9906055650095613,0.14151508071565275,7.46599206056644,0.4391550083446605,4,0,closed,0.0,0.0,124.3396000000007,0.14151508071565275
UNICAB,CNC,2026-06-19,2026-06-23,,5.0,1255.18778,1268.61574,6275.9389,67.13979999999992,1.069796903217135,0.15282812903102017,7.46599206056644,0.4391550083446605,4,0,closed,0.0,0.0,67.13979999999992,0.15282812903102017
UNICAB,CNC,2026-06-22,2026-06-23,,5.0,1372.90551,1268.61574,6864.527550000001,-521.4488500000004,-7.596281698949559,-1.0851830998499365,-1.7485187309066896,-8.17285014756769,1,0,closed,0.0,0.0,-521.4488500000004,-1.0851830998499365
WOCKHA,CNC,2026-06-18,2026-06-23,,6.0,2081.1126266666665,2005.0514166666665,12486.675759999998,-456.36726000000044,-3.654833910734945,-0.5221191301049922,-3.2296486891399745,-4.41651381520296,5,0,closed,0.0,0.0,-456.36726000000044,-0.5221191301049922
ABB,CNC,2026-06-23,2026-06-23,,6.0,7225.585666666667,7141.596866666667,43353.514,-503.9328000000005,-1.1623805166058765,-0.16605435951512504,-0.9284460770584868,-0.9284460770584868,0,0,closed,0.0,0.0,-503.9328000000005,-0.16605435951512504
SUNADV,CNC,2026-06-23,2026-06-23,,120.0,243.24696,236.1065133333333,29189.6352,-856.8536000000029,-2.9354721089491442,-0.4193531584213069,-3.42325347046476,-3.42325347046476,0,0,closed,0.0,0.0,-856.8536000000029,-0.4193531584213069
THERMA,CNC,2026-06-23,2026-06-23,,6.0,4888.933283333334,4803.911,29333.599700000002,-510.13370000000214,-1.7390763670917742,-0.24843948101310986,-1.8211188039086945,-1.8211188039086945,0,0,closed,0.0,0.0,-510.13370000000214,-0.24843948101310986
ADAPOR,CNC,2026-06-10,2026-06-23,,5.0,1834.2751400000002,1776.083992,9171.3757,-290.95574000000056,-3.1724328990251793,-0.45320469986073936,0.4265914000229909,-2.7408723426301296,13,0,closed,0.0,0.0,-290.95574000000056,-0.45320469986073936
ADAPOR,CNC,2026-06-10,2026-06-23,,10.0,1839.2941999999998,1776.083992,18392.942,-632.1020799999974,-3.4366556475848076,-0.4909508067978291,0.15254764572194546,-3.0062727322252125,13,0,closed,0.0,0.0,-632.1020799999974,-0.4909508067978291
ADAPOR,CNC,2026-06-19,2026-06-23,,10.0,1846.37653,1776.083992,18463.7653,-702.9253799999992,-3.8070532666486967,-0.5438647523783857,-0.5999063473797528,-3.3783212138208896,4,0,closed,0.0,0.0,-702.9253799999992,-0.5438647523783857
KWAWAL,MTF,2026-06-04,2026-06-23,,100.0,31.653601333333334,36.0327356,3165.3601333333336,437.9134266666668,13.834553043590493,1.9763647205129276,17.901276404525813,2.8319010441402614,19,19,closed,60141.842533333336,19.7159630774627,418.1974635892041,1.8873838135929553
KWAWAL,MTF,2026-06-17,2026-06-23,,400.0,38.0063775,36.0327356,15202.551,-789.4567599999988,-5.192922950891587,-0.7418461358416555,-2.148001345300543,-5.568479921560532,6,6,closed,91215.306,29.902602405283947,-819.3593624052827,-0.7699453696058572
SHATEC,MTF,2026-06-04,2026-06-23,,100.0,203.986453,216.23563299999998,20398.6453,1224.9179999999967,6.004898766488176,0.857842680926881,9.722972632893413,-1.4297287673314396,19,19,closed,387574.2607,127.05629711129805,1097.8617028886986,0.7688617740069088
KRNHEA,CNC,2026-06-19,2026-06-23,,25.0,1242.510508,1191.072572,31062.762700000003,-1285.948400000001,-4.139839113537702,-0.5914055876482435,-0.5883658892967714,-3.5742561301542075,4,0,closed,0.0,0.0,-1285.948400000001,-0.5914055876482435
SYRTEC,MTF,2026-06-05,2026-06-23,,10.0,1231.27395,1370.8905300000001,12312.7395,1396.1658000000011,11.339197097445307,1.619885299635043,11.510521277575968,-2.4425068036240005,18,18,closed,221629.311,72.65549455252635,1323.5103054474748,1.5355875983424379
SYRTEC,MTF,2026-06-11,2026-06-23,,10.0,1266.64507,1369.3345100000001,12666.450700000001,1026.894400000001,8.107199280379307,1.1581713257684738,8.396585003879586,-2.4509683679580507,12,12,closed,151997.40840000001,49.82845828548519,977.0659417145158,1.1019728582400703
CUMIND,MTF,2026-06-22,2026-06-23,,5.0,5778.48502,5742.27963,28892.4251,-181.0269500000004,-0.6265550550825894,-0.08950786501179823,-0.25067158519691546,-0.7438804435976554,1,1,closed,28892.4251,9.471641747161888,-190.4985917471623,-0.0941910706391652
CUMIND,MTF,2026-06-22,2026-06-23,,5.0,5785.10502,5742.27963,28925.5251,-214.12694999999985,-0.7402698801827423,-0.10575284002610642,-0.364816540530144,-0.8574610111399483,1,1,closed,28925.5251,9.482492734600497,-223.60944273460035,-0.11043604565347338
INDCOU,CNC,2026-06-23,2026-06-23,,80.0,391.87754625,392.8044322222222,31350.203700000002,74.15087777777444,0.23652438908323692,0.03378919844046201,0.38850241984231815,0.38850241984231815,0,0,closed,0.0,0.0,74.15087777777444,0.03378919844046201
INDCOU,CNC,2026-06-23,2026-06-23,,100.0,396.66887199999996,392.8044322222222,39666.8872,-386.4439777777761,-0.9742230990531953,-0.13917472843617107,-0.8240807965390284,-0.8240807965390284,0,0,closed,0.0,0.0,-386.4439777777761,-0.13917472843617107
AVATE,CNC,2026-06-04,2026-06-23,,6.0,1567.5956,1754.3498650000001,9405.5736,1120.5255900000002,11.913421101717825,1.7019173002454022,12.273854302729603,-2.238817205151644,19,0,closed,0.0,0.0,1120.5255900000002,1.7019173002454022
AVATE,MTF,2026-06-04,2026-06-23,,10.0,1622.46832,1754.3498650000001,16224.6832,1318.8154500000019,8.128451161376148,1.161207308768022,8.476694324607825,-5.545151106555968,19,19,closed,308268.9808,101.05809179376662,1217.7573582062353,1.0722264018480496
AVATE,CNC,2026-06-23,2026-06-23,,4.0,1762.68937,1754.3498650000001,7050.75748,-33.35801999999967,-0.47311257116163796,-0.06758751016594859,-0.509980382987163,-0.509980382987163,0,0,closed,0.0,0.0,-33.35801999999967,-0.06758751016594859
GENOVE,CNC,2026-06-23,2026-06-23,,70.0,335.25019714285713,344.1732285714286,23467.5138,624.6122000000014,2.6616036335302073,0.3802290905043144,3.0722734676734254,3.0722734676734254,0,0,closed,0.0,0.0,624.6122000000014,0.3802290905043144
BLIGVS,MTF,2026-06-16,2026-06-23,,25.0,447.588415,467.17693499999996,11189.710375,489.712999999999,4.376458224460511,0.6252083177800735,8.648924704630701,0.9632923586728515,7,7,closed,78327.97262500001,25.677820152435167,464.0351798475638,0.5924258783885048
BLIGVS,MTF,2026-06-17,2026-06-23,,15.0,472.19894,467.17693499999996,7082.9841,-75.33007500000053,-1.0635358478356727,-0.15193369254795253,2.986254056394122,-0.4550920847048001,6,6,closed,42497.904599999994,13.931849818181695,-89.26192481818222,-0.18003292631215428
GOLINT,CNC,2026-06-02,2026-06-23,,30.0,439.28273,469.08378999999996,13178.4819,894.0317999999985,6.784027225472755,0.969146746496107,13.82191146007492,-6.5863572647165025,21,0,closed,0.0,0.0,894.0317999999985,0.969146746496107
GMRINF,CNC,2026-06-23,2026-06-23,,125.0,108.86633040000001,107.22012,13608.2913,-205.77630000000192,-1.512139147109537,-0.21601987815850587,-1.374465727376084,-1.374465727376084,0,0,closed,0.0,0.0,-205.77630000000192,-0.21601987815850587
ARVLIM,CNC,2026-06-09,2026-06-23,,20.0,502.55017749999996,520.537092,10051.00355,359.73829000000137,3.5791280762208277,0.5113040108886886,3.7806816812834487,-1.8505967993613814,14,0,closed,0.0,0.0,359.73829000000137,0.5113040108886886
ARVLIM,CNC,2026-06-11,2026-06-23,,5.0,504.9040033333333,520.537092,2524.5200166666664,78.16544333333354,3.0962496956764785,0.44232138509664026,3.2968636724548084,-2.308162196456076,12,0,closed,0.0,0.0,78.16544333333354,0.44232138509664026
SIEENE,MTF,2026-06-19,2026-06-24,,10.0,3805.6483999999996,3658.0939100000005,38056.484,-1475.5448999999908,-3.8772496692022096,-0.5538928098860296,1.5201509419525028,-2.1112933081258722,5,5,closed,190282.41999999998,62.37921900931024,-1537.924119009301,-0.5773088380228645
PARCOM,MTF,2026-06-18,2026-06-24,,400.0,69.53305,66.58571025,27813.22,-1178.935899999999,-4.23876092016674,-0.6055372743095339,5.072336104917019,-2.003435776224405,6,6,closed,166879.32,54.70711193606202,-1233.6430119360612,-0.6336365080737356
RAIIND,MTF,2026-05-29,2026-06-24,,50.0,185.81367999999998,179.664594,9290.684,-307.45429999999914,-3.3092751836140244,-0.4727535976591469,11.82169149225183,-0.8092407405095092,26,26,closed,241557.78399999999,79.18853413541649,-386.6428341354156,-0.5945169439706879
RAIIND,MTF,2026-06-19,2026-06-24,,50.0,191.24425,179.664594,9562.2125,-578.9828,-6.054904134372663,-0.864986304910381,0.7768861024579854,-3.6258606467906795,5,5,closed,47811.0625,15.67363258652754,-594.6564325865276,-0.8884023330472157
RAIIND,MTF,2026-06-19,2026-06-24,,50.0,191.24425,179.66449400000002,9562.2125,-578.9877999999987,-6.0549564235264475,-0.8649937747894921,0.7768861024579854,-3.6258606467906795,5,5,closed,47811.0625,15.67363258652754,-594.6614325865263,-0.8884098029263269
GOLINT,CNC,2026-06-02,2026-06-24,,25.0,439.28273,455.449536,10982.06825,404.1701500000002,3.680273522248423,0.5257533603212026,13.82191146007492,-6.5863572647165025,22,0,closed,0.0,0.0,404.1701500000002,0.5257533603212026
TDPSYS,MTF,2026-06-22,2026-06-24,,20.0,1305.4233,1247.47088,26108.466,-1159.048399999997,-4.439358482417144,-0.6341940689167354,3.7288058210696917,-3.2574338147633664,2,2,closed,52216.932,17.117984085036653,-1176.1663840850335,-0.6435604801714693
SIEENE,CNC,2026-06-24,2026-06-24,,10.0,3706.6754699999997,3710.9602299999997,37066.7547,42.84760000000006,0.11559576862552046,0.01651368123221676,0.5024591483861585,0.5024591483861585,0,0,closed,0.0,0.0,42.84760000000006,0.01651368123221676
MARPHA,MTF,2026-06-18,2026-06-24,,75.0,265.5307,262.4719426666667,19914.8025,-229.406800000001,-1.1519411252007172,-0.16456301788581704,0.1692083062335037,-3.562940179798435,6,6,closed,119488.815,39.17134835707868,-268.57814835707967,-0.1926622516500188
FSNECO,MTF,2026-06-18,2026-06-25,,100.0,294.391614,301.586822,29439.1614,719.520799999998,2.4440940766743413,0.34915629666776243,4.11302001285947,1.2596778656881247,7,7,closed,206074.1298,67.55612670338766,651.9646732966103,0.3163738572761937
SYRTEC,MTF,2026-06-17,2026-06-25,,15.0,1322.6578466666665,1488.8200466666667,19839.8677,2492.433000000003,12.562750103419296,1.7946785862027579,8.909496407579386,-1.8415833488647615,8,8,closed,158718.9416,52.03194083295936,2440.401059167044,1.7572129411838222
SYRTEC,MTF,2026-06-18,2026-06-25,,10.0,1328.67004,1490.61866,13286.7004,1619.4862000000012,12.188776379724796,1.741253768532115,8.416684100139715,0.401150010125928,7,7,closed,93006.9028,30.489931540385236,1588.996268459616,1.7084713291405462
STLIND,CNC,2026-06-09,2026-06-25,,80.0,185.863505,185.7832,14869.0804,-6.424400000000787,-0.0432064379717878,-0.00617234828168352,6.535169451367007,-7.184576122138675,16,0,closed,0.0,0.0,-6.424400000000787,-0.00617234828168352
STLIND,CNC,2026-06-22,2026-06-25,,20.0,195.84819499999998,185.7832,3916.9638999999997,-201.29989999999964,-5.139181905659118,-0.734168843665588,1.1038166575903396,-7.045352141233652,3,0,closed,0.0,0.0,-201.29989999999964,-0.734168843665588
MISDHA,MTF,2026-06-19,2026-06-25,,50.0,442.6156,420.71443800000003,22130.78,-1095.058099999997,-4.9481224791896095,-0.7068746398842292,-0.19556472930460922,-6.679746488826865,6,6,closed,132784.68,43.53005724228847,-1138.5881572422854,-0.7349738736484309
VEDPOW,CNC,2026-06-23,2026-06-25,,400.0,45.071751000000006,42.031115,18028.7004,-1216.2544000000025,-6.746212278284924,-0.9637446111835598,-2.222569520318851,-5.883399116222499,2,0,closed,0.0,0.0,-1216.2544000000025,-0.9637446111835598
SAVOIL,MTF,2026-06-12,2026-06-25,,30.0,574.3038366666666,542.5404366666667,17229.1151,-952.901999999998,-5.530765767534973,-0.7901093953621383,6.337440394718841,-8.071308897344343,13,13,closed,223978.4963,73.42561479969449,-1026.3276147996926,-0.8509910685179087
EXITEL,CNC,2026-06-18,2026-06-25,,100.0,173.245981,159.47223400000001,17324.5981,-1377.3746999999985,-7.950399149519082,-1.1357713070741542,1.6935567469239077,-8.759788199646612,7,0,closed,0.0,0.0,-1377.3746999999985,-1.1357713070741542
UNICAB,CNC,2026-06-22,2026-06-25,,5.0,1372.90551,1255.3561266666666,6864.527550000001,-587.7469166666674,-8.562088394075529,-1.2231554848679327,-1.7485187309066896,-11.421434968237554,3,0,closed,0.0,0.0,-587.7469166666674,-1.2231554848679327
UNICAB,CNC,2026-06-23,2026-06-25,,10.0,1316.6967399999999,1255.3561266666666,13166.967399999998,-613.406133333333,-4.658674353012627,-0.6655249075732318,-1.7845217722647244,-7.640084230784982,2,0,closed,0.0,0.0,-613.406133333333,-0.6655249075732318
DRECOR,CNC,2026-06-22,2026-06-25,,20.0,1208.228225,1069.48903,24164.5645,-2774.783900000002,-11.4828632645128,-1.6404090377875433,0.8832582105917863,-11.655763545831743,3,0,closed,0.0,0.0,-2774.783900000002,-1.6404090377875433
SHAILY,CNC,2026-06-25,2026-06-25,,8.0,2904.5358125,2829.0440375,23236.2865,-603.9341999999997,-2.599099473145161,-0.3712999247350227,-1.8879372140638728,-1.8879372140638728,0,0,closed,0.0,0.0,-603.9341999999997,-0.3712999247350227
SUNADV,CNC,2026-06-25,2026-06-25,,100.0,232.094856,226.01653299999998,23209.4856,-607.8323000000012,-2.6188960430902464,-0.37412800615574987,-3.091346410538287,-3.091346410538287,0,0,closed,0.0,0.0,-607.8323000000012,-0.37412800615574987
BAJCOR,MTF,2026-06-18,2026-06-25,,10.0,629.160708,578.46996,6291.60708,-506.90747999999985,-8.056883933699178,-1.1509834190998822,-0.621575370215266,-8.060056414076,7,7,closed,44041.24956,14.437795944296527,-521.3452759442964,-1.183765858491451
BAJCOR,MTF,2026-06-19,2026-06-25,,20.0,625.758616,578.46996,12515.17232,-945.7731199999989,-7.557012367209648,-1.0795731953156642,-0.0812799036234102,-7.560202095563307,6,6,closed,75091.03392,24.616672683326314,-970.3897926833253,-1.107672429079866
BAJCOR,MTF,2026-06-19,2026-06-25,,30.0,625.758616,578.74495,18772.75848,-1410.4099799999983,-7.5130673070908145,-1.0732953295844019,-0.0812799036234102,-7.560202095563307,6,6,closed,112636.55088,36.92500902498947,-1447.3349890249879,-1.1013945633486038
BHEL,MTF,2026-06-17,2026-06-25,,75.0,388.366152,403.25046166666664,29127.4614,1116.3232249999978,3.832545547549837,0.547506506792834,6.690554227290124,1.0000480165428982,8,8,closed,233019.6912,76.38953903806059,1039.9336859619373,0.5100408617738983
BHEL,MTF,2026-06-17,2026-06-25,,45.0,394.530084,403.25046166666664,17753.853779999998,392.41699499999925,2.210320079587813,0.315760011369687,5.023676724231763,-0.5779239891881116,8,8,closed,142030.83023999998,46.561170840769854,345.85582415922937,0.27829436635075133
WOCKHA,CNC,2026-06-18,2026-06-25,,9.0,2081.1126266666665,1949.9595700000002,18730.013639999997,-1180.3775099999968,-6.302064337418156,-0.9002949053454513,-3.2296486891399745,-5.569743087490875,7,0,closed,0.0,0.0,-1180.3775099999968,-0.9002949053454513
WOCKHA,CNC,2026-06-22,2026-06-25,,11.0,2017.8024549999998,1949.9595700000002,22195.827005,-746.2717349999953,-3.362216396946527,-0.4803166281352182,-0.1934012415501618,-2.6069179799862896,3,0,closed,0.0,0.0,-746.2717349999953,-0.4803166281352182
LARTOU,MTF,2026-06-25,2026-06-25,,5.0,4212.3421625,4218.73822,21061.7108125,31.980287500000486,0.1518408821804762,0.02169155459721071,0.09633209609902771,0.09633209609902771,0,0,closed,0.0,0.0,31.980287500000486,0.02169155459721071
IOLCHE,MTF,2026-06-12,2026-06-25,,75.0,132.606596,134.370039,9945.4947,132.25822499999964,1.329830531205256,0.18997579017217806,1.2317667817971945,-5.66080136767857,13,13,closed,129291.43109999999,42.38488503884933,89.87333996115031,0.12909411701640758
IOLCHE,CNC,2026-06-25,2026-06-25,,25.0,136.350421,134.370039,3408.760525,-49.5095500000005,-1.4524208913150427,-0.2074886987592925,-1.9731666248394064,-1.9731666248394064,0,0,closed,0.0,0.0,-49.5095500000005,-0.2074886987592925
AVATE,CNC,2026-06-23,2026-06-25,,6.0,1762.68937,1743.1296499999999,10576.13622,-117.35832000000119,-1.109652122086613,-0.15852173172665937,-0.509980382987163,-0.8163304462430632,2,0,closed,0.0,0.0,-117.35832000000119,-0.15852173172665937
AEQLIM,CNC,2026-06-11,2026-06-25,,75.0,182.917587,229.27406266666668,13718.819025,3476.7356750000013,25.342820461909277,3.6204029231298946,29.490009071681023,-3.6998011569002287,14,0,closed,0.0,0.0,3476.7356750000013,3.6204029231298946
SEINVE,CNC,2026-06-01,2026-06-25,,100.0,53.156881999999996,59.2280418,5315.6882,607.1159800000004,11.421211274205302,1.631601610600756,13.21205784793773,-0.8783096043895045,24,0,closed,0.0,0.0,607.1159800000004,1.631601610600756
SEINVE,CNC,2026-06-22,2026-06-25,,250.0,58.78814,59.2280418,14697.035,109.97545000000031,0.7482832421641605,0.1068976060234504,1.0748086263657974,0.49646068067470406,3,0,closed,0.0,0.0,109.97545000000031,0.1068976060234504
SEINVE,CNC,2026-06-25,2026-06-25,,150.0,59.4889254,59.2280418,8923.33881,-39.13253999999995,-0.4385414566590917,-0.06264877952272721,-0.25034138539001827,-0.25034138539001827,0,0,closed,0.0,0.0,-39.13253999999995,-0.06264877952272721
NETTEC,MTF,2026-06-19,2026-06-29,,1.0,5078.20464,4584.4404,5078.20464,-493.7642399999995,-9.723204852965505,-1.3890292647093578,0.6477753917376594,-12.276083462441944,10,10,closed,50782.0464,16.647593582878304,-510.4118335828778,-1.4358613209830273
NETTEC,CNC,2026-06-22,2026-06-29,,4.0,5138.670375,4584.4404,20554.6815,-2216.919899999997,-10.785474345588852,-1.5407820493698354,-0.5365274086100436,-13.30831372891863,7,0,closed,0.0,0.0,-2216.919899999997,-1.5407820493698354
TEJNET,CNC,2026-06-04,2026-06-29,,30.0,577.20976,604.37147,17316.2928,814.8513000000025,4.705691393714484,0.672241627673499,9.552894601089235,-6.351202377451138,25,0,closed,0.0,0.0,814.8513000000025,0.672241627673499
BLIGVS,MTF,2026-06-17,2026-06-29,,10.0,472.19894,518.1328766666667,4721.9894,459.3393666666668,9.72766619651173,1.3896665995016748,12.219650471896436,-2.562254798793062,12,12,closed,56663.872800000005,18.5757997575756,440.7635669090912,1.3334681319732713
BLIGVS,CNC,2026-06-23,2026-06-29,,20.0,468.8116125,518.1328766666667,9376.232250000001,986.425283333333,10.520486876093882,1.5029266965848416,13.03047660748804,-1.858233087176353,6,0,closed,0.0,0.0,986.425283333333,1.5029266965848416
AVATE,CNC,2026-06-23,2026-06-29,,8.0,1762.68937,1774.339975,14101.51496,93.20484000000033,0.6609562182813944,0.09442231689734128,1.2486959060744818,-0.8163304462430632,6,0,closed,0.0,0.0,93.20484000000033,0.09442231689734128
ANGBRO,MTF,2026-06-19,2026-06-29,,20.0,354.77473625,328.73625999999996,7095.494725,-520.7695250000006,-7.339439252419433,-1.0484913217742051,0.007121067939341863,-7.335566372364544,10,10,closed,70954.94725,23.260762577550807,-544.0302875775515,-1.0953233780478748
ANGBRO,CNC,2026-06-22,2026-06-29,,80.0,355.00325250000003,328.73625999999996,28400.260200000004,-2101.3594000000057,-7.399085026692842,-1.0570121466704054,-0.057253700795323326,-7.395214639617997,7,0,closed,0.0,0.0,-2101.3594000000057,-1.0570121466704054
PARDEF,CNC,2026-06-29,2026-06-29,,15.0,1232.1343866666668,1184.5557666666668,18482.0158,-713.6793,-3.8614797634790476,-0.5516399662112922,-3.995861750101959,-3.995861750101959,0,0,closed,0.0,0.0,-713.6793,-0.5516399662112922
BHEL,MTF,2026-06-17,2026-06-29,,5.0,394.530084,407.30008399999997,1972.65042,63.84999999999991,3.236762041193275,0.4623945773133264,5.023676724231763,-0.5779239891881116,12,12,closed,23671.80504,7.76019514012831,56.0898048598716,0.4061961097849229
BHEL,CNC,2026-06-25,2026-06-29,,45.0,405.4730166666667,407.30008399999997,18246.285750000003,82.21802999999738,0.4506014600807129,0.06437163715438624,2.0413154496388364,-0.6838967212820402,4,0,closed,0.0,0.0,82.21802999999738,0.06437163715438624
DELLIM,CNC,2026-06-29,2026-06-29,,50.0,472.170766,466.326612,23608.5383,-292.20770000000016,-1.2377204225303529,-0.1768172032186218,-1.8257729238578047,-1.8257729238578047,0,0,closed,0.0,0.0,-292.20770000000016,-0.1768172032186218
SCI,CNC,2026-06-22,2026-06-29,,80.0,323.649339,305.579545,25891.94712,-1445.5835200000001,-5.583139473057908,-0.7975913532939868,-0.1697327736547516,-5.051559521337379,7,0,closed,0.0,0.0,-1445.5835200000001,-0.7975913532939868
DEEIN,CNC,2026-06-02,2026-06-29,,40.0,531.8185775,457.9949525,21272.7431,-2952.9449999999974,-13.881355056649925,-1.9830507223785603,0.09052382153762473,-13.109466357444033,27,0,closed,0.0,0.0,-2952.9449999999974,-1.9830507223785603
THERMA,MTF,2026-06-29,2026-06-29,,10.0,4930.7413,4877.18332,49307.413,-535.5797999999959,-1.086205435276022,-0.15517220503943172,3.9417744346068373,3.9417744346068373,0,0,closed,0.0,0.0,-535.5797999999959,-0.15517220503943172
WOCKHA,CNC,2026-06-22,2026-06-29,,9.0,2017.8024549999998,1912.3299333333334,18160.222094999997,-949.2526949999972,-5.227098490504433,-0.7467283557863473,-0.1934012415501618,-3.3750803916035355,7,0,closed,0.0,0.0,-949.2526949999972,-0.7467283557863473
WOCKHA,CNC,2026-06-23,2026-06-29,,6.0,2063.408733333333,1912.3299333333334,12380.452399999998,-906.4727999999986,-7.321806754008431,-1.0459723934297755,-2.56898851289149,-5.510722693784587,6,0,closed,0.0,0.0,-906.4727999999986,-1.0459723934297755
SEINVE,CNC,2026-06-25,2026-06-29,,350.0,59.4889254,60.01772872,20821.12389,185.08116200000052,0.888910526529707,0.12698721807567168,1.3970240585317484,-0.25034138539001827,4,0,closed,0.0,0.0,185.08116200000052,0.12698721807567168
SEINVE,MTF,2026-06-29,2026-06-29,,500.0,60.2417692,60.01772872,30120.8846,-112.02023999999966,-0.37190222494328795,-0.053128889277612314,0.12986139191941692,0.12986139191941692,0,0,closed,0.0,0.0,-112.02023999999966,-0.053128889277612314
SEINVE,MTF,2026-06-29,2026-06-29,,400.0,60.647282,60.01772872,24258.9128,-251.82131199999844,-1.0380568745026353,-0.1482938392146614,-0.5396482566193073,-0.5396482566193073,0,0,closed,0.0,0.0,-251.82131199999844,-0.1482938392146614
SHAILY,CNC,2026-06-29,2026-06-29,,10.0,2854.22846,2914.12958,28542.2846,599.0111999999999,2.098679935382597,0.2998114193403725,1.4950288877716655,1.4950288877716655,0,0,closed,0.0,0.0,599.0111999999999,0.2998114193403725
GMRINF,CNC,2026-06-24,2026-06-29,,150.0,109.09921159999999,109.13927199999999,16364.881739999999,6.0090600000002325,0.03671923876671368,0.005245605538101347,0.294033655509951,-0.9433721700698339,5,0,closed,0.0,0.0,6.0090600000002325,0.005245605538101347
MARPHA,MTF,2026-06-18,2026-06-29,,25.0,265.5307,262.602505,6638.267500000001,-73.20487500000041,-1.1027707907221296,-0.1575386843888762,0.1692083062335037,-3.562940179798435,11,11,closed,73020.9425,23.938046218214748,-97.14292121821516,-0.20905394628991275
MARPHA,CNC,2026-06-24,2026-06-29,,35.0,269.61054533333333,262.602505,9436.369086666667,-245.28141166666643,-2.599319816911805,-0.3713314024159725,-2.303524636120946,-5.022261023430097,5,0,closed,0.0,0.0,-245.28141166666643,-0.3713314024159725
GENOVE,CNC,2026-06-23,2026-06-30,,75.0,345.58733333333333,294.4003068571428,25919.05,-3839.0269857142885,-14.811603765239422,-2.115943395034203,0.973029489892574,-13.364880271460578,7,0,closed,0.0,0.0,-3839.0269857142885,-2.115943395034203
GENOVE,CNC,2026-06-24,2026-06-30,,100.0,351.80943,294.4003068571428,35180.943,-5740.91231428572,-16.318244551562245,-2.331177793080321,-0.8127780997797651,-14.897107789293774,6,0,closed,0.0,0.0,-5740.91231428572,-2.331177793080321
BHEL,CNC,2026-06-25,2026-06-30,,15.0,405.4730166666667,416.12328499999995,6082.09525,159.75402499999888,2.626628134440989,0.3752325906344266,2.1276343871793113,-0.6838967212820402,5,0,closed,0.0,0.0,159.75402499999888,0.3752325906344266
BHEL,CNC,2026-06-25,2026-06-30,,45.0,406.54872,416.12328499999995,18294.6924,430.85542499999775,2.355084281165598,0.33644061159508576,1.857410841190199,-0.9466811259423058,5,0,closed,0.0,0.0,430.85542499999775,0.33644061159508576
SEINVE,MTF,2026-06-29,2026-06-30,,350.0,60.647282,59.5188698,21226.5487,-394.94426999999985,-1.8606146273793422,-0.26580208962562046,-0.5396482566193073,-2.551280039227477,1,1,closed,21226.5487,6.958580462499318,-401.90285046249915,-0.2704852952529874
SEINVE,MTF,2026-06-29,2026-06-30,,150.0,60.241165800000005,59.5188698,9036.17487,-108.34440000000107,-1.1990073405916846,-0.17128676294166914,0.13086433330611325,-1.8943288776791967,1,1,closed,9036.17487,2.9622785500739144,-111.30667855007499,-0.1759699685690361
DIAPOW,MTF,2026-05-26,2026-06-30,,50.0,206.29163,209.218265,10314.5815,146.33175000000023,1.4186881939902252,0.20266974199860405,4.386203162968849,-11.295480092915057,35,35,closed,361010.35250000004,118.34800000560111,27.98374999439912,0.038757545040760455
DIAPOW,MTF,2026-06-04,2026-06-30,,50.0,196.555018,209.218265,9827.7509,633.1623500000006,6.442596647418086,0.920370949631155,9.557111383439732,-1.9663797135924477,26,26,closed,255521.52339999998,83.76618854101808,549.3961614589825,0.798607603319614
INOIND,MTF,2026-06-17,2026-06-30,,8.0,1886.1030066666667,1959.1758699999998,15088.824053333334,584.5829066666647,3.874277442697882,0.5534682060996966,8.207239625099172,-3.907687247523284,13,13,closed,196154.71269333333,64.30429980239775,520.278606864267,0.4925865329439261
INOIND,MTF,2026-06-19,2026-06-30,,2.0,1891.829842857143,1959.1758699999998,3783.659685714286,134.69205428571377,3.5598353307053854,0.5085479043864846,7.879681024469054,-1.217331619125006,11,11,closed,41620.25654285715,13.64413537577756,121.0479189099362,0.457032642485448
DATPAT,CNC,2026-06-22,2026-06-30,,1.0,4870.73038,4489.637633333333,4870.73038,-381.09274666666715,-7.824139645082695,-1.117734235011814,-0.09301233380937246,-8.18420131889952,8,0,closed,0.0,0.0,-381.09274666666715,-1.117734235011814
DATPAT,CNC,2026-06-23,2026-06-30,,2.0,4882.13074,4489.637633333333,9764.26148,-784.9862133333336,-8.039381318712223,-1.1484830455303174,-1.0473037844127786,-8.398602205396887,7,0,closed,0.0,0.0,-784.9862133333336,-1.1484830455303174
CLEMAX,MTF,2026-06-17,2026-07-01,,20.0,1323.8665911111111,1307.259485,26477.331822222222,-332.1421222222216,-1.2544395502248396,-0.17920565003211927,12.851250271834203,-1.7650261187949212,14,14,closed,370682.6455111111,121.51881359974354,-453.66093582196515,-0.2447705288152567
CLEMAX,MTF,2026-06-17,2026-07-01,,20.0,1323.8665911111111,1306.5607914285713,26477.331822222222,-346.11599365079655,-1.3072162858959402,-0.18674518369941964,12.851250271834203,-1.7650261187949212,14,14,closed,370682.6455111111,121.51881359974354,-467.6348072505401,-0.25231006248255705
CLEMAX,MTF,2026-06-17,2026-07-01,,15.0,1370.7140399999998,1306.5607914285713,20560.7106,-962.2987285714282,-4.680279525803099,-0.6686113608290146,8.994287386156795,-5.122442606628574,14,14,closed,287849.9484,94.36423487289184,-1056.66296344432,-0.7341762396121521
HIMCHE,MTF,2026-06-05,2026-07-01,,5.0,658.137345,656.8751359999999,3290.686725,-6.31104500000049,-0.19178504450314549,-0.02739786350044996,6.527916296863534,-2.8698181532306077,26,26,closed,85557.85485,28.04795191092759,-34.358996910928084,-0.14916120981199094
HIMCHE,CNC,2026-06-10,2026-07-01,,20.0,683.802675,656.8751359999999,13676.0535,-538.5507800000028,-3.9379107430371096,-0.5625586775767301,2.529578434304902,-6.515428592027661,21,0,closed,0.0,0.0,-538.5507800000028,-0.5625586775767301
HIMCHE,MTF,2026-06-16,2026-07-01,,20.0,684.32515,657.2231266666666,13686.503,-542.0404666666673,-3.9604014748447214,-0.5657716392635318,2.4512981877109263,-6.586803071610037,15,15,closed,205297.545,67.30154326200353,-609.3420099286708,-0.6360197236740363
HIMCHE,CNC,2026-06-18,2026-07-01,,10.0,705.1556866666667,657.2231266666666,7051.556866666668,-479.3256000000008,-6.7974435867604655,-0.9710633695372096,-2.1067243656349044,-9.346260395092143,13,0,closed,0.0,0.0,-479.3256000000008,-0.9710633695372096
HIMCHE,CNC,2026-06-18,2026-07-01,,20.0,705.1556866666667,657.173125,14103.113733333335,-959.651233333334,-6.804534455856759,-0.9720763508366804,-2.1067243656349044,-9.346260395092143,13,0,closed,0.0,0.0,-959.651233333334,-0.9720763508366804
HIMCHE,MTF,2026-06-30,2026-07-01,,25.0,689.6858199999999,657.173128,17242.1455,-812.8172999999975,-4.714130848739195,-0.6734472641055999,-1.5203763359959876,-6.399409516640486,1,1,closed,17242.1455,5.652395898343594,-818.4696958983411,-0.6781304697329669
LARTOU,MTF,2026-06-25,2026-07-01,,3.0,4212.3421625,4081.8791125,12637.0264875,-391.3891500000009,-3.0971617443956934,-0.44245167777081335,0.09633209609902771,-2.84265042773576,6,6,closed,75822.158925,24.85635329496704,-416.24550329496793,-0.4705509115350151
LARTOU,MTF,2026-06-25,2026-07-01,,5.0,4269.0070399999995,4081.8791125,21345.0352,-935.6396374999986,-4.3834063927896345,-0.6262009132556626,-1.2323015517913039,-4.13227334476356,6,6,closed,128070.21119999999,41.98453936529406,-977.6241768652926,-0.6543001470198644
ADAENT,MTF,2026-06-24,2026-07-02,,10.0,3051.33154,3162.79555,30513.3154,1114.640099999997,3.652962929095538,0.5218518470136468,4.134865659337694,-2.911238547352346,8,8,closed,244106.5232,80.02407301890564,1034.6160269810912,0.48438620199471116
NITSPI,MTF,2026-06-04,2026-07-02,,40.0,537.2074949999999,554.16515,21488.299799999993,678.3062000000064,3.1566303817113006,0.4509471973873272,6.476548693722184,-2.439931520315042,28,28,closed,601672.3943999999,197.2428880299803,481.06331197002606,0.3198174398210523
NITSPI,CNC,2026-06-24,2026-07-02,,30.0,563.1314833333333,554.3280633333333,16893.9445,-264.1026000000022,-1.5632974288509294,-0.22332820412156068,1.5748571921732069,-2.260836715782988,8,0,closed,0.0,0.0,-264.1026000000022,-0.22332820412156068
SUPLIF,CNC,2026-07-02,2026-07-02,,15.0,1034.15544,1002.6315400000001,15512.3316,-472.8584999999987,-3.0482748318763297,-0.43546783312518983,-3.7862238581851893,-3.7862238581851893,0,0,closed,0.0,0.0,-472.8584999999987,-0.43546783312518983
AVATE,CNC,2026-06-23,2026-07-02,,2.0,1762.68937,1801.63635,3525.37874,77.89395999999988,2.209520330856707,0.3156457615509576,2.224477589037721,-0.8163304462430632,9,0,closed,0.0,0.0,77.89395999999988,0.3156457615509576
AVATE,CNC,2026-06-24,2026-07-02,,8.0,1783.191425,1801.63635,14265.5314,147.5594000000001,1.034377170134726,0.14776816716210303,1.0491624588201631,-1.9566842073615254,8,0,closed,0.0,0.0,147.5594000000001,0.14776816716210303
AVATE,CNC,2026-06-24,2026-07-02,,4.0,1797.5668833333332,1801.63635,7190.267533333333,16.27786666666725,0.22638749658763224,0.03234107094109155,0.24105454472056476,-2.7407538373189655,8,0,closed,0.0,0.0,16.27786666666725,0.03234107094109155
AVATE,CNC,2026-06-24,2026-07-02,,2.0,1797.5668833333332,1801.6365375,3595.1337666666664,8.139308333333702,0.22639792735390518,0.03234256105055783,0.24105454472056476,-2.7407538373189655,8,0,closed,0.0,0.0,8.139308333333702,0.03234256105055783
AVATE,MTF,2026-06-29,2026-07-02,,6.0,1799.0695249999999,1801.6365375,10794.41715,15.402075000000877,0.14268556408347788,0.020383652011925015,0.15732993976429466,-0.7987198271284024,3,3,closed,32383.251449999996,10.616019779615549,4.786055220385329,0.006334035129824136
WOCKHA,CNC,2026-07-01,2026-07-02,,14.0,1992.1030214285715,1896.7905642857143,27889.442300000002,-1334.374400000002,-4.7845144612303825,-0.6835020658900539,-1.4759789585322758,-2.1134961884842096,1,0,closed,0.0,0.0,-1334.374400000002,-0.6835020658900539
KGKHOS,CNC,2026-05-19,2026-07-02,,20.0,1575.1648300000002,1865.417755,31503.2966,5805.058499999996,18.42682870211112,2.6324041003015877,32.77975486540032,-1.3880979046491437,44,0,closed,0.0,0.0,5805.058499999996,2.6324041003015877
KGKHOS,MTF,2026-06-09,2026-07-02,,10.0,1646.7090899999998,1864.5177899999999,16467.0909,2178.0870000000004,13.226908220929289,1.889558317275614,27.010897838670477,-4.360763563890924,23,23,closed,378743.0907,124.16122415848166,2053.9257758415188,1.781844587846174
KGKHOS,MTF,2026-06-17,2026-07-02,,10.0,1716.9503100000002,1865.41775,17169.5031,1484.674399999999,8.647159975177132,1.235308567882449,21.81482409936486,6.467845304154429,15,15,closed,257542.54650000003,84.42872921386521,1400.2456707861338,1.1650604834719445
DIAPOW,MTF,2026-06-18,2026-07-03,,75.0,205.81357733333334,203.69010555555556,15436.0183,-159.26038333333352,-1.0317452353197476,-0.1473921764742489,2.1749889995919425,-3.3640041745739646,15,15,closed,231540.2745,75.90455015503434,-235.16493348836786,-0.2176402608847533
DIAPOW,CNC,2026-06-24,2026-07-03,,33.0,205.39679800000002,203.69010555555556,6778.094334,-56.32085066666707,-0.8309245621465178,-0.11870350887807318,2.382316592880862,-3.167915986694214,9,0,closed,0.0,0.0,-56.32085066666707,-0.11870350887807318
DIAPOW,CNC,2026-06-24,2026-07-03,,67.0,205.39679800000002,202.75755999999998,13761.585466,-176.8289460000023,-1.284946029197609,-0.18356371845680128,2.382316592880862,-3.167915986694214,9,0,closed,0.0,0.0,-176.8289460000023,-0.18356371845680128
DIAPOW,MTF,2026-06-29,2026-07-03,,8.0,210.72342592592594,202.75755999999998,1685.7874074074075,-63.72692740740763,-3.780246971082435,-0.5400352815832049,-0.20568473771791496,-5.615619561009632,4,4,closed,6743.14962962963,2.2105689404161244,-65.93749634782375,-0.5587681040926727
DEEDEV,CNC,2026-06-30,2026-07-03,,25.0,663.3313880000001,698.8254039999999,16583.2847,887.3503999999969,5.350872375724203,0.7644103393891706,6.929961830782516,-3.004740671189232,3,0,closed,0.0,0.0,887.3503999999969,0.7644103393891706
THERMA,MTF,2026-06-29,2026-07-03,,10.0,4980.66457,4708.70945,49806.6457,-2719.5511999999962,-5.4602175307701835,-0.7800310758243125,3.590593734763403,-7.492264631665401,4,4,closed,199226.5828,65.31133375830348,-2784.8625337583,-0.7987638983337804
BHEL,CNC,2026-06-25,2026-07-03,,15.0,406.54872,392.766726,6098.2308,-206.72990999999996,-3.3899981286375724,-0.48428544694822434,1.857410841190199,-5.644765035787092,8,0,closed,0.0,0.0,-206.72990999999996,-0.48428544694822434
BHEL,CNC,2026-06-29,2026-07-03,,35.0,402.359144,392.766726,14082.57004,-335.7346300000003,-2.384043743765396,-0.34057767768077113,2.918004020805842,-4.662288475293108,4,0,closed,0.0,0.0,-335.7346300000003,-0.34057767768077113
BHEL,CNC,2026-06-29,2026-07-03,,15.0,402.359144,392.81672480000003,6035.38716,-143.13628799999975,-2.371617332996412,-0.3388024761423442,2.918004020805842,-4.662288475293108,4,0,closed,0.0,0.0,-143.13628799999975,-0.3388024761423442
BHEL,CNC,2026-06-29,2026-07-03,,110.0,410.42365466666666,392.81672480000003,45146.60201333333,-1936.7622853333296,-4.289940325434316,-0.6128486179191887,0.8957440175613618,-6.535601533116308,4,0,closed,0.0,0.0,-1936.7622853333296,-0.6128486179191887
RASPER,MTF,2026-07-01,2026-07-03,,30.0,790.1863333333333,767.1176366666666,23705.59,-692.0609000000013,-2.919399601528594,-0.41705708593265567,0.8875965542304742,-4.079586291672122,2,2,closed,47411.18,15.542541348327552,-707.6034413483288,-0.4264234971873896
WHEIND,CNC,2026-06-04,2026-07-03,,15.0,1536.8886200000002,1474.3471733333333,23053.3293,-938.1217000000026,-4.069354529195934,-0.5813363613137044,16.208811540292345,-3.682024791100358,29,0,closed,0.0,0.0,-938.1217000000026,-0.5813363613137044
WHEIND,MTF,2026-06-25,2026-07-03,,8.0,1664.7439125,1474.246925,13317.9513,-1523.9759000000013,-11.443020519229574,-1.6347172170327955,7.283768187378792,-10.400633466800569,8,8,closed,106543.6104,34.92759450496911,-1558.9034945049705,-1.6721828620517312
MOTSUM,CNC,2026-05-27,2026-07-03,,50.0,141.53441133333334,146.83671485714285,7076.720566666667,265.11517619047567,3.7462999095830174,0.5351857013690015,7.189480332596809,-1.7836025243274656,37,0,closed,0.0,0.0,265.11517619047567,0.5351857013690015
MOTSUM,MTF,2026-06-19,2026-07-03,,100.0,145.582505,146.83671485714285,14558.2505,125.4209857142854,0.8615113863735591,0.12307305519622251,4.208950107020071,-1.3549052477150214,14,14,closed,203815.507,66.81569505289352,58.60529066139188,0.05750817641308506
MOTSUM,CNC,2026-06-22,2026-07-03,,25.0,145.88185655172416,146.83671485714285,3647.046413793104,23.871457635467408,0.6545421946149599,0.09350602780213646,3.995111925525441,-1.5573263224262779,11,0,closed,0.0,0.0,23.871457635467408,0.09350602780213646
ASIOIL,CNC,2026-06-03,2026-07-06,,10.0,353.66058599999997,326.88975066666666,3536.6058599999997,-267.7083533333331,-7.569640608278949,-1.0813772297541362,8.522129746174212,-7.524328990395313,33,0,closed,0.0,0.0,-267.7083533333331,-1.0813772297541362
ASIOIL,MTF,2026-06-05,2026-07-06,,40.0,374.74960500000003,326.88975066666666,14989.9842,-1914.394173333335,-12.771155378091292,-1.8244507682987556,2.4150512446837524,-12.728393669687799,31,31,closed,464689.5102,152.33655704029258,-2066.7307303736275,-1.9696301427471314
ASIOIL,CNC,2026-06-05,2026-07-06,,25.0,385.20978799999995,326.88975066666666,9630.2447,-1458.0009333333323,-15.139811902529665,-2.1628302717899524,-0.3659792777643389,-15.098211367360149,31,0,closed,0.0,0.0,-1458.0009333333323,-2.1628302717899524
TEJNET,CNC,2026-06-04,2026-07-06,,10.0,577.20976,581.414732,5772.097599999999,42.04971999999998,0.7284998091508399,0.10407140130726227,9.552894601089235,-6.351202377451138,32,0,closed,0.0,0.0,42.04971999999998,0.10407140130726227
TEJNET,MTF,2026-06-17,2026-07-06,,15.0,604.214316,581.414732,9063.214740000001,-341.99376000000143,-3.7734266461836197,-0.5390609494548027,4.656573545999865,-5.66261260185038,19,19,closed,172201.08006000004,56.45171470229624,-398.4454747022977,-0.6280418563747749
ONTECH,MTF,2026-06-17,2026-07-06,,60.0,278.759985,319.65819666666664,16725.5991,2453.8927000000003,14.671478643775448,2.095925520539351,15.134889248899919,-2.460893015186527,19,19,closed,317786.38289999997,104.178128368851,2349.7145716311493,2.0069446136193787
SHIBIM,CNC,2026-06-10,2026-07-06,,15.0,721.24915,754.35938,10818.73725,496.65345,4.590678547073512,0.6558112210105006,10.093717268158997,-7.334379527518331,26,0,closed,0.0,0.0,496.65345,0.6558112210105006
SHIBIM,MTF,2026-06-16,2026-07-06,,15.0,742.8728333333333,753.94006,11143.0925,166.00840000000005,1.4897875073728306,0.21282678676754876,6.889088464445559,-1.8539960966850066,20,20,closed,222861.85,73.0595509031788,92.94884909682125,0.11916267422020957
SHIBIM,CNC,2026-06-23,2026-07-06,,5.0,779.36666,753.94006,3896.8333000000002,-127.13300000000004,-3.2624695544456572,-0.46606707920652257,1.8840092543861209,-5.121679184993622,13,0,closed,0.0,0.0,-127.13300000000004,-0.46606707920652257
SHIBIM,CNC,2026-06-23,2026-07-06,,10.0,779.36666,752.4481066666667,7793.6666000000005,-269.18553333333307,-3.453901060295972,-0.4934144371851389,1.8840092543861209,-5.121679184993622,13,0,closed,0.0,0.0,-269.18553333333307,-0.4934144371851389
SHIBIM,MTF,2026-06-30,2026-07-06,,5.0,760.2280533333334,752.4481066666667,3801.140266666667,-38.8997333333333,-1.0233701101339698,-0.14619573001913838,4.4489211518003335,-2.733134253889846,6,6,closed,22806.8416,7.4766390246510825,-46.37637235798439,-0.17429496378334014
PARDEF,CNC,2026-06-30,2026-07-06,,6.0,1260.0318666666667,1335.1026666666667,7560.1912,450.4247999999998,5.957849320001318,0.8511213314287601,7.806797267243715,1.4180699556910703,6,0,closed,0.0,0.0,450.4247999999998,0.8511213314287601
SCI,CNC,2026-06-22,2026-07-06,,20.0,323.649339,291.954927,6472.98678,-633.88824,-9.792824573017278,-1.3989749390024686,-0.1697327736547516,-9.238189422039877,14,0,closed,0.0,0.0,-633.88824,-1.3989749390024686
SCI,CNC,2026-06-24,2026-07-06,,80.0,330.0631925,291.954927,26405.0554,-3048.6612400000013,-11.545748319088933,-1.6493926170127042,-2.1096543505074394,-11.001890948503757,12,0,closed,0.0,0.0,-3048.6612400000013,-1.6493926170127042
AEQLIM,CNC,2026-06-11,2026-07-06,,25.0,182.917587,231.263066,4572.939675,1208.6369750000003,26.430197223189932,3.7757424604557026,30.960616706582744,-3.6998011569002287,25,0,closed,0.0,0.0,1208.6369750000003,3.7757424604557026
AEQLIM,MTF,2026-06-18,2026-07-06,,25.0,209.941842,231.263066,5248.54605,533.0306,10.155776379250781,1.4508251970358261,14.103028590174983,-3.273212207026366,18,18,closed,94473.8289,30.970825700036833,502.05977429996324,1.3665274957432207
SHIBIM,MTF,2026-06-30,2026-07-06,,10.0,760.2280533333334,735.76015,7602.280533333334,-244.67903333333425,-3.218495190495829,-0.4597850272136903,4.4489211518003335,-2.733134253889846,6,6,closed,45613.6832,14.953278049302165,-259.63231138263643,-0.48788426097789206
SHIBIM,MTF,2026-07-03,2026-07-06,,10.0,785.678355,735.76015,7856.78355,-499.1820500000006,-6.353516637224921,-0.907645233889274,1.0655308176333644,-5.883877887917633,3,3,closed,23570.35065,7.7269359162164735,-506.90898591621703,-0.9216948507713749
INOIND,MTF,2026-06-19,2026-07-06,,5.0,1891.829842857143,1858.0383266666665,9459.149214285715,-168.95758095238193,-1.7861815806564652,-0.25516879723663743,7.879681024469054,-1.217331619125006,17,17,closed,160805.53664285716,52.71597758823148,-221.6735585406134,-0.33478329290187575
INOIND,CNC,2026-06-30,2026-07-06,,10.0,1950.1118099999999,1858.0383266666665,19501.1181,-920.7348333333334,-4.721446373545801,-0.6744923390779712,0.42501101513765516,-4.056783287723375,6,0,closed,0.0,0.0,-920.7348333333334,-0.6744923390779712
BANMAH,CNC,2026-05-19,2026-07-07,,150.0,78.5278044,85.480352,11779.17066,1042.8821400000004,8.853612619277573,1.2648018027539378,19.511809501196243,-1.1305605788718531,49,0,closed,0.0,0.0,1042.8821400000004,1.2648018027539378
BANMAH,CNC,2026-05-19,2026-07-07,,100.0,78.5278044,85.720144,7852.7804399999995,719.2339600000012,9.15897197808324,1.3084245682976046,19.511809501196243,-1.1305605788718531,49,0,closed,0.0,0.0,719.2339600000012,1.3084245682976046
BANMAH,MTF,2026-06-12,2026-07-07,,50.0,86.30346333333334,85.720144,4315.173166666667,-29.165966666666776,-0.6758933081055574,-0.09655618687222282,8.744187515997325,-3.607576351030184,25,25,closed,107879.32916666669,35.365475700093434,-64.53144236676022,-0.21363632755639686
RRKAB,CNC,2026-06-01,2026-07-07,,6.0,2110.7169000000004,2253.7904200000003,12664.301400000002,858.4411199999995,6.77843248424268,0.9683474977489528,18.552137427809477,-4.117885255005083,36,0,closed,0.0,0.0,858.4411199999995,0.9683474977489528
RRKAB,MTF,2026-06-03,2026-07-07,,4.0,2101.52315,2253.7904200000003,8406.0926,609.0690800000011,7.245567102127826,1.0350810145896885,19.070779686628736,1.2646470251826525,34,34,closed,285807.1484,93.69455520100088,515.3745247990003,0.8758520232592119
RRKAB,MTF,2026-06-03,2026-07-07,,2.0,2101.52315,2255.2883666666667,4203.0463,307.53043333333335,7.316846196372695,1.0452637423389566,19.070779686628736,1.2646470251826525,34,34,closed,142903.5742,46.84727760050044,260.6831557328329,0.88603475100848
RRKAB,MTF,2026-06-17,2026-07-07,,4.0,2267.55573,2255.2883666666667,9070.22292,-49.06945333333351,-0.5409950093413274,-0.07728500133447579,10.35230432903187,-3.3981846170546004,20,20,closed,181404.4584,59.4688066285835,-108.53825996191702,-0.170949113881815
RRKAB,MTF,2026-06-17,2026-07-07,,6.0,2267.55573,2260.7848666666664,13605.33438,-40.62518000000182,-0.2985974388084234,-0.04265677697263183,10.35230432903187,-3.3981846170546004,20,20,closed,272106.6876,89.20320994287525,-129.82838994287707,-0.136320889519971
BHACOK,MTF,2026-06-24,2026-07-07,,500.0,41.8440838,37.6922228,20922.0419,-2075.9304999999986,-9.922217486812313,-1.417459640973187,-0.15314900980099022,-9.234480598186746,13,13,closed,271986.5447,89.16382416949948,-2165.094324169498,-1.4783413141289574
DATPAT,CNC,2026-06-23,2026-07-07,,3.0,4882.13074,4481.380542857143,14646.392219999998,-1202.2505914285694,-8.208510146183768,-1.1726443065976806,-1.0473037844127786,-9.93891327047911,14,0,closed,0.0,0.0,-1202.2505914285694,-1.1726443065976806
DATPAT,CNC,2026-06-30,2026-07-07,,3.0,4495.8725,4481.380542857143,13487.6175,-43.475871428571736,-0.3223391486937732,-0.04604844981339549,3.577225555217578,-2.201408069290234,7,0,closed,0.0,0.0,-43.475871428571736,-0.04604844981339549
DATPAT,MTF,2026-07-02,2026-07-07,,1.0,4636.4767,4481.380542857143,4636.4767,-155.096157142857,-3.345129657242907,-0.47787566532041453,0.4361781867683989,-5.167214579122126,5,5,closed,23182.3835,7.599750820408528,-162.69590796326554,-0.5012916934572493
INOIND,MTF,2026-07-02,2026-07-07,,15.0,1914.8479133333335,1794.0510199999999,28722.7187,-1811.9534000000044,-6.308432773809825,-0.9012046819728325,-0.4098452560481469,-5.663526203736424,5,5,closed,143613.59350000002,47.08003924719139,-1859.0334392471957,-0.9246207101096674
PREEXP,CNC,2026-06-29,2026-07-07,,30.0,781.15171,698.903204,23434.5513,-2467.455180000001,-10.529133450914419,-1.5041619215592033,3.501021587727182,-11.636882930205704,8,0,closed,0.0,0.0,-2467.455180000001,-1.5041619215592033
PREEXP,CNC,2026-06-29,2026-07-07,,20.0,789.4134799999999,698.903204,15788.2696,-1810.2055199999995,-11.465509304452215,-1.6379299006360297,2.417810245652263,-12.56166540252137,8,0,closed,0.0,0.0,-1810.2055199999995,-1.6379299006360297
ARVLIM,CNC,2026-06-11,2026-07-07,,25.0,504.9040033333333,535.6499866666667,12622.600083333333,768.6495833333339,6.089471093584331,0.8699244419406174,16.279529598501053,-2.308162196456076,26,0,closed,0.0,0.0,768.6495833333339,0.8699244419406174
ARVLIM,MTF,2026-06-18,2026-07-07,,5.0,512.0288633333333,535.6499866666667,2560.144316666667,118.10561666666672,4.613240585610479,0.6590343693729254,14.661504856962537,-0.6794271929683293,19,19,closed,48642.74201666667,15.946277420010883,102.15933924665583,0.5700534624529532
ARVLIM,MTF,2026-06-18,2026-07-07,,25.0,512.0288633333333,535.9366433333333,12800.721583333334,597.6945000000001,4.669225059766968,0.6670321513952823,14.661504856962537,-0.6794271929683293,19,19,closed,243213.71008333334,79.73138710005442,517.9631128999456,0.5780512444753101
ARVLIM,MTF,2026-06-19,2026-07-07,,5.0,520.04512,535.9366433333333,2600.2255999999998,79.4576166666667,3.055797030329477,0.43654243290421024,12.894050423932457,-2.210408204580405,18,18,closed,46804.06079999999,15.343512864552972,64.11410380211372,0.35224473161160497
RAYREA,CNC,2026-06-24,2026-07-07,,15.0,653.06186,669.8993866666666,9795.9279,252.56289999999865,2.5782437618798504,0.36832053741140836,7.616145276038622,-5.185092266757085,13,0,closed,0.0,0.0,252.56289999999865,0.36832053741140836
DATPAT,MTF,2026-07-02,2026-07-07,,6.0,4636.4767,4416.770894117647,27818.860200000003,-1318.234835294119,-4.738637118188327,-0.6769481597411893,0.4361781867683989,-5.167214579122126,5,5,closed,139094.301,45.59850492245117,-1363.8333402165702,-0.700364187878024
WOCKHA,CNC,2026-07-02,2026-07-07,,14.0,1954.593385714286,1873.7019214285715,27364.3074,-1132.4805000000015,-4.138531567585013,-0.5912187953692873,-0.2350046688921581,-4.972562908718093,5,0,closed,0.0,0.0,-1132.4805000000015,-0.5912187953692873
GENOVE,MTF,2026-07-01,2026-07-07,,100.0,310.228313,309.37287499999996,31022.8313,-85.54380000000492,-0.27574465777404633,-0.03939209396772099,3.6172349620455124,-0.7505159595152855,6,6,closed,186136.9878,61.02024521082667,-146.56404521083158,-0.06749132773192275
BHAFOR,CNC,2026-05-20,2026-07-07,,7.0,1891.3008399999999,2099.1819,13239.10588,1455.1674200000011,10.991432753765395,1.5702046791093431,14.783431281085901,-0.1639527638553684,48,0,closed,0.0,0.0,1455.1674200000011,1.5702046791093431
BHAFOR,CNC,2026-05-20,2026-07-07,,3.0,1891.3008399999999,2099.6793000000002,5673.90252,625.1353800000011,11.017732112887991,1.5739617304125704,14.783431281085901,-0.1639527638553684,48,0,closed,0.0,0.0,625.1353800000011,1.5739617304125704
BHAFOR,MTF,2026-06-19,2026-07-07,,2.0,2033.48632,2099.6793000000002,4066.97264,132.38596000000052,3.2551475438497235,0.46502107769281853,6.7575414030815795,0.38916809629681026,18,18,closed,73205.50752,23.998551134034283,108.38740886596624,0.38072337640021325
BHAFOR,MTF,2026-06-19,2026-07-07,,3.0,2033.48632,2099.48133,6100.45896,197.98503000000028,3.2454120468339287,0.46363029240484804,6.7575414030815795,0.38916809629681026,18,18,closed,109808.26128,35.99782670105143,161.98720329894886,0.3793325911122427
BHAFOR,MTF,2026-07-02,2026-07-07,,7.0,2154.1295714285716,2099.48133,15078.907000000001,-382.53769000000057,-2.5369059574410824,-0.36241513677729753,-0.2427695853552292,-1.9743274495956586,5,5,closed,75394.535,24.716167740930068,-407.25385774093064,-0.38583116491413233
AVATE,MTF,2026-06-29,2026-07-07,,2.0,1799.0695249999999,1638.104225,3598.1390499999998,-321.9305999999997,-8.947141717605378,-1.2781631025150535,0.15732993976429466,-8.847324841434345,8,8,closed,28785.112399999998,9.436462026324932,-331.3670620263246,-1.3156287475339892
AVATE,MTF,2026-06-29,2026-07-07,,14.0,1797.47615,1638.104225,25164.6661,-2231.206949999999,-8.8664277965524,-1.2666325423646285,0.24611453119975923,-8.7665224375856,8,8,closed,201317.3288,65.99673129858513,-2297.203681298584,-1.3040981873835642
AVATE,MTF,2026-06-30,2026-07-07,,8.0,1819.5563125,1638.104225,14556.4505,-1451.6167000000005,-9.972326014504706,-1.4246180020721009,-0.9703636198948318,-9.87363299864895,7,7,closed,101895.1535,33.40371693908342,-1485.0204169390838,-1.4574004414636696
ANARAT,MTF,2026-06-19,2026-07-07,,10.0,1835.68907,2022.4241000000002,18356.8907,1867.3503000000028,10.172475995621655,1.4532108565173782,14.153319004072952,1.7329149320478354,18,18,closed,330424.0326,108.32105822227227,1759.0292417777305,1.3689131552247729
SAILIF,CNC,2026-05-15,2026-07-07,,15.0,1010.93958,1220.820428,15164.0937,3148.2127200000004,20.760968523954727,2.9658526462792447,24.369450447275987,7.909515225430197,53,0,closed,0.0,0.0,3148.2127200000004,2.9658526462792447
SAILIF,MTF,2026-06-03,2026-07-07,,10.0,1146.24325,1220.820428,11462.432499999999,745.77178,6.5062261435345325,0.9294608776477916,9.68875934492961,-0.7453260902517855,34,34,closed,389722.70499999996,127.76060956180716,618.0111704381928,0.770231886317315
BLIGVS,CNC,2026-06-23,2026-07-07,,20.0,468.8116125,504.06399250000004,9376.232250000001,705.0476000000003,7.51951936770765,1.0742170525296635,15.099537983394118,-1.858233087176353,14,0,closed,0.0,0.0,705.0476000000003,1.0742170525296635
BLIGVS,MTF,2026-06-24,2026-07-07,,20.0,466.938525,504.06399250000004,9338.7705,742.5093500000003,7.950825539614659,1.1358322199449522,15.561250809193773,-1.4645450383431124,13,13,closed,121404.01650000001,39.7991981280426,702.7101518719577,1.0749505467891818
SYRTEC,MTF,2026-06-19,2026-07-07,,15.0,1335.8876266666666,1355.7082733333332,20038.3144,297.30969999999843,1.4837061344840308,0.21195801921200547,7.830926138178573,-0.14130130626156534,18,18,closed,360689.6592,118.24286891889578,179.06683108110263,0.1276603179194002
SYRTEC,CNC,2026-06-23,2026-07-07,,10.0,1398.50933,1356.66791,13985.0933,-418.414200000002,-2.9918584812015703,-0.4274083544573665,3.002530558734273,-3.0396171901119984,14,0,closed,0.0,0.0,-418.414200000002,-0.4274083544573665
AEQLIM,MTF,2026-06-18,2026-07-07,,25.0,209.941842,240.26088166666665,5248.54605,757.975991666666,14.441637444843725,2.0630910635491024,15.474837074164572,-3.273212207026366,19,19,closed,99722.37495,32.69142712781666,725.2845645388494,1.9741101566291301
AEQLIM,CNC,2026-06-25,2026-07-07,,35.0,238.04581066666665,240.26088166666665,8331.603373333333,77.52748499999981,0.9305229921066527,0.13293185601523552,1.841741856769108,-3.8210337082568713,12,0,closed,0.0,0.0,77.52748499999981,0.13293185601523552
AEQLIM,CNC,2026-06-25,2026-07-08,,40.0,238.04581066666665,264.9200866666667,9521.832426666666,1074.9710400000015,11.289539574225827,1.6127913677465477,7.601137479655318,-3.8210337082568713,13,0,closed,0.0,0.0,1074.9710400000015,1.6127913677465477
AEQLIM,CNC,2026-06-29,2026-07-08,,20.0,231.49438933333334,264.9200866666667,4629.887786666667,668.5139466666669,14.439096096278604,2.062728013754087,10.64631014930515,-0.4554707940740199,9,0,closed,0.0,0.0,668.5139466666669,2.062728013754087
DIAPOW,MTF,2026-06-29,2026-07-08,,50.0,210.72342592592594,233.12440800000002,10536.171296296297,1120.049103703704,10.630513420918163,1.5186447744168787,9.778966901059082,-5.615619561009632,9,9,closed,94825.54166666667,31.08612572460175,1088.9629779791023,1.4764959237705761
GLAPH,MTF,2026-06-05,2026-07-08,,5.0,2288.5990666666667,2477.33342,11442.995333333332,943.6717666666664,8.246719841943474,1.178102834563354,11.421875379599044,-4.802023572732395,33,33,closed,377618.84599999996,123.79266932109121,819.8790973455751,1.0235570488602443
GLAPH,CNC,2026-06-11,2026-07-08,,5.0,2314.84738,2477.33342,11574.2369,812.4301999999989,7.01929817939011,1.0027568827700162,10.158450273296204,-5.881484074341015,27,0,closed,0.0,0.0,812.4301999999989,1.0027568827700162
AZAENG,MTF,2026-07-03,2026-07-08,,6.0,2113.66754,2238.82055,12682.005239999999,750.91806,5.921130340110148,0.8458757628728796,7.647014345501102,1.6763497252741955,5,5,closed,63410.02619999999,20.787353407192843,730.1307065928071,0.8224597347360448
AZAENG,MTF,2026-07-03,2026-07-08,,9.0,2113.66754,2238.3402466666666,19023.007859999998,1122.0543600000005,5.898406646613252,0.8426295209447496,7.647014345501102,1.6763497252741955,5,5,closed,95115.03929999999,31.18103011078927,1090.8733298892112,0.8192134928079149
AZAENG,MTF,2026-07-06,2026-07-08,,6.0,2202.42635,2238.3402466666666,13214.558100000002,215.48337999999876,1.6306514252640625,0.23295020360915297,3.308789417634772,1.2247242683052662,2,2,closed,26429.116200000004,8.664108999992273,206.8192710000065,0.22358379235441905
WHEIND,MTF,2026-07-07,2026-07-08,,15.0,1485.4856666666667,1435.74574,22282.285,-746.0988999999995,-3.3483949244882183,-0.47834213206974535,1.9397247634163062,-3.4255239083424427,1,1,closed,22282.285,7.304676575181609,-753.4035765751811,-0.4830253376971123
BAJCOR,MTF,2026-06-29,2026-07-08,,30.0,600.0993166666666,618.4275342857143,18002.979499999998,549.8465285714303,3.0541973820024104,0.43631391171462985,3.357891397921109,-0.49147142560485024,9,9,closed,162026.81549999997,53.116342589376366,496.73018598205397,0.3941650610683272
BAJCOR,CNC,2026-07-08,2026-07-08,,5.0,625.0938142857143,618.4275342857143,3125.4690714285716,-33.331400000000144,-1.0664447236000019,-0.15234924622857246,-1.7907414903001961,-1.7907414903001961,0,0,closed,0.0,0.0,-33.331400000000144,-0.15234924622857246
MOTSUM,CNC,2026-06-22,2026-07-08,,120.0,145.88185655172416,140.34799822784808,17505.8227862069,-664.062998865129,-3.7933835328685883,-0.5419119332669406,3.995111925525441,-3.586365484640741,16,0,closed,0.0,0.0,-664.062998865129,-0.5419119332669406
MOTSUM,CNC,2026-06-25,2026-07-08,,100.0,147.496366,140.34799822784808,14749.6366,-714.8367772151914,-4.846470435855965,-0.6923529194079955,2.856771400049274,-4.6417184271509315,13,0,closed,0.0,0.0,-714.8367772151914,-0.6923529194079955
MOTSUM,CNC,2026-07-03,2026-07-08,,175.0,149.5617114285714,140.34799822784808,26173.299499999997,-1612.3998101265834,-6.160475908383589,-0.8800679869119419,-2.1808465531829357,-5.958551385544631,5,0,closed,0.0,0.0,-1612.3998101265834,-0.8800679869119419
GOOLUC,CNC,2026-07-08,2026-07-08,,25.0,1494.22416,1456.25662,37355.604,-949.1884999999968,-2.5409534269610456,-0.3629933467087205,-2.718746028039065,-2.718746028039065,0,0,closed,0.0,0.0,-949.1884999999968,-0.3629933467087205
CADHEA,MTF,2026-06-04,2026-07-08,,5.0,1100.0103,1152.548395,5500.0515,262.69047500000056,4.776145732453596,0.6823065332076581,4.817200348033124,-3.509994406415995,34,34,closed,187001.751,61.30373568274726,201.3867393172533,0.5230775418771815
CADHEA,CNC,2026-06-09,2026-07-08,,15.0,1104.16566,1152.548395,16562.4849,725.7410250000021,4.381836598685762,0.6259766569551081,4.422736711446018,-3.873119908474587,29,0,closed,0.0,0.0,725.7410250000021,0.6259766569551081
DIAPOW,MTF,2026-06-29,2026-07-08,,50.0,210.72342592592594,229.032325,10536.171296296297,915.4449537037024,8.688592164646213,1.2412274520923146,9.778966901059082,-5.615619561009632,9,9,closed,94825.54166666667,31.08612572460175,884.3588279791006,1.199078601446012
DIAPOW,CNC,2026-06-30,2026-07-08,,50.0,214.632203,229.032325,10731.61015,720.0060999999992,6.70920849654606,0.9584583566494366,7.779725859683784,-7.334501896716783,8,0,closed,0.0,0.0,720.0060999999992,0.9584583566494366
BLIGVS,MTF,2026-06-24,2026-07-08,,20.0,466.938525,500.43878666666666,9338.7705,670.0052333333326,7.174447999694733,1.0249211428135343,15.561250809193773,-1.4645450383431124,14,14,closed,130742.78700000001,42.86067490712279,627.1445584262099,0.9593562640303969
BLIGVS,CNC,2026-06-25,2026-07-08,,10.0,469.1928433333333,500.43878666666666,4691.9284333333335,312.45943333333344,6.659509789482221,0.9513585413546038,15.006016751335371,4.519923304030504,13,0,closed,0.0,0.0,312.45943333333344,0.9513585413546038
SHRTRA,MTF,2026-06-24,2026-07-08,,25.0,1028.51694,1011.111888,25712.9235,-435.1262999999989,-1.6922474801435938,-0.24174964002051277,3.722161348164077,-1.3725529887723575,14,14,closed,359980.929,118.01052987063103,-553.1368298706299,-0.30731451880365024
OBEREA,MTF,2026-06-24,2026-07-08,,20.0,1759.535665,1866.8147099999999,35190.7133,2145.5808999999954,6.097008837840168,0.8710012625485952,11.017925857160726,-0.5874086672747247,14,14,closed,492669.98620000004,161.50923962646502,1984.0716603735304,0.8054363837654578
LLOST,MTF,2026-06-29,2026-07-08,,200.0,85.57195750000001,82.0468445,17114.3915,-705.0226000000009,-4.119472199756569,-0.5884960285366523,5.618712765802969,-4.489738942807298,9,9,closed,154029.5235,50.494635186509605,-755.5172351865106,-0.6306448791829549
SHIBIM,MTF,2026-07-03,2026-07-08,,10.0,785.678355,693.0559900000001,7856.78355,-926.2236499999995,-11.788840103657938,-1.684120014808276,1.0655308176333644,-11.439586495926834,5,5,closed,39283.91775,12.878226527027458,-939.1018765270269,-1.7075360429451107
SHIBIM,CNC,2026-07-06,2026-07-08,,20.0,757.3135,693.0559900000001,15146.27,-1285.1501999999982,-8.484928632594023,-1.2121326617991455,-2.358798568888565,-8.122593879549223,2,0,closed,0.0,0.0,-1285.1501999999982,-1.2121326617991455
LTFINA,MTF,2026-06-24,2026-07-08,,100.0,297.74832,316.409251,29774.832,1866.0931000000005,6.267350559694185,0.895335794242025,12.712642677547281,-0.40246070909819576,14,14,closed,416847.648,136.6528275607797,1729.4402724392207,0.8297709154588876
UNICAB,CNC,2026-06-24,2026-07-08,,15.0,1262.5372733333331,1081.7803133333334,18938.0591,-2711.3543999999956,-14.316960284488689,-2.045280040641241,2.4286591227292265,-14.355003781776132,14,0,closed,0.0,0.0,-2711.3543999999956,-2.045280040641241
BHEL,CNC,2026-06-29,2026-07-08,,40.0,410.42365466666666,376.73836777777774,16416.946186666668,-1347.411475555557,-8.207442847378543,-1.172491835339791,0.8957440175613618,-8.277703850734197,9,0,closed,0.0,0.0,-1347.411475555557,-1.172491835339791
BHEL,MTF,2026-07-01,2026-07-08,,50.0,419.69327599999997,376.73836777777774,20984.6638,-2147.7454111111115,-10.234833550733901,-1.4621190786762714,-1.3684460362905604,-10.303542723424519,7,7,closed,146892.64659999998,48.154992842316226,-2195.9004039534275,-1.4949015180678402
LLOMET,MTF,2026-07-02,2026-07-08,,15.0,1817.4521666666667,1734.3622466666668,27261.7825,-1246.3487999999984,-4.571780293529959,-0.6531114705042794,-0.30549176305694203,-5.042892921620224,6,6,closed,163570.695,53.622463950742734,-1299.971263950741,-0.6812107042684812
GOLINT,CNC,2026-06-02,2026-07-08,,5.0,439.28273,420.2389866666667,2196.41365,-95.2187166666667,-4.335190535110122,-0.6193129335871598,13.82191146007492,-6.5863572647165025,36,0,closed,0.0,0.0,-95.2187166666667,-0.6193129335871598
GOLINT,MTF,2026-06-12,2026-07-08,,25.0,454.64338666666663,420.2389866666667,11366.084666666666,-860.1099999999988,-7.5673376120665825,-1.0810482302952253,9.976305531655672,-6.5091426675395025,26,26,closed,295518.20133333333,96.87807524315403,-956.9880752431528,-1.2028115766067664
BHAFOR,CNC,2026-07-08,2026-07-08,,15.0,2134.5936533333334,2087.121146666667,32018.9048,-712.0875999999976,-2.2239598900959168,-0.3177085557279887,-1.5971964162871721,-1.5971964162871721,0,0,closed,0.0,0.0,-712.0875999999976,-0.3177085557279887
VARTEX,MTF,2026-06-02,2026-07-08,,25.0,615.23613,624.034984,15380.90325,219.97135000000014,1.4301588562427359,0.204308408034675,8.29175458209843,-0.29031617502697227,36,36,closed,553712.517,181.52047028905466,38.450879710945486,0.03571300544946446
VARTEX,MTF,2026-06-02,2026-07-08,,5.0,615.23613,624.0351800000001,3076.1806500000002,43.9952500000004,1.4301907139296466,0.2043129591328055,8.29175458209843,-0.29031617502697227,36,36,closed,110742.50340000002,36.304094057810936,7.691155942189461,0.035717556547594925
VARTEX,MTF,2026-06-04,2026-07-08,,15.0,635.086095,624.0351800000001,9526.291425,-165.76372499999877,-1.7400656520435875,-0.24858080743479843,4.907036265689291,-3.4067971524396112,34,34,closed,323893.90845,106.18032423060433,-271.9440492306031,-0.40780979876527507
AEQLIM,CNC,2026-06-29,2026-07-08,,50.0,231.49438933333334,254.938502,11574.719466666667,1172.2056333333328,10.12729195475619,1.4467559935365994,10.64631014930515,-0.4554707940740199,9,0,closed,0.0,0.0,1172.2056333333328,1.4467559935365994
IOLCHE,CNC,2026-06-25,2026-07-08,,75.0,136.350421,165.39114800000002,10226.281575,2178.0545250000005,21.298597237187856,3.0426567481696924,22.559210873283632,-1.9731666248394064,13,0,closed,0.0,0.0,2178.0545250000005,3.0426567481696924
FEDBAN,MTF,2026-06-05,2026-07-08,,60.0,304.5619666666667,323.8453816666667,18273.718,1157.0048999999995,6.331524323621496,0.9045034748030705,8.86126184063909,-0.13526530287927274,33,33,closed,603032.694,197.68882742189408,959.3160725781054,0.7499576890999609
SCHBAN,CNC,2026-07-06,2026-07-08,,40.0,493.49161200000003,477.42111000000006,19739.66448,-642.820079999999,-3.2564893929747263,-0.46521277042496034,1.764647622825244,-2.612326468479065,2,0,closed,0.0,0.0,-642.820079999999,-0.46521277042496034
PARDEF,CNC,2026-06-30,2026-07-09,,9.0,1260.0318666666667,1231.4037457142856,11340.2868,-257.65308857142986,-2.2720156298995042,-0.32457366141421423,7.806797267243715,-3.4310137553134945,9,0,closed,0.0,0.0,-257.65308857142986,-0.32457366141421423
PARDEF,CNC,2026-07-02,2026-07-09,,10.0,1319.75576,1231.4037457142856,13197.5576,-883.520142857144,-6.694573114476454,-0.9563675877823505,2.9281357332359814,-7.801122231889335,7,0,closed,0.0,0.0,-883.520142857144,-0.9563675877823505
PARDEF,CNC,2026-07-02,2026-07-09,,10.0,1321.85181,1231.4037457142856,13218.5181,-904.4806428571428,-6.842526794717951,-0.9775038278168509,2.7649233993937816,-7.947321265914065,7,0,closed,0.0,0.0,-904.4806428571428,-0.9775038278168509
PARDEF,CNC,2026-07-06,2026-07-09,,6.0,1358.8030833333335,1231.4037457142856,8152.818500000001,-764.3960257142871,-9.375849906560374,-1.339407129508625,-0.02966458777415859,-10.45060061131008,3,0,closed,0.0,0.0,-764.3960257142871,-1.339407129508625
AEQLIM,CNC,2026-06-29,2026-07-09,,5.0,231.49438933333334,258.81678,1157.4719466666668,136.61195333333325,11.802614631547126,1.686087804506731,11.480023659839066,-0.4554707940740199,10,0,closed,0.0,0.0,136.61195333333325,1.686087804506731
AEQLIM,MTF,2026-06-29,2026-07-09,,45.0,234.4044166666667,258.81678,10548.198750000001,1098.5563499999987,10.414634536536372,1.4878049337909112,10.096048389304357,-1.691272170995084,10,10,closed,105481.98750000002,34.5795686212096,1063.9767813787892,1.4409728775172415
SOLIN,MTF,2026-06-30,2026-07-09,,2.0,18690.8113,17129.021,37381.6226,-3123.580600000001,-8.355925673488562,-1.1937036676412225,0.027760699718792914,-7.013132169388503,9,9,closed,336434.6034,110.2914699518696,-3233.872069951871,-1.235852518287525
BAJCOR,CNC,2026-07-08,2026-07-10,,30.0,625.0938142857143,664.9586325,18752.81442857143,1195.9445464285716,6.37741364627622,0.9110590923251752,7.223905385447615,-1.7907414903001961,2,0,closed,0.0,0.0,1195.9445464285716,0.9110590923251752
BAJCOR,CNC,2026-07-09,2026-07-10,,10.0,635.97812,664.9586325,6359.781199999999,289.8051250000003,4.556841122144273,0.6509773031634671,5.388845767209727,1.1905881290381393,1,0,closed,0.0,0.0,289.8051250000003,0.6509773031634671
IOLCHE,MTF,2026-06-29,2026-07-13,,100.0,140.789953,167.877576,14078.9953,2708.762300000001,19.239741489224027,2.748534498460575,21.50014710211603,1.0938614348426023,14,14,closed,197105.93420000002,64.61613341630033,2644.1461665837005,2.6829696196774373
AVASOF,MTF,2026-07-06,2026-07-13,,50.0,186.765308,182.730606,9338.2654,-201.7351000000005,-2.1603059171995787,-0.30861513102851057,-1.6091361035851515,-4.880621619514047,7,7,closed,65367.8578,21.429178364851825,-223.16427836485232,-0.3413975704200793
MTATEC,CNC,2026-07-09,2026-07-14,,2.0,7069.20865,6396.96685,14138.4173,-1344.4835999999996,-9.509434977562869,-1.3584907110804096,0.4497158249813449,-9.339215783367772,5,0,closed,0.0,0.0,-1344.4835999999996,-1.3584907110804096
BAJCOR,CNC,2026-07-09,2026-07-14,,30.0,635.97812,611.45858,19079.3436,-735.5862000000002,-3.855406220578783,-0.5507723172255405,5.388845767209727,-7.150893807478786,5,0,closed,0.0,0.0,-735.5862000000002,-0.5507723172255405
STOKRA,MTF,2026-07-08,2026-07-14,,25.0,795.1479519999999,772.7454566666668,19878.6988,-560.0623833333287,-2.817399614371785,-0.40248565919596935,0.47815604510292875,-2.9048621633122162,6,6,closed,119272.19279999999,39.10033431565499,-599.1627176489837,-0.4305848929601711
STOKRA,MTF,2026-07-09,2026-07-14,,5.0,799.8996366666667,772.7454566666668,3999.498183333333,-135.77089999999941,-3.3946983790562157,-0.4849569112937449,-0.11871947718640197,-3.4816413697500104,5,5,closed,19997.490916666666,6.55566533959071,-142.32656533959013,-0.5083729394305797
IOLCHE,MTF,2026-06-29,2026-07-14,,75.0,143.20839866666665,176.58486666666667,10740.6299,2503.2351000000012,23.306222477696604,3.329460353956656,21.347631576058703,-0.6133709159832246,15,15,closed,161109.4485,52.81560730860313,2450.4194926913983,3.259212269546152
IOLCHE,CNC,2026-06-30,2026-07-14,,75.0,145.08146960000002,176.58486666666667,10881.110220000002,2362.754779999999,21.71428036504164,3.1020400521488045,19.780975805610378,-1.4622608978590135,14,0,closed,0.0,0.0,2362.754779999999,3.1020400521488045
ONTECH,CNC,2026-07-02,2026-07-14,,60.0,294.842495,323.8453816666667,17690.5497,1740.1732000000027,9.836738990648787,1.4052484272355414,10.177469499435631,2.648025685713984,12,0,closed,0.0,0.0,1740.1732000000027,1.4052484272355414
IOLCHE,CNC,2026-06-30,2026-07-15,,50.0,145.08146960000002,171.4837533333333,7254.073480000001,1320.1141866666646,18.198246685897423,2.5997495265567756,19.780975805610378,-1.4622608978590135,15,0,closed,0.0,0.0,1320.1141866666646,2.5997495265567756
IOLCHE,MTF,2026-07-09,2026-07-15,,25.0,171.194016,171.4837533333333,4279.8504,7.243433333332661,0.16924501223998245,0.024177858891425135,1.5105574718219161,-3.2092336685413225,6,6,closed,25679.102400000003,8.41823618057887,-1.1748028472462089,-0.003921374872776624
LLOMET,CNC,2026-07-10,2026-07-15,,15.0,1775.3675,1838.8171849999999,26630.5125,951.7452749999973,3.5738901945653323,0.5105557420807628,5.110632024073869,1.3649286696979512,5,0,closed,0.0,0.0,951.7452749999973,0.5105557420807628
LLOMET,MTF,2026-07-13,2026-07-15,,5.0,1831.7719466666667,1838.8171849999999,9158.859733333335,35.22619166666573,0.3846132891244247,0.05494475558920334,1.8740353238732022,-0.34239779018779837,2,2,closed,18317.71946666667,6.004995282077587,29.22119638458814,0.04557834433446942
JAYMAR,CNC,2026-06-29,2026-07-15,,75.0,173.668994,191.838308,13025.17455,1362.698550000001,10.462036764029392,1.4945766805756286,14.6894419161546,-1.7786675265706764,16,0,closed,0.0,0.0,1362.698550000001,1.4945766805756286
JAYMAR,CNC,2026-06-29,2026-07-15,,25.0,173.668994,190.854872,4341.72485,429.64695000000006,9.895766425640717,1.4136809179486747,14.6894419161546,-1.7786675265706764,16,0,closed,0.0,0.0,429.64695000000006,1.4136809179486747
JAYMAR,MTF,2026-07-03,2026-07-15,,50.0,178.14803733333335,190.854872,8907.401866666667,635.3417333333325,7.132739073005245,1.018962724715036,11.805890753269255,-3.7036823038289923,12,12,closed,106888.8224,35.040763419641536,600.300969913691,0.9627642571866324
JAYMAR,MTF,2026-07-03,2026-07-15,,25.0,178.14803733333335,190.648044,4453.7009333333335,312.50016666666625,7.016640123448492,1.0023771604926401,11.805890753269255,-3.7036823038289923,12,12,closed,53444.4112,17.520381709820768,294.9797849568455,0.9461786929642366
JAYMAR,MTF,2026-07-07,2026-07-15,,75.0,186.203756,190.648044,13965.2817,333.3216,2.386787514640676,0.3409696449486688,6.968841165588513,-4.287644981769323,8,8,closed,111722.2536,36.625280073314705,296.6963199266853,0.30350399992973315
SYRTEC,CNC,2026-06-24,2026-07-15,,10.0,1396.8068533333333,1402.67652,13968.068533333333,58.69666666666717,0.4202203513434588,0.06003147876334995,3.9442208158696257,-2.921438510696883,21,0,closed,0.0,0.0,58.69666666666717,0.06003147876334995
RASPER,MTF,2026-07-08,2026-07-15,,20.0,746.76396,774.0614499999999,14935.2792,545.9497999999985,3.65543752272135,0.5222053603887656,4.859104341350373,-0.8455094699535204,7,7,closed,104546.9544,34.27304196191099,511.67675803808754,0.4894229209971969
STOKRA,MTF,2026-07-09,2026-07-15,,25.0,799.8996366666667,762.825772,19997.490916666666,-926.8466166666656,-4.634814540129117,-0.6621163628755877,-0.11871947718640197,-4.26924017730207,6,6,closed,119984.9455,39.33399203754426,-966.1806087042098,-0.6902155966397895
LLOMET,MTF,2026-07-13,2026-07-15,,10.0,1831.7719466666667,1863.613677777778,18317.71946666667,318.4173111111136,1.7383021488594608,0.24832887840849371,1.8740353238732022,-0.34239779018779837,2,2,closed,36635.43893333334,12.009990564155174,306.40732054695843,0.2389624671537598
LLOMET,CNC,2026-07-15,2026-07-15,,8.0,1837.8905833333333,1863.613677777778,14703.124666666667,205.78475555555815,1.399598794275958,0.19994268489656591,1.534880091474422,1.534880091474422,0,0,closed,0.0,0.0,205.78475555555815,0.19994268489656591
GMRINF,CNC,2026-06-24,2026-07-15,,80.0,109.09921159999999,111.82832875000001,8727.936928,218.32937200000174,2.5015003408145775,0.3573571915449402,5.390312463082925,-0.9433721700698339,21,0,closed,0.0,0.0,218.32937200000174,0.3573571915449402
IOLCHE,MTF,2026-07-09,2026-07-15,,75.0,171.194016,164.51987499999998,12839.5512,-500.5605750000015,-3.8985831140266103,-0.5569404448609447,1.5105574718219161,-3.2092336685413225,6,6,closed,77037.3072,25.254708541736605,-525.8152835417382,-0.5850396786251465
IOLCHE,CNC,2026-07-13,2026-07-15,,25.0,170.3755,164.51987499999998,4259.3875,-146.39062500000009,-3.436893802219221,-0.4909848288884597,1.9982333140621922,-2.7442325921273936,2,0,closed,0.0,0.0,-146.39062500000009,-0.4909848288884597
ATHENE,MTF,2026-06-03,2026-07-16,,5.0,1000.059975,1279.910345,5000.299875,1399.25185,27.983358698062077,3.997622671151726,29.632225307287197,-3.945760852992841,43,43,closed,215012.894625,70.48647186449814,1328.765378135502,3.7962448291749467
ATHENE,MTF,2026-06-05,2026-07-16,,15.0,1017.4441866666667,1279.910345,15261.6628,3936.9923749999994,25.79661486820426,3.685230695457751,27.41730868277341,-5.586958715927082,41,41,closed,625728.1748,205.1289596597792,3731.86341534022,3.4932192647357057
GRANUL,MTF,2026-06-19,2026-07-16,,25.0,793.294296,897.5730920000001,19832.3574,2606.9699000000014,13.145032874407558,1.8778618392010804,13.860644725976945,-3.667528702361922,27,27,closed,535473.6498,175.54132470350595,2431.4285752964956,1.7514152872621724
BHEL,MTF,2026-07-09,2026-07-16,,50.0,386.326222,418.078344,19316.3111,1587.6061000000022,8.218992186349716,1.1741417409071015,12.702678515050426,-1.2233759270940614,7,7,closed,135214.1777,44.32650585331053,1543.2795941466918,1.1413593015155328
AVASOF,MTF,2026-07-06,2026-07-16,,50.0,186.765308,171.33005799999998,9338.2654,-771.7625000000012,-8.26451666280551,-1.1806452375436436,-1.6091361035851515,-7.359668745332504,10,10,closed,93382.65400000001,30.613111949788326,-802.3756119497895,-1.2274772938173133
AVASOF,CNC,2026-07-13,2026-07-16,,50.0,195.669202,171.33005799999998,9783.4601,-1216.9572000000016,-12.438924343341483,-1.7769891919059269,-6.08639575276646,-11.575251377577555,3,0,closed,0.0,0.0,-1216.9572000000016,-1.7769891919059269
RAYREA,CNC,2026-06-24,2026-07-17,,10.0,653.06186,679.58092,6530.6186,265.1905999999997,4.060727110904927,0.5801038729864179,10.670986053296684,-5.185092266757085,23,0,closed,0.0,0.0,265.1905999999997,0.5801038729864179
RAYREA,MTF,2026-07-03,2026-07-17,,10.0,654.8660500000001,679.58092,6548.660500000001,247.14869999999905,3.774034399859305,0.5391477714084735,10.366081735341126,1.6467413450429902,14,14,closed,91681.24700000002,30.055349231209423,217.09335076878963,0.47358289262533604
BLIGVS,CNC,2026-06-25,2026-07-17,,20.0,469.1928433333333,497.0720461111111,9383.856866666667,557.5840555555556,5.94194970658819,0.8488499580840267,15.006016751335371,3.049312637640189,22,0,closed,0.0,0.0,557.5840555555556,0.8488499580840267
BLIGVS,CNC,2026-07-06,2026-07-17,,40.0,501.6223675,497.0720461111111,20064.8947,-182.01285555555614,-0.9071209108092448,-0.129588701544178,4.520857515389798,-3.6127510801240326,11,0,closed,0.0,0.0,-182.01285555555614,-0.129588701544178
BLIGVS,CNC,2026-07-08,2026-07-17,,30.0,516.6610233333333,497.0720461111111,15499.8307,-587.6693166666672,-3.791456358724399,-0.5416366226749147,1.4785277622419324,-6.418332685401529,9,0,closed,0.0,0.0,-587.6693166666672,-0.5416366226749147
BLIGVS,CNC,2026-07-09,2026-07-17,,40.0,525.04661,497.0720461111111,21001.8644,-1118.9825555555558,-5.328015333512748,-0.7611450476446787,-0.14219880402618346,-7.912937481874227,8,0,closed,0.0,0.0,-1118.9825555555558,-0.7611450476446787
GLAPH,CNC,2026-06-12,2026-07-17,,6.0,2320.34854,2478.27295,13922.09124,947.5464600000005,6.806064144139312,0.9722948777341878,9.897282931468565,-6.104623402827237,35,0,closed,0.0,0.0,947.5464600000005,0.9722948777341878
GLAPH,CNC,2026-06-12,2026-07-17,,4.0,2320.34854,2478.2737875000003,9281.39416,631.7009900000012,6.806100237854795,0.9723000339792566,9.897282931468565,-6.104623402827237,35,0,closed,0.0,0.0,631.7009900000012,0.9723000339792566
GLAPH,MTF,2026-06-29,2026-07-17,,4.0,2366.054866666667,2478.2737875000003,9464.219466666667,448.87568333333365,4.742870607706107,0.6775529439580161,7.774339298922417,0.2935322181736977,18,18,closed,170355.9504,55.84683618981087,393.0288471435228,0.5932552426654109
RAIIND,MTF,2026-07-06,2026-07-17,,50.0,194.69665833333332,208.980162,9734.832916666666,714.1751833333344,7.336285989157765,1.0480408555939658,9.729669645502813,1.1265430467283677,11,11,closed,107083.16208333333,35.104472708544044,679.0707106247904,0.9965255936929293
RAIIND,MTF,2026-07-06,2026-07-17,,70.0,194.69665833333332,208.93654636363635,13628.766083333332,996.7921621212124,7.313884147884764,1.0448405925549669,9.729669645502813,1.1265430467283677,11,11,closed,149916.42691666665,49.14626179196166,947.6459003292507,0.9933253306539302
RAIIND,MTF,2026-07-06,2026-07-17,,40.0,195.159375,208.93654636363635,7806.375,551.0868545454537,7.059446344115594,1.008492334873656,9.469504091207504,0.8867752317817112,11,11,closed,85870.125,28.150321683589304,522.9365328618644,0.9569770729726195
SYRTEC,CNC,2026-06-24,2026-07-17,,5.0,1396.8068533333333,1374.9323333333334,6984.034266666667,-109.37259999999924,-1.566037562587741,-0.22371965179824863,3.9442208158696257,-2.921438510696883,23,0,closed,0.0,0.0,-109.37259999999924,-0.22371965179824863
SYRTEC,MTF,2026-07-06,2026-07-17,,10.0,1411.8373399999998,1374.9323333333334,14118.373399999999,-369.05006666666395,-2.613970152302847,-0.3734243074718346,2.837625756519535,-3.9549414382254455,11,11,closed,155302.10739999998,50.91181923223396,-419.9618858988979,-0.42493956937287114
SYRTEC,MTF,2026-07-06,2026-07-17,,5.0,1411.8373399999998,1375.4323266666665,7059.186699999999,-182.02506666666636,-2.5785557798983616,-0.36836511141405154,2.837625756519535,-3.9549414382254455,11,11,closed,77651.05369999999,25.45590961611698,-207.48097628278333,-0.4198803733150881
SYRTEC,MTF,2026-07-08,2026-07-17,,10.0,1394.8021199999998,1375.4323266666665,13948.0212,-193.6979333333329,-1.3887126392762683,-0.19838751989660924,4.093618670439092,-2.559654841935566,9,9,closed,125532.1908,41.15251436591841,-234.85044769925133,-0.24053637054291188
SYRTEC,CNC,2026-07-15,2026-07-17,,10.0,1438.8165999999999,1375.2323199999998,14388.166,-635.8428000000004,-4.419206728640745,-0.6313152469486782,-1.0367269879983154,-5.540428154637633,2,0,closed,0.0,0.0,-635.8428000000004,-0.6313152469486782
SYRTEC,MTF,2026-07-16,2026-07-17,,5.0,1429.3725533333334,1375.2323199999998,7146.862766666667,-270.70116666666763,-3.787692243500629,-0.5410988919286609,-0.38286402803602293,-4.916321722384842,1,1,closed,7146.862766666667,2.3429159548810916,-273.04408262154874,-0.5457820975560279
SYRTEC,MTF,2026-07-16,2026-07-17,,10.0,1429.3725533333334,1375.13132,14293.725533333334,-542.4123333333341,-3.794758280956312,-0.5421083258509023,-0.38286402803602293,-4.916321722384842,1,1,closed,14293.725533333334,4.685831909762183,-547.0981652430963,-0.5467915314782692
CADHEA,CNC,2026-06-10,2026-07-17,,20.0,1118.677955,1139.8718000000001,22373.559100000002,423.8769000000002,1.894543903835122,0.2706491291193044,3.6044372573695638,-5.120146932724712,37,0,closed,0.0,0.0,423.8769000000002,0.2706491291193044
AEQLIM,MTF,2026-06-29,2026-07-17,,15.0,234.4044166666667,230.86866799999999,3516.0662500000003,-53.036230000000586,-1.5083967772222873,-0.2154852538888984,10.096048389304357,-2.5700952022732926,18,18,closed,63289.192500000005,20.74774117272576,-73.78397117272635,-0.29978295518150366
AEQLIM,CNC,2026-07-06,2026-07-17,,35.0,243.03630399999997,230.86866799999999,8506.270639999999,-425.86725999999953,-5.00650964474838,-0.7152156635354825,6.1857820220965865,-6.030499871327855,11,0,closed,0.0,0.0,-425.86725999999953,-0.7152156635354825
AEQLIM,CNC,2026-07-06,2026-07-17,,15.0,243.03630399999997,231.1287171428571,3645.5445599999994,-178.6138028571429,-4.8995095223069445,-0.6999299317581353,6.1857820220965865,-6.030499871327855,11,0,closed,0.0,0.0,-178.6138028571429,-0.6999299317581353
AEQLIM,MTF,2026-07-07,2026-07-17,,60.0,239.825935,231.1287171428571,14389.5561,-521.8330714285725,-3.6264709474156276,-0.5180672782022318,7.6072110382890745,-4.772601011646216,10,10,closed,143895.561,47.172475071982795,-569.0055465005553,-0.5648993344759013
AEQLIM,MTF,2026-07-07,2026-07-17,,50.0,245.429764,231.1287171428571,12271.4882,-715.0523428571446,-5.826940719848017,-0.8324201028354312,5.150245754219118,-6.946901517617077,10,10,closed,122714.882,40.22893181608508,-755.2812746732296,-0.8792521591091008
AEQLIM,MTF,2026-07-14,2026-07-17,,50.0,243.66930799999997,231.1287171428571,12183.4654,-627.029542857143,-5.146561526387583,-0.7352230751982262,-0.4470435808846096,-6.274613789275419,3,3,closed,36550.396199999996,11.982111481643235,-639.0116543387862,-0.7492726920803271
BHEL,MTF,2026-07-10,2026-07-17,,50.0,396.296538,440.976996,19814.8269,2234.0228999999995,11.274501217065879,1.6106430310094126,9.867222710888267,-0.26407952117916134,7,7,closed,138703.78830000001,45.470485333257294,2188.552414666742,1.5778605916178439
ZYDWEL,MTF,2026-06-22,2026-07-17,,30.0,530.119535,591.0962266666667,15903.586050000002,1829.3007499999987,11.502441928812646,1.6432059898303777,13.540430084320487,-2.267325425010047,25,25,closed,397589.65125000005,130.33958644818074,1698.9611635518181,1.5261258491462038
VARTEX,MTF,2026-06-04,2026-07-17,,5.0,635.086095,631.0149633333333,3175.430475,-20.35565833333351,-0.6410361837109191,-0.09157659767298842,4.907036265689291,-3.4067971524396112,43,43,closed,136543.51042500001,44.76229354819595,-65.11795188152945,-0.2929544396497677
VARTEX,MTF,2026-06-18,2026-07-17,,25.0,657.1207919999999,631.0149633333333,16428.0198,-652.645716666666,-3.972759496349443,-0.5675370709070626,1.3892739525429798,-5.047898712661625,29,29,closed,476412.5742,156.17966339092735,-808.8253800575933,-0.7033500341007044
CUMIND,CNC,2026-07-10,2026-07-17,,5.0,5659.87304,5431.5595,28299.3652,-1141.5677000000005,-4.0338986119731075,-0.5762712302818724,-0.6779841125199582,-3.743423898427245,7,0,closed,0.0,0.0,-1141.5677000000005,-0.5762712302818724
PANBIO,CNC,2026-07-01,2026-07-17,,50.0,591.188102,547.454016,29559.405099999996,-2186.7042999999967,-7.397660042894428,-1.0568085775563465,-4.607349489587653,-10.78135736906287,16,0,closed,0.0,0.0,-2186.7042999999967,-1.0568085775563465
NATPHA,CNC,2026-05-29,2026-07-17,,10.0,1195.11888,954.1679828571428,11951.1888,-2409.5089714285723,-20.16124932633122,-2.8801784751901742,-14.995904005800664,-29.530022988173354,49,0,closed,0.0,0.0,-2409.5089714285723,-2.8801784751901742
LLOMET,CNC,2026-07-15,2026-07-17,,15.0,1837.8905833333333,1810.4198333333334,27568.35875,-412.0612499999993,-1.4946890880836339,-0.21352701258337606,1.534880091474422,0.3052095003660771,2,0,closed,0.0,0.0,-412.0612499999993,-0.21352701258337606
SEINVE,MTF,2026-06-29,2026-07-17,,200.0,60.241165800000005,73.175076,12048.233160000002,2586.78204,21.47021895781438,3.0671741368306273,22.4743894315538,-1.8943288776791967,18,18,closed,216868.19688000003,71.09468520177394,2515.687354798226,2.982876435538022
SKMEGG,CNC,2026-06-02,2026-07-17,,75.0,234.985168,324.569692,17623.8876,6718.839299999999,38.12348020195044,5.446211457421492,53.584161533122796,-2.747053379981834,45,0,closed,0.0,0.0,6718.839299999999,5.446211457421492
SKMEGG,CNC,2026-06-29,2026-07-17,,50.0,292.83826400000004,324.569692,14641.913200000003,1586.5713999999969,10.835820280644715,1.5479743258063887,23.242091067716466,0.062060195794622075,18,0,closed,0.0,0.0,1586.5713999999969,1.5479743258063887
SKMEGG,MTF,2026-07-09,2026-07-17,,40.0,308.6200125,324.5889425,12344.8005,638.7572,5.174301520709057,0.7391859315298662,16.93992138633589,2.4398895713219515,8,8,closed,98758.404,32.37541393538058,606.3817860646194,0.7017202865109305
VATWAB,MTF,2026-07-10,2026-07-17,,8.0,2149.16899,1981.6008124999998,17193.35192,-1340.5454200000022,-7.796882342881761,-1.1138403346973942,3.351574973171356,-7.354888830775486,7,7,closed,120353.46344,39.454801207871824,-1380.0002212078741,-1.146622774088963
VATWAB,MTF,2026-07-10,2026-07-17,,2.0,2149.16899,1981.60107,4298.33798,-335.13584000000037,-7.796870361506569,-1.1138386230723676,3.351574973171356,-7.354888830775486,7,7,closed,30088.36586,9.863700301967956,-344.99954030196835,-1.1466210624639364
VATWAB,MTF,2026-07-16,2026-07-17,,8.0,2115.1506625,1981.60107,16921.2053,-1068.396740000002,-6.313951760871328,-0.9019931086959033,-2.8721671499370105,-5.864861766082363,1,1,closed,16921.2053,5.547183871795415,-1073.9439238717973,-0.9066763143232703
NATMIN,MTF,2026-06-02,2026-07-17,,100.0,96.83456399999999,83.58394533333333,9683.4564,-1325.0618666666653,-13.683769636910492,-1.9548242338443556,-0.8205375923414859,-14.059612020352553,45,45,closed,435755.53799999994,142.8512951402542,-1467.9131618069196,-2.165568487075869
DIAPOW,CNC,2026-06-30,2026-07-17,,50.0,214.632203,220.044418,10731.61015,270.61075000000017,2.521623001744988,0.3602318573921416,11.446463604531875,-7.334501896716783,17,0,closed,0.0,0.0,270.61075000000017,0.3602318573921416
GOOLUC,MTF,2026-07-09,2026-07-17,,10.0,1490.9731666666667,1526.1315299999999,14909.731666666667,351.5836333333323,2.3580815617182393,0.3368687945311771,9.28432760750557,3.730907743812506,8,8,closed,119277.85333333333,39.10218997656423,312.48144335676807,0.2994031495122414
GOOLUC,MTF,2026-07-09,2026-07-17,,20.0,1490.9731666666667,1525.5445499999998,29819.463333333333,691.4276666666638,2.3187126439454087,0.331244663420772,9.28432760750557,3.730907743812506,8,8,closed,238555.70666666667,78.20437995312847,613.2232867135353,0.29377901840183634
GOOLUC,CNC,2026-07-09,2026-07-17,,10.0,1547.43596,1525.5445499999998,15474.3596,-218.91410000000178,-1.4146892385776155,-0.2020984626539447,5.296764591149872,-0.0540222679069724,8,0,closed,0.0,0.0,-218.91410000000178,-0.2020984626539447
KRNHEA,CNC,2026-06-29,2026-07-17,,20.0,1198.4784100000002,1248.65184,23969.5682,1003.4685999999965,4.1864275218775004,0.598061074553928,7.686545642486764,0.5524997317223113,18,0,closed,0.0,0.0,1003.4685999999965,0.598061074553928
DIAPOW,MTF,2026-07-07,2026-07-17,,100.0,225.24192599999998,219.209042,22524.1926,-603.2883999999967,-2.678401888643045,-0.3826288412347206,6.196925345062088,-1.270600927111587,10,10,closed,225241.92599999998,73.83979787535206,-677.1281978753487,-0.42946089750839017
DIAPOW,CNC,2026-07-08,2026-07-17,,50.0,230.364702,219.209042,11518.2351,-557.7829999999992,-4.842608222157219,-0.6918011745938889,3.8353523449091487,-3.4661134846952324,9,0,closed,0.0,0.0,-557.7829999999992,-0.6918011745938889
DIAPOW,MTF,2026-07-14,2026-07-17,,50.0,229.841872,219.209042,11492.0936,-531.6414999999993,-4.6261501037548,-0.6608785862506862,-1.458338278762361,-3.246524201647649,3,3,closed,34476.2808,11.302165857727045,-542.9436658577263,-0.6749282031327871
REGLEA,CNC,2026-06-18,2026-07-17,,150.0,128.047318,115.38460199999999,19207.0977,-1899.4074000000005,-9.88909115613027,-1.41272730801861,13.231578969892999,-8.713433576172203,29,0,closed,0.0,0.0,-1899.4074000000005,-1.41272730801861
IOLCHE,CNC,2026-07-13,2026-07-17,,75.0,170.3755,150.27940488888888,12778.162499999999,-1507.2071333333333,-11.79517894950337,-1.685025564214767,1.9982333140621922,-12.93936041273539,4,0,closed,0.0,0.0,-1507.2071333333333,-1.685025564214767
IOLCHE,CNC,2026-07-14,2026-07-17,,75.0,172.258656,150.27940488888888,12919.3992,-1648.4438333333344,-12.759446533189678,-1.8227780761699532,0.8831741959022255,-13.891119642777195,3,0,closed,0.0,0.0,-1648.4438333333344,-1.8227780761699532
IOLCHE,CNC,2026-07-14,2026-07-17,,75.0,176.01157866666665,150.27940488888888,13200.8684,-1929.913033333333,-14.61959149091535,-2.0885130701307637,-1.2678590144872492,-15.727135042115847,3,0,closed,0.0,0.0,-1929.913033333333,-2.0885130701307637
DIAPOW,CNC,2026-07-17,2026-07-17,,200.0,223.3234785,221.9018075,44664.6957,-284.3342000000007,-0.6365971950414551,-0.09094245643449335,-0.42247170173824733,-0.42247170173824733,0,0,closed,0.0,0.0,-284.3342000000007,-0.09094245643449335
SEINVE,MTF,2026-06-29,2026-07-17,,150.0,60.241165800000005,70.55733085714286,9036.17487,1547.4247585714281,17.124776587811084,2.4463966554015824,22.4743894315538,-1.8943288776791967,18,18,closed,162651.14766000002,53.32101390133045,1494.1037446700977,2.362098954108977
SEINVE,MTF,2026-07-14,2026-07-17,,200.0,73.3774215,70.55733085714286,14675.4843,-564.0181285714277,-3.843267568153974,-0.5490382240219958,0.5486408376996543,-2.217877743223773,3,3,closed,44026.452900000004,14.432945238200052,-578.4510738096278,-0.5630878409040967
RASPER,MTF,2026-07-08,2026-07-17,,10.0,746.76396,735.57714,7467.6396,-111.86820000000012,-1.4980396215157454,-0.21400566021653541,4.859104341350373,-1.6489762039399891,9,9,closed,67208.7564,22.032669832657067,-133.90086983265718,-0.2561545108628381
RASPER,CNC,2026-07-14,2026-07-17,,10.0,790.4865050000001,735.57714,7904.86505,-549.0936500000009,-6.94627481338218,-0.9923249733403117,-1.6175488030627405,-7.088862952821695,3,0,closed,0.0,0.0,-549.0936500000009,-0.9923249733403117
RASPER,CNC,2026-07-14,2026-07-17,,10.0,790.4865050000001,735.3773133333333,7904.86505,-551.0919166666679,-6.971553760638427,-0.9959362515197754,-1.6175488030627405,-7.088862952821695,3,0,closed,0.0,0.0,-551.0919166666679,-0.9959362515197754
RASPER,CNC,2026-07-15,2026-07-17,,20.0,789.318515,735.3773133333333,15786.3703,-1078.8240333333351,-6.833895397305712,-0.9762707710436723,-1.719016435335996,-6.951378177160839,2,0,closed,0.0,0.0,-1078.8240333333351,-0.9762707710436723
STLIND,CNC,2026-06-22,2026-07-22,,80.0,195.84819499999998,244.43973699999998,15667.855599999999,3887.3233600000003,24.810819420623197,3.5444027743747437,27.971564915367253,-8.663952710924894,30,0,closed,0.0,0.0,3887.3233600000003,3.5444027743747437
STLIND,CNC,2026-06-30,2026-07-22,,20.0,184.25036,244.43973699999998,3685.0072,1203.7875399999996,32.66716927988633,4.666738468555191,36.026871263643656,-2.40453261529584,22,0,closed,0.0,0.0,1203.7875399999996,4.666738468555191
MARPHA,CNC,2026-06-24,2026-07-22,,40.0,269.61054533333333,241.29923599999998,10784.421813333334,-1132.4523733333342,-10.500816760832043,-1.500116680118864,2.852060054683614,-10.574714463814573,28,0,closed,0.0,0.0,-1132.4523733333342,-1.500116680118864
MARPHA,CNC,2026-06-29,2026-07-22,,60.0,265.28990833333336,241.29923599999998,15917.394500000002,-1439.4403400000028,-9.043190705614556,-1.291884386516365,4.527157381190738,-9.118291941561175,23,0,closed,0.0,0.0,-1439.4403400000028,-1.291884386516365
MARPHA,MTF,2026-06-30,2026-07-22,,100.0,268.03858,241.698924,26803.858000000004,-2633.965600000002,-9.826815229359898,-1.4038307470514142,3.4552563291448513,-10.050262167483515,22,22,closed,589684.876,193.31308707594718,-2827.278687075949,-1.5068612708534874
GLAPH,MTF,2026-06-29,2026-07-22,,2.0,2366.054866666667,2394.529455,4732.109733333334,56.94917666666606,1.203462723307358,0.1719232461867659,7.774339298922417,0.2935322181736977,23,23,closed,108838.52386666667,35.67992312126806,21.269253545398,0.06420951675732584
GLAPH,CNC,2026-07-08,2026-07-22,,10.0,2547.08173,2394.529455,25470.8173,-1525.52275,-5.989296425128843,-0.8556137750184067,-0.694195627558436,-4.239429333113698,14,0,closed,0.0,0.0,-1525.52275,-0.8556137750184067
GLAPH,MTF,2026-07-14,2026-07-22,,8.0,2505.6342624999997,2394.529455,20045.074099999998,-888.838459999999,-4.434198923714627,-0.6334569891020893,0.9484918791096142,-2.655386043197505,8,8,closed,160360.59279999998,52.57011414262031,-941.4085741426194,-0.6709226341210249
TEJNET,MTF,2026-06-17,2026-07-22,,10.0,604.214316,527.3155615384616,6042.1431600000005,-768.9875446153849,-12.727065947497096,-1.8181522782138704,4.656573545999865,-13.84679471911091,35,35,closed,211475.0106,69.32666717825853,-838.3142117936434,-1.982064475171714
TEJNET,MTF,2026-06-18,2026-07-22,,30.0,616.1881599999999,527.3155615384616,18485.6448,-2666.1779538461506,-14.422964320109354,-2.060423474301337,2.622874155842281,-15.52093438471781,34,34,closed,628511.9232,206.04154029182294,-2872.2194941379735,-2.2196524656318135
TEJNET,CNC,2026-06-25,2026-07-22,,25.0,627.009836,527.3155615384616,15675.245899999998,-2492.3568615384597,-15.8999538344624,-2.271421976351771,-0.6793890231731492,-16.978973835428,27,0,closed,0.0,0.0,-2492.3568615384597,-2.271421976351771
GMRINF,CNC,2026-06-24,2026-07-23,,20.0,109.09921159999999,107.4973058,2181.984232,-32.03811599999966,-1.468301902925928,-0.20975741470370377,5.390312463082925,-1.584990005555631,29,0,closed,0.0,0.0,-32.03811599999966,-0.20975741470370377
GMRINF,CNC,2026-06-29,2026-07-23,,150.0,111.51673466666666,107.4973058,16727.5102,-602.9143299999987,-3.6043279770350933,-0.5149039967192989,3.105601454064577,-3.7184864487483593,24,0,closed,0.0,0.0,-602.9143299999987,-0.5149039967192989
GMRINF,CNC,2026-06-30,2026-07-23,,150.0,111.32565533333334,107.4973058,16698.8483,-574.2524300000007,-3.438874464174879,-0.491267780596411,3.2825718885056254,-3.553228877466963,23,0,closed,0.0,0.0,-574.2524300000007,-0.491267780596411
GMRINF,CNC,2026-06-30,2026-07-23,,100.0,113.049177,107.4973058,11304.9177,-555.1871199999994,-4.9110231028041795,-0.7015747289720261,1.7079496297438768,-5.023634095098273,23,0,closed,0.0,0.0,-555.1871199999994,-0.7015747289720261
GMRINF,CNC,2026-07-15,2026-07-23,,80.0,114.35587375,107.4973058,9148.4699,-548.6854359999995,-5.9975650791614825,-0.8567950113087833,-2.11259262054303,-6.108889312736321,8,0,closed,0.0,0.0,-548.6854359999995,-0.8567950113087833
ADAPOR,MTF,2026-07-16,2026-07-23,,20.0,1846.312915,1796.6454399999998,36926.2583,-993.3495000000039,-2.6900897781999333,-0.38429853974284733,0.010132897759640436,-3.6728830984752103,7,7,closed,258483.80810000002,84.73729772740131,-1078.0867977274052,-0.41708097913441605
ADAENT,CNC,2026-07-20,2026-07-23,,10.0,3187.20383,3074.2603599999998,31872.0383,-1129.4347000000016,-3.543653811435088,-0.5062362587764414,-0.12248447881665347,-5.5598524428228995,3,0,closed,0.0,0.0,-1129.4347000000016,-0.5062362587764414
ASTDM,MTF,2026-07-13,2026-07-23,,30.0,815.80581,788.62762,24474.1743,-815.3456999999992,-3.331453351625424,-0.4759219073750612,1.077975897229777,-3.8619251804544064,10,10,closed,244741.743,80.23231356484388,-895.5780135648431,-0.5227539636487308
ASTDM,MTF,2026-07-15,2026-07-23,,20.0,826.8116550000001,788.82745,16536.2331,-759.6841000000018,-4.594057760349313,-0.6562939657641874,-0.26749199610642815,-5.141637124116272,8,8,closed,132289.8648,43.367844749248206,-803.05194474925,-0.6937596107831231
DELLIM,MTF,2026-07-01,2026-07-23,,50.0,507.068842,468.126132,25353.4421,-1947.1355000000017,-7.679965080560014,-1.0971378686514306,2.609341553666189,-8.207730105412402,22,22,closed,557775.7262,182.85248938239732,-2129.987989382399,-1.2001683924535038
STOKRA,MTF,2026-07-20,2026-07-23,,30.0,783.1237733333332,740.76714,23493.7132,-1270.6989999999962,-5.408676734846651,-0.7726681049780927,-0.6861971908297515,-4.791550788148702,3,3,closed,70481.1396,23.10543687185694,-1293.804436871853,-0.7867177218601935
RAYREA,MTF,2026-07-03,2026-07-23,,20.0,654.8660500000001,650.086552,13097.321000000002,-95.58996000000207,-0.7298436069483327,-0.10426337242119103,10.366081735341126,-1.6745485584418573,20,20,closed,261946.42000000004,85.87242637488406,-181.46238637488614,-0.19792748496853022
RAYREA,MTF,2026-07-06,2026-07-23,,5.0,712.3812066666667,650.086552,3561.9060333333337,-311.4732733333335,-8.744567386631697,-1.249223912375957,1.4555119136073769,-9.613000178247265,17,17,closed,60552.40256666667,19.850554671556203,-331.3238280048897,-1.3288384080411952
LTFINA,MTF,2026-07-16,2026-07-23,,100.0,313.329613,303.283768,31332.9613,-1004.5844999999986,-3.2061588127005325,-0.458022687528648,-1.046697427861687,-2.642461055859402,7,7,closed,219330.7291,71.90196333429328,-1076.4864633342918,-0.4908051269202167
ADAPOW,MTF,2026-07-16,2026-07-23,,100.0,220.72348300000002,211.60497999999998,22072.3483,-911.8503000000032,-4.13118843362944,-0.5901697762327763,-0.1601474366005773,-3.848019650904122,7,7,closed,154506.4381,50.650979426204145,-962.5012794262074,-0.622952215624345
CCLPRO,MTF,2026-07-10,2026-07-23,,15.0,1211.2269800000001,1185.4863533333335,18168.404700000003,-386.1094000000003,-2.1251695257536896,-0.30359564653624066,1.5251493159440521,-2.1405550262759365,13,13,closed,236189.26110000003,77.42860136950152,-463.5380013695018,-0.36447731969201114
KNOMAR,CNC,2026-06-22,2026-07-23,,6.0,2215.2509166666664,2360.6883333333335,13291.5055,872.6245000000026,6.565279606587859,0.9378970866554073,10.67820722039352,-1.1804945647428622,31,0,closed,0.0,0.0,872.6245000000026,0.9378970866554073
KNOMAR,CNC,2026-06-22,2026-07-23,,6.0,2215.2509166666664,2365.2865500000003,13291.5055,900.2138000000032,6.772850524720497,0.9675500749600704,10.67820722039352,-1.1804945647428622,31,0,closed,0.0,0.0,900.2138000000032,0.9675500749600704
IOLCHE,CNC,2026-07-14,2026-07-23,,75.0,176.933336,148.6824773333333,13270.0002,-2118.8144000000016,-15.966950776685007,-2.2809929680978573,-1.782217004035913,-16.923512932577044,9,0,closed,0.0,0.0,-2118.8144000000016,-2.2809929680978573
ARVLIM,MTF,2026-06-19,2026-07-23,,25.0,520.04512,512.792514,13001.128,-181.31515000000036,-1.3946109137607188,-0.1992301305372452,12.894050423932457,-2.210408204580405,34,34,closed,442038.352,144.9109548318892,-326.22610483188953,-0.35845912186772183
ARVLIM,CNC,2026-06-23,2026-07-23,,25.0,521.92854,512.792514,13048.2135,-228.40065000000038,-1.7504361804012492,-0.250062311485893,12.486663404151077,-1.6244637627978675,30,0,closed,0.0,0.0,-228.40065000000038,-0.250062311485893
RASPER,CNC,2026-07-23,2026-07-23,,35.0,762.9144657142857,760.4681685714286,26702.0063,-85.62039999999968,-0.32065156092784264,-0.045807365846834015,-0.17884910767922424,-0.17884910767922424,0,0,closed,0.0,0.0,-85.62039999999968,-0.045807365846834015
SKMEGG,CNC,2026-07-23,2026-07-23,,75.0,327.9491946666667,322.37990933333333,24596.1896,-417.69640000000265,-1.6982158895051058,-0.24260226992930095,-1.81405984933537,-1.81405984933537,0,0,closed,0.0,0.0,-417.69640000000265,-0.24260226992930095
BHAFOR,MTF,2026-07-10,2026-07-24,,10.0,2142.40478,2145.90485,21424.0478,35.000700000000506,0.16337108807236156,0.02333872686747867,3.108433131856625,-1.9606369623577757,14,14,closed,299936.6692,98.32655679357997,-63.32585679357946,-0.04222615191565878
VATWAB,MTF,2026-07-22,2026-07-24,,15.0,2098.2350466666667,2024.7197,31473.5257,-1102.7301999999986,-3.5036754716043728,-0.5005250673720533,-1.212211506383598,-2.7182391580616527,2,2,closed,62947.0514,20.63557897398461,-1123.3657789739832,-0.5098914786267872
BHAFOR,MTF,2026-07-17,2026-07-24,,15.0,2142.0411,2127.1211066666665,32130.6165,-223.79990000000134,-0.6965316087227946,-0.09950451553182764,3.1259390867897086,0.4462519416644328,7,7,closed,224914.3155,73.73239916174916,-297.53229916175053,-0.13228695492339637
GENOVE,MTF,2026-07-16,2026-07-24,,100.0,322.147293,307.176544,32214.7293,-1497.0749000000012,-4.647175166547191,-0.6638821666495984,1.7081338628538445,-2.9015587599551806,8,8,closed,257717.8344,84.48619286344345,-1581.5610928634446,-0.7013478116685341
BHEL,MTF,2026-07-15,2026-07-24,,40.0,413.0298175,403.89793249999997,16521.1927,-365.27540000000045,-2.2109505447509226,-0.31585007782156105,5.416118050605401,-0.8304043327331811,9,9,closed,148690.7343,48.744449852775986,-414.0198498527764,-0.3579989284678637
BHEL,MTF,2026-07-16,2026-07-24,,50.0,430.03382,403.99537799999996,21501.691,-1301.9221000000016,-6.054975397051332,-0.8649964852930481,1.2478506923013555,-4.751677437835,8,8,closed,172013.528,56.390230561899095,-1358.3123305619006,-0.9024621303119837
RAYREA,MTF,2026-07-06,2026-07-24,,10.0,712.3812066666667,629.024824,7123.812066666667,-833.5638266666672,-11.701092320599404,-1.6715846172284863,1.4555119136073769,-9.613000178247265,18,18,closed,128228.61720000001,42.03646871623667,-875.6002953829038,-1.7558823185210914
RAYREA,MTF,2026-07-08,2026-07-24,,15.0,676.4590039999999,629.024824,10146.885059999999,-711.5126999999995,-7.012129296751879,-1.00173275667884,6.84313398539671,-4.8131525794577135,16,16,closed,162350.16095999998,53.22234311882626,-764.7350431188258,-1.0766640467167115
RAYREA,MTF,2026-07-08,2026-07-24,,10.0,676.4590039999999,629.32468,6764.590039999999,-471.3432399999999,-6.96780199853767,-0.995400285505381,6.84313398539671,-4.8131525794577135,16,16,closed,108233.44063999999,35.481562079217504,-506.8248020792174,-1.0703315755432523
RAYREA,MTF,2026-07-09,2026-07-24,,20.0,687.4309480000001,629.32468,13748.618960000002,-1162.1253600000023,-8.452669780005328,-1.2075242542864748,5.137832694724698,-6.332410277228318,15,15,closed,206229.28440000003,67.6069901660959,-1229.732350166098,-1.2777723386969793
RAYREA,MTF,2026-07-09,2026-07-24,,5.0,687.4309480000001,630.723568,3437.1547400000004,-283.5369000000003,-8.249174722927965,-1.1784535318468514,5.137832694724698,-6.332410277228318,15,15,closed,51557.32110000001,16.901747541523974,-300.43864754152423,-1.2487016162573559
RAYREA,MTF,2026-07-13,2026-07-24,,20.0,718.744235,630.723568,14374.8847,-1760.41334,-12.246451896758515,-1.7494931281083597,0.557328296344517,-10.413194479396415,11,11,closed,158123.7317,51.83681650823924,-1812.2501565082393,-1.8010083900093963
BHEL,CNC,2026-07-24,2026-07-24,,100.0,412.56187700000004,417.34405599999997,41256.1877,478.2178999999928,1.1591422442553734,0.16559174917934025,1.1484636036790175,1.1484636036790175,0,0,closed,0.0,0.0,478.2178999999928,0.16559174917934025
SEINVE,MTF,2026-07-16,2026-07-28,,200.0,74.10894449999999,69.829736,14821.788899999998,-855.8416999999992,-5.774213259777294,-0.8248876085396135,-0.4438661246888964,-5.315073000398751,12,12,closed,177861.46679999997,58.307327554665115,-914.1490275546643,-0.881086076068017
SKMEGG,CNC,2026-07-24,2026-07-28,,75.0,333.02053466666666,271.09805600000004,24976.5401,-4644.185899999997,-18.59419231569226,-2.6563131879560373,-2.483490897924645,-18.77377763784024,4,0,closed,0.0,0.0,-4644.185899999997,-2.6563131879560373
ZYDWEL,MTF,2026-06-22,2026-07-28,,10.0,530.119535,547.47761,5301.19535,173.58074999999985,3.2743699965706696,0.46776714236723943,13.653612104673707,-2.267325425010047,36,36,closed,190843.0326,62.56300149512675,111.01774850487311,0.2991717397820288
ZYDWEL,CNC,2026-06-29,2026-07-28,,20.0,563.03148,547.47761,11260.6296,-311.0773999999992,-2.762522266072931,-0.39464603801041864,7.010002353687228,-2.412206152309626,29,0,closed,0.0,0.0,-311.0773999999992,-0.39464603801041864
CADHEA,MTF,2026-06-29,2026-07-28,,20.0,1117.34535,1096.95216,22346.907,-407.8638000000001,-1.8251465404138467,-0.26073522005912114,3.7280013739708906,-1.623969706411721,29,29,closed,648060.303,212.4499760517916,-620.3137760517917,-0.396548183252763
CADHEA,MTF,2026-07-14,2026-07-28,,20.0,1152.41546,1096.95216,23048.3092,-1109.2659999999978,-4.812786874622443,-0.6875409820889209,0.38914264478890903,-4.617732219593784,14,14,closed,322676.3288,105.78117191979902,-1215.0471719197967,-0.7531058608720583
SELEXP,CNC,2026-06-05,2026-07-29,,30.0,888.5854466666666,806.4943866666667,26657.5634,-2462.731799999996,-9.238397985016123,-1.319771140716589,1.2114257974530585,-15.0278678508179,54,0,closed,0.0,0.0,-2462.731799999996,-1.319771140716589
CUMIND,MTF,2026-07-23,2026-07-29,,8.0,5653.3576125,5386.445175,45226.8609,-2135.299500000001,-4.721308217082121,-0.6744726024403029,-0.42200784268889846,-4.782248550882729,6,6,closed,271361.1654,88.95880957950955,-2224.2583095795108,-0.7025718362045047
SENPHA,MTF,2026-07-03,2026-07-29,,25.0,1370.2353520000001,1310.5531799999999,34255.8838,-1492.0543000000066,-4.355614669617736,-0.6222306670882484,8.076324102897603,-3.7902504795395364,26,26,closed,890652.9788,291.97777296431144,-1784.032072964318,-0.7439940133997893
ATHENE,MTF,2026-06-29,2026-07-29,,10.0,1016.3421549999999,1245.3405,10163.42155,2289.9834500000006,22.531619285239636,3.2188027550342335,27.584986376954923,6.63239684277388,30,30,closed,304902.6465,99.95452529215153,2190.028924707849,3.0783065862132246
GMRINF,MTF,2026-07-24,2026-07-30,,200.0,106.874781,105.16371,21374.9562,-342.2142000000008,-1.601005385919807,-0.2287150551314017,1.052838648623755,-2.7740697779769063,6,6,closed,128249.7372,42.04339236743617,-384.257592367437,-0.2568142888956034
BHEL,CNC,2026-07-29,2026-07-31,,75.0,406.91762374999996,406.5992386666666,30518.821781249997,-23.87888125000046,-0.07824312950597268,-0.011177589929424681,0.020243962215471534,-0.962755978445129,2,0,closed,0.0,0.0,-23.87888125000046,-0.011177589929424681
ONTECH,MTF,2026-07-06,2026-08-03,,60.0,326.4915066666666,307.97472166666665,19589.4904,-1111.0070999999982,-5.671444623184263,-0.8102063747406096,5.959877343210529,-7.302335950505379,28,28,closed,548505.7311999999,179.81355888992084,-1290.820658889919,-0.9413361323068845
ONTECH,MTF,2026-07-15,2026-08-03,,60.0,328.6603983333333,308.5242,19719.6239,-1208.1718999999987,-6.126749202351666,-0.8752498860502381,5.26062822121065,-5.479941734588567,19,19,closed,374672.8541,122.8269013119932,-1330.9988013119919,-0.9642307929702103
STOKRA,CNC,2026-07-31,2026-08-03,,15.0,815.38513,752.5947666666667,12230.77695,-941.8554499999993,-7.7007000769480864,-1.1001000109925843,-4.5359093070534655,-7.454775389391754,3,0,closed,0.0,0.0,-941.8554499999993,-1.1001000109925843
ATHENE,MTF,2026-06-29,2026-08-04,,10.0,1016.3421549999999,1364.8958833333334,10163.42155,3485.537283333334,34.294919936026226,4.899274276575174,42.70784625675594,6.63239684277388,36,36,closed,365883.17579999997,119.94543035058183,3365.5918529827522,4.730678873989963
ATHENE,MTF,2026-07-08,2026-08-04,,2.0,1175.16135,1364.8958833333334,2350.3227,379.46906666666655,16.145402785186324,2.306486112169475,23.42134975763115,0.8031790698358021,27,27,closed,63458.712900000006,20.803314095112103,358.66575257155444,2.180039560230567
LLOST,MTF,2026-07-06,2026-08-04,,100.0,86.4236845,90.81612,8642.36845,439.2435500000005,5.082444153373267,0.7260634504818947,7.285405078974616,-5.43101642467001,29,29,closed,250628.68505,82.1621967744019,357.0813532255986,0.5902504872882528
LLOST,MTF,2026-07-06,2026-08-04,,100.0,86.4236845,90.7236032,8642.36845,429.99187000000063,4.975393869026723,0.7107705527181046,7.285405078974616,-5.43101642467001,29,29,closed,250628.68505,82.1621967744019,347.82967322559875,0.5749575895244627
LLOST,CNC,2026-07-20,2026-08-04,,25.0,91.3636104,90.7236032,2284.09026,-16.000179999999986,-0.7005055921038728,-0.100072227443411,1.4846059542322987,-4.852709279536082,15,0,closed,0.0,0.0,-16.000179999999986,-0.100072227443411
ZYDWEL,CNC,2026-06-29,2026-08-04,,10.0,563.03148,542.1877824999999,5630.3148,-208.43697500000076,-3.7020483295179263,-0.5288640470739898,7.010002353687228,-2.412206152309626,36,0,closed,0.0,0.0,-208.43697500000076,-0.5288640470739898
ZYDWEL,MTF,2026-07-08,2026-08-04,,30.0,581.2677233333333,542.1877824999999,17438.0317,-1172.3982250000006,-6.723225678044853,-0.9604608111492641,3.6527534240002657,-5.473850010262316,27,27,closed,470826.85589999997,154.3485286746461,-1326.7467536746467,-1.086907363088172
STLIND,CNC,2026-06-30,2026-08-04,,55.0,184.25036,264.7558021052632,10133.7698,4427.799315789474,43.69350600197643,6.2419294288537746,45.75276813570406,-2.40453261529584,35,0,closed,0.0,0.0,4427.799315789474,6.2419294288537746
STLIND,CNC,2026-07-03,2026-08-04,,40.0,199.584114,264.7558021052632,7983.36456,2606.867524210527,32.65374523007536,4.664820747153623,34.55479728211235,-9.902648865129615,32,0,closed,0.0,0.0,2606.867524210527,4.664820747153623
OBEREA,CNC,2026-07-10,2026-08-04,,15.0,1933.6858399999999,1791.7544333333333,29005.2876,-2128.971099999999,-7.339941356071911,-1.0485630508674164,-0.4388427439691922,-8.009876102728242,25,0,closed,0.0,0.0,-2128.971099999999,-1.0485630508674164
BHEL,CNC,2026-07-29,2026-08-05,,5.0,406.91762374999996,410.19774125000004,2034.58811875,16.40058750000037,0.8060888269649569,0.11515554670928034,1.3472938821072589,-0.962755978445129,7,0,closed,0.0,0.0,16.40058750000037,0.11515554670928034
BHEL,CNC,2026-07-31,2026-08-05,,75.0,409.7613866666667,410.19774125000004,30732.104,32.7265937500016,0.10648992255786194,0.015212846079694564,0.643938989663706,-0.673901142596689,5,0,closed,0.0,0.0,32.7265937500016,0.015212846079694564
CUMIND,MTF,2026-08-04,2026-08-05,,5.0,5585.22268,5365.4836000000005,27926.1134,-1098.6953999999969,-3.9342939859293047,-0.5620419979899002,-0.6306405674052717,-2.6001233669702084,1,1,closed,27926.1134,9.15486119977575,-1107.8502611997726,-0.5667252036172671
STOKRA,CNC,2026-07-31,2026-08-05,,15.0,815.38513,756.2165200000001,12230.77695,-887.5291499999992,-7.256523061684971,-1.0366461516692809,-4.5359093070534655,-7.454775389391754,5,0,closed,0.0,0.0,-887.5291499999992,-1.0366461516692809
STOKRA,CNC,2026-08-05,2026-08-05,,5.0,782.3172950000001,756.2165200000001,3911.586475,-130.503875,-3.336341298705403,-0.4766201855293436,-3.3640180484569293,-3.3640180484569293,0,0,closed,0.0,0.0,-130.503875,-0.4766201855293436
WEWIND,CNC,2026-06-24,2026-08-05,,20.0,641.9899766666666,746.628825,12839.799533333333,2092.7769666666677,16.299140506311026,2.328448643758718,16.46599279979415,-2.405018337955045,42,0,closed,0.0,0.0,2092.7769666666677,2.328448643758718
ASIOIL,CNC,2026-07-30,2026-08-06,,50.0,399.211028,393.35550600000005,19960.5514,-292.77609999999754,-1.466773608268146,-0.20953908689544912,4.606328660840497,-1.8939927681556945,7,0,closed,0.0,0.0,-292.77609999999754,-0.20953908689544912
PARDEF,CNC,2026-07-31,2026-08-06,,8.0,1266.24406,1329.0091125,10129.95248,502.1204199999993,4.956789491277047,0.7081127844681505,3.984693124641403,-0.7695246365064912,6,0,closed,0.0,0.0,502.1204199999993,0.7081127844681505
RAIIND,MTF,2026-07-06,2026-08-06,,60.0,195.159375,244.24477599999997,11709.5625,2945.124059999998,25.151444044130567,3.5930634348757966,24.513618677042803,0.8867752317817112,31,31,closed,362996.4375,118.99908711699115,2826.1249728830066,3.447884060427421
RAIIND,MTF,2026-07-10,2026-08-06,,15.0,206.93204666666668,244.24477599999997,3103.9807,559.6909399999994,18.031392398799362,2.5759131998284808,17.42985386474858,-0.7113671808590794,27,27,closed,83807.4789,27.474135975994244,532.2168040240051,2.449466647889573
RAIIND,MTF,2026-07-10,2026-08-06,,45.0,206.93204666666668,242.40630199999998,9311.9421,1596.3414899999987,17.142949052486035,2.4489927217837195,17.42985386474858,-0.7113671808590794,27,27,closed,251422.43670000002,82.42240792798275,1513.919082072016,2.3225461698448115
RAIIND,MTF,2026-07-10,2026-08-06,,5.0,207.882578,242.40630199999998,1039.41289,172.61861999999994,16.60731954170782,2.3724742202439733,16.892912497939093,-1.1653588402198767,27,27,closed,28064.14803,9.200112318694877,163.41850768130507,2.2460276683050653
STOKRA,CNC,2026-08-05,2026-08-06,,15.0,782.3172950000001,797.4018571428571,11734.759425,226.268432142856,1.9281897817249538,0.2754556831035649,2.2858634360116037,-3.3640180484569293,1,0,closed,0.0,0.0,226.268432142856,0.2754556831035649
STOKRA,CNC,2026-08-06,2026-08-06,,20.0,813.191275,797.4018571428571,16263.8255,-315.7883571428579,-1.9416610018525904,-0.2773801431217993,-1.597566943890294,-1.597566943890294,0,0,closed,0.0,0.0,-315.7883571428579,-0.2773801431217993
WEWIND,CNC,2026-06-24,2026-08-06,,10.0,641.9899766666666,743.9970666666667,6419.899766666666,1020.0709000000006,15.889202901521937,2.2698861287888494,16.543875635690753,-2.405018337955045,43,0,closed,0.0,0.0,1020.0709000000006,2.2698861287888494
WEWIND,CNC,2026-07-31,2026-08-06,,5.0,721.750835,743.9970666666667,3608.754175,111.23115833333316,3.0822592213096023,0.44032274590137327,3.6645839141980385,2.161295040275224,6,0,closed,0.0,0.0,111.23115833333316,0.44032274590137327
LLOST,CNC,2026-07-20,2026-08-06,,100.0,91.3636104,91.185908,9136.36104,-17.770240000000115,-0.19450019457637469,-0.027785742082339276,2.0975414517988566,-4.852709279536082,17,0,closed,0.0,0.0,-17.770240000000115,-0.027785742082339276
STOKRA,CNC,2026-08-06,2026-08-06,,15.0,843.8014133333332,796.0520466666666,12657.0212,-716.2405000000001,-5.658839379995673,-0.8084056257136667,-5.167260050097711,-5.167260050097711,0,0,closed,0.0,0.0,-716.2405000000001,-0.8084056257136667
BIOCON,CNC,2026-06-04,2026-08-06,,30.0,417.23839999999996,435.6885166666667,12517.151999999998,553.5035000000028,4.4219603628685045,0.6317086232669298,5.623068250669161,-4.838576698597241,63,0,closed,0.0,0.0,553.5035000000028,0.6317086232669298
DECGOL,CNC,2026-08-03,2026-08-06,,75.0,203.46352285714283,225.42831733333335,15259.764214285713,1647.3595857142889,10.795445870468189,1.5422065529240265,10.796272881935899,-2.1790258985418864,3,0,closed,0.0,0.0,1647.3595857142889,1.5422065529240265
HIMCHE,CNC,2026-07-13,2026-08-06,,20.0,667.2383575000001,761.267825,13344.767150000003,1880.589349999998,14.092335436516002,2.013190776645144,20.03206815039853,-0.6202217623557549,24,0,closed,0.0,0.0,1880.589349999998,2.013190776645144
UJJSMA,CNC,2026-07-10,2026-08-06,,150.0,64.36933666666667,71.96345133333334,9655.4005,1139.1172000000004,11.797720871340346,1.6853886959057638,11.93217723076323,0.7933332232049617,27,0,closed,0.0,0.0,1139.1172000000004,1.6853886959057638
PARDEF,CNC,2026-07-31,2026-08-06,,8.0,1266.24406,1316.2107625,10129.95248,399.7336200000009,3.9460562207889183,0.5637223172555591,3.984693124641403,-0.7695246365064912,6,0,closed,0.0,0.0,399.7336200000009,0.5637223172555591
RAIIND,MTF,2026-07-10,2026-08-07,,45.0,207.882578,221.77595636363637,9354.71601,625.2020263636368,6.683281733997148,0.9547545334281639,16.892912497939093,-1.1653588402198767,28,28,closed,261932.04828,85.86771497448552,539.3343113891513,0.823624775861889
RAIIND,MTF,2026-07-13,2026-08-07,,50.0,216.93586200000001,221.77595636363637,10846.7931,242.00471818181768,2.231117676447769,0.3187310966353965,12.014674641484579,-5.289979210537354,25,25,closed,271169.8275,88.89608434840896,153.1086338334087,0.2016509559512225
RAIIND,MTF,2026-07-31,2026-08-07,,50.0,225.613538,221.77595636363637,11280.6769,-191.87908181818187,-1.700953617581069,-0.24299337394015255,7.706302624446226,-1.2116019385326138,7,7,closed,78964.7383,25.886567473908354,-217.76564929209022,-0.2757758133317213
RAIIND,MTF,2026-08-03,2026-08-07,,75.0,229.661532,221.77595636363637,17224.6149,-591.4181727272719,-3.4335639789965455,-0.4905091398566494,5.8078807904146545,-2.9528375696805886,4,4,closed,68898.4596,22.58659576009446,-614.0047684873664,-0.5092419623661173
BHEL,CNC,2026-08-05,2026-08-07,,40.0,413.46198000000004,402.50696750000003,16538.4792,-438.2005000000004,-2.6495815890979935,-0.37851165558542693,-0.25685070245153874,-1.9982441916424953,2,0,closed,0.0,0.0,-438.2005000000004,-0.37851165558542693
PARDEF,CNC,2026-07-31,2026-08-07,,4.0,1266.24406,1279.720675,5064.97624,53.90646000000015,1.0642983786237847,0.15204262551768413,3.984693124641403,-0.7695246365064912,7,0,closed,0.0,0.0,53.90646000000015,0.15204262551768413
PARDEF,CNC,2026-08-06,2026-08-07,,4.0,1326.79955,1279.720675,5307.1982,-188.3154999999997,-3.548303509750206,-0.5069005013928864,-0.7611963691124157,-3.7458220422218247,1,0,closed,0.0,0.0,-188.3154999999997,-0.5069005013928864
STLIND,CNC,2026-07-03,2026-08-07,,10.0,199.584114,257.5192212,1995.84114,579.351072,29.027915117532842,4.146845016790407,35.381516386619815,-9.902648865129615,35,0,closed,0.0,0.0,579.351072,4.146845016790407
STLIND,CNC,2026-07-10,2026-08-07,,50.0,206.42493,257.5192212,10321.2465,2554.714560000001,24.75199637950707,3.5359994827867247,30.895042570681742,-1.5961880185692667,28,0,closed,0.0,0.0,2554.714560000001,3.5359994827867247
STLIND,CNC,2026-07-15,2026-08-07,,50.0,212.306718,257.5192212,10615.3359,2260.6251600000005,21.295841990266197,3.0422631414665977,27.268699994693524,-0.8227332683839017,23,0,closed,0.0,0.0,2260.6251600000005,3.0422631414665977
STLIND,CNC,2026-07-29,2026-08-07,,50.0,247.296822,257.5192212,12364.8411,511.1199600000006,4.13365570868518,0.5905222440978819,9.261412182644225,-1.2320506083980276,9,0,closed,0.0,0.0,511.1199600000006,0.5905222440978819
STLIND,CNC,2026-07-31,2026-08-07,,40.0,254.3507975,257.5192212,10174.0319,126.73694800000021,1.2456904916918976,0.1779557845274135,6.231237588315408,0.8449757268797153,7,0,closed,0.0,0.0,126.73694800000021,0.1779557845274135
STLIND,CNC,2026-08-05,2026-08-07,,50.0,273.49965199999997,257.5192212,13674.9826,-799.0215399999983,-5.842943741661499,-0.834706248808785,-1.206455648433502,-6.215602789871177,2,0,closed,0.0,0.0,-799.0215399999983,-0.834706248808785
KIRENG,CNC,2026-08-04,2026-08-07,,10.0,2260.44152,2147.5898,22604.4152,-1128.5171999999966,-4.992463596226971,-0.7132090851752819,0.5953916472035248,-4.36824041349232,3,0,closed,0.0,0.0,-1128.5171999999966,-0.7132090851752819
CYIDLM,MTF,2026-08-03,2026-08-10,,30.0,685.297076,681.87701,20558.912279999997,-102.60197999999718,-0.49906327048153676,-0.07129475292593307,0.9051438007303014,-3.326597587875879,7,7,closed,143912.38595999999,47.17799070429746,-149.77997070429464,-0.10407719231750179
BHAFOR,MTF,2026-07-29,2026-08-10,,15.0,2180.38164,2257.0063133333333,32705.7246,1149.3700999999987,3.514278047825292,0.5020397211178999,3.89006944674144,-4.003044164323455,12,12,closed,392468.6952,128.66081213482062,1020.7092878651781,0.44584125358949633
BHAFOR,MTF,2026-07-31,2026-08-10,,7.0,2208.937014285714,2257.685442857143,15462.559099999999,341.23900000000003,2.206872729107312,0.31526753272961505,2.5470615662836815,-5.244016173234867,10,10,closed,154625.591,50.69004065342993,290.5489593465701,0.26843547645594545
LLOMET,CNC,2026-07-15,2026-08-10,,7.0,1837.8905833333333,2069.9352599999997,12865.234083333333,1624.312736666665,12.625597996471205,1.8036568566387445,14.326718851190211,0.3052095003660771,26,0,closed,0.0,0.0,1624.312736666665,1.8036568566387445
LLOMET,CNC,2026-07-15,2026-08-10,,3.0,1872.1243375000001,2069.9352599999997,5616.3730125,593.4327674999988,10.56612098554055,1.5094458550772218,12.236135063865628,-1.5289763039042836,26,0,closed,0.0,0.0,593.4327674999988,1.5094458550772218
MARPHA,MTF,2026-07-30,2026-08-10,,100.0,262.727912,270.994093,26272.7912,826.6181000000017,3.146289610827502,0.44946994440392857,4.233310391474521,-1.6663292326549506,11,11,closed,289000.7032,94.74148036774741,731.8766196322543,0.397954682502892
SOUBAN,MTF,2026-08-03,2026-08-10,,350.0,47.79605485714286,46.123135000000005,16728.6192,-585.5219500000004,-3.500121217416441,-0.5000173167737771,-0.7658683509276232,-3.7577470829152637,7,7,closed,117100.3344,38.3883461520043,-623.9102961520047,-0.5327997561653459
SOUBAN,MTF,2026-08-06,2026-08-10,,150.0,47.7960522,46.123135000000005,7169.40783,-250.937579999999,-3.500115852664487,-0.500016550380641,-0.765862834169384,-3.7577417324855977,4,4,closed,28677.63132,9.40122710641653,-260.3388071064155,-0.5187493728901088
RAYREA,MTF,2026-08-04,2026-08-10,,40.0,675.9898875,623.2362049999999,27039.5955,-2110.1473000000033,-7.803915927662464,-1.1148451325232092,2.449757430727839,-10.198360770596594,6,6,closed,162237.573,53.185434039077066,-2163.33273403908,-1.142944366287411
ATHENE,MTF,2026-07-08,2026-08-10,,10.0,1175.16135,1463.5501833333335,11751.613500000001,2883.8883333333342,24.540360635016924,3.5057658050024165,26.06779486068018,0.8031790698358021,33,33,closed,387803.2455,127.13136391457398,2756.75696941876,3.3512200192993067
ATHENE,MTF,2026-07-24,2026-08-10,,2.0,1211.7350000000001,1463.5501833333335,2423.4700000000003,503.63036666666676,20.781374090319527,2.9687677271885042,22.262705954684805,-0.8033934812479715,17,17,closed,41198.990000000005,13.50603392668846,490.1243327399783,2.8891532315232658
SAKHEA,CNC,2026-07-14,2026-08-10,,20.0,884.046975,910.2924266666666,17680.9395,524.9090333333334,2.968784737560659,0.42411210536580796,4.592858315023363,-9.258215605567788,27,0,closed,0.0,0.0,524.9090333333334,0.42411210536580796
SAKHEA,CNC,2026-07-14,2026-08-10,,10.0,898.1904100000002,910.2924266666666,8981.904100000002,121.02016666666486,1.3473776308373653,0.19248251869105323,2.94587758958591,-10.687089166316088,27,0,closed,0.0,0.0,121.02016666666486,0.19248251869105323
GLAPH,CNC,2026-07-29,2026-08-10,,6.0,2470.04348,2670.5151833333334,14820.260879999998,1202.8302200000016,8.116120422841044,1.1594457746915776,7.985953348481156,1.330200065951881,12,0,closed,0.0,0.0,1202.8302200000016,1.1594457746915776
MOTSUM,CNC,2026-07-15,2026-08-10,,150.0,144.480904,167.36755066666666,21672.1356,3432.9969999999976,15.840603175258817,2.26294331075126,16.624408717708448,-1.6409808731540076,26,0,closed,0.0,0.0,3432.9969999999976,2.26294331075126
BHEL,CNC,2026-08-05,2026-08-10,,40.0,413.46198000000004,407.99886200000003,16538.4792,-218.52472000000034,-1.3213108494280479,-0.18875869277543478,-0.25685070245153874,-1.9982441916424953,5,0,closed,0.0,0.0,-218.52472000000034,-0.18875869277543478
BHEL,CNC,2026-08-10,2026-08-10,,10.0,408.81116000000003,407.99886200000003,4088.1116,-8.122979999999984,-0.19869760894003496,-0.0283853727057185,0.04619247674158,0.04619247674158,0,0,closed,0.0,0.0,-8.122979999999984,-0.0283853727057185
WOCKHA,MTF,2026-07-10,2026-08-10,,6.0,1818.6098882352942,1914.4275333333333,10911.659329411765,574.9058705882344,5.268730018344758,0.7526757169063945,11.535740189352971,-0.4349414509655869,31,31,closed,338261.4392117647,110.89035129464486,464.01551929358953,0.6074963424580186
WOCKHA,MTF,2026-07-10,2026-08-10,,11.0,1818.6098882352942,1913.5286294117648,20004.708770588237,1044.1061529411763,5.219301939932586,0.7456145628475125,11.535740189352971,-0.4349414509655869,31,31,closed,620145.9718882353,203.29897737351556,840.8071755676608,0.6004351883991368
WOCKHA,CNC,2026-07-31,2026-08-10,,6.0,1923.7658666666666,1913.5286294117648,11542.5952,-61.42342352941114,-0.5321456957046444,-0.07602081367209236,5.439026398500069,0.38643649220237997,10,0,closed,0.0,0.0,-61.42342352941114,-0.07602081367209236
WEWIND,CNC,2026-07-31,2026-08-11,,15.0,721.750835,719.75614,10826.262525,-29.920425000001387,-0.2763689216930487,-0.03948127452757873,4.662158097815006,-0.24950923679915027,11,0,closed,0.0,0.0,-29.920425000001387,-0.03948127452757873
WEWIND,CNC,2026-08-05,2026-08-11,,5.0,751.4128149999999,719.75614,3757.0640749999993,-158.28337499999975,-4.212953834171696,-0.6018505477388133,0.5306250998660555,-4.187154433877982,6,0,closed,0.0,0.0,-158.28337499999975,-0.6018505477388133
APOMIC,CNC,2026-07-31,2026-08-11,,25.0,387.82946933333335,387.02770799999996,9695.736733333333,-20.04403333333471,-0.20673037938854222,-0.02953291134122099,4.156602821950917,0.10843184954190122,11,0,closed,0.0,0.0,-20.04403333333471,-0.02953291134122099
LLOMET,CNC,2026-07-15,2026-08-11,,5.0,1872.1243375000001,1969.1608833333332,9360.621687500001,485.18272916666547,5.183231898096774,0.7404616997281118,12.236135063865628,-1.5289763039042836,27,0,closed,0.0,0.0,485.18272916666547,0.7404616997281118
LLOMET,MTF,2026-07-20,2026-08-11,,1.0,1890.1978,1969.1608833333332,1890.1978,78.96308333333332,4.177503715925046,0.5967862451321482,11.162969293478175,-0.978617158479389,22,22,closed,41584.351599999995,13.632364859646836,65.33071847368647,0.49375572133007506
BHEL,CNC,2026-08-10,2026-08-11,,40.0,408.81116000000003,401.75046000000003,16352.4464,-282.4279999999999,-1.7271299540844276,-0.24673285058348896,0.04619247674158,-1.421477828540696,1,0,closed,0.0,0.0,-282.4279999999999,-0.24673285058348896
BHEL,CNC,2026-08-11,2026-08-11,,10.0,409.111368,401.75046000000003,4091.1136800000004,-73.60907999999995,-1.7992430853204677,-0.25703472647435327,-1.4938152488590872,-1.4938152488590872,0,0,closed,0.0,0.0,-73.60907999999995,-0.25703472647435327
AETIND,MTF,2026-07-29,2026-08-12,,22.0,1477.4308590909093,1615.718131818182,32503.478900000006,3042.3199999999993,9.359982694037106,1.3371403848624421,10.610929096577394,0.898122631420839,14,14,closed,455048.70460000006,149.1760657876136,2893.143934212386,1.2715755060793048
AZAENG,MTF,2026-07-14,2026-08-12,,10.0,2392.6077,2459.2549599999998,23926.077,666.4725999999973,2.785549005798149,0.397935572256877,6.565735786940752,-5.559110254472566,29,29,closed,693856.233,227.46299904784686,439.00960095215044,0.26212260906323515
LLOMET,MTF,2026-07-20,2026-08-12,,9.0,1890.1978,1929.3973933333332,17011.7802,352.7963399999994,2.0738355178137047,0.29626221683052933,11.162969293478175,-0.978617158479389,23,23,closed,391270.94460000005,128.26816027031344,224.52817972968597,0.18854848740108926
LLOMET,CNC,2026-08-11,2026-08-12,,6.0,2059.4086166666666,1929.3973933333332,12356.4517,-780.0673400000005,-6.313036775759828,-0.9018623965371183,-3.5548368630777705,-8.051273327924713,1,0,closed,0.0,0.0,-780.0673400000005,-0.9018623965371183
WEWIND,CNC,2026-08-05,2026-08-12,,15.0,751.4128149999999,705.3332,11271.192224999999,-691.1942249999981,-6.132396743859081,-0.8760566776941547,0.5306250998660555,-5.697642380506895,7,0,closed,0.0,0.0,-691.1942249999981,-0.8760566776941547
WEWIND,CNC,2026-08-05,2026-08-12,,20.0,749.74172,705.3332,14994.8344,-888.1703999999991,-5.923175783788581,-0.8461679691126537,0.754697230934398,-5.487452398940795,7,0,closed,0.0,0.0,-888.1703999999991,-0.8461679691126537
WEWIND,CNC,2026-08-06,2026-08-12,,15.0,773.5658533333334,705.3332,11603.4878,-1023.4898000000004,-8.820535839232758,-1.260076548461822,-2.3483266815689796,-8.398231779930864,6,0,closed,0.0,0.0,-1023.4898000000004,-1.260076548461822
AZAENG,MTF,2026-08-06,2026-08-12,,10.0,2473.64026,2466.82972,24736.4026,-68.10539999999946,-0.275324593884152,-0.03933208484059351,3.07481007767878,-0.721214813992388,6,6,closed,148418.4156,48.65517713999658,-116.76057713999604,-0.06743131860479527
AETIND,CNC,2026-08-11,2026-08-12,,10.0,1622.87335,1621.97515,16228.7335,-8.98200000000088,-0.05534627825394267,-0.007906611179134729,0.6979380122299705,-0.6268727008179709,1,0,closed,0.0,0.0,-8.98200000000088,-0.007906611179134729
AETIND,CNC,2026-08-11,2026-08-12,,8.0,1634.5817,1621.97515,13076.6536,-100.85239999999976,-0.7712401282848114,-0.11017716118354377,-0.023351540030080997,-1.3386727625789518,1,0,closed,0.0,0.0,-100.85239999999976,-0.11017716118354377
FINCHE,CNC,2026-07-15,2026-08-12,,200.0,38.928231399999994,41.9241205,7785.646279999999,599.1778200000012,7.695929129726675,1.0994184471038109,10.433992128396596,-3.0780525004791226,28,0,closed,0.0,0.0,599.1778200000012,1.0994184471038109
KNOMAR,MTF,2026-07-10,2026-08-12,,5.0,2311.6447833333336,2606.7352,11558.223916666668,1475.4520833333322,12.765387606012446,1.8236268008589196,15.926115436117993,1.2958399526882047,33,33,closed,381421.38925,125.03923575736067,1350.4128475759715,1.66908101515581
KNOMAR,MTF,2026-07-10,2026-08-12,,1.0,2311.6447833333336,2606.4438999999998,2311.6447833333336,294.7991166666661,12.752786188956478,1.821826598422353,15.926115436117993,1.2958399526882047,33,33,closed,76284.27785000001,25.00784715147214,269.79126951519396,1.6672808127192433
KNOMAR,MTF,2026-07-20,2026-08-12,,5.0,2424.6667166666666,2606.4438999999998,12123.333583333333,908.8859166666657,7.496996683454826,1.070999526207833,10.522406299373,-3.425902458910457,23,23,closed,278836.67241666664,91.40946313646077,817.4764535302049,0.9632857967783928
KNOMAR,MTF,2026-07-20,2026-08-12,,1.0,2424.6667166666666,2604.0122916666664,2424.6667166666666,179.34557499999983,7.396710391874262,1.0566729131248946,10.522406299373,-3.425902458910457,23,23,closed,55767.33448333333,18.281892627292155,161.06368237270766,0.9489591836954545
KNOMAR,MTF,2026-08-04,2026-08-12,,6.0,2554.9325,2604.0122916666664,15329.595,294.4787499999993,1.9209819307033138,0.27442599010047397,2.5897944466243272,-1.3985692381305648,8,8,closed,122636.76,40.203321518783596,254.27542848121573,0.2369603450815383
KNOMAR,MTF,2026-08-10,2026-08-12,,5.0,2596.71816,2604.0122916666664,12983.5908,36.47065833333272,0.2808980881724432,0.040128298310348476,0.9389482607538691,0.0031516704916523253,2,2,closed,25967.1816,8.512675569718585,27.957982763614137,0.030761887055614556
WOCKHA,CNC,2026-07-31,2026-08-12,,6.0,1923.7658666666666,1851.7432947368422,11542.5952,-432.1354315789463,-3.7438325098583247,-0.5348332156940461,5.439026398500069,-3.9696029537620747,12,0,closed,0.0,0.0,-432.1354315789463,-0.5348332156940461
WOCKHA,CNC,2026-08-03,2026-08-12,,7.0,2005.029142857143,1851.7432947368422,14035.204,-1073.0009368421047,-7.6450683356088405,-1.0921526193726907,1.1656118429058893,-7.86168836591189,9,0,closed,0.0,0.0,-1073.0009368421047,-1.0921526193726907
WOCKHA,MTF,2026-08-07,2026-08-12,,6.0,2026.5724333333335,1851.7432947368422,12159.4346,-1048.9748315789475,-8.626838879325415,-1.2324055541893455,-0.2749683772303113,-8.841156150467722,5,5,closed,60797.173,19.930796390512185,-1068.9056279694596,-1.2558215823261802
BHEL,CNC,2026-08-11,2026-08-12,,40.0,409.111368,419.04491,16364.454720000002,397.34167999999954,2.4280777257697617,0.3468682465385383,2.6615324949855745,-1.4938152488590872,1,0,closed,0.0,0.0,397.34167999999954,0.3468682465385383
BHEL,CNC,2026-08-12,2026-08-12,,10.0,417.812642,419.04491,4178.12642,12.322680000000332,0.2949331533151689,0.042133307616453224,0.5235260449586887,0.5235260449586887,0,0,closed,0.0,0.0,12.322680000000332,0.042133307616453224
ATHENE,MTF,2026-07-24,2026-08-13,,12.0,1211.7350000000001,1502.4956083333334,14540.820000000002,3489.127299999999,23.99539572046143,3.4279136743516316,29.516767279974566,-0.8033934812479715,20,20,closed,290816.4,95.33671007074207,3393.7905899292573,3.334249561804292
BELLIM,CNC,2026-07-09,2026-08-13,,100.0,231.07431100000002,257.009938,23107.4311,2593.5626999999954,11.223933499037875,1.603419071291124,13.102144011153193,-1.8021522955011804,35,0,closed,0.0,0.0,2593.5626999999954,1.603419071291124
BELLIM,CNC,2026-07-13,2026-08-13,,50.0,237.42771399999998,257.009938,11871.385699999999,979.1111999999998,8.247657221683902,1.1782367459548428,10.075608106979473,-4.429859439239681,31,0,closed,0.0,0.0,979.1111999999998,1.1782367459548428
BELLIM,CNC,2026-07-31,2026-08-13,,50.0,240.503208,257.009938,12025.1604,825.3364999999988,6.863413647272432,0.9804876638960601,8.66798916046061,-1.5688805281965368,13,0,closed,0.0,0.0,825.3364999999988,0.9804876638960601
BIOCON,CNC,2026-06-04,2026-08-13,,20.0,417.23839999999996,416.372676,8344.768,-17.314479999998866,-0.2074890518226402,-0.029641293117519635,5.623068250669161,-4.838576698597241,70,0,closed,0.0,0.0,-17.314479999998866,-0.029641293117519635
BIOCON,CNC,2026-07-14,2026-08-13,,50.0,434.793756,416.372676,21739.6878,-921.053999999998,-4.2367397750762485,-0.6052485392966065,1.3584012922209565,-3.4024766445817978,30,0,closed,0.0,0.0,-921.053999999998,-0.6052485392966065
BIOCON,CNC,2026-08-06,2026-08-13,,30.0,438.4155633333333,416.372676,13152.4669,-661.2866199999985,-5.027852379541042,-0.718264625648721,-0.4141192706593966,-4.200481204024154,7,0,closed,0.0,0.0,-661.2866199999985,-0.718264625648721
MARPHA,MTF,2026-08-03,2026-08-13,,50.0,263.9303506666667,303.33678,13196.517533333335,1970.321466666664,14.930616821368158,2.1329452601954495,18.440338221958076,-0.6366644315146996,10,10,closed,131965.17533333335,43.2614036216274,1927.0600630450367,2.08611320392178
ABB,MTF,2026-08-04,2026-08-14,,2.0,7839.1955,7664.282,15678.391,-349.8269999999993,-2.2312685019782896,-0.31875264313975593,-1.3291606262402778,-3.051276116280044,10,10,closed,156783.91,51.397590271481654,-401.22459027148096,-0.36558469941342553
DECGOL,CNC,2026-08-03,2026-08-14,,60.0,203.46352285714283,226.41582,12207.81137142857,1377.1378285714297,11.280792163896901,1.6115417376995582,10.811017539641,-2.1790258985418864,11,0,closed,0.0,0.0,1377.1378285714297,1.6115417376995582
CYIDLM,MTF,2026-08-03,2026-08-14,,15.0,685.297076,696.6992066666667,10279.456139999998,171.03196000000082,1.6638230434630863,0.23768900620901195,6.253189383227431,-3.326597587875879,11,11,closed,113074.01753999999,37.06842126766228,133.96353873233855,0.1861737443079754
MARPHA,MTF,2026-08-03,2026-08-17,,25.0,263.9303506666667,338.967234,6598.258766666668,1875.922083333333,28.430562511585443,4.06150893022649,26.16965012127972,-0.6366644315146996,14,14,closed,92375.62273333335,30.282982535139187,1845.6391007981938,3.995944051443353
MARPHA,MTF,2026-08-04,2026-08-17,,25.0,268.13874933333335,338.967234,6703.468733333334,1770.7121166666666,26.414863514790653,3.77355193068438,24.189435815572935,0.2839017741968597,13,13,closed,87145.09353333335,28.56828747029088,1742.1438291963757,3.7126702575286097
KRNHEA,CNC,2026-06-29,2026-08-17,,10.0,1237.27415,1522.52886875,12372.7415,2852.5471874999994,23.05509403473758,3.2935848621053663,24.442913480411764,-6.520313222417206,49,0,closed,0.0,0.0,2852.5471874999994,3.2935848621053663
KRNHEA,CNC,2026-07-06,2026-08-17,,10.0,1253.5186600000002,1522.52886875,12535.1866,2690.102087499997,21.460407198884425,3.06577245698349,22.830241713354305,-7.731728540842009,42,0,closed,0.0,0.0,2690.102087499997,3.06577245698349
KRNHEA,CNC,2026-08-12,2026-08-17,,12.0,1325.3377583333333,1522.52886875,15904.053100000001,2366.2933249999987,14.878555234451518,2.125507890635931,16.174159403429055,0.49513730559664904,5,0,closed,0.0,0.0,2366.2933249999987,2.125507890635931
SEINVE,MTF,2026-07-28,2026-08-17,,200.0,71.2514565,66.8587888888889,14250.2913,-878.5335222222216,-6.165021498348045,-0.8807173569068639,1.4575751163767414,-5.138781268281867,20,20,closed,285005.826,93.43186217088981,-971.9653843931114,-0.9743814694542031
SEINVE,MTF,2026-08-05,2026-08-17,,100.0,73.93863900000001,66.8587888888889,7393.863900000001,-707.9850111111114,-9.575304883703783,-1.3679006976719694,-5.40805058637881,-8.586361726241677,12,12,closed,88726.36680000002,29.08666742055096,-737.0716785316623,-1.424099165200373
SEINVE,CNC,2026-08-13,2026-08-17,,150.0,70.29122333333333,66.8587888888889,10543.683500000001,-514.8651666666659,-4.883162195324486,-0.6975945993320698,-0.49966883015789554,-3.842902719908081,4,0,closed,0.0,0.0,-514.8651666666659,-0.6975945993320698
FINCHE,CNC,2026-07-15,2026-08-17,,300.0,38.928231399999994,42.93397166666667,11678.469419999998,1201.7220800000032,10.290064877354489,1.470009268193497,11.512900634884748,-3.0780525004791226,33,0,closed,0.0,0.0,1201.7220800000032,1.470009268193497
BHEL,CNC,2026-08-12,2026-08-17,,25.0,417.812642,432.539484,10445.31605,368.17105000000083,3.524747822254759,0.5035354031792499,4.341026617380339,0.5235260449586887,5,0,closed,0.0,0.0,368.17105000000083,0.5035354031792499
SOUBAN,MTF,2026-08-06,2026-08-17,,350.0,47.7960522,45.135709428571424,16728.61827,-931.119970000001,-5.566030349737916,-0.7951471928197015,-0.765862834169384,-5.38967567702171,11,11,closed,184014.80096999998,60.32454059950606,-991.444510599507,-0.846662454720738
CYIDLM,MTF,2026-08-03,2026-08-18,,5.0,685.297076,752.445475,3426.4853799999996,335.7419950000002,9.798436525066979,1.3997766464381405,7.610265069918398,-3.326597587875879,15,15,closed,51397.280699999996,16.84928239439195,318.89271260560827,1.329528562027636
CYIDLM,MTF,2026-08-06,2026-08-18,,11.0,677.4610319999999,752.445475,7452.071351999999,824.8288730000006,11.068451092844555,1.5812072989777948,8.8549695357238,-2.2083974270567297,12,12,closed,89424.85622399999,29.315649292630265,795.5132237073703,1.5250088314493913
JUSDIA,CNC,2026-08-12,2026-08-18,,38.0,697.9183947368421,665.2580842105262,26520.898999999998,-1241.0918000000008,-4.679674697301928,-0.6685249567574187,-1.4999453826960996,-5.246801776968423,6,0,closed,0.0,0.0,-1241.0918000000008,-0.6685249567574187
GOLINT,MTF,2026-07-10,2026-08-18,,6.666666666666666,340.98254,363.6287866666667,2273.216933333333,150.97497777777826,6.641468113489557,0.9487811590699353,12.63040037181964,0.269063630061539,39,39,closed,88655.4604,29.06342257294621,121.91155520483206,0.7661361396026238
GOLINT,MTF,2026-07-10,2026-08-18,,23.333333333333336,361.363533,363.6287866666667,8431.815770000001,52.85591888888955,0.6268628292016132,0.08955183274308717,6.278017820907245,-5.386136458877278,39,39,closed,328840.81503000006,107.80204088195038,-54.94612199306083,-0.09309318672422426
WOCKHA,CNC,2026-08-14,2026-08-18,,10.0,1960.40802,1862.4228500000002,19604.0802,-979.8516999999993,-4.998202874113922,-0.7140289820162752,-1.4133802615233115,-5.126892920995085,4,0,closed,0.0,0.0,-979.8516999999993,-0.7140289820162752
ABB,MTF,2026-08-04,2026-08-18,,2.0,7839.1955,7561.8848,15678.391,-554.6214,-3.5374892742501496,-0.5053556106071635,-1.3291606262402778,-3.740122312295946,14,14,closed,219497.474,71.95662638007431,-626.5780263800743,-0.5709204893903009
ABB,MTF,2026-08-10,2026-08-18,,2.0,7701.9787,7562.3848,15403.9574,-279.1877999999997,-1.8124420416794962,-0.25892029166849934,0.10414596446495228,-2.0251769847143275,8,8,closed,123231.6592,40.39834398846452,-319.5861439884642,-0.296385936687435
HIMCHE,CNC,2026-07-13,2026-08-19,,20.0,667.2383575000001,729.9578764705883,13344.767150000003,1254.3903794117637,9.399867118788684,1.3428381598269543,20.03206815039853,-0.6202217623557549,37,0,closed,0.0,0.0,1254.3903794117637,1.3428381598269543
HIMCHE,CNC,2026-08-06,2026-08-19,,20.0,764.264725,729.9578764705883,15285.2945,-686.1369705882339,-4.4888698126701705,-0.6412671160957386,3.027128459971773,-1.8337526960962358,13,0,closed,0.0,0.0,-686.1369705882339,-0.6412671160957386
HIMCHE,CNC,2026-08-07,2026-08-19,,20.0,769.445845,729.9578764705883,15388.9169,-789.7593705882332,-5.132001009039389,-0.7331430012913414,2.3333877382884616,-2.494762318197974,12,0,closed,0.0,0.0,-789.7593705882332,-0.7331430012913414
HIMCHE,CNC,2026-08-13,2026-08-19,,25.0,780.367892,729.9578764705883,19509.1973,-1260.2503882352921,-6.459775709148685,-0.9228251013069555,0.9011272852317731,-3.859447871799415,6,0,closed,0.0,0.0,-1260.2503882352921,-0.9228251013069555
ABB,MTF,2026-08-12,2026-08-19,,2.0,7742.55495,7410.662175,15485.1099,-663.7855499999987,-4.286605353701745,-0.6123721933859633,-0.4204677940322532,-4.036845098529129,7,7,closed,108395.7693,35.534777373797155,-699.3203273737959,-0.6451546327775319
ABB,MTF,2026-08-14,2026-08-19,,2.0,7775.94125,7410.662175,15551.8825,-730.5581499999989,-4.697554460046871,-0.6710792085781245,-1.4910252826305759,-4.448866560045062,5,5,closed,77759.4125,25.491432274052418,-756.0495822740513,-0.6944952367149594
FINCHE,CNC,2026-07-31,2026-08-19,,200.0,39.419247,44.953424500000004,7883.8494,1106.835500000001,14.039277564079299,2.0056110805827583,14.106695138037505,-2.484184946505952,19,0,closed,0.0,0.0,1106.835500000001,2.0056110805827583
LLOST,MTF,2026-07-31,2026-08-19,,150.0,90.42172733333332,93.0762435,13563.259099999997,398.17742500000224,2.935706101787905,0.41938658596969963,7.142390282878264,-2.16953092048503,19,19,closed,257701.92289999995,84.48097668559964,313.6964483144026,0.3304056790497274
LLOST,CNC,2026-08-03,2026-08-19,,50.0,91.8245856,93.0762435,4591.2292800000005,62.582894999999894,1.3630967042447484,0.1947281006063926,5.505512893923692,-3.66414460573401,16,0,closed,0.0,0.0,62.582894999999894,0.1947281006063926
STETEC,CNC,2026-08-17,2026-08-19,,20.0,654.66421,617.8653750000001,13093.2842,-735.9766999999988,-5.62102440272395,-0.8030034861034208,-1.323458632326946,-5.111660220435754,2,0,closed,0.0,0.0,-735.9766999999988,-0.8030034861034208
PARMED,MTF,2026-07-30,2026-08-19,,125.0,283.317444,272.14631600000007,35414.6805,-1396.3909999999942,-3.942972180703408,-0.5632817401004866,3.2940280232091723,-4.471113328270759,20,20,closed,708293.6100000001,232.19592341260417,-1628.5869234125983,-0.6569458526478258
SUNIRO,CNC,2026-07-31,2026-08-19,,50.0,365.92017599999997,352.29235727272726,18296.0088,-681.3909363636355,-3.7242599946914923,-0.532037142098785,6.416651920281113,-3.3805668042748094,19,0,closed,0.0,0.0,-681.3909363636355,-0.532037142098785
SUNIRO,CNC,2026-08-04,2026-08-19,,30.0,374.35951,352.29235727272726,11230.7853,-662.0145818181823,-5.894641951869406,-0.842091707409915,4.017659388431194,-5.55869677252222,15,0,closed,0.0,0.0,-662.0145818181823,-0.842091707409915
SUNIRO,CNC,2026-08-06,2026-08-19,,30.0,386.17588666666666,352.29235727272726,11585.2766,-1016.5058818181819,-8.77411836518588,-1.2534454807408395,0.8348820950895508,-8.448452581615529,13,0,closed,0.0,0.0,-1016.5058818181819,-1.2534454807408395
SYRTEC,MTF,2026-07-29,2026-08-19,,15.0,1345.3032266666667,1497.4044466666667,20179.5484,2281.5183,11.306091963881615,1.61515599484023,12.718082432409638,-0.14147194691432885,21,21,closed,423770.51639999996,138.9223126981678,2142.5959873018323,1.516808676665524
INOIND,MTF,2026-08-04,2026-08-19,,8.0,1918.8557100000003,1880.789025,15350.845680000002,-304.5334800000019,-1.9838221707665693,-0.28340316725236675,3.4001665503030187,-0.9096937257465854,15,15,closed,230262.68520000004,75.4857252170887,-380.0192052170906,-0.35365125166287115
FINCHE,CNC,2026-08-06,2026-08-19,,200.0,41.343058,43.5635685,8268.6116,444.10210000000063,5.370939179196665,0.7672770255995242,8.796983522602497,0.7182390813954775,13,0,closed,0.0,0.0,444.10210000000063,0.7672770255995242
MOTSUM,MTF,2026-08-13,2026-08-19,,75.0,170.5426752,169.936744,12790.70064,-45.444839999998976,-0.3552959394411914,-0.05075656277731361,-0.08365952969405788,-1.842750030931839,6,6,closed,76744.20384,25.158622110389956,-70.60346211038893,-0.07885579654151537
UJJSMA,CNC,2026-07-10,2026-08-19,,150.0,64.36933666666667,71.65619066666666,9655.4005,1093.0280999999986,11.32038075479105,1.6171972506844352,12.584661816980036,0.7933332232049617,40,0,closed,0.0,0.0,1093.0280999999986,1.6171972506844352
UJJSMA,CNC,2026-08-06,2026-08-20,,150.0,70.643104,71.873254,10596.4656,184.52250000000134,1.7413589300945942,0.24876556144208437,2.586092479741553,-1.250092294925187,14,0,closed,0.0,0.0,184.52250000000134,0.24876556144208437
RASPER,MTF,2026-07-29,2026-08-20,,15.0,786.4803825,859.3807466666666,11797.2057375,1093.5054624999987,9.269190406877904,1.3241700581254134,14.796251767919966,-1.6440820124334232,22,22,closed,259538.526225,85.08306005748132,1008.4224024425173,1.2211395343233402
CYIDLM,MTF,2026-08-06,2026-08-20,,14.0,677.4610319999999,731.528305,9484.454447999999,756.9418220000016,7.980868337235991,1.1401240481765686,8.8549695357238,-2.2083974270567297,14,14,closed,132782.36227199997,43.529297434511605,713.41252456549,1.074559169393431
CYIDLM,MTF,2026-08-07,2026-08-20,,6.0,688.6361860000001,731.528305,4131.817116,257.3527139999999,6.228560141334194,0.8897943059048843,7.088476468763427,-0.4481591387066719,13,13,closed,53713.622508,17.608635743701115,239.74407825629876,0.8289126327491139
SYRTEC,MTF,2026-08-04,2026-08-20,,10.0,1402.91838,1437.316855,14029.1838,343.9847499999996,2.4519227554777645,0.3502746793539658,8.088968083802573,1.0750176357372965,16,16,closed,224466.9408,73.58573882186845,270.39901117813116,0.2753433893160944
SYRTEC,MTF,2026-08-06,2026-08-20,,10.0,1460.1342,1437.316855,14601.342,-228.17344999999932,-1.5626882104398332,-0.22324117291997575,3.8534677155017683,-2.885638867988982,14,14,closed,204418.788,67.01346528107936,-295.18691528107865,-0.2888060517031132
WEWIND,MTF,2026-08-13,2026-08-20,,25.0,725.9085640000001,687.71576,18147.7141,-954.8201000000006,-5.261379448335046,-0.7516256354764345,-0.8828335024299361,-5.201559242108633,7,7,closed,127033.99870000001,41.644843630513705,-996.4649436305143,-0.7844080748680031
STESW,CNC,2026-08-18,2026-08-21,,75.0,316.6339376,298.024536,23747.54532,-1395.705120000001,-5.877260580800103,-0.8396086544000154,-0.24758483122246933,-6.832475938612093,3,0,closed,0.0,0.0,-1395.705120000001,-0.8396086544000154
LLOST,CNC,2026-08-03,2026-08-21,,75.0,91.8245856,90.02194133333333,6886.84392,-135.19832000000065,-1.9631390165148477,-0.2804484309306926,5.505512893923692,-3.66414460573401,18,0,closed,0.0,0.0,-135.19832000000065,-0.2804484309306926
LLOST,CNC,2026-08-04,2026-08-21,,75.0,93.854872,90.02194133333333,7039.1154,-287.4698000000002,-4.083890995735063,-0.5834129993907233,3.2231976194054157,-5.748100109283627,17,0,closed,0.0,0.0,-287.4698000000002,-0.5834129993907233
LLOST,CNC,2026-08-04,2026-08-21,,25.0,93.854872,90.05187333333333,2346.3718,-95.07496666666668,-4.051999204331835,-0.5788570291902628,3.2231976194054157,-5.748100109283627,17,0,closed,0.0,0.0,-95.07496666666668,-0.5788570291902628
LLOST,CNC,2026-08-04,2026-08-21,,125.0,92.67989680000001,90.05187333333333,11584.9871,-328.50293333333445,-2.835591705866758,-0.40508452940953754,4.531838451507619,-4.5531954023496635,17,0,closed,0.0,0.0,-328.50293333333445,-0.40508452940953754
STESW,CNC,2026-08-18,2026-08-21,,50.0,316.6339376,293.79907,15831.696880000001,-1141.7433800000026,-7.211756191734276,-1.0302508845334684,-0.24758483122246933,-6.832475938612093,3,0,closed,0.0,0.0,-1141.7433800000026,-1.0302508845334684
FINCHE,CNC,2026-08-10,2026-08-24,,200.0,42.485344,49.7803215,8497.0688,1458.9955000000004,17.170574163174955,2.452939166167851,16.793216973834557,-1.942655801492399,14,0,closed,0.0,0.0,1458.9955000000004,2.452939166167851
FINCHE,CNC,2026-08-12,2026-08-24,,200.0,44.856722,49.7803215,8971.3444,984.7199000000003,10.976280210578038,1.5680400300825756,10.618872239482858,-7.126517180635716,12,0,closed,0.0,0.0,984.7199000000003,1.5680400300825756
GLAPH,CNC,2026-07-29,2026-08-24,,7.0,2470.04348,2791.488485714286,17290.30436,2250.115040000004,13.01373875873173,1.8591055369616771,20.248895375720277,1.330200065951881,26,0,closed,0.0,0.0,2250.115040000004,1.8591055369616771
LLOMET,MTF,2026-08-14,2026-08-24,,10.0,1917.85367,1830.28187,19178.5367,-875.7179999999994,-4.566135642663493,-0.6523050918090707,1.2590287975411618,-4.492192045079224,10,10,closed,191785.367,62.87192169867264,-938.589921698672,-0.6991371480827403
RASPER,MTF,2026-07-29,2026-08-24,,25.0,786.4803825,863.6375725,19662.0095625,1928.9297500000002,9.81044050389903,1.401491500557004,14.796251767919966,-1.6440820124334232,26,26,closed,511212.248625,167.58784556776624,1761.341904432234,1.279728154245463
RASPER,CNC,2026-08-17,2026-08-24,,15.0,862.9346333333334,863.6375725,12944.0195,10.544087499999364,0.08145914412442945,0.011637020589204329,1.6183574198107342,-2.8605449798650318,7,0,closed,0.0,0.0,10.544087499999364,0.011637020589204329
HINCOP,MTF,2026-08-06,2026-08-25,,20.0,530.6665375,543.4857450000001,10613.330750000001,256.3841500000012,2.4156803932639193,0.34509719903770375,8.194121812325506,-0.8322622942849467,19,19,closed,201653.28425000003,66.10686569036406,190.27728430963717,0.25611629211773146
FINCHE,CNC,2026-08-14,2026-08-25,,200.0,43.4072235,47.641062000000005,8681.4447,846.7677000000009,9.753764831330436,1.3933949759043491,14.312771006880908,-0.10879180051679427,11,0,closed,0.0,0.0,846.7677000000009,1.3933949759043491
FINCHE,CNC,2026-08-17,2026-08-25,,200.0,44.08663033333334,47.641062000000005,8817.326066666668,710.8863333333331,8.062379999995617,1.1517685714279444,12.551128595743343,-1.5347744389113571,8,0,closed,0.0,0.0,710.8863333333331,1.1517685714279444
HINAER,CNC,2026-08-12,2026-08-25,,3.0,5049.4464,4856.929033333333,15148.339199999999,-577.5521000000008,-3.8126430387827703,-0.5446632912546807,0.9813669870819997,-2.9596591024315,13,0,closed,0.0,0.0,-577.5521000000008,-0.5446632912546807
DECGOL,CNC,2026-08-03,2026-08-25,,40.0,203.46352285714283,239.852183,8138.540914285713,1455.5464057142865,17.884611271774055,2.5549444673962944,21.697489811897917,-2.1790258985418864,22,0,closed,0.0,0.0,1455.5464057142865,2.5549444673962944
DECGOL,CNC,2026-08-06,2026-08-25,,60.0,207.531112,239.852183,12451.86672,1939.2642599999995,15.574084622068618,2.224869231724087,19.31223112224254,2.9291453900174735,19,0,closed,0.0,0.0,1939.2642599999995,2.224869231724087
GLAPH,CNC,2026-07-29,2026-08-25,,2.0,2470.04348,2791.9629,4940.08696,643.8388400000003,13.032945476733083,1.8618493538190104,20.248895375720277,1.330200065951881,27,0,closed,0.0,0.0,643.8388400000003,1.8618493538190104
GLAPH,CNC,2026-08-11,2026-08-25,,5.0,2898.6245571428567,2791.9629,14493.122785714284,-533.3082857142836,-3.6797334404698456,-0.5256762057814066,2.4692898802904706,-3.347261959254666,14,0,closed,0.0,0.0,-533.3082857142836,-0.5256762057814066
ATHENE,MTF,2026-07-24,2026-08-25,,1.0,1211.7350000000001,1443.70515,1211.7350000000001,231.97014999999988,19.143637016344318,2.7348052880491887,29.516767279974566,-0.8033934812479715,32,32,closed,38775.520000000004,12.71156134276561,219.25858865723427,2.584942707973446
ATHENE,CNC,2026-07-29,2026-08-25,,9.0,1234.0151099999998,1443.70515,11106.135989999999,1887.2103600000016,16.992501817907257,2.427500259701036,27.178345490437337,0.5579259074064646,27,0,closed,0.0,0.0,1887.2103600000016,2.427500259701036
APOMIC,CNC,2026-07-31,2026-08-25,,50.0,387.82946933333335,381.6258064,19391.473466666666,-310.1831466666681,-1.599585236263057,-0.2285121766090082,4.156602821950917,-2.057468543339369,25,0,closed,0.0,0.0,-310.1831466666681,-0.2285121766090082
APOMIC,MTF,2026-08-06,2026-08-25,,25.0,407.318088,381.6258064,10182.9522,-642.30704,-6.307670186255021,-0.9010957408935747,-0.826893796084005,-6.743645521580655,19,19,closed,193476.0918,63.42618253151086,-705.7332225315109,-0.990076647813547
APOMIC,CNC,2026-08-21,2026-08-25,,50.0,393.941462,381.6258064,19697.0731,-615.7827800000007,-3.1262653942224605,-0.44660934203177965,-1.0893654042437473,-2.3839739925623715,4,0,closed,0.0,0.0,-615.7827800000007,-0.44660934203177965
AEQLIM,CNC,2026-08-13,2026-08-25,,75.0,248.02824666666666,250.09614000000002,18602.1185,155.09200000000192,0.8337329965939277,0.11910471379913139,5.814560852302919,0.6256357306830385,12,0,closed,0.0,0.0,155.09200000000192,0.11910471379913139
AEQLIM,CNC,2026-08-18,2026-08-25,,50.0,256.765922,250.09614000000002,12838.2961,-333.4890999999985,-2.5976118435218076,-0.37108740621740127,2.2137197785927265,-0.6098636407054103,7,0,closed,0.0,0.0,-333.4890999999985,-0.37108740621740127
LLOST,CNC,2026-08-06,2026-08-25,,100.0,94.564096,85.86887279999999,9456.4096,-869.5223200000015,-9.195057709852172,-1.3135796728360252,2.4490309726008297,-9.34191344672718,19,0,closed,0.0,0.0,-869.5223200000015,-1.3135796728360252
LLOST,MTF,2026-08-14,2026-08-25,,150.0,94.539924,85.86887279999999,14180.9886,-1300.6576800000012,-9.171840671249122,-1.3102629530355885,-0.9307432910565905,-9.318733956248993,11,11,closed,155990.8746,51.13761392212297,-1351.795293922124,-1.361778214936625
MOTSUM,MTF,2026-08-13,2026-08-25,,50.0,170.5426752,165.66087333333334,8527.133759999999,-244.09009333333245,-2.8625104308593885,-0.4089300615513413,-0.08365952969405788,-2.3997953563238084,12,12,closed,102325.60512,33.544829480519944,-277.63492281385237,-0.46512852907974483
MOTSUM,CNC,2026-08-19,2026-08-25,,25.0,172.655872,165.66087333333334,4316.3967999999995,-174.87496666666615,-4.051410812524603,-0.578772973217801,-1.3702818054169619,-3.5943590728266694,6,0,closed,0.0,0.0,-174.87496666666615,-0.578772973217801
MOTSUM,CNC,2026-08-19,2026-08-25,,50.0,172.655872,165.5908216,8632.793599999999,-353.2525199999995,-4.091983850974956,-0.5845691215678507,-1.3702818054169619,-3.5943590728266694,6,0,closed,0.0,0.0,-353.2525199999995,-0.5845691215678507
MOTSUM,MTF,2026-08-21,2026-08-25,,75.0,170.19431733333334,165.5908216,12764.5738,-345.26218000000097,-2.7048469099689054,-0.3864067014241298,-0.47846329189621395,-2.2000248844971315,4,4,closed,51058.2952,16.738154678308245,-362.00033467830923,-0.40513952393359765
KNAPAC,MTF,2026-08-20,2026-08-25,,120.0,209.0198625,196.87249666666668,25082.3835,-1457.6838999999973,-5.811584453287688,-0.8302263504696703,0.07182929804099292,-5.951521712440111,5,5,closed,125411.9175,41.11308584424167,-1498.7969858442389,-0.853642378606505
RASPER,CNC,2026-08-20,2026-08-25,,15.0,869.1302133333334,782.0898890909091,13036.9532,-1305.6048636363641,-10.014647161856526,-1.4306638802652185,0.8939726806720394,-10.318386354259523,5,0,closed,0.0,0.0,-1305.6048636363641,-1.4306638802652185
RASPER,CNC,2026-08-21,2026-08-25,,20.0,870.9755600000001,782.0898890909091,17419.5112,-1777.71341818182,-10.205300239319115,-1.4579000341884447,0.6802073757385285,-10.50839589574707,4,0,closed,0.0,0.0,-1777.71341818182,-1.4579000341884447
RASPER,CNC,2026-08-21,2026-08-25,,20.0,882.8529249999999,782.0898890909091,17657.0585,-2015.2607181818166,-11.413343384357121,-1.6304776263367315,-0.6742827521356354,-11.7123613766132,4,0,closed,0.0,0.0,-2015.2607181818166,-1.6304776263367315
BHEL,CNC,2026-08-12,2026-08-25,,15.0,417.812642,414.496856,6267.18963,-49.73679000000004,-0.7936059531678752,-0.11337227902398288,4.341026617380339,-1.5348128216761792,13,0,closed,0.0,0.0,-49.73679000000004,-0.11337227902398288
BHEL,CNC,2026-08-12,2026-08-25,,35.0,420.444102,414.496856,14715.54357,-208.15361000000024,-1.4145152641480085,-0.20207360916400066,3.6879808579167506,-2.1510830945132398,13,0,closed,0.0,0.0,-208.15361000000024,-0.20207360916400066
IOLCHE,CNC,2026-08-20,2026-08-25,,75.0,163.248864,172.105876,12243.6648,664.2758999999999,5.425466237853871,0.7750666054076971,5.5872584816271775,0.3069767150110092,5,0,closed,0.0,0.0,664.2758999999999,0.7750666054076971
GRANUL,MTF,2026-08-11,2026-08-26,,15.0,867.2548657142858,830.64962,13008.822985714287,-549.0786857142859,-4.220817566026225,-0.6029739380037464,-0.2830616248274298,-4.503274326644391,15,15,closed,195132.3447857143,63.96914266272369,-613.0478283770096,-0.6732220224142508
GRANUL,MTF,2026-08-11,2026-08-26,,15.0,867.2548657142858,830.4496266666666,13008.822985714287,-552.0785857142869,-4.24387806891181,-0.6062682955588297,-0.2830616248274298,-4.503274326644391,15,15,closed,195132.3447857143,63.96914266272369,-616.0477283770106,-0.676516379969334
RAIIND,CNC,2026-08-13,2026-08-26,,100.0,214.90189900000001,196.44326099999998,21490.1899,-1845.8638000000037,-8.589332195710398,-1.2270474565300562,-0.4243326858642593,-8.897966508895305,13,0,closed,0.0,0.0,-1845.8638000000037,-1.2270474565300562
BHEL,CNC,2026-08-12,2026-08-26,,15.0,420.444102,416.122986,6306.661529999999,-64.81673999999941,-1.0277504142512495,-0.146821487750179,3.6879808579167506,-2.1510830945132398,14,0,closed,0.0,0.0,-64.81673999999941,-0.146821487750179
BHEL,CNC,2026-08-14,2026-08-26,,35.0,427.2082675,416.122986,14952.2893625,-387.9848524999983,-2.5948190480653444,-0.37068843543790636,2.046246097051485,-3.7003655365822286,12,0,closed,0.0,0.0,-387.9848524999983,-0.37068843543790636
PARDEF,CNC,2026-08-06,2026-08-26,,8.0,1326.79955,1488.44655,10614.3964,1293.1759999999995,12.183226923765545,1.7404609891093619,15.111585619696655,-4.469367659945311,20,0,closed,0.0,0.0,1293.1759999999995,1.7404609891093619
CYIDLM,MTF,2026-08-07,2026-08-27,,20.0,688.6361860000001,797.4116750000001,13772.723720000002,2175.50978,15.795784655440691,2.256540665062955,17.68187854130567,-0.4481591387066719,20,20,closed,275454.47440000006,90.3006961215442,2085.2090838784557,2.1628765525156157
DECGOL,CNC,2026-08-06,2026-08-27,,15.0,207.531112,224.2480831111111,3112.96668,250.7545666666664,8.055163849895951,1.1507376928422797,19.31223112224254,2.9291453900174735,21,0,closed,0.0,0.0,250.7545666666664,1.1507376928422797
DECGOL,CNC,2026-08-06,2026-08-27,,75.0,227.33985866666666,224.2480831111111,17050.4894,-231.8831666666668,-1.3599795362276623,-0.1942827908896661,8.916228527727776,-6.039353920245826,21,0,closed,0.0,0.0,-231.8831666666668,-0.1942827908896661
DECGOL,CNC,2026-08-13,2026-08-27,,50.0,225.407528,224.2480831111111,11270.376400000001,-57.972244444445664,-0.5143771812665121,-0.07348245446664389,9.849924799317256,-0.2606514543737948,14,0,closed,0.0,0.0,-57.972244444445664,-0.07348245446664389
DECGOL,CNC,2026-08-13,2026-08-27,,25.0,227.97281600000002,224.2480831111111,5699.3204000000005,-93.11832222222307,-1.6338495765604422,-0.23340708236577784,8.61382700997122,-1.3829789249960478,14,0,closed,0.0,0.0,-93.11832222222307,-0.23340708236577784
DECGOL,CNC,2026-08-14,2026-08-27,,60.0,229.13176166666668,224.2480831111111,13747.905700000001,-293.0207133333346,-2.1313843702996493,-0.30448348147137844,8.06445959256179,-1.60246734889955,13,0,closed,0.0,0.0,-293.0207133333346,-0.30448348147137844
VATWAB,CNC,2026-08-20,2026-08-27,,10.0,2054.0259699999997,2165.85722,20540.259699999995,1118.3125000000018,5.444490558218229,0.7777843654597456,4.930513609815779,-2.5766942956422234,7,0,closed,0.0,0.0,1118.3125000000018,0.7777843654597456
AZAENG,MTF,2026-08-10,2026-08-27,,5.0,2522.51681,2806.3989,12612.584050000001,1419.4104500000003,11.25392262499927,1.6077032321427538,14.960581769126048,-1.998670922633028,17,17,closed,214413.92885000003,70.29011627233254,1349.1203337276677,1.5280887364775155
DATPAT,MTF,2026-08-07,2026-08-28,,3.0,4378.79854,4623.3665,13136.39562,733.7038800000009,5.585275453206862,0.7978964933152655,10.301945976258597,0.04342424029399883,21,21,closed,275864.30802,90.43504957962696,643.268830420374,0.6995491751405593
ATHENE,CNC,2026-07-29,2026-08-28,,1.0,1234.0151099999998,1595.52133,1234.0151099999998,361.5062200000002,29.295121029757908,4.185017289965415,30.9789472513023,0.5579259074064646,30,0,closed,0.0,0.0,361.5062200000002,4.185017289965415
ATHENE,MTF,2026-08-04,2026-08-28,,9.0,1460.2870833333334,1595.52133,13142.58375,1217.1082199999998,9.26079866145042,1.3229712373500593,10.683715445222086,-1.5125165171574473,24,24,closed,315422.01,103.40302925591784,1113.705190744082,1.2105743022932522
DEEDEV,CNC,2026-08-17,2026-08-28,,40.0,661.3399225000001,602.92435,26453.596900000004,-2336.622900000002,-8.83291186764852,-1.2618445525212176,-0.6184297001970318,-8.345167231303819,11,0,closed,0.0,0.0,-2336.622900000002,-1.2618445525212176
GOLINT,MTF,2026-07-10,2026-08-28,,9.999999999999993,361.363533,347.00214666666665,3613.635329999998,-143.6138633333336,-3.974221254177679,-0.5677458934539541,6.278017820907245,-5.386136458877278,49,49,closed,177068.1311699999,58.04725278258862,-201.66111611592223,-0.7972229691949352
GOLINT,CNC,2026-07-10,2026-08-28,,40.0,357.2035725,347.00214666666665,14288.1429,-408.0570333333344,-2.8559137194333006,-0.40798767420475657,7.515722004712044,-4.2842719609138324,49,0,closed,0.0,0.0,-408.0570333333344,-0.40798767420475657
GOLINT,CNC,2026-07-29,2026-08-28,,40.0,360.971175,347.00214666666665,14438.847000000002,-558.7611333333348,-3.8698459325272605,-0.5528351332181805,6.393536824650892,-3.441043457278825,30,0,closed,0.0,0.0,-558.7611333333348,-0.5528351332181805
GOLINT,CNC,2026-08-11,2026-08-28,,30.0,391.0357033333333,347.00214666666665,11731.0711,-1321.0066999999992,-11.260750947115127,-1.6086787067307329,-1.7864617664792637,-10.864916674147496,17,0,closed,0.0,0.0,-1321.0066999999992,-1.6086787067307329
AEQLIM,CNC,2026-08-25,2026-08-28,,100.0,255.62730299999998,245.242211,25562.7303,-1038.5091999999986,-4.062591076196576,-0.5803701537423682,-0.16715859181911652,-3.770060117561058,3,0,closed,0.0,0.0,-1038.5091999999986,-0.5803701537423682
MOTSUM,CNC,2026-08-28,2026-08-28,,150.0,166.68501666666666,164.808774,25002.7525,-281.43639999999834,-1.125621669054233,-0.1608030955791758,-0.6509383316896766,-0.6509383316896766,0,0,closed,0.0,0.0,-281.43639999999834,-0.1608030955791758
ALKAMI,CNC,2026-08-19,2026-08-28,,6.0,1953.9158149999998,2045.1850833333335,11723.494889999998,547.6156100000021,4.671095224915489,0.6672993178450708,6.944218576786532,-1.5413056575316109,9,0,closed,0.0,0.0,547.6156100000021,0.6672993178450708
ABB,MTF,2026-08-17,2026-08-28,,2.0,7755.58035,7444.0986,15511.1607,-622.9634999999998,-4.016227489668134,-0.5737467842383045,-1.2324074496887882,-4.275377664032587,11,11,closed,170622.7677,55.934305409469594,-678.8978054094695,-0.625262046139341
NEYLIG,CNC,2026-05-14,,,30.0,372.69878666666665,270.6,11180.9636,-3062.9635999999987,-27.39445104713514,-3.913493006733591,-0.4826381869269314,-28.07864967917434,106,0,open,0.0,0.0,-3062.9635999999987,-3.913493006733591
NEYLIG,CNC,2026-05-19,,,25.0,361.426232,270.6,9035.6558,-2270.6558,-25.129950169195247,-3.589992881313606,-0.8511368925761875,-25.835488332789303,101,0,open,0.0,0.0,-2270.6558,-3.589992881313606
NEYLIG,MTF,2026-05-21,,,30.0,362.32812666666666,270.6,10869.8438,-2751.843799999999,-25.316314112995798,-3.616616301856543,-3.2644792927015165,-26.020096075345624,99,99,open,1076114.5362,352.77659561362583,-3104.620395613625,-4.080253658965872
NEYLIG,MTF,2026-05-27,,,50.0,349.65266199999996,270.6,17482.6331,-3952.6330999999973,-22.60891181203132,-3.2298445445759025,0.07073820018566046,-23.338206988968945,93,93,open,1625884.8783,533.0047248053784,-4485.637824805375,-3.6653826679210297
ATHENE,MTF,2026-08-04,,,3.0,1460.2870833333334,1616.3,4380.86125,468.0387499999997,10.683715445222086,1.5262450636031561,10.683715445222086,-1.5125165171574473,24,24,open,105140.67,34.46767641863928,433.57107358136045,1.4138481285463491
ATHENE,MTF,2026-08-11,,,12.0,1529.574225,1616.3,18354.8907,1040.7092999999986,5.66992915953457,0.8099898799335097,5.66992915953457,-5.973833992920485,17,17,open,312033.1419,102.29207562497513,938.4172243750235,0.7303753842682713
ATHENE,CNC,2026-08-20,,,10.0,1447.1077799999998,1616.3,14471.0778,1691.9222000000013,11.691749732697865,1.670249961813982,11.691749732697865,-0.5326334435158508,8,0,open,0.0,0.0,1691.9222000000013,1.670249961813982
ATHENE,CNC,2026-08-26,,,10.0,1479.87382,1616.3,14798.7382,1364.2617999999993,9.218771097660206,1.3169672996657427,9.218771097660206,0.9950970009051208,2,0,open,0.0,0.0,1364.2617999999993,1.3169672996657427
KRNHEA,CNC,2026-08-17,,,30.0,1542.2163733333332,1609.7,46266.4912,2024.5088000000055,4.375756076354476,0.6251080109077812,4.375756076354476,-4.6048255329982695,11,0,open,0.0,0.0,2024.5088000000055,0.6251080109077812
CAREVE,CNC,2026-08-04,,,25.0,711.4293120000001,696.0,17785.7328,-385.7328000000024,-2.1687765375627555,-0.3098252196518214,3.615353987551173,-3.996083872349654,24,0,open,0.0,0.0,-385.7328000000024,-0.3098252196518214
CAREVE,CNC,2026-08-26,,,20.0,694.244965,696.0,13884.8993,35.100700000000415,0.25279765622787664,0.03611395088969621,0.25279765622787664,-1.6197402310292541,2,0,open,0.0,0.0,35.100700000000415,0.03611395088969621
BANMAH,MTF,2026-06-12,,,100.0,86.30346333333334,83.8,8630.346333333335,-250.34633333333431,-2.900768099727491,-0.4143954428182126,8.744187515997325,-9.424260648636007,77,77,open,664536.6676666668,217.8513303125755,-468.1976636459098,-0.7750022761254686
BANMAH,MTF,2026-06-29,,,150.0,90.211254,83.8,13531.6881,-961.6881,-7.106933687009831,-1.0152762410014038,4.033583215681702,-13.34784017080618,60,60,open,811901.286,266.16104700231705,-1227.849147002317,-1.2962685786434214
INOIND,MTF,2026-08-04,,,2.0,1918.8557100000003,2126.2,3837.7114200000005,414.6885799999991,10.80562175255999,1.5436602503657133,13.499935854999734,-0.9826538755225211,24,24,open,92105.07408000002,30.19429008683548,384.4942899131636,1.4312633153089063
INOIND,MTF,2026-08-10,,,8.0,1986.2929,2126.2,15890.3432,1119.2567999999992,7.0436288625912,1.0062326946558866,9.646467547661274,-4.344419697618607,18,18,open,286026.1776,93.76635831574072,1025.4904416842585,0.9219349933632813
INOIND,CNC,2026-08-27,,,5.0,2196.01148,2126.2,10980.057400000002,-349.0574000000015,-3.1790125250165002,-0.4541446464309291,-0.8247443223748596,-3.1790125250165002,1,0,open,0.0,0.0,-349.0574000000015,-0.4541446464309291
UJJSMA,CNC,2026-08-06,,,150.0,72.37209066666667,67.85,10855.8136,-678.3136000000006,-6.248390263443737,-0.8926271804919618,0.13528603696733033,-6.248390263443737,22,0,open,0.0,0.0,-678.3136000000006,-0.8926271804919618
UJJSMA,CNC,2026-08-06,,,150.0,72.13321599999999,67.85,10819.982399999999,-642.4823999999994,-5.937924631004943,-0.84827494728642,0.4668917021528829,-5.937924631004943,22,0,open,0.0,0.0,-642.4823999999994,-0.84827494728642
UJJSMA,CNC,2026-08-14,,,100.0,72.663499,67.85,7266.3499,-481.34990000000073,-6.624369960494203,-0.9463385657848863,-0.2662946357702922,-6.624369960494203,14,0,open,0.0,0.0,-481.34990000000073,-0.9463385657848863
UJJSMA,CNC,2026-08-20,,,150.0,73.42099400000001,67.85,11013.1491,-835.6491000000019,-7.5877398227542585,-1.0839628318220365,-1.8400649819587223,-7.5877398227542585,8,0,open,0.0,0.0,-835.6491000000019,-1.0839628318220365
SYRTEC,MTF,2026-08-10,,,7.0,1518.9523428571429,1474.3,10632.6664,-312.5664000000004,-2.9396803044624886,-0.41995432920892645,-0.16803310973810826,-5.243900062546869,18,18,open,191387.9952,62.741653529178464,-375.30805352917884,-0.5042520305015318
SYRTEC,MTF,2026-08-18,,,20.0,1500.21396,1474.3,30004.2792,-518.2792000000018,-1.7273509439946877,-0.24676442057066963,-0.007596249804264765,-4.060351498128978,10,10,open,300042.792,98.3613464361706,-616.6405464361724,-0.2935964768443392
SYRTEC,MTF,2026-08-26,,,15.0,1476.96806,1474.3,22154.5209,-40.02089999999953,-0.18064439389433584,-0.025806341984905487,1.1193160128323942,-0.1941856481310733,2,2,open,44309.0418,14.52558477306985,-54.54648477306938,-0.03517275323963941
DATPAT,MTF,2026-08-07,,,2.0,4378.79854,4624.8,8757.59708,492.0029200000008,5.618012743742273,0.8025732491060383,10.301945976258597,0.04342424029399883,21,21,open,183909.53868,60.290033053084635,431.71288694691617,0.7042259309313321
DATPAT,MTF,2026-08-10,,,3.0,4486.0119,4624.8,13458.0357,416.3642999999993,3.0937969647383268,0.4419709949626168,7.665786619959691,-2.104584252217434,18,18,open,242244.64260000002,79.41370313966728,336.950596860332,0.35767329367001155
DATPAT,CNC,2026-08-18,,,3.0,4678.401333333333,4624.8,14035.204,-160.80399999999918,-1.1457190077180157,-0.16367414395971644,3.238257171039338,-2.909141897759371,10,0,open,0.0,0.0,-160.80399999999918,-0.16367414395971644
DATPAT,MTF,2026-08-19,,,2.0,4756.9554,4624.8,9513.9108,-264.3107999999993,-2.778150915604538,-0.39687870222922006,1.5334303954163575,-4.512453490734847,9,9,open,85625.1972,28.070028376001197,-292.38082837600047,-0.4390275528755227
BLIGVS,CNC,2026-08-06,,,65.0,502.0171107692308,588.1,32631.1122,5595.3878,17.147401429976394,2.449628775710913,17.147401429976394,-4.873760324969867,22,0,open,0.0,0.0,5595.3878,2.449628775710913
BLIGVS,CNC,2026-08-14,,,20.0,519.1974250000001,588.1,10383.948500000002,1378.0514999999991,13.270977798089035,1.8958539711555755,13.270977798089035,0.010126205845484293,14,0,open,0.0,0.0,1378.0514999999991,1.8958539711555755
BLIGVS,CNC,2026-08-25,,,20.0,570.14104,588.1,11402.8208,359.17920000000095,3.149915326214736,0.4499879037449612,3.149915326214736,-1.761150188381444,3,0,open,0.0,0.0,359.17920000000095,0.4499879037449612
DEEIN,CNC,2026-08-26,,,40.0,663.5832425,674.45,26543.3297,434.6703000000025,1.6375876911931098,0.23394109874187147,1.6375876911931098,0.16075714871597313,2,0,open,0.0,0.0,434.6703000000025,0.23394109874187147
SAIL,MTF,2026-06-02,,,65.0,206.31452700000003,200.0,13410.444255000002,-410.4442550000017,-3.0606313049395872,-0.43723304356279735,-0.22515477060907063,-22.007430916389136,87,87,open,1166708.6501850002,382.47555612308724,-792.919811123089,-0.8446719331437229
SAIL,CNC,2026-06-09,,,100.0,186.422598,200.0,18642.2598,1357.7402000000006,7.283130986083575,1.040447283726224,7.283130986083575,-13.685356965146466,80,0,open,0.0,0.0,1357.7402000000006,1.040447283726224
WOCKHA,CNC,2026-08-26,,,10.0,1932.95714,1977.1,19329.5714,441.4285999999993,2.283695747128678,0.3262422495898097,2.283695747128678,-2.631053681821427,2,0,open,0.0,0.0,441.4285999999993,0.3262422495898097
WOCKHA,CNC,2026-08-28,,,5.0,2026.8301,1977.1,10134.1505,-248.65049999999997,-2.453589967901104,-0.35051285255730114,-2.453589967901104,-2.453589967901104,0,0,open,0.0,0.0,-248.65049999999997,-0.35051285255730114
AZAENG,MTF,2026-08-10,,,5.0,2522.51681,2850.5,12612.584050000001,1639.9159499999996,13.00222019134929,1.857460027335612,14.960581769126048,-1.998670922633028,18,18,open,227026.51290000003,74.42482899423446,1565.491121005765,1.7731623260430067
AZAENG,CNC,2026-08-12,,,10.0,2490.72395,2850.5,24907.2395,3597.7604999999994,14.444637672512851,2.0635196675018346,16.42799676776705,-0.45063002666353436,16,0,open,0.0,0.0,3597.7604999999994,2.0635196675018346
AZAENG,MTF,2026-08-21,,,5.0,2764.57546,2850.5,13822.8773,429.6226999999999,3.1080555131600462,0.4440079304514365,3.1080555131600462,1.143920303770618,7,7,open,96760.14110000001,31.720334611303883,397.902365388696,0.4112254910598678
AZAENG,MTF,2026-08-25,,,5.0,2889.0054,2850.5,14445.027,-192.52700000000004,-1.3328254768924963,-0.19040363955607106,-1.3328254768924963,-2.9977583288698595,3,3,open,43335.081,14.206296664112212,-206.73329666411226,-0.20445325643817194
AZAENG,MTF,2026-08-28,,,10.0,2851.33021,2850.5,28513.3021,-8.302100000000792,-0.029116585553246033,-0.004159512221891685,-0.029116585553246033,-0.029116585553246033,0,0,open,0.0,0.0,-8.302100000000792,-0.004159512221891685
GODPOW,CNC,2026-05-20,,,50.0,314.47495,239.85,15723.7475,-3731.247499999999,-23.73001410764196,-3.390002015377422,-2.7426508852294806,-27.18338932878437,100,0,open,0.0,0.0,-3731.247499999999,-3.390002015377422
GLAPH,CNC,2026-08-11,,,2.0,2898.6245571428567,2888.0,5797.249114285713,-21.249114285713404,-0.36653788489701133,-0.0523625549852869,2.4692898802904706,-3.347261959254666,17,0,open,0.0,0.0,-21.249114285713404,-0.0523625549852869
GLAPH,CNC,2026-08-20,,,7.0,2848.6244,2888.0,19940.3708,275.62919999999895,1.3822671742894421,0.19746673918420737,1.9158580541541292,-1.6507757217834818,8,0,open,0.0,0.0,275.62919999999895,0.19746673918420737
GLAPH,CNC,2026-08-25,,,7.0,2822.622328571429,2888.0,19758.356300000003,457.64369999999644,2.3162032967286583,0.33088618524695246,2.854709629869334,0.07006503876030301,3,0,open,0.0,0.0,457.64369999999644,0.33088618524695246
UNICAB,CNC,2026-08-28,,,20.0,1645.52605,1693.2,32910.521,953.4790000000021,2.897185978915373,0.4138837112736259,2.897185978915373,2.897185978915373,0,0,open,0.0,0.0,953.4790000000021,0.4138837112736259
BHEL,CNC,2026-08-14,,,5.0,427.2082675,430.85,2136.0413375,18.20866250000023,0.8524489756041698,0.12177842508630912,2.046246097051485,-3.7003655365822286,14,0,open,0.0,0.0,18.20866250000023,0.12177842508630912
BHEL,CNC,2026-08-17,,,25.0,433.214928,430.85,10830.3732,-59.12319999999909,-0.5459017792664667,-0.07798596846663879,0.6313429716346297,-5.03559009397756,11,0,open,0.0,0.0,-59.12319999999909,-0.07798596846663879
BHEL,CNC,2026-08-25,,,50.0,411.661848,430.85,20583.0924,959.4076000000001,4.661144114574345,0.6658777306534783,5.414189366414157,0.9323555288514251,3,0,open,0.0,0.0,959.4076000000001,0.6658777306534783
BHEL,CNC,2026-08-25,,,50.0,415.58394599999997,430.85,20779.1973,763.3027000000027,3.673398394460614,0.5247711992086587,4.419336737324309,-0.02019952907419409,3,0,open,0.0,0.0,763.3027000000027,0.5247711992086587
BHEL,CNC,2026-08-27,,,50.0,431.968066,430.85,21598.4033,-55.903299999999945,-0.2588307071754725,-0.036975815310781354,0.4588149347132475,-0.2588307071754725,1,0,open,0.0,0.0,-55.903299999999945,-0.036975815310781354
MEESHO,MTF,2026-08-27,,,150.0,209.18181666666666,208.63,31377.2725,-82.7725000000001,-0.26379762613210067,-0.03768537516172851,-0.26379762613210067,-0.7370701197817686,1,1,open,31377.2725,10.28623534003986,-93.05873534003996,-0.04236858078909547
MEESHO,MTF,2026-08-28,,,100.0,209.79153699999998,208.63,20979.1537,-116.15369999999814,-0.5536624673282087,-0.07909463818974474,-0.5536624673282087,-0.5536624673282087,0,0,open,0.0,0.0,-116.15369999999814,-0.07909463818974474
SEINVE,CNC,2026-08-17,,,300.0,66.64201233333333,67.56,19992.6037,275.3963000000027,1.3774909168034144,0.1967844166862016,4.963817194055631,1.3774909168034144,11,0,open,0.0,0.0,275.3963000000027,0.1967844166862016
DECGOL,CNC,2026-08-27,,,175.0,229.81305657142858,227.64,40217.2849,-380.28490000000306,-0.9455757666027909,-0.1350822523718271,-0.1927899911512876,-0.9455757666027909,1,0,open,0.0,0.0,-380.28490000000306,-0.1350822523718271
ASIOIL,MTF,2026-08-04,,,50.0,418.59104,480.8,20929.552,3110.4479999999994,14.861512563670743,2.1230732233815335,17.70438277895292,-10.557091714146594,24,24,open,502309.248,164.66922478384464,2945.778775216155,2.0106762883247264
ASIOIL,CNC,2026-08-10,,,25.0,407.11807999999996,480.8,10177.952,1842.0480000000011,18.09841508389902,2.58548786912843,21.02139998302213,-8.036508720025404,18,0,open,0.0,0.0,1842.0480000000011,2.58548786912843
ASIOIL,CNC,2026-08-18,,,30.0,452.9570033333333,480.8,13588.7101,835.2899000000008,6.146940319228689,0.8781343313183837,8.774121246430887,-0.343741971506184,10,0,open,0.0,0.0,835.2899000000008,0.8781343313183837
PARDEF,CNC,2026-08-06,,,4.0,1326.79955,1439.7,5307.1982,451.60180000000037,8.509231857969812,1.2156045511385445,15.111585619696655,-4.469367659945311,22,0,open,0.0,0.0,451.60180000000037,1.2156045511385445
PARDEF,CNC,2026-08-07,,,8.0,1325.4995125,1439.7,10603.9961,913.6039000000001,8.615656695686646,1.2308080993838053,15.224485984109325,-4.375672111007289,21,0,open,0.0,0.0,913.6039000000001,1.2308080993838053
PARDEF,CNC,2026-08-13,,,8.0,1329.6720625,1439.7,10637.3765,880.2235000000001,8.27481757367523,1.1821167962393198,14.862908161612953,0.9421825014842788,15,0,open,0.0,0.0,880.2235000000001,1.1821167962393198
PARDEF,CNC,2026-08-26,,,8.0,1507.225275,1439.7,12057.8022,-540.2021999999997,-4.4801050062008745,-0.6400150008858397,-0.9637096219740626,-4.4801050062008745,2,0,open,0.0,0.0,-540.2021999999997,-0.6400150008858397
IOLCHE,CNC,2026-08-20,,,25.0,163.248864,194.95,4081.2216,792.5283999999998,19.41890143872609,2.774128776960869,19.41890143872609,0.3069767150110092,8,0,open,0.0,0.0,792.5283999999998,2.774128776960869
IOLCHE,CNC,2026-08-21,,,75.0,172.39638666666667,194.95,12929.729000000001,1691.5209999999988,13.082416499216642,1.8689166427452342,13.082416499216642,-1.9236984781351496,7,0,open,0.0,0.0,1691.5209999999988,1.8689166427452342
IOLCHE,CNC,2026-08-25,,,75.0,174.17285066666668,194.95,13062.963800000001,1558.2861999999984,11.929040176931348,1.7041485967044787,11.929040176931348,-1.0350928171446117,3,0,open,0.0,0.0,1558.2861999999984,1.7041485967044787
IOLCHE,CNC,2026-08-25,,,75.0,176.16944133333334,194.95,13212.7081,1408.5418999999988,10.66050872644344,1.522929818063348,10.66050872644344,-2.156697157337484,3,0,open,0.0,0.0,1408.5418999999988,1.522929818063348
IOLCHE,CNC,2026-08-25,,,75.0,174.36671466666667,194.95,13077.5036,1543.746399999999,11.80459548869861,1.6863707840998021,11.80459548869861,-1.1451237528238956,3,0,open,0.0,0.0,1543.746399999999,1.6863707840998021
IOLCHE,CNC,2026-08-26,,,75.0,183.91955199999998,194.95,13793.9664,827.2836000000005,5.997430876734633,0.8567758395335188,5.997430876734633,1.136609989132653,2,0,open,0.0,0.0,827.2836000000005,0.8567758395335188
MARPHA,MTF,2026-08-04,,,50.0,268.13874933333335,329.7,13406.937466666668,3078.062533333332,22.958729694878066,3.279818527839722,24.189435815572935,0.2839017741968597,24,24,open,321766.4992,105.48290758261247,2972.5796257507195,3.167421592782915
MARPHA,MTF,2026-08-11,,,75.0,276.48128133333336,329.7,20736.096100000002,3991.4038999999975,19.248579292608483,2.7497970418012128,20.442150149950344,0.8929062592451853,17,17,open,352513.63370000006,115.56256831471909,3875.8413316852784,2.6701825461359743
MARPHA,CNC,2026-08-13,,,50.0,311.146662,329.7,15557.3331,927.6668999999998,5.962891544695403,0.851841649242201,7.023484635679633,-2.489713998603016,15,0,open,0.0,0.0,927.6668999999998,0.851841649242201
MARPHA,MTF,2026-08-14,,,50.0,314.081136,329.7,15704.0568,780.9431999999987,4.972875543853084,0.7104107919790132,6.023559466494022,1.4069179882232774,14,14,open,219856.7952,72.07442063468537,708.8687793653133,0.6448459131958758
MARPHA,MTF,2026-08-26,,,50.0,325.504096,329.7,16275.2048,209.79519999999923,1.289047987893821,0.1841497125562607,1.7037893126850223,0.1984319115910571,2,2,open,32550.4096,10.670818298827367,199.12438170117187,0.17478330130152678
REGLEA,CNC,2026-08-04,,,150.0,127.45609933333333,146.29,19118.4149,2825.0851,14.776774721004715,2.1109678172863884,14.776774721004715,-1.78579082934327,24,0,open,0.0,0.0,2825.0851,2.1109678172863884
REGLEA,CNC,2026-08-21,,,50.0,139.480214,146.29,6974.0107,340.4893000000001,4.882259500978403,0.6974656429969142,4.882259500978403,-0.1793903184002854,7,0,open,0.0,0.0,340.4893000000001,0.6974656429969142
GRANUL,MTF,2026-08-11,,,5.0,867.2548657142858,836.65,4336.274328571429,-153.0243285714289,-3.5289356017713547,-0.5041336573959077,-0.2830616248274298,-4.503274326644391,17,17,open,73716.66358571428,24.166120561473395,-177.1904491329023,-0.5837481530611459
GRANUL,MTF,2026-08-17,,,15.0,865.4893733333333,836.65,12982.3406,-432.59060000000034,-3.3321464389865163,-0.4760209198552161,-0.4551613751375472,-4.30847269559389,11,11,open,142805.74659999998,46.815207326822204,-479.4058073268225,-0.5275361817562526
GENOVE,CNC,2026-07-31,,,50.0,316.0852,349.7,15804.259999999998,1680.7400000000002,10.63472759876134,1.5192467998230497,10.63472759876134,-3.5228476372826,28,0,open,0.0,0.0,1680.7400000000002,1.5192467998230497
GENOVE,CNC,2026-08-28,,,60.0,345.11275166666667,349.7,20706.7651,275.23489999999924,1.3292027927626293,0.1898861132518054,1.3292027927626293,1.3292027927626293,0,0,open,0.0,0.0,275.23489999999924,0.1898861132518054
GENOVE,CNC,2026-08-28,,,20.0,352.14964,349.7,7042.9928,-48.99279999999976,-0.6956247349848121,-0.09937496214068818,-0.6956247349848121,-0.6956247349848121,0,0,open,0.0,0.0,-48.99279999999976,-0.09937496214068818
INDCOU,MTF,2026-08-28,,,50.0,438.68147799999997,434.95,21934.0739,-186.57389999999907,-0.8506121610176498,-0.1215160230025219,-0.8506121610176498,-0.8506121610176498,0,0,open,0.0,0.0,-186.57389999999907,-0.1215160230025219
SOLIN,CNC,2026-08-13,,,2.0,19285.57015,20400.0,38571.1403,2228.859700000001,5.778568335455714,0.82550976220796,6.711908644297981,2.257801281545202,15,0,open,0.0,0.0,2228.859700000001,0.82550976220796
SCHBAN,CNC,2026-07-06,,,10.0,493.49161200000003,555.25,4934.91612,617.5838799999997,12.514577046144403,1.7877967208777705,13.821590142853335,-5.145297586132025,53,0,open,0.0,0.0,617.5838799999997,1.7877967208777705
SCHBAN,CNC,2026-07-08,,,40.0,494.03265999999996,555.25,19761.306399999998,2448.6936000000014,12.391354854960412,1.7701935507086295,13.696936554761407,-5.249179274908656,51,0,open,0.0,0.0,2448.6936000000014,1.7701935507086295
SCHBAN,CNC,2026-07-09,,,50.0,490.026504,555.25,24501.3252,3261.1748000000007,13.31019760514831,1.9014568007354733,14.626452939778133,-4.474554706942946,50,0,open,0.0,0.0,3261.1748000000007,1.9014568007354733
SCHBAN,CNC,2026-08-03,,,30.0,513.1292333333333,555.25,15393.877,1263.623,8.208607877015005,1.1726582681449997,9.465601160773218,-2.607380843695195,25,0,open,0.0,0.0,1263.623,1.1726582681449997
STOKRA,MTF,2026-08-26,,,40.0,818.835905,797.5,32753.4362,-853.436200000001,-2.6056386718899427,-0.37223409598427804,-0.273058983655583,-2.6056386718899427,2,2,open,65506.8724,21.47475074184226,-874.9109507418433,-0.38160050723901195
VATWAB,CNC,2026-08-25,,,10.0,2026.0651000000003,2086.1,20260.651,600.3489999999965,2.9631278876478095,0.4233039839496882,6.378615376179164,-0.22531852505629502,3,0,open,0.0,0.0,600.3489999999965,0.4233039839496882
VATWAB,MTF,2026-08-26,,,10.0,2054.12799,2086.1,20541.2799,319.72009999999955,1.556476040229593,0.22235372003280054,4.925302147311683,1.556476040229593,2,2,open,41082.5598,13.467865266939977,306.2522347330596,0.21298730877806663
FINCHE,CNC,2026-08-17,,,100.0,44.08663033333334,50.03,4408.663033333334,594.3369666666662,13.48111575262072,1.9258736789458157,14.72865949965132,-1.5347744389113571,11,0,open,0.0,0.0,594.3369666666662,1.9258736789458157
FINCHE,CNC,2026-08-19,,,200.0,45.2381335,50.03,9047.6267,958.3732999999995,10.592538040942824,1.5132197201346882,11.80832648632595,-3.7316603701167406,9,0,open,0.0,0.0,958.3732999999995,1.5132197201346882
FINCHE,CNC,2026-08-19,,,200.0,45.095429,50.03,9019.0858,986.9141999999997,10.942508164186648,1.5632154520266655,12.162143972507721,-3.427019177486934,9,0,open,0.0,0.0,986.9141999999997,1.5632154520266655
FINCHE,CNC,2026-08-21,,,300.0,46.16276033333334,50.03,13848.8281,1160.171899999999,8.377401261843943,1.1967716088348492,9.568837813793053,2.7451557435390406,7,0,open,0.0,0.0,1160.171899999999,1.1967716088348492
FINCHE,CNC,2026-08-24,,,400.0,49.8084785,50.03,19923.3914,88.60860000000059,0.44474657060644684,0.06353522437235014,1.5489762450784372,-2.647096517915115,4,0,open,0.0,0.0,88.60860000000059,0.06353522437235014
APOMIC,CNC,2026-08-25,,,100.0,389.726254,387.45,38972.6254,-227.62539999999944,-0.5840648343901411,-0.08343783348430564,-0.019566041347574004,-0.8663142309114136,3,0,open,0.0,0.0,-227.62539999999944,-0.08343783348430564
CYIDLM,MTF,2026-08-07,,,24.0,688.6361860000001,819.1,16527.268464,3131.131535999999,18.945245203829586,2.7064636005470826,18.945245203829586,-0.4481591387066719,21,21,open,347072.637744,113.77887711314567,3017.352658886853,2.6081162823723765
CYIDLM,MTF,2026-08-13,,,15.0,704.7156266666666,819.1,10570.7344,1715.7656000000015,16.231280960005968,2.318754422857996,16.231280960005968,-1.1445221819214257,15,15,open,158561.016,51.98016896885559,1663.785431031146,2.2485063384474917
CYIDLM,MTF,2026-08-17,,,16.0,711.17875,819.1,11378.86,1726.7399999999998,15.174982379605684,2.167854625657955,15.174982379605684,0.6216791488778295,11,11,open,125167.46,41.03294671246603,1685.7070532875337,2.1163393637569183
CYIDLM,CNC,2026-08-20,,,20.0,742.011525,819.1,14840.2305,1541.7695000000003,10.389120977602072,1.4841601396574382,10.389120977602072,-2.811482611405536,8,0,open,0.0,0.0,1541.7695000000003,1.4841601396574382
CYIDLM,MTF,2026-08-25,,,20.0,743.14301,819.1,14862.8602,1519.1398000000004,10.221046148304612,1.4601494497578027,10.221046148304612,3.526506963982623,3,3,open,44588.5806,14.61722441075577,1504.5225755892445,1.4460998328757018
AERIND,CNC,2026-08-04,,,60.0,462.7799733333333,542.1,27766.7984,4759.201600000002,17.139900435910537,2.448557205130078,17.139900435910537,-9.082063994817634,24,0,open,0.0,0.0,4759.201600000002,2.448557205130078
AERIND,CNC,2026-08-18,,,25.0,485.82616800000005,542.1,12145.6542,1406.8457999999991,11.583120816991466,1.6547315452844957,11.583120816991466,-2.403363336328168,10,0,open,0.0,0.0,1406.8457999999991,1.6547315452844957
HINCOP,MTF,2026-08-06,,,20.0,530.6665375,533.55,10613.330750000001,57.66924999999901,0.5433661812527468,0.07762374017896449,8.194121812325506,-0.8322622942849467,22,22,open,233493.27650000004,76.54479185200049,-18.875541852001476,-0.02540678362310865
HINCOP,MTF,2026-08-06,,,25.0,547.7581319999999,533.55,13693.953299999997,-355.20329999999944,-2.5938696607063716,-0.3705528086723393,4.818160873967647,-3.92657465832017,22,22,open,301266.9725999999,98.76266269940892,-453.96596269940835,-0.4735833324744124
HINCOP,MTF,2026-08-12,,,20.0,570.59655,533.55,11411.931,-740.9310000000005,-6.4925997186628726,-0.9275142455232668,0.6227605126599478,-7.281248020164166,16,16,open,182590.896,59.85774981572228,-800.7887498157228,-1.0024455355611381
HINCOP,MTF,2026-08-21,,,20.0,578.76281,533.55,11575.2562,-904.2561999999998,-7.81197568655111,-1.1159965266501584,-0.7970121646205919,-7.96747980403233,7,7,open,81026.7934,26.562559437286605,-930.8187594372864,-1.1487789660417271
HINAER,CNC,2026-08-21,,,3.0,5040.026133333334,4861.1,15120.078400000002,-536.7784000000001,-3.5501032851787295,-0.5071576121683905,-0.79416519427572,-3.5501032851787295,7,0,open,0.0,0.0,-536.7784000000001,-0.5071576121683905
STETEC,CNC,2026-08-17,,,20.0,654.66421,723.75,13093.2842,1381.7157999999995,10.55285884652224,1.5075512637888921,10.55285884652224,-5.111660220435754,11,0,open,0.0,0.0,1381.7157999999995,1.5075512637888921
STETEC,CNC,2026-08-26,,,20.0,679.034985,723.75,13580.699700000001,894.3002999999999,6.585082652258345,0.9407260931797622,6.585082652258345,-2.398254193044269,2,0,open,0.0,0.0,894.3002999999999,0.9407260931797622
STETEC,CNC,2026-08-28,,,12.0,724.4562333333333,723.75,8693.4748,-8.47479999999996,-0.09748460995135932,-0.013926372850194588,-0.09748460995135932,-0.09748460995135932,0,0,open,0.0,0.0,-8.47479999999996,-0.013926372850194588
ALKAMI,CNC,2026-08-19,,,14.0,1953.9158149999998,2047.9,27354.821409999997,1315.7785900000035,4.810042698794592,0.6871489569706554,6.944218576786532,-1.5413056575316109,9,0,open,0.0,0.0,1315.7785900000035,0.6871489569706554
ALKAMI,CNC,2026-08-21,,,6.0,2065.5520166666665,2047.9,12393.3121,-105.91209999999865,-0.8545907594790458,-0.12208439421129245,1.1642400258765395,-0.9949890634965874,7,0,open,0.0,0.0,-105.91209999999865,-0.12208439421129245
ALKAMI,CNC,2026-08-26,,,6.0,2097.5147,2047.9,12585.088200000002,-297.6882000000005,-2.3654041614106447,-0.33791488020152116,-0.377337045599746,-2.503663025579761,2,0,open,0.0,0.0,-297.6882000000005,-0.33791488020152116
MACDEV,MTF,2026-08-20,,,20.0,1235.082075,1274.0,24701.6415,778.3584999999994,3.151039577673398,0.45014851109620113,3.725900159307227,0.39818608815935796,8,8,open,197613.132,64.7824052276807,713.5760947723187,0.41268286607726545
SUVLIF,CNC,2026-08-20,,,100.0,349.15644699999996,364.95,34915.6447,1579.3553000000031,4.523345662295619,0.6461922374708039,7.000745141618436,3.119963298286188,8,0,open,0.0,0.0,1579.3553000000031,0.6461922374708039
SUVLIF,CNC,2026-08-26,,,30.0,373.9431666666667,364.95,11218.295,-269.79500000000087,-2.404955476745807,-0.3435650681065436,-0.46615818179144286,-2.404955476745807,2,0,open,0.0,0.0,-269.79500000000087,-0.3435650681065436
SUVLIF,CNC,2026-08-26,,,50.0,370.198908,364.95,18509.9454,-262.4454000000014,-1.4178615567391195,-0.20255165096273162,0.5405450844819804,-1.4178615567391195,2,0,open,0.0,0.0,-262.4454000000014,-0.20255165096273162
GRAVIN,CNC,2026-08-21,,,15.0,1829.9705600000002,1825.8,27449.5584,-62.55840000000376,-0.227903119927797,-0.03255758856111442,0.5644593539253284,-1.6159035913670738,7,0,open,0.0,0.0,-62.55840000000376,-0.03255758856111442
VEDOIL,MTF,2026-08-26,,,600.0,41.47332866666667,40.32,24883.9972,-691.9972000000001,-2.7808924524392764,-0.3972703503484676,1.2216799317112947,-2.7808924524392764,2,2,open,49767.9944,16.315162600579317,-708.3123626005795,-0.4066367616032015
FINCAB,MTF,2026-08-28,,,25.0,1293.39892,1297.9,32334.973,112.52700000000004,0.34800400173520263,0.04971485739074444,0.34800400173520263,0.34800400173520263,0,0,open,0.0,0.0,112.52700000000004,0.04971485739074444
SEQSCI,MTF,2026-08-28,,,100.0,268.19538500000004,267.4,26819.538500000006,-79.5385000000067,-0.2965692344035209,-0.042367033486216815,-0.2965692344035209,-0.2965692344035209,0,0,open,0.0,0.0,-79.5385000000067,-0.042367033486216815
